# .PCD v0.7 - Point Cloud Data file format
VERSION 0.7
FIELDS x y z
SIZE 4 4 4
TYPE F F F
COUNT 1 1 1
WIDTH 6111
HEIGHT 1
VIEWPOINT 0 0 0 1 0 0 0
POINTS 6111
DATA ascii
-12.0000 -7.0000 0.0287
-11.7000 -7.0000 -0.0180
-11.4000 -7.0000 -0.0283
-11.1000 -7.0000 -0.0107
-10.8000 -7.0000 0.0390
-10.5000 -7.0000 -0.0118
-10.2000 -7.0000 0.0195
-9.9000 -7.0000 0.0405
-9.6000 -7.0000 0.0284
-9.3000 -7.0000 0.0027
-9.0000 -7.0000 0.0296
-8.7000 -7.0000 0.0100
-8.4000 -7.0000 -0.0386
-8.1000 -7.0000 -0.0262
-7.8000 -7.0000 -0.0199
-7.5000 -7.0000 -0.0228
-7.2000 -7.0000 -0.0020
-6.9000 -7.0000 0.0116
-6.6000 -7.0000 0.0673
-6.3000 -7.0000 -0.0408
-6.0000 -7.0000 -0.0133
-5.7000 -7.0000 0.0281
-5.4000 -7.0000 0.0186
-5.1000 -7.0000 -0.0171
-4.8000 -7.0000 0.0123
-4.5000 -7.0000 -0.0347
-4.2000 -7.0000 -0.0117
-3.9000 -7.0000 0.0027
-3.6000 -7.0000 -0.0443
-3.3000 -7.0000 0.0359
-3.0000 -7.0000 -0.0185
-2.7000 -7.0000 -0.0155
-2.4000 -7.0000 -0.0042
-2.1000 -7.0000 -0.0012
-1.8000 -7.0000 -0.0075
-1.5000 -7.0000 0.0417
-1.2000 -7.0000 0.0028
-0.9000 -7.0000 0.0557
-0.6000 -7.0000 -0.0002
-0.3000 -7.0000 0.0409
0.0000 -7.0000 0.0028
0.3000 -7.0000 -0.0011
0.6000 -7.0000 -0.0355
0.9000 -7.0000 -0.0041
1.2000 -7.0000 0.0124
1.5000 -7.0000 0.0587
1.8000 -7.0000 0.0311
2.1000 -7.0000 -0.0223
2.4000 -7.0000 0.0336
2.7000 -7.0000 -0.0386
3.0000 -7.0000 0.0059
3.3000 -7.0000 -0.0165
3.6000 -7.0000 0.0077
3.9000 -7.0000 -0.0252
4.2000 -7.0000 0.0188
4.5000 -7.0000 0.0043
4.8000 -7.0000 -0.0172
5.1000 -7.0000 -0.0099
5.4000 -7.0000 -0.0356
5.7000 -7.0000 -0.0432
6.0000 -7.0000 0.0180
6.3000 -7.0000 -0.0090
6.6000 -7.0000 0.0067
6.9000 -7.0000 0.0374
7.2000 -7.0000 -0.0205
7.5000 -7.0000 -0.0327
7.8000 -7.0000 -0.0101
8.1000 -7.0000 -0.0086
8.4000 -7.0000 -0.0221
8.7000 -7.0000 0.0158
9.0000 -7.0000 0.0292
9.3000 -7.0000 0.0273
9.6000 -7.0000 0.0271
9.9000 -7.0000 -0.0047
10.2000 -7.0000 -0.0418
10.5000 -7.0000 -0.0757
10.8000 -7.0000 -0.0051
11.1000 -7.0000 0.0090
11.4000 -7.0000 -0.0457
11.7000 -7.0000 -0.0369
12.0000 -7.0000 -0.0323
12.3000 -7.0000 -0.0106
12.6000 -7.0000 -0.0229
12.9000 -7.0000 0.0200
13.2000 -7.0000 -0.0237
13.5000 -7.0000 0.0136
13.8000 -7.0000 -0.0257
14.1000 -7.0000 -0.0008
14.4000 -7.0000 -0.0252
14.7000 -7.0000 0.0296
-12.0000 -6.7000 -0.0313
-11.7000 -6.7000 -0.0081
-11.4000 -6.7000 -0.0014
-11.1000 -6.7000 0.0225
-10.8000 -6.7000 0.0168
-10.5000 -6.7000 -0.0276
-10.2000 -6.7000 0.0165
-9.9000 -6.7000 0.0190
-9.6000 -6.7000 -0.0156
-9.3000 -6.7000 0.0214
-9.0000 -6.7000 -0.0283
-8.7000 -6.7000 -0.0407
-8.4000 -6.7000 0.0557
-8.1000 -6.7000 0.0454
-7.8000 -6.7000 -0.0400
-7.5000 -6.7000 0.0218
-7.2000 -6.7000 0.0360
-6.9000 -6.7000 0.0072
-6.6000 -6.7000 -0.0022
-6.3000 -6.7000 0.0325
-6.0000 -6.7000 0.0229
-5.7000 -6.7000 -0.0331
-5.4000 -6.7000 -0.0331
-5.1000 -6.7000 -0.0333
-4.8000 -6.7000 -0.0143
-4.5000 -6.7000 -0.0046
-4.2000 -6.7000 -0.0365
-3.9000 -6.7000 0.0442
-3.6000 -6.7000 0.0104
-3.3000 -6.7000 0.0146
-3.0000 -6.7000 0.0145
-2.7000 -6.7000 0.0065
-2.4000 -6.7000 -0.0229
-2.1000 -6.7000 0.0168
-1.8000 -6.7000 -0.0035
-1.5000 -6.7000 -0.0244
-1.2000 -6.7000 -0.0037
-0.9000 -6.7000 0.0226
-0.6000 -6.7000 -0.0242
-0.3000 -6.7000 0.0229
0.0000 -6.7000 -0.0439
0.3000 -6.7000 -0.0010
0.6000 -6.7000 -0.0678
0.9000 -6.7000 -0.0070
1.2000 -6.7000 -0.0039
1.5000 -6.7000 -0.0043
1.8000 -6.7000 0.0015
2.1000 -6.7000 -0.0002
2.4000 -6.7000 -0.0684
2.7000 -6.7000 0.0090
3.0000 -6.7000 -0.0183
3.3000 -6.7000 -0.0238
3.6000 -6.7000 -0.0105
3.9000 -6.7000 -0.0122
4.2000 -6.7000 0.0145
4.5000 -6.7000 -0.0052
4.8000 -6.7000 0.0063
5.1000 -6.7000 -0.0064
5.4000 -6.7000 0.0051
5.7000 -6.7000 -0.0027
6.0000 -6.7000 0.0071
6.3000 -6.7000 -0.0274
6.6000 -6.7000 0.0158
6.9000 -6.7000 0.0079
7.2000 -6.7000 -0.0072
7.5000 -6.7000 -0.0002
7.8000 -6.7000 -0.0621
8.1000 -6.7000 -0.0034
8.4000 -6.7000 0.0002
8.7000 -6.7000 0.0208
9.0000 -6.7000 0.0317
9.3000 -6.7000 0.0180
9.6000 -6.7000 -0.0145
9.9000 -6.7000 0.0268
10.2000 -6.7000 -0.0028
10.5000 -6.7000 0.0406
10.8000 -6.7000 0.0719
11.1000 -6.7000 0.0016
11.4000 -6.7000 -0.0010
11.7000 -6.7000 -0.0209
12.0000 -6.7000 -0.0287
12.3000 -6.7000 -0.0050
12.6000 -6.7000 -0.0087
12.9000 -6.7000 -0.0223
13.2000 -6.7000 -0.0079
13.5000 -6.7000 -0.0282
13.8000 -6.7000 0.0181
14.1000 -6.7000 -0.0657
14.4000 -6.7000 -0.0228
14.7000 -6.7000 -0.0205
-12.0000 -6.4000 -0.0041
-11.7000 -6.4000 -0.0130
-11.4000 -6.4000 0.0032
-11.1000 -6.4000 0.0150
-10.8000 -6.4000 0.0170
-10.5000 -6.4000 0.0108
-10.2000 -6.4000 -0.0481
-9.9000 -6.4000 -0.0051
-9.6000 -6.4000 0.0083
-9.3000 -6.4000 0.0151
-9.0000 -6.4000 -0.0183
-8.7000 -6.4000 0.0167
-8.4000 -6.4000 -0.0192
-8.1000 -6.4000 0.0736
-7.8000 -6.4000 -0.0264
-7.5000 -6.4000 0.0001
-7.2000 -6.4000 0.0068
-6.9000 -6.4000 0.0178
-6.6000 -6.4000 -0.0043
-6.3000 -6.4000 -0.0153
-6.0000 -6.4000 0.0253
-5.7000 -6.4000 -0.0061
-5.4000 -6.4000 0.0062
-5.1000 -6.4000 0.0245
-4.8000 -6.4000 0.0126
-4.5000 -6.4000 -0.0023
-4.2000 -6.4000 0.0118
-3.9000 -6.4000 -0.0151
-3.6000 -6.4000 -0.0302
-3.3000 -6.4000 0.0001
-3.0000 -6.4000 -0.0262
-2.7000 -6.4000 0.0203
-2.4000 -6.4000 -0.0013
-2.1000 -6.4000 -0.0160
-1.8000 -6.4000 0.0160
-1.5000 -6.4000 0.0161
-1.2000 -6.4000 -0.0003
-0.9000 -6.4000 0.0253
-0.6000 -6.4000 0.0116
-0.3000 -6.4000 0.0051
0.0000 -6.4000 -0.0015
0.3000 -6.4000 0.0121
0.6000 -6.4000 0.0195
0.9000 -6.4000 -0.0181
1.2000 -6.4000 -0.0192
1.5000 -6.4000 0.0547
1.8000 -6.4000 -0.0406
2.1000 -6.4000 0.0244
2.4000 -6.4000 -0.0746
2.7000 -6.4000 0.0082
3.0000 -6.4000 -0.0368
3.3000 -6.4000 -0.0029
3.6000 -6.4000 0.0040
3.9000 -6.4000 -0.0116
4.2000 -6.4000 -0.0170
4.5000 -6.4000 -0.0304
4.8000 -6.4000 -0.0122
5.1000 -6.4000 -0.0116
5.4000 -6.4000 0.0153
5.7000 -6.4000 0.0290
6.0000 -6.4000 0.0256
6.3000 -6.4000 0.0066
6.6000 -6.4000 -0.0330
6.9000 -6.4000 0.0368
7.2000 -6.4000 -0.0323
7.5000 -6.4000 -0.0321
7.8000 -6.4000 0.0116
8.1000 -6.4000 -0.0351
8.4000 -6.4000 -0.0255
8.7000 -6.4000 0.0048
9.0000 -6.4000 0.0333
9.3000 -6.4000 0.0193
9.6000 -6.4000 0.0399
9.9000 -6.4000 -0.0239
10.2000 -6.4000 -0.0069
10.5000 -6.4000 0.0516
10.8000 -6.4000 -0.0017
11.1000 -6.4000 -0.0170
11.4000 -6.4000 -0.0210
11.7000 -6.4000 -0.0225
12.0000 -6.4000 0.0050
12.3000 -6.4000 -0.0165
12.6000 -6.4000 -0.0018
12.9000 -6.4000 0.0064
13.2000 -6.4000 -0.0020
13.5000 -6.4000 0.0195
13.8000 -6.4000 -0.0309
14.1000 -6.4000 0.0253
14.4000 -6.4000 -0.0099
14.7000 -6.4000 0.0395
-12.0000 -6.1000 -0.0172
-11.7000 -6.1000 -0.0286
-11.4000 -6.1000 0.0189
-11.1000 -6.1000 -0.0032
-10.8000 -6.1000 -0.0092
-10.5000 -6.1000 -0.0338
-10.2000 -6.1000 0.0013
-9.9000 -6.1000 -0.0242
-9.6000 -6.1000 0.0487
-9.3000 -6.1000 -0.0013
-9.0000 -6.1000 -0.0177
-8.7000 -6.1000 -0.0118
-8.4000 -6.1000 -0.0255
-8.1000 -6.1000 0.0435
-7.8000 -6.1000 -0.0341
-7.5000 -6.1000 0.0051
-7.2000 -6.1000 -0.0005
-6.9000 -6.1000 0.0375
-6.6000 -6.1000 0.0189
-6.3000 -6.1000 0.0402
-6.0000 -6.1000 -0.0279
-5.7000 -6.1000 0.0072
-5.4000 -6.1000 -0.0359
-5.1000 -6.1000 0.0024
-4.8000 -6.1000 -0.0012
-4.5000 -6.1000 0.0098
-4.2000 -6.1000 0.0172
-3.9000 -6.1000 0.0293
-3.6000 -6.1000 -0.0282
-3.3000 -6.1000 0.0725
-3.0000 -6.1000 0.0271
-2.7000 -6.1000 -0.0022
-2.4000 -6.1000 0.0116
-2.1000 -6.1000 0.0156
-1.8000 -6.1000 -0.0253
-1.5000 -6.1000 -0.0064
-1.2000 -6.1000 -0.0307
-0.9000 -6.1000 -0.0143
-0.6000 -6.1000 -0.0373
-0.3000 -6.1000 -0.0144
0.0000 -6.1000 -0.0009
0.3000 -6.1000 -0.0331
0.6000 -6.1000 0.0408
0.9000 -6.1000 -0.0031
1.2000 -6.1000 0.0329
1.5000 -6.1000 -0.0087
1.8000 -6.1000 0.0509
2.1000 -6.1000 -0.0224
2.4000 -6.1000 0.0312
2.7000 -6.1000 0.0094
3.0000 -6.1000 -0.0191
3.3000 -6.1000 -0.0191
3.6000 -6.1000 -0.0153
3.9000 -6.1000 0.0375
4.2000 -6.1000 -0.0057
4.5000 -6.1000 -0.0034
4.8000 -6.1000 0.0278
5.1000 -6.1000 0.0009
5.4000 -6.1000 0.0406
5.7000 -6.1000 -0.0062
6.0000 -6.1000 -0.0484
6.3000 -6.1000 -0.0112
6.6000 -6.1000 -0.0069
6.9000 -6.1000 -0.0138
7.2000 -6.1000 0.0098
7.5000 -6.1000 -0.0028
7.8000 -6.1000 -0.0024
8.1000 -6.1000 0.0316
8.4000 -6.1000 0.0143
8.7000 -6.1000 0.0204
9.0000 -6.1000 -0.0159
9.3000 -6.1000 0.0172
9.6000 -6.1000 -0.0012
9.9000 -6.1000 -0.0328
10.2000 -6.1000 -0.0441
10.5000 -6.1000 0.0142
10.8000 -6.1000 -0.0336
11.1000 -6.1000 -0.0089
11.4000 -6.1000 0.0249
11.7000 -6.1000 -0.0387
12.0000 -6.1000 -0.0206
12.3000 -6.1000 0.0235
12.6000 -6.1000 0.0320
12.9000 -6.1000 0.0074
13.2000 -6.1000 0.0322
13.5000 -6.1000 -0.0470
13.8000 -6.1000 -0.0239
14.1000 -6.1000 -0.0210
14.4000 -6.1000 -0.0470
14.7000 -6.1000 -0.0175
-12.0000 -5.8000 -0.0108
-11.7000 -5.8000 -0.0146
-11.4000 -5.8000 0.0167
-11.1000 -5.8000 0.0557
-10.8000 -5.8000 0.0140
-10.5000 -5.8000 -0.0080
-10.2000 -5.8000 0.0272
-9.9000 -5.8000 -0.0229
-9.6000 -5.8000 0.0278
-9.3000 -5.8000 0.0110
-9.0000 -5.8000 -0.0421
-8.7000 -5.8000 0.0208
-8.4000 -5.8000 -0.0049
-8.1000 -5.8000 -0.0224
-7.8000 -5.8000 0.0060
-7.5000 -5.8000 0.0493
-7.2000 -5.8000 -0.0113
-6.9000 -5.8000 -0.0286
-6.6000 -5.8000 0.0293
-6.3000 -5.8000 0.0202
-6.0000 -5.8000 0.0159
-5.7000 -5.8000 0.0236
-5.4000 -5.8000 -0.0360
-5.1000 -5.8000 -0.0055
-4.8000 -5.8000 0.0163
-4.5000 -5.8000 -0.0003
-4.2000 -5.8000 0.0123
-3.9000 -5.8000 0.0094
-3.6000 -5.8000 -0.0140
-3.3000 -5.8000 -0.0174
-3.0000 -5.8000 0.0131
-2.7000 -5.8000 0.0004
-2.4000 -5.8000 0.0065
-2.1000 -5.8000 -0.0274
-1.8000 -5.8000 0.0054
-1.5000 -5.8000 -0.0433
-1.2000 -5.8000 0.0153
-0.9000 -5.8000 0.0225
-0.6000 -5.8000 -0.0104
-0.3000 -5.8000 -0.0034
0.0000 -5.8000 -0.0140
0.3000 -5.8000 0.0315
0.6000 -5.8000 0.0297
0.9000 -5.8000 0.0009
1.2000 -5.8000 0.0294
1.5000 -5.8000 -0.0027
1.8000 -5.8000 -0.0200
2.1000 -5.8000 0.0193
2.4000 -5.8000 0.0350
2.7000 -5.8000 -0.0083
3.0000 -5.8000 -0.0134
3.3000 -5.8000 0.0409
3.6000 -5.8000 -0.0051
3.9000 -5.8000 0.0354
4.2000 -5.8000 0.0162
4.5000 -5.8000 0.0062
4.8000 -5.8000 -0.0112
5.1000 -5.8000 -0.0074
5.4000 -5.8000 0.0169
5.7000 -5.8000 -0.0484
6.0000 -5.8000 0.0427
6.3000 -5.8000 0.0174
6.6000 -5.8000 -0.0094
6.9000 -5.8000 0.0185
7.2000 -5.8000 0.0424
7.5000 -5.8000 0.0254
7.8000 -5.8000 -0.1033
8.1000 -5.8000 -0.0149
8.4000 -5.8000 -0.0181
8.7000 -5.8000 -0.0161
9.0000 -5.8000 -0.0191
9.3000 -5.8000 0.0074
9.6000 -5.8000 0.0314
9.9000 -5.8000 -0.0399
10.2000 -5.8000 -0.0224
10.5000 -5.8000 -0.0349
10.8000 -5.8000 0.0013
11.1000 -5.8000 -0.0094
11.4000 -5.8000 -0.0542
11.7000 -5.8000 0.0717
12.0000 -5.8000 0.0351
12.3000 -5.8000 -0.0159
12.6000 -5.8000 0.0006
12.9000 -5.8000 0.0147
13.2000 -5.8000 -0.0161
13.5000 -5.8000 -0.0417
13.8000 -5.8000 0.0514
14.1000 -5.8000 -0.0274
14.4000 -5.8000 0.0367
14.7000 -5.8000 0.0030
-12.0000 -5.5000 -0.0100
-11.7000 -5.5000 -0.0276
-11.4000 -5.5000 -0.0125
-11.1000 -5.5000 -0.0045
-10.8000 -5.5000 0.0096
-10.5000 -5.5000 0.0031
-10.2000 -5.5000 -0.0148
-9.9000 -5.5000 0.0434
-9.6000 -5.5000 -0.0124
-9.3000 -5.5000 0.0359
-9.0000 -5.5000 -0.0168
-8.7000 -5.5000 -0.0557
-8.4000 -5.5000 -0.0123
-8.1000 -5.5000 -0.0315
-7.8000 -5.5000 -0.0040
-7.5000 -5.5000 -0.0191
-7.2000 -5.5000 -0.0378
-6.9000 -5.5000 -0.0185
-6.6000 -5.5000 -0.0207
-6.3000 -5.5000 -0.0179
-6.0000 -5.5000 0.0009
-5.7000 -5.5000 -0.0063
-5.4000 -5.5000 -0.0377
-5.1000 -5.5000 -0.0324
-4.8000 -5.5000 -0.0315
-4.5000 -5.5000 -0.0063
-4.2000 -5.5000 0.0061
-3.9000 -5.5000 -0.0113
-3.6000 -5.5000 -0.0074
-3.3000 -5.5000 -0.0127
-3.0000 -5.5000 0.0077
-2.7000 -5.5000 0.0052
-2.4000 -5.5000 -0.0213
-2.1000 -5.5000 0.0272
-1.8000 -5.5000 0.0157
-1.5000 -5.5000 -0.0011
-1.2000 -5.5000 -0.0349
-0.9000 -5.5000 0.0162
-0.6000 -5.5000 -0.0143
-0.3000 -5.5000 -0.0413
0.0000 -5.5000 -0.0177
0.3000 -5.5000 -0.0273
0.6000 -5.5000 0.0260
0.9000 -5.5000 0.0070
1.2000 -5.5000 0.0451
1.5000 -5.5000 -0.0266
1.8000 -5.5000 -0.0279
2.1000 -5.5000 0.0248
2.4000 -5.5000 0.0096
2.7000 -5.5000 0.0053
3.0000 -5.5000 -0.0134
3.3000 -5.5000 -0.0115
3.6000 -5.5000 -0.0345
3.9000 -5.5000 -0.0123
4.2000 -5.5000 0.0269
4.5000 -5.5000 0.0198
4.8000 -5.5000 -0.0371
5.1000 -5.5000 -0.0388
5.4000 -5.5000 -0.0068
5.7000 -5.5000 0.0024
6.0000 -5.5000 0.0086
6.3000 -5.5000 0.0008
6.6000 -5.5000 0.0065
6.9000 -5.5000 0.0099
7.2000 -5.5000 -0.0364
7.5000 -5.5000 -0.0204
7.8000 -5.5000 -0.0086
8.1000 -5.5000 -0.0491
8.4000 -5.5000 0.0431
8.7000 -5.5000 0.0023
9.0000 -5.5000 -0.0104
9.3000 -5.5000 0.0228
9.6000 -5.5000 -0.0193
9.9000 -5.5000 0.0031
10.2000 -5.5000 0.0237
10.5000 -5.5000 0.0125
10.8000 -5.5000 -0.0311
11.1000 -5.5000 0.0220
11.4000 -5.5000 -0.0410
11.7000 -5.5000 0.0506
12.0000 -5.5000 0.0101
12.3000 -5.5000 0.0772
12.6000 -5.5000 -0.0529
12.9000 -5.5000 -0.0207
13.2000 -5.5000 0.0301
13.5000 -5.5000 0.0346
13.8000 -5.5000 -0.0212
14.1000 -5.5000 -0.0012
14.4000 -5.5000 -0.0255
14.7000 -5.5000 0.0182
-12.0000 -5.2000 -0.0037
-11.7000 -5.2000 0.0344
-11.4000 -5.2000 0.0068
-11.1000 -5.2000 0.0238
-10.8000 -5.2000 0.0294
-10.5000 -5.2000 -0.0279
-10.2000 -5.2000 -0.0105
-9.9000 -5.2000 -0.0011
-9.6000 -5.2000 0.0155
-9.3000 -5.2000 0.0104
-9.0000 -5.2000 0.0058
-8.7000 -5.2000 0.0188
-8.4000 -5.2000 0.0294
-8.1000 -5.2000 -0.0317
-7.8000 -5.2000 -0.0055
-7.5000 -5.2000 -0.0117
-7.2000 -5.2000 -0.0150
-6.9000 -5.2000 0.0462
-6.6000 -5.2000 0.0020
-6.3000 -5.2000 -0.0399
-6.0000 -5.2000 0.0071
-5.7000 -5.2000 0.0181
-5.4000 -5.2000 0.0206
-5.1000 -5.2000 -0.0043
-4.8000 -5.2000 -0.0347
-4.5000 -5.2000 0.0200
-4.2000 -5.2000 -0.0384
-3.9000 -5.2000 -0.0002
-3.6000 -5.2000 0.0348
-3.3000 -5.2000 0.0461
-3.0000 -5.2000 -0.0128
-2.7000 -5.2000 0.0015
-2.4000 -5.2000 0.0374
-2.1000 -5.2000 -0.0010
-1.8000 -5.2000 -0.0404
-1.5000 -5.2000 -0.0401
-1.2000 -5.2000 0.0500
-0.9000 -5.2000 0.0200
-0.6000 -5.2000 -0.0043
-0.3000 -5.2000 0.0040
0.0000 -5.2000 0.0045
0.3000 -5.2000 -0.0043
0.6000 -5.2000 -0.0334
0.9000 -5.2000 0.0271
1.2000 -5.2000 -0.0074
1.5000 -5.2000 0.0037
1.8000 -5.2000 0.0031
2.1000 -5.2000 -0.0068
2.4000 -5.2000 0.0314
2.7000 -5.2000 -0.0172
3.0000 -5.2000 0.0122
3.3000 -5.2000 -0.0369
3.6000 -5.2000 0.0127
3.9000 -5.2000 0.0165
4.2000 -5.2000 0.0599
4.5000 -5.2000 -0.0428
4.8000 -5.2000 0.0138
5.1000 -5.2000 0.0149
5.4000 -5.2000 -0.0371
5.7000 -5.2000 -0.0266
6.0000 -5.2000 0.0084
6.3000 -5.2000 0.0159
6.6000 -5.2000 0.0204
6.9000 -5.2000 -0.0004
7.2000 -5.2000 0.0111
7.5000 -5.2000 0.0034
7.8000 -5.2000 0.0230
8.1000 -5.2000 0.0111
8.4000 -5.2000 0.0011
8.7000 -5.2000 0.0304
9.0000 -5.2000 0.0242
9.3000 -5.2000 -0.0415
9.6000 -5.2000 0.0193
9.9000 -5.2000 -0.0739
10.2000 -5.2000 0.0002
10.5000 -5.2000 -0.0183
10.8000 -5.2000 -0.0020
11.1000 -5.2000 -0.0225
11.4000 -5.2000 -0.0448
11.7000 -5.2000 0.0108
12.0000 -5.2000 0.0136
12.3000 -5.2000 0.0204
12.6000 -5.2000 -0.0464
12.9000 -5.2000 -0.0150
13.2000 -5.2000 -0.0370
13.5000 -5.2000 0.0095
13.8000 -5.2000 -0.0193
14.1000 -5.2000 0.0248
14.4000 -5.2000 -0.0032
14.7000 -5.2000 -0.0265
-12.0000 -4.9000 -0.0120
-11.7000 -4.9000 0.0257
-11.4000 -4.9000 -0.0096
-11.1000 -4.9000 0.0076
-10.8000 -4.9000 0.0046
-10.5000 -4.9000 -0.0054
-10.2000 -4.9000 -0.0326
-9.9000 -4.9000 0.0311
-9.6000 -4.9000 -0.0381
-9.3000 -4.9000 -0.0213
-9.0000 -4.9000 0.0520
-8.7000 -4.9000 0.0225
-8.4000 -4.9000 -0.0024
-8.1000 -4.9000 -0.0119
-7.8000 -4.9000 0.0101
-7.5000 -4.9000 -0.0147
-7.2000 -4.9000 -0.0323
-6.9000 -4.9000 0.0261
-6.6000 -4.9000 -0.0202
-6.3000 -4.9000 -0.0145
-6.0000 -4.9000 -0.0334
-5.7000 -4.9000 0.0271
-5.4000 -4.9000 -0.0116
-5.1000 -4.9000 0.0343
-4.8000 -4.9000 0.0150
-4.5000 -4.9000 0.0101
-4.2000 -4.9000 -0.0239
-3.9000 -4.9000 -0.0045
-3.6000 -4.9000 -0.0262
-3.3000 -4.9000 -0.0025
-3.0000 -4.9000 0.0026
-2.7000 -4.9000 0.0311
-2.4000 -4.9000 -0.0418
-2.1000 -4.9000 0.0193
-1.8000 -4.9000 0.0213
-1.5000 -4.9000 0.0276
-1.2000 -4.9000 0.0105
-0.9000 -4.9000 -0.0098
-0.6000 -4.9000 0.0038
-0.3000 -4.9000 -0.0081
0.0000 -4.9000 -0.0355
0.3000 -4.9000 0.0386
0.6000 -4.9000 -0.0335
0.9000 -4.9000 0.0357
1.2000 -4.9000 -0.0491
1.5000 -4.9000 0.0032
1.8000 -4.9000 0.0049
2.1000 -4.9000 -0.0050
2.4000 -4.9000 0.0265
2.7000 -4.9000 -0.0005
3.0000 -4.9000 -0.0422
3.3000 -4.9000 0.0347
3.6000 -4.9000 0.0248
3.9000 -4.9000 0.0223
4.2000 -4.9000 0.0819
4.5000 -4.9000 0.0008
4.8000 -4.9000 -0.0215
5.1000 -4.9000 -0.0125
5.4000 -4.9000 -0.0239
5.7000 -4.9000 -0.0253
6.0000 -4.9000 -0.0224
6.3000 -4.9000 -0.0152
6.6000 -4.9000 -0.0188
6.9000 -4.9000 -0.0321
7.2000 -4.9000 -0.0026
7.5000 -4.9000 0.0156
7.8000 -4.9000 0.0451
8.1000 -4.9000 -0.0112
8.4000 -4.9000 -0.0239
8.7000 -4.9000 -0.0022
9.0000 -4.9000 -0.0317
9.3000 -4.9000 0.0351
9.6000 -4.9000 0.0087
9.9000 -4.9000 0.0575
10.2000 -4.9000 0.0228
10.5000 -4.9000 -0.0255
10.8000 -4.9000 0.0090
11.1000 -4.9000 -0.0220
11.4000 -4.9000 0.0080
11.7000 -4.9000 0.0141
12.0000 -4.9000 0.0100
12.3000 -4.9000 -0.0286
12.6000 -4.9000 0.0065
12.9000 -4.9000 0.0216
13.2000 -4.9000 0.0408
13.5000 -4.9000 -0.0383
13.8000 -4.9000 -0.0075
14.1000 -4.9000 0.0092
14.4000 -4.9000 0.0285
14.7000 -4.9000 -0.0172
-12.0000 -4.6000 -0.0345
-11.7000 -4.6000 0.0083
-11.4000 -4.6000 0.0013
-11.1000 -4.6000 -0.0309
-10.8000 -4.6000 -0.0096
-10.5000 -4.6000 0.0300
-10.2000 -4.6000 -0.0367
-9.9000 -4.6000 0.0227
-9.6000 -4.6000 -0.0074
-9.3000 -4.6000 0.0463
-9.0000 -4.6000 -0.0159
-8.7000 -4.6000 0.0062
-8.4000 -4.6000 0.0062
-8.1000 -4.6000 -0.0093
-7.8000 -4.6000 -0.0209
-7.5000 -4.6000 -0.0059
-7.2000 -4.6000 0.0097
-6.9000 -4.6000 -0.0197
-6.6000 -4.6000 0.0132
-6.3000 -4.6000 0.0093
-6.0000 -4.6000 -0.0186
-5.7000 -4.6000 -0.0324
-5.4000 -4.6000 0.0063
-5.1000 -4.6000 0.0220
-4.8000 -4.6000 0.0279
-4.5000 -4.6000 0.0410
-4.2000 -4.6000 -0.0119
-3.9000 -4.6000 0.0086
-3.6000 -4.6000 -0.0011
-3.3000 -4.6000 0.0035
-3.0000 -4.6000 0.0191
-2.7000 -4.6000 -0.0193
-2.4000 -4.6000 -0.0017
-2.1000 -4.6000 -0.0481
-1.8000 -4.6000 0.0331
-1.5000 -4.6000 0.0126
-1.2000 -4.6000 -0.0059
-0.9000 -4.6000 -0.0281
-0.6000 -4.6000 0.0118
-0.3000 -4.6000 -0.0081
0.0000 -4.6000 -0.0142
0.3000 -4.6000 -0.0042
0.6000 -4.6000 -0.0334
0.9000 -4.6000 0.0387
1.2000 -4.6000 -0.0046
1.5000 -4.6000 -0.0131
1.8000 -4.6000 0.0100
2.1000 -4.6000 0.0361
2.4000 -4.6000 0.0109
2.7000 -4.6000 0.0110
3.0000 -4.6000 0.0111
3.3000 -4.6000 -0.0474
3.6000 -4.6000 -0.0165
3.9000 -4.6000 0.0111
4.2000 -4.6000 -0.0149
4.5000 -4.6000 -0.0027
4.8000 -4.6000 0.0123
5.1000 -4.6000 -0.0219
5.4000 -4.6000 0.0351
5.7000 -4.6000 0.0212
6.0000 -4.6000 -0.0149
6.3000 -4.6000 -0.0252
6.6000 -4.6000 -0.0263
6.9000 -4.6000 0.0016
7.2000 -4.6000 -0.0050
7.5000 -4.6000 -0.0022
7.8000 -4.6000 0.0548
8.1000 -4.6000 -0.0717
8.4000 -4.6000 0.0124
8.7000 -4.6000 0.0009
9.0000 -4.6000 -0.0357
9.3000 -4.6000 -0.0148
9.6000 -4.6000 0.0238
9.9000 -4.6000 -0.0230
10.2000 -4.6000 -0.0360
10.5000 -4.6000 0.0316
10.8000 -4.6000 0.0078
11.1000 -4.6000 -0.0444
11.4000 -4.6000 0.0297
11.7000 -4.6000 -0.0025
12.0000 -4.6000 0.0055
12.3000 -4.6000 -0.0142
12.6000 -4.6000 -0.0132
12.9000 -4.6000 -0.0286
13.2000 -4.6000 -0.0101
13.5000 -4.6000 -0.0083
13.8000 -4.6000 0.0022
14.1000 -4.6000 -0.0450
14.4000 -4.6000 0.0025
14.7000 -4.6000 -0.0140
-12.0000 -4.3000 0.0364
-11.7000 -4.3000 0.0170
-11.4000 -4.3000 0.0031
-11.1000 -4.3000 -0.0182
-10.8000 -4.3000 -0.0206
-10.5000 -4.3000 0.0205
-10.2000 -4.3000 0.0113
-9.9000 -4.3000 0.0046
-9.6000 -4.3000 -0.0113
-9.3000 -4.3000 -0.0187
-9.0000 -4.3000 -0.0264
-8.7000 -4.3000 -0.0065
-8.4000 -4.3000 0.0095
-8.1000 -4.3000 0.0005
-7.8000 -4.3000 -0.0170
-7.5000 -4.3000 0.0158
-7.2000 -4.3000 -0.0327
-6.9000 -4.3000 0.0794
-6.6000 -4.3000 -0.0107
-6.3000 -4.3000 -0.0092
-6.0000 -4.3000 -0.0006
-5.7000 -4.3000 -0.0127
-5.4000 -4.3000 -0.0062
-5.1000 -4.3000 0.0144
-4.8000 -4.3000 -0.0517
-4.5000 -4.3000 0.0385
-4.2000 -4.3000 -0.0177
-3.9000 -4.3000 0.0242
-3.6000 -4.3000 0.0111
-3.3000 -4.3000 0.0492
-3.0000 -4.3000 -0.0265
-2.7000 -4.3000 -0.0117
-2.4000 -4.3000 -0.0092
-2.1000 -4.3000 0.0191
-1.8000 -4.3000 -0.0233
-1.5000 -4.3000 -0.0349
-1.2000 -4.3000 0.0134
-0.9000 -4.3000 0.0274
-0.6000 -4.3000 0.0037
-0.3000 -4.3000 0.0239
0.0000 -4.3000 -0.0166
0.3000 -4.3000 -0.0224
0.6000 -4.3000 -0.0022
0.9000 -4.3000 0.0211
1.2000 -4.3000 -0.0322
1.5000 -4.3000 -0.0466
1.8000 -4.3000 0.0357
2.1000 -4.3000 0.0313
2.4000 -4.3000 0.0176
2.7000 -4.3000 -0.0030
3.0000 -4.3000 -0.0224
3.3000 -4.3000 -0.0060
3.6000 -4.3000 -0.0245
3.9000 -4.3000 0.0175
4.2000 -4.3000 0.0208
4.5000 -4.3000 0.0004
4.8000 -4.3000 -0.0078
5.1000 -4.3000 0.0075
5.4000 -4.3000 -0.0033
5.7000 -4.3000 -0.0131
6.0000 -4.3000 -0.0287
6.3000 -4.3000 -0.0137
6.6000 -4.3000 0.0336
6.9000 -4.3000 0.0126
7.2000 -4.3000 -0.0060
7.5000 -4.3000 -0.0043
7.8000 -4.3000 -0.0178
8.1000 -4.3000 0.0103
8.4000 -4.3000 0.0046
8.7000 -4.3000 0.0040
9.0000 -4.3000 0.0132
9.3000 -4.3000 0.0201
9.6000 -4.3000 0.0017
9.9000 -4.3000 -0.0053
10.2000 -4.3000 -0.0223
10.5000 -4.3000 0.0364
10.8000 -4.3000 0.0099
11.1000 -4.3000 0.0195
11.4000 -4.3000 -0.0107
11.7000 -4.3000 -0.0052
12.0000 -4.3000 -0.0454
12.3000 -4.3000 0.0405
12.6000 -4.3000 -0.0020
12.9000 -4.3000 -0.0474
13.2000 -4.3000 -0.0617
13.5000 -4.3000 -0.0094
13.8000 -4.3000 -0.0142
14.1000 -4.3000 -0.0087
14.4000 -4.3000 -0.0037
14.7000 -4.3000 0.0288
-12.0000 -4.0000 0.0083
-11.7000 -4.0000 0.0117
-11.4000 -4.0000 0.0517
-11.1000 -4.0000 0.0015
-10.8000 -4.0000 -0.0224
-10.5000 -4.0000 -0.0389
-10.2000 -4.0000 -0.0315
-9.9000 -4.0000 0.0028
-9.6000 -4.0000 -0.0084
-9.3000 -4.0000 -0.0040
-9.0000 -4.0000 -0.0188
-8.7000 -4.0000 -0.0230
-8.4000 -4.0000 -0.0348
-8.1000 -4.0000 0.0382
-7.8000 -4.0000 0.0340
-7.5000 -4.0000 -0.0014
-7.2000 -4.0000 0.0092
-6.9000 -4.0000 0.0083
-6.6000 -4.0000 0.0243
-6.3000 -4.0000 -0.0035
-6.0000 -4.0000 0.0281
-5.7000 -4.0000 0.0408
-5.4000 -4.0000 -0.0367
-5.1000 -4.0000 0.0063
-4.8000 -4.0000 0.0368
-4.5000 -4.0000 -0.0137
-4.2000 -4.0000 0.0142
-3.9000 -4.0000 -0.0000
-3.6000 -4.0000 0.0211
-3.3000 -4.0000 -0.0102
-3.0000 -4.0000 0.0414
-2.7000 -4.0000 -0.0135
-2.4000 -4.0000 -0.0113
-2.1000 -4.0000 -0.0119
-1.8000 -4.0000 0.0338
-1.5000 -4.0000 0.0111
-1.2000 -4.0000 -0.0223
-0.9000 -4.0000 0.0087
-0.6000 -4.0000 0.0205
-0.3000 -4.0000 0.0301
0.0000 -4.0000 0.0077
0.3000 -4.0000 -0.0040
0.6000 -4.0000 -0.0020
0.9000 -4.0000 -0.0084
1.2000 -4.0000 -0.0212
1.5000 -4.0000 -0.0304
1.8000 -4.0000 -0.0051
2.1000 -4.0000 0.0049
2.4000 -4.0000 0.0474
2.7000 -4.0000 -0.0144
3.0000 -4.0000 0.0202
3.3000 -4.0000 -0.0019
3.6000 -4.0000 -0.0044
3.9000 -4.0000 0.0016
4.2000 -4.0000 0.0051
4.5000 -4.0000 -0.0127
4.8000 -4.0000 -0.0064
5.1000 -4.0000 -0.0520
5.4000 -4.0000 -0.0414
5.7000 -4.0000 0.0525
6.0000 -4.0000 0.0197
6.3000 -4.0000 0.0304
6.6000 -4.0000 -0.0274
6.9000 -4.0000 -0.0280
7.2000 -4.0000 -0.0154
7.5000 -4.0000 -0.0686
7.8000 -4.0000 -0.0272
8.1000 -4.0000 0.0142
8.4000 -4.0000 0.0404
8.7000 -4.0000 0.0118
9.0000 -4.0000 -0.0271
9.3000 -4.0000 0.0055
9.6000 -4.0000 0.0491
9.9000 -4.0000 0.0238
10.2000 -4.0000 0.0081
10.5000 -4.0000 0.0089
10.8000 -4.0000 -0.0001
11.1000 -4.0000 -0.0022
11.4000 -4.0000 0.0179
11.7000 -4.0000 -0.0235
12.0000 -4.0000 0.0266
12.3000 -4.0000 0.0176
12.6000 -4.0000 -0.0176
12.9000 -4.0000 -0.0249
13.2000 -4.0000 -0.0397
13.5000 -4.0000 0.0165
13.8000 -4.0000 0.0218
14.1000 -4.0000 -0.0384
14.4000 -4.0000 0.0028
14.7000 -4.0000 0.0297
-12.0000 -3.7000 0.0313
-11.7000 -3.7000 -0.0156
-11.4000 -3.7000 -0.0010
-11.1000 -3.7000 0.0370
-10.8000 -3.7000 0.0112
-10.5000 -3.7000 0.0175
-10.2000 -3.7000 0.0467
-9.9000 -3.7000 0.0110
-9.6000 -3.7000 0.0113
-9.3000 -3.7000 0.0134
-9.0000 -3.7000 -0.0062
-8.7000 -3.7000 -0.0293
-8.4000 -3.7000 -0.0108
-8.1000 -3.7000 -0.0031
-7.8000 -3.7000 0.0180
-7.5000 -3.7000 -0.0620
-7.2000 -3.7000 0.0436
-6.9000 -3.7000 -0.0144
-6.6000 -3.7000 -0.0150
-6.3000 -3.7000 0.0499
-6.0000 -3.7000 0.0224
-5.7000 -3.7000 0.0413
-5.4000 -3.7000 -0.0349
-5.1000 -3.7000 0.0466
-4.8000 -3.7000 0.0200
-4.5000 -3.7000 0.0214
-4.2000 -3.7000 0.0287
-3.9000 -3.7000 0.0263
-3.6000 -3.7000 -0.0069
-3.3000 -3.7000 0.0330
-3.0000 -3.7000 -0.0102
-2.7000 -3.7000 0.0016
-2.4000 -3.7000 0.0080
-2.1000 -3.7000 -0.0214
-1.8000 -3.7000 0.0111
-1.5000 -3.7000 0.0125
-1.2000 -3.7000 -0.0230
-0.9000 -3.7000 -0.0013
-0.6000 -3.7000 0.0275
-0.3000 -3.7000 -0.0022
0.0000 -3.7000 -0.0120
0.3000 -3.7000 0.0304
0.6000 -3.7000 0.0300
0.9000 -3.7000 0.0258
1.2000 -3.7000 0.0173
1.5000 -3.7000 -0.0210
1.8000 -3.7000 0.0147
2.1000 -3.7000 -0.0069
2.4000 -3.7000 0.0287
2.7000 -3.7000 -0.0182
3.0000 -3.7000 0.0228
3.3000 -3.7000 0.0152
3.6000 -3.7000 0.0080
3.9000 -3.7000 0.0023
4.2000 -3.7000 -0.0113
4.5000 -3.7000 -0.0051
4.8000 -3.7000 -0.0069
5.1000 -3.7000 -0.0425
5.4000 -3.7000 -0.0170
5.7000 -3.7000 -0.0125
6.0000 -3.7000 -0.0525
6.3000 -3.7000 0.0063
6.6000 -3.7000 -0.0199
6.9000 -3.7000 0.0130
7.2000 -3.7000 -0.0193
7.5000 -3.7000 -0.0100
7.8000 -3.7000 -0.0033
8.1000 -3.7000 0.0364
8.4000 -3.7000 0.0335
8.7000 -3.7000 -0.0004
9.0000 -3.7000 0.0387
9.3000 -3.7000 0.0246
9.6000 -3.7000 -0.0441
9.9000 -3.7000 0.0430
10.2000 -3.7000 -0.0196
10.5000 -3.7000 0.0063
10.8000 -3.7000 0.0365
11.1000 -3.7000 -0.0111
11.4000 -3.7000 -0.0140
11.7000 -3.7000 -0.0116
12.0000 -3.7000 -0.0271
12.3000 -3.7000 -0.0083
12.6000 -3.7000 0.0167
12.9000 -3.7000 0.0005
13.2000 -3.7000 0.0025
13.5000 -3.7000 0.0085
13.8000 -3.7000 -0.0111
14.1000 -3.7000 0.0359
14.4000 -3.7000 0.0163
14.7000 -3.7000 -0.0009
-12.0000 -3.4000 -0.0214
-11.7000 -3.4000 -0.0242
-11.4000 -3.4000 0.0109
-11.1000 -3.4000 -0.0413
-10.8000 -3.4000 0.0017
-10.5000 -3.4000 -0.0457
-10.2000 -3.4000 -0.0489
-9.9000 -3.4000 0.0353
-9.6000 -3.4000 0.0134
-9.3000 -3.4000 0.0003
-9.0000 -3.4000 0.0112
-8.7000 -3.4000 0.0042
-8.4000 -3.4000 0.0016
-8.1000 -3.4000 -0.0136
-7.8000 -3.4000 0.0310
-7.5000 -3.4000 0.0065
-7.2000 -3.4000 0.0527
-6.9000 -3.4000 -0.0214
-6.6000 -3.4000 0.0164
-6.3000 -3.4000 0.0111
-6.0000 -3.4000 0.0535
-5.7000 -3.4000 -0.0033
-5.4000 -3.4000 0.0334
-5.1000 -3.4000 -0.0113
-4.8000 -3.4000 -0.0189
-4.5000 -3.4000 0.0366
-4.2000 -3.4000 -0.0053
-3.9000 -3.4000 -0.0065
-3.6000 -3.4000 0.0226
-3.3000 -3.4000 -0.0441
-3.0000 -3.4000 0.0489
-2.7000 -3.4000 -0.0175
-2.4000 -3.4000 -0.0509
-2.1000 -3.4000 0.0159
-1.8000 -3.4000 0.0062
-1.5000 -3.4000 0.0311
-1.2000 -3.4000 -0.0020
-0.9000 -3.4000 -0.0014
-0.6000 -3.4000 0.0104
-0.3000 -3.4000 -0.0133
0.0000 -3.4000 -0.0302
0.3000 -3.4000 0.0064
0.6000 -3.4000 -0.0077
0.9000 -3.4000 0.0004
1.2000 -3.4000 0.0019
1.5000 -3.4000 -0.0322
1.8000 -3.4000 0.0549
2.1000 -3.4000 -0.0006
2.4000 -3.4000 -0.0174
2.7000 -3.4000 -0.0168
3.0000 -3.4000 0.0418
3.3000 -3.4000 -0.0133
3.6000 -3.4000 -0.0134
3.9000 -3.4000 0.0125
4.2000 -3.4000 0.0303
4.5000 -3.4000 -0.0525
4.8000 -3.4000 0.0011
5.1000 -3.4000 0.0296
5.4000 -3.4000 -0.0214
5.7000 -3.4000 0.0218
6.0000 -3.4000 0.0377
6.3000 -3.4000 -0.0130
6.6000 -3.4000 0.0217
6.9000 -3.4000 -0.0676
7.2000 -3.4000 -0.0214
7.5000 -3.4000 0.0138
7.8000 -3.4000 -0.0299
8.1000 -3.4000 -0.0024
8.4000 -3.4000 -0.0085
8.7000 -3.4000 0.0114
9.0000 -3.4000 -0.0200
9.3000 -3.4000 -0.0676
9.6000 -3.4000 -0.0016
9.9000 -3.4000 0.0251
10.2000 -3.4000 -0.0060
10.5000 -3.4000 -0.0191
10.8000 -3.4000 -0.0179
11.1000 -3.4000 -0.0077
11.4000 -3.4000 -0.0214
11.7000 -3.4000 -0.0375
12.0000 -3.4000 0.0175
12.3000 -3.4000 -0.0338
12.6000 -3.4000 -0.0069
12.9000 -3.4000 0.0312
13.2000 -3.4000 0.0167
13.5000 -3.4000 0.0721
13.8000 -3.4000 0.0140
14.1000 -3.4000 0.0107
14.4000 -3.4000 0.0052
14.7000 -3.4000 -0.0033
-12.0000 -3.1000 -0.0418
-11.7000 -3.1000 0.0136
-11.4000 -3.1000 0.0179
-11.1000 -3.1000 -0.0141
-10.8000 -3.1000 -0.0310
-10.5000 -3.1000 0.0169
-10.2000 -3.1000 0.0437
-9.9000 -3.1000 0.0509
-9.6000 -3.1000 0.0240
-9.3000 -3.1000 0.0064
-9.0000 -3.1000 0.0253
-8.7000 -3.1000 -0.0435
-8.4000 -3.1000 0.0396
-8.1000 -3.1000 0.0078
-7.8000 -3.1000 0.0089
-7.5000 -3.1000 0.0112
-7.2000 -3.1000 0.0080
-6.9000 -3.1000 0.0197
-6.6000 -3.1000 0.0225
-6.3000 -3.1000 0.0111
-6.0000 -3.1000 -0.0433
-5.7000 -3.1000 -0.0205
-5.4000 -3.1000 0.0335
-5.1000 -3.1000 -0.0196
-4.8000 -3.1000 0.0507
-4.5000 -3.1000 -0.0188
-4.2000 -3.1000 -0.0113
-3.9000 -3.1000 -0.0016
-3.6000 -3.1000 -0.0209
-3.3000 -3.1000 -0.0161
-3.0000 -3.1000 -0.0163
-2.7000 -3.1000 -0.0276
-2.4000 -3.1000 -0.0193
-2.1000 -3.1000 -0.0209
-1.8000 -3.1000 -0.0194
-1.5000 -3.1000 -0.0023
-1.2000 -3.1000 0.0130
-0.9000 -3.1000 -0.0004
-0.6000 -3.1000 0.0124
-0.3000 -3.1000 0.0063
0.0000 -3.1000 0.0202
0.3000 -3.1000 0.0663
0.6000 -3.1000 0.0117
0.9000 -3.1000 0.0045
1.2000 -3.1000 0.0113
1.5000 -3.1000 -0.0026
1.8000 -3.1000 -0.0168
2.1000 -3.1000 0.0277
2.4000 -3.1000 0.0428
2.7000 -3.1000 -0.0406
3.0000 -3.1000 -0.0265
3.3000 -3.1000 0.0239
3.6000 -3.1000 0.0500
3.9000 -3.1000 0.0336
4.2000 -3.1000 0.0117
4.5000 -3.1000 -0.0055
4.8000 -3.1000 0.0146
5.1000 -3.1000 0.0218
5.4000 -3.1000 -0.0018
5.7000 -3.1000 -0.0674
6.0000 -3.1000 0.0162
6.3000 -3.1000 0.0163
6.6000 -3.1000 -0.0087
6.9000 -3.1000 -0.0095
7.2000 -3.1000 0.0221
7.5000 -3.1000 0.0021
7.8000 -3.1000 -0.0040
8.1000 -3.1000 0.0065
8.4000 -3.1000 -0.0196
8.7000 -3.1000 -0.0154
9.0000 -3.1000 -0.0198
9.3000 -3.1000 0.0165
9.6000 -3.1000 -0.0094
9.9000 -3.1000 0.0058
10.2000 -3.1000 0.0138
10.5000 -3.1000 0.0039
10.8000 -3.1000 -0.0151
11.1000 -3.1000 -0.0533
11.4000 -3.1000 -0.0088
11.7000 -3.1000 -0.0021
12.0000 -3.1000 -0.0100
12.3000 -3.1000 0.0094
12.6000 -3.1000 -0.0220
12.9000 -3.1000 0.0276
13.2000 -3.1000 0.0004
13.5000 -3.1000 0.0077
13.8000 -3.1000 0.0157
14.1000 -3.1000 0.0364
14.4000 -3.1000 0.0397
14.7000 -3.1000 0.0206
-12.0000 -2.8000 -0.0323
-11.7000 -2.8000 -0.0226
-11.4000 -2.8000 -0.0268
-11.1000 -2.8000 0.0050
-10.8000 -2.8000 0.0442
-10.5000 -2.8000 0.0424
-10.2000 -2.8000 0.0589
-9.9000 -2.8000 0.0231
-9.6000 -2.8000 -0.0188
-9.3000 -2.8000 -0.0209
-9.0000 -2.8000 -0.0176
-8.7000 -2.8000 -0.0238
-8.4000 -2.8000 -0.0138
-8.1000 -2.8000 0.0196
-7.8000 -2.8000 0.0436
-7.5000 -2.8000 -0.0012
-7.2000 -2.8000 -0.0227
-6.9000 -2.8000 0.0117
-6.6000 -2.8000 0.0117
-6.3000 -2.8000 0.0535
-6.0000 -2.8000 -0.0003
-5.7000 -2.8000 -0.0139
-5.4000 -2.8000 -0.0138
-5.1000 -2.8000 0.0199
-4.8000 -2.8000 -0.0116
-4.5000 -2.8000 0.0220
-4.2000 -2.8000 0.0296
-3.9000 -2.8000 -0.0080
-3.6000 -2.8000 0.0054
-3.3000 -2.8000 -0.0054
-3.0000 -2.8000 -0.0061
-2.7000 -2.8000 -0.0387
-2.4000 -2.8000 -0.0003
-2.1000 -2.8000 0.0219
-1.8000 -2.8000 -0.0055
-1.5000 -2.8000 -0.0092
-1.2000 -2.8000 0.0069
-0.9000 -2.8000 0.0026
-0.6000 -2.8000 -0.0427
-0.3000 -2.8000 -0.0206
0.0000 -2.8000 0.0158
0.3000 -2.8000 -0.0372
0.6000 -2.8000 0.0017
0.9000 -2.8000 0.0370
1.2000 -2.8000 0.0101
1.5000 -2.8000 0.0277
1.8000 -2.8000 -0.0158
2.1000 -2.8000 -0.0395
2.4000 -2.8000 -0.0128
2.7000 -2.8000 0.0243
3.0000 -2.8000 0.0378
3.3000 -2.8000 0.0021
3.6000 -2.8000 0.0175
3.9000 -2.8000 0.0402
4.2000 -2.8000 -0.0117
4.5000 -2.8000 -0.0023
4.8000 -2.8000 -0.0388
5.1000 -2.8000 -0.0284
5.4000 -2.8000 0.0230
5.7000 -2.8000 -0.0061
6.0000 -2.8000 0.0038
6.3000 -2.8000 0.0154
6.6000 -2.8000 0.0070
6.9000 -2.8000 0.0319
7.2000 -2.8000 0.0077
7.5000 -2.8000 -0.0063
7.8000 -2.8000 0.0310
8.1000 -2.8000 0.0077
8.4000 -2.8000 -0.0157
8.7000 -2.8000 -0.0159
9.0000 -2.8000 0.0142
9.3000 -2.8000 0.0820
9.6000 -2.8000 0.0223
9.9000 -2.8000 0.0432
10.2000 -2.8000 -0.0093
10.5000 -2.8000 0.0017
10.8000 -2.8000 -0.0248
11.1000 -2.8000 -0.0011
11.4000 -2.8000 -0.0369
11.7000 -2.8000 0.0163
12.0000 -2.8000 0.0216
12.3000 -2.8000 0.0522
12.6000 -2.8000 0.0018
12.9000 -2.8000 0.0072
13.2000 -2.8000 0.0138
13.5000 -2.8000 -0.0013
13.8000 -2.8000 0.0226
14.1000 -2.8000 0.0191
14.4000 -2.8000 -0.0084
14.7000 -2.8000 -0.0174
-12.0000 -2.5000 0.0204
-11.7000 -2.5000 -0.0195
-11.4000 -2.5000 -0.0326
-11.1000 -2.5000 -0.0115
-10.8000 -2.5000 -0.0051
-10.5000 -2.5000 0.0107
-10.2000 -2.5000 -0.0300
-9.9000 -2.5000 -0.0690
-9.6000 -2.5000 -0.0075
-9.3000 -2.5000 0.0462
-9.0000 -2.5000 -0.0119
-8.7000 -2.5000 0.0102
-8.4000 -2.5000 0.0454
-8.1000 -2.5000 0.0074
-7.8000 -2.5000 0.0150
-7.5000 -2.5000 0.0289
-7.2000 -2.5000 -0.0019
-6.9000 -2.5000 -0.0279
-6.6000 -2.5000 -0.0036
-6.3000 -2.5000 0.0396
-6.0000 -2.5000 0.0015
-5.7000 -2.5000 0.0250
-5.4000 -2.5000 -0.0114
-5.1000 -2.5000 -0.0028
-4.8000 -2.5000 0.0395
-4.5000 -2.5000 -0.0230
-4.2000 -2.5000 -0.0533
-3.9000 -2.5000 -0.0025
-3.6000 -2.5000 -0.0522
-3.3000 -2.5000 -0.0318
-3.0000 -2.5000 -0.0547
-2.7000 -2.5000 0.0594
-2.4000 -2.5000 -0.0104
-2.1000 -2.5000 0.0231
-1.8000 -2.5000 0.0242
-1.5000 -2.5000 0.0131
-1.2000 -2.5000 0.0069
-0.9000 -2.5000 -0.0165
-0.6000 -2.5000 0.0320
-0.3000 -2.5000 0.0038
0.0000 -2.5000 -0.0001
0.3000 -2.5000 0.0129
0.6000 -2.5000 -0.0328
0.9000 -2.5000 -0.0131
1.2000 -2.5000 -0.0314
1.5000 -2.5000 -0.0236
1.8000 -2.5000 -0.0006
2.1000 -2.5000 0.0218
2.4000 -2.5000 0.0392
2.7000 -2.5000 -0.0189
3.0000 -2.5000 -0.0176
3.3000 -2.5000 -0.0101
3.6000 -2.5000 -0.0026
3.9000 -2.5000 0.0093
4.2000 -2.5000 0.0387
4.5000 -2.5000 -0.0142
4.8000 -2.5000 0.0099
5.1000 -2.5000 -0.0334
5.4000 -2.5000 -0.0105
5.7000 -2.5000 0.0001
6.0000 -2.5000 0.0274
6.3000 -2.5000 0.0097
6.6000 -2.5000 -0.0276
6.9000 -2.5000 0.0466
7.2000 -2.5000 0.0172
7.5000 -2.5000 -0.0381
7.8000 -2.5000 0.0010
8.1000 -2.5000 0.0048
8.4000 -2.5000 -0.0254
8.7000 -2.5000 0.0164
9.0000 -2.5000 0.0036
9.3000 -2.5000 -0.0550
9.6000 -2.5000 -0.0234
9.9000 -2.5000 -0.0178
10.2000 -2.5000 -0.0596
10.5000 -2.5000 -0.0445
10.8000 -2.5000 -0.0391
11.1000 -2.5000 -0.0038
11.4000 -2.5000 -0.0150
11.7000 -2.5000 0.0046
12.0000 -2.5000 0.0249
12.3000 -2.5000 0.0166
12.6000 -2.5000 -0.0281
12.9000 -2.5000 -0.0185
13.2000 -2.5000 0.0183
13.5000 -2.5000 -0.0116
13.8000 -2.5000 -0.0418
14.1000 -2.5000 -0.0247
14.4000 -2.5000 -0.0035
14.7000 -2.5000 -0.0039
-12.0000 -2.2000 -0.0196
-11.7000 -2.2000 0.0117
-11.4000 -2.2000 0.0092
-11.1000 -2.2000 -0.0080
-10.8000 -2.2000 0.0455
-10.5000 -2.2000 -0.0068
-10.2000 -2.2000 0.0393
-9.9000 -2.2000 0.0317
-9.6000 -2.2000 0.0247
-9.3000 -2.2000 0.0090
-9.0000 -2.2000 -0.0384
-8.7000 -2.2000 0.0102
-8.4000 -2.2000 0.0114
-8.1000 -2.2000 -0.0194
-7.8000 -2.2000 -0.0242
-7.5000 -2.2000 -0.0139
-7.2000 -2.2000 -0.0416
-6.9000 -2.2000 -0.0216
-6.6000 -2.2000 0.0153
-6.3000 -2.2000 0.0212
-6.0000 -2.2000 0.0208
-5.7000 -2.2000 0.0162
-5.4000 -2.2000 0.0011
-5.1000 -2.2000 0.0291
-4.8000 -2.2000 0.0229
-4.5000 -2.2000 -0.0099
-4.2000 -2.2000 -0.0439
-3.9000 -2.2000 0.0230
-3.6000 -2.2000 0.0199
-3.3000 -2.2000 0.0556
-3.0000 -2.2000 0.0046
-2.7000 -2.2000 -0.0294
-2.4000 -2.2000 0.0306
-2.1000 -2.2000 0.0153
-1.8000 -2.2000 0.0311
-1.5000 -2.2000 -0.0241
-1.2000 -2.2000 -0.0420
-0.9000 -2.2000 -0.0191
-0.6000 -2.2000 0.0104
-0.3000 -2.2000 0.0417
0.0000 -2.2000 0.0345
0.3000 -2.2000 0.0097
0.6000 -2.2000 -0.0210
0.9000 -2.2000 -0.0144
1.2000 -2.2000 0.0311
1.5000 -2.2000 -0.0437
1.8000 -2.2000 -0.0387
2.1000 -2.2000 -0.0092
2.4000 -2.2000 -0.0237
2.7000 -2.2000 0.0004
3.0000 -2.2000 0.0362
3.3000 -2.2000 -0.0525
3.6000 -2.2000 0.0395
3.9000 -2.2000 -0.0122
4.2000 -2.2000 -0.0533
4.5000 -2.2000 -0.0369
4.8000 -2.2000 -0.0217
5.1000 -2.2000 -0.0178
5.4000 -2.2000 0.0033
5.7000 -2.2000 0.0029
6.0000 -2.2000 -0.0337
6.3000 -2.2000 0.0121
6.6000 -2.2000 -0.0158
6.9000 -2.2000 -0.0270
7.2000 -2.2000 -0.0099
7.5000 -2.2000 -0.0050
7.8000 -2.2000 0.0146
8.1000 -2.2000 0.0154
8.4000 -2.2000 0.0059
8.7000 -2.2000 0.0029
9.0000 -2.2000 -0.0177
9.3000 -2.2000 0.0090
9.6000 -2.2000 -0.0382
9.9000 -2.2000 0.0183
10.2000 -2.2000 -0.0257
10.5000 -2.2000 0.0157
10.8000 -2.2000 0.0527
11.1000 -2.2000 0.0171
11.4000 -2.2000 0.0323
11.7000 -2.2000 0.0119
12.0000 -2.2000 -0.0472
12.3000 -2.2000 0.0071
12.6000 -2.2000 0.0197
12.9000 -2.2000 0.0124
13.2000 -2.2000 0.0295
13.5000 -2.2000 -0.0081
13.8000 -2.2000 -0.0007
14.1000 -2.2000 0.0115
14.4000 -2.2000 -0.0314
14.7000 -2.2000 -0.0043
-12.0000 -1.9000 -0.0074
-11.7000 -1.9000 0.0096
-11.4000 -1.9000 0.0012
-11.1000 -1.9000 -0.0132
-10.8000 -1.9000 0.0102
-10.5000 -1.9000 -0.0131
-10.2000 -1.9000 -0.0207
-9.9000 -1.9000 -0.0083
-9.6000 -1.9000 -0.0433
-9.3000 -1.9000 -0.0324
-9.0000 -1.9000 -0.0143
-8.7000 -1.9000 0.0040
-8.4000 -1.9000 -0.0404
-8.1000 -1.9000 0.0235
-7.8000 -1.9000 -0.0370
-7.5000 -1.9000 0.0151
-7.2000 -1.9000 -0.0281
-6.9000 -1.9000 -0.0199
-6.6000 -1.9000 -0.0136
-6.3000 -1.9000 0.0164
-6.0000 -1.9000 -0.0151
-5.7000 -1.9000 -0.0050
-5.4000 -1.9000 0.0229
-5.1000 -1.9000 0.0198
-4.8000 -1.9000 0.0179
-4.5000 -1.9000 -0.0153
-4.2000 -1.9000 -0.0153
-3.9000 -1.9000 -0.0013
-3.6000 -1.9000 -0.0122
-3.3000 -1.9000 0.0089
-3.0000 -1.9000 0.0374
-2.7000 -1.9000 0.0227
-2.4000 -1.9000 0.0273
-2.1000 -1.9000 -0.0219
-1.8000 -1.9000 0.0191
-1.5000 -1.9000 -0.0267
-1.2000 -1.9000 -0.0335
-0.9000 -1.9000 -0.0125
-0.6000 -1.9000 0.0511
-0.3000 -1.9000 -0.0152
0.0000 -1.9000 0.0166
0.3000 -1.9000 0.0133
0.6000 -1.9000 0.0056
0.9000 -1.9000 -0.0304
1.2000 -1.9000 -0.0035
1.5000 -1.9000 -0.0224
1.8000 -1.9000 0.0203
2.1000 -1.9000 0.0175
2.4000 -1.9000 0.0040
2.7000 -1.9000 -0.0036
3.0000 -1.9000 -0.0213
3.3000 -1.9000 -0.0372
3.6000 -1.9000 0.0016
3.9000 -1.9000 0.0048
4.2000 -1.9000 -0.0276
4.5000 -1.9000 -0.0075
4.8000 -1.9000 0.0095
5.1000 -1.9000 0.0026
5.4000 -1.9000 0.0127
5.7000 -1.9000 0.0117
6.0000 -1.9000 0.0037
6.3000 -1.9000 -0.0455
6.6000 -1.9000 -0.0218
6.9000 -1.9000 -0.0166
7.2000 -1.9000 -0.0078
7.5000 -1.9000 0.0108
7.8000 -1.9000 -0.0064
8.1000 -1.9000 0.0609
8.4000 -1.9000 -0.0470
8.7000 -1.9000 0.0322
9.0000 -1.9000 0.0045
9.3000 -1.9000 -0.0114
9.6000 -1.9000 -0.0209
9.9000 -1.9000 -0.0169
10.2000 -1.9000 0.0270
10.5000 -1.9000 -0.0128
10.8000 -1.9000 -0.0170
11.1000 -1.9000 -0.0101
11.4000 -1.9000 0.0105
11.7000 -1.9000 0.0136
12.0000 -1.9000 -0.0118
12.3000 -1.9000 0.0120
12.6000 -1.9000 -0.0030
12.9000 -1.9000 0.0397
13.2000 -1.9000 -0.0379
13.5000 -1.9000 -0.0014
13.8000 -1.9000 0.0312
14.1000 -1.9000 -0.0094
14.4000 -1.9000 -0.0414
14.7000 -1.9000 -0.0159
-12.0000 -1.6000 -0.0010
-11.7000 -1.6000 -0.0113
-11.4000 -1.6000 -0.0086
-11.1000 -1.6000 0.0094
-10.8000 -1.6000 0.0014
-10.5000 -1.6000 -0.0250
-10.2000 -1.6000 0.0062
-9.9000 -1.6000 -0.0078
-9.6000 -1.6000 0.0175
-9.3000 -1.6000 0.0256
-9.0000 -1.6000 -0.0103
-8.7000 -1.6000 -0.0176
-8.4000 -1.6000 0.0135
-8.1000 -1.6000 0.0119
-7.8000 -1.6000 0.0472
-7.5000 -1.6000 0.0397
-7.2000 -1.6000 -0.0216
-6.9000 -1.6000 0.0057
-6.6000 -1.6000 0.0338
-6.3000 -1.6000 0.0109
-6.0000 -1.6000 0.0266
-5.7000 -1.6000 -0.0193
-5.4000 -1.6000 0.0115
-5.1000 -1.6000 -0.0185
-4.8000 -1.6000 -0.0279
-4.5000 -1.6000 -0.0004
-4.2000 -1.6000 0.0440
-3.9000 -1.6000 0.0409
-3.6000 -1.6000 -0.0084
-3.3000 -1.6000 -0.0294
-3.0000 -1.6000 0.0071
-2.7000 -1.6000 0.0221
-2.4000 -1.6000 -0.0165
-2.1000 -1.6000 0.0043
-1.8000 -1.6000 -0.0287
-1.5000 -1.6000 0.0054
-1.2000 -1.6000 0.0494
-0.9000 -1.6000 -0.0080
-0.6000 -1.6000 -0.0173
-0.3000 -1.6000 -0.0261
0.0000 -1.6000 0.0284
0.3000 -1.6000 0.0038
0.6000 -1.6000 0.0044
0.9000 -1.6000 0.0202
1.2000 -1.6000 -0.0103
1.5000 -1.6000 0.0032
1.8000 -1.6000 0.0069
2.1000 -1.6000 -0.0106
2.4000 -1.6000 -0.0509
2.7000 -1.6000 0.0248
3.0000 -1.6000 -0.0194
3.3000 -1.6000 0.0424
3.6000 -1.6000 0.0017
3.9000 -1.6000 -0.0370
4.2000 -1.6000 0.0199
4.5000 -1.6000 0.0018
4.8000 -1.6000 0.0257
5.1000 -1.6000 -0.0375
5.4000 -1.6000 0.0232
5.7000 -1.6000 0.0110
6.0000 -1.6000 0.0097
6.3000 -1.6000 0.0102
6.6000 -1.6000 -0.0107
6.9000 -1.6000 -0.0122
7.2000 -1.6000 0.0195
7.5000 -1.6000 -0.0085
7.8000 -1.6000 -0.0153
8.1000 -1.6000 -0.0004
8.4000 -1.6000 0.0022
8.7000 -1.6000 0.0055
9.0000 -1.6000 -0.0180
9.3000 -1.6000 0.0422
9.6000 -1.6000 0.0231
9.9000 -1.6000 -0.0405
10.2000 -1.6000 -0.0113
10.5000 -1.6000 -0.0363
10.8000 -1.6000 0.0359
11.1000 -1.6000 0.0167
11.4000 -1.6000 -0.0240
11.7000 -1.6000 -0.0048
12.0000 -1.6000 -0.0438
12.3000 -1.6000 0.0004
12.6000 -1.6000 0.0231
12.9000 -1.6000 -0.0110
13.2000 -1.6000 0.0147
13.5000 -1.6000 -0.0250
13.8000 -1.6000 -0.0241
14.1000 -1.6000 -0.0041
14.4000 -1.6000 0.0074
14.7000 -1.6000 -0.0061
-12.0000 -1.3000 -0.0096
-11.7000 -1.3000 -0.0093
-11.4000 -1.3000 0.0061
-11.1000 -1.3000 -0.0235
-10.8000 -1.3000 -0.0034
-10.5000 -1.3000 -0.0076
-10.2000 -1.3000 -0.0381
-9.9000 -1.3000 -0.0336
-9.6000 -1.3000 -0.0084
-9.3000 -1.3000 -0.0157
-9.0000 -1.3000 0.0121
-8.7000 -1.3000 -0.0285
-8.4000 -1.3000 0.0320
-8.1000 -1.3000 -0.0368
-7.8000 -1.3000 0.0076
-7.5000 -1.3000 -0.0153
-7.2000 -1.3000 -0.0300
-6.9000 -1.3000 -0.0447
-6.6000 -1.3000 -0.0219
-6.3000 -1.3000 0.0017
-6.0000 -1.3000 -0.0093
-5.7000 -1.3000 0.0192
-5.4000 -1.3000 -0.0054
-5.1000 -1.3000 -0.0571
-4.8000 -1.3000 -0.0086
-4.5000 -1.3000 -0.0084
-4.2000 -1.3000 0.0111
-3.9000 -1.3000 0.0337
-3.6000 -1.3000 -0.0089
-3.3000 -1.3000 -0.0303
-3.0000 -1.3000 0.0018
-2.7000 -1.3000 -0.0003
-2.4000 -1.3000 0.0445
-2.1000 -1.3000 -0.0116
-1.8000 -1.3000 -0.0192
-1.5000 -1.3000 0.0003
-1.2000 -1.3000 -0.0192
-0.9000 -1.3000 0.0008
-0.6000 -1.3000 -0.0442
-0.3000 -1.3000 -0.0122
0.0000 -1.3000 -0.0196
0.3000 -1.3000 0.0135
0.6000 -1.3000 0.0256
0.9000 -1.3000 0.0174
1.2000 -1.3000 0.0227
1.5000 -1.3000 0.0149
1.8000 -1.3000 -0.0156
2.1000 -1.3000 0.0042
2.4000 -1.3000 -0.0289
2.7000 -1.3000 -0.0281
3.0000 -1.3000 -0.0110
3.3000 -1.3000 0.0020
3.6000 -1.3000 -0.0066
3.9000 -1.3000 0.0043
4.2000 -1.3000 0.0117
4.5000 -1.3000 -0.0110
4.8000 -1.3000 -0.0275
5.1000 -1.3000 -0.0064
5.4000 -1.3000 0.0445
5.7000 -1.3000 -0.0159
6.0000 -1.3000 -0.0036
6.3000 -1.3000 -0.0211
6.6000 -1.3000 -0.0246
6.9000 -1.3000 0.0418
7.2000 -1.3000 0.0295
7.5000 -1.3000 -0.0068
7.8000 -1.3000 0.0037
8.1000 -1.3000 0.0337
8.4000 -1.3000 -0.0250
8.7000 -1.3000 -0.0158
9.0000 -1.3000 -0.0031
9.3000 -1.3000 -0.0147
9.6000 -1.3000 0.0241
9.9000 -1.3000 0.0272
10.2000 -1.3000 0.0183
10.5000 -1.3000 0.0525
10.8000 -1.3000 0.0068
11.1000 -1.3000 0.0580
11.4000 -1.3000 0.0082
11.7000 -1.3000 0.0066
12.0000 -1.3000 0.0179
12.3000 -1.3000 -0.0547
12.6000 -1.3000 0.0018
12.9000 -1.3000 0.0054
13.2000 -1.3000 -0.0299
13.5000 -1.3000 -0.0160
13.8000 -1.3000 -0.0343
14.1000 -1.3000 0.0057
14.4000 -1.3000 0.0081
14.7000 -1.3000 -0.0134
-12.0000 -1.0000 -0.0043
-11.7000 -1.0000 -0.0121
-11.4000 -1.0000 0.0203
-11.1000 -1.0000 0.0180
-10.8000 -1.0000 -0.0002
-10.5000 -1.0000 0.0017
-10.2000 -1.0000 0.0180
-9.9000 -1.0000 -0.0345
-9.6000 -1.0000 -0.0392
-9.3000 -1.0000 0.0317
-9.0000 -1.0000 -0.0001
-8.7000 -1.0000 -0.0105
-8.4000 -1.0000 -0.0040
-8.1000 -1.0000 -0.0237
-7.8000 -1.0000 -0.0013
-7.5000 -1.0000 -0.0005
-7.2000 -1.0000 -0.0318
-6.9000 -1.0000 -0.0177
-6.6000 -1.0000 -0.0474
-6.3000 -1.0000 -0.0143
-6.0000 -1.0000 0.0257
-5.7000 -1.0000 -0.0374
-5.4000 -1.0000 -0.0079
-5.1000 -1.0000 0.0099
-4.8000 -1.0000 0.0510
-4.5000 -1.0000 0.0555
-4.2000 -1.0000 0.0271
-3.9000 -1.0000 -0.0059
-3.6000 -1.0000 0.0267
-3.3000 -1.0000 -0.0600
-3.0000 -1.0000 0.0126
-2.7000 -1.0000 -0.0156
-2.4000 -1.0000 0.0102
-2.1000 -1.0000 -0.0156
-1.8000 -1.0000 -0.0357
-1.5000 -1.0000 0.0024
-1.2000 -1.0000 0.0027
-0.9000 -1.0000 0.0018
-0.6000 -1.0000 0.0213
-0.3000 -1.0000 0.0050
0.0000 -1.0000 0.0163
0.3000 -1.0000 -0.0209
0.6000 -1.0000 0.0289
0.9000 -1.0000 0.0332
1.2000 -1.0000 -0.0092
1.5000 -1.0000 0.0070
1.8000 -1.0000 0.0174
2.1000 -1.0000 0.0350
2.4000 -1.0000 -0.0127
2.7000 -1.0000 0.0215
3.0000 -1.0000 -0.0033
3.3000 -1.0000 0.0192
3.6000 -1.0000 -0.0073
3.9000 -1.0000 -0.0209
4.2000 -1.0000 0.0416
4.5000 -1.0000 0.0373
4.8000 -1.0000 -0.0328
5.1000 -1.0000 0.0081
5.4000 -1.0000 -0.0343
5.7000 -1.0000 -0.0284
6.0000 -1.0000 -0.0108
6.3000 -1.0000 0.0451
6.6000 -1.0000 -0.0047
6.9000 -1.0000 -0.0124
7.2000 -1.0000 0.0512
7.5000 -1.0000 0.0043
7.8000 -1.0000 0.0374
8.1000 -1.0000 0.0057
8.4000 -1.0000 -0.0144
8.7000 -1.0000 -0.0010
9.0000 -1.0000 -0.0358
9.3000 -1.0000 0.0257
9.6000 -1.0000 0.0151
9.9000 -1.0000 0.0053
10.2000 -1.0000 0.0516
10.5000 -1.0000 0.0063
10.8000 -1.0000 0.0549
11.1000 -1.0000 -0.0057
11.4000 -1.0000 0.0305
11.7000 -1.0000 0.0369
12.0000 -1.0000 -0.0305
12.3000 -1.0000 0.0151
12.6000 -1.0000 -0.0218
12.9000 -1.0000 -0.0105
13.2000 -1.0000 0.0055
13.5000 -1.0000 0.0013
13.8000 -1.0000 -0.0057
14.1000 -1.0000 0.0123
14.4000 -1.0000 -0.0067
14.7000 -1.0000 -0.0061
-12.0000 -0.7000 -0.0078
-11.7000 -0.7000 -0.0500
-11.4000 -0.7000 0.0442
-11.1000 -0.7000 -0.0341
-10.8000 -0.7000 -0.0218
-10.5000 -0.7000 -0.0370
-10.2000 -0.7000 0.0093
-9.9000 -0.7000 -0.0293
-9.6000 -0.7000 0.0118
-9.3000 -0.7000 -0.0195
-9.0000 -0.7000 -0.0221
-8.7000 -0.7000 0.0036
-8.4000 -0.7000 -0.0130
-8.1000 -0.7000 0.0018
-7.8000 -0.7000 0.0297
-7.5000 -0.7000 -0.0206
-7.2000 -0.7000 -0.0153
-6.9000 -0.7000 0.0086
-6.6000 -0.7000 -0.0516
-6.3000 -0.7000 0.0084
-6.0000 -0.7000 -0.0152
-5.7000 -0.7000 0.0057
-5.4000 -0.7000 -0.0010
-5.1000 -0.7000 0.0094
-4.8000 -0.7000 -0.0595
-4.5000 -0.7000 0.0231
-4.2000 -0.7000 -0.0491
-3.9000 -0.7000 0.0300
-3.6000 -0.7000 -0.0209
-3.3000 -0.7000 -0.0239
-3.0000 -0.7000 -0.0040
-2.7000 -0.7000 -0.0014
-2.4000 -0.7000 0.0142
-2.1000 -0.7000 -0.0469
-1.8000 -0.7000 0.0129
-1.5000 -0.7000 0.0426
-1.2000 -0.7000 -0.0138
-0.9000 -0.7000 0.0053
-0.6000 -0.7000 -0.0087
-0.3000 -0.7000 -0.0170
0.0000 -0.7000 -0.0019
0.3000 -0.7000 -0.0016
0.6000 -0.7000 0.0136
0.9000 -0.7000 0.0115
1.2000 -0.7000 0.0133
1.5000 -0.7000 -0.0021
1.8000 -0.7000 -0.0145
2.1000 -0.7000 -0.0037
2.4000 -0.7000 -0.0505
2.7000 -0.7000 -0.0077
3.0000 -0.7000 0.0034
3.3000 -0.7000 0.0110
3.6000 -0.7000 -0.0157
3.9000 -0.7000 -0.0067
4.2000 -0.7000 -0.0018
4.5000 -0.7000 0.0296
4.8000 -0.7000 -0.0387
5.1000 -0.7000 0.0019
5.4000 -0.7000 -0.0181
5.7000 -0.7000 -0.0206
6.0000 -0.7000 -0.0267
6.3000 -0.7000 -0.0255
6.6000 -0.7000 -0.0222
6.9000 -0.7000 -0.0282
7.2000 -0.7000 0.0006
7.5000 -0.7000 0.0567
7.8000 -0.7000 -0.0186
8.1000 -0.7000 -0.0040
8.4000 -0.7000 -0.0421
8.7000 -0.7000 0.0080
9.0000 -0.7000 0.0038
9.3000 -0.7000 0.0001
9.6000 -0.7000 -0.0152
9.9000 -0.7000 0.0079
10.2000 -0.7000 -0.0161
10.5000 -0.7000 -0.0329
10.8000 -0.7000 -0.0042
11.1000 -0.7000 -0.0131
11.4000 -0.7000 0.0388
11.7000 -0.7000 0.0443
12.0000 -0.7000 -0.0084
12.3000 -0.7000 -0.0020
12.6000 -0.7000 -0.0099
12.9000 -0.7000 -0.0335
13.2000 -0.7000 -0.0044
13.5000 -0.7000 -0.0086
13.8000 -0.7000 0.0103
14.1000 -0.7000 0.0042
14.4000 -0.7000 0.0226
14.7000 -0.7000 -0.0121
-12.0000 -0.4000 -0.0082
-11.7000 -0.4000 -0.0221
-11.4000 -0.4000 0.0146
-11.1000 -0.4000 -0.0373
-10.8000 -0.4000 -0.0220
-10.5000 -0.4000 -0.0256
-10.2000 -0.4000 0.0180
-9.9000 -0.4000 0.0068
-9.6000 -0.4000 -0.0431
-9.3000 -0.4000 -0.0127
-9.0000 -0.4000 0.0598
-8.7000 -0.4000 -0.0008
-8.4000 -0.4000 -0.0253
-8.1000 -0.4000 -0.0009
-7.8000 -0.4000 0.0015
-7.5000 -0.4000 0.0188
-7.2000 -0.4000 -0.0128
-6.9000 -0.4000 0.0121
-6.6000 -0.4000 -0.0018
-6.3000 -0.4000 0.0382
-6.0000 -0.4000 0.0114
-5.7000 -0.4000 -0.0338
-5.4000 -0.4000 0.0128
-5.1000 -0.4000 0.0050
-4.8000 -0.4000 -0.0161
-4.5000 -0.4000 0.0161
-4.2000 -0.4000 0.0098
-3.9000 -0.4000 0.0114
-3.6000 -0.4000 0.0098
-3.3000 -0.4000 0.0416
-3.0000 -0.4000 -0.0134
-2.7000 -0.4000 -0.0191
-2.4000 -0.4000 -0.0211
-2.1000 -0.4000 0.0116
-1.8000 -0.4000 -0.0175
-1.5000 -0.4000 -0.0219
-1.2000 -0.4000 0.0307
-0.9000 -0.4000 0.0179
-0.6000 -0.4000 0.0244
-0.3000 -0.4000 -0.0120
0.0000 -0.4000 0.0164
0.3000 -0.4000 0.0342
0.6000 -0.4000 -0.0117
0.9000 -0.4000 0.0156
1.2000 -0.4000 -0.0273
1.5000 -0.4000 -0.0183
1.8000 -0.4000 0.0370
2.1000 -0.4000 -0.0380
2.4000 -0.4000 0.0067
2.7000 -0.4000 0.0138
3.0000 -0.4000 -0.0076
3.3000 -0.4000 -0.0113
3.6000 -0.4000 -0.0315
3.9000 -0.4000 -0.0240
4.2000 -0.4000 0.0293
4.5000 -0.4000 -0.0255
4.8000 -0.4000 0.0021
5.1000 -0.4000 0.0158
5.4000 -0.4000 -0.0154
5.7000 -0.4000 0.0000
6.0000 -0.4000 0.0237
6.3000 -0.4000 -0.0181
6.6000 -0.4000 0.0005
6.9000 -0.4000 -0.0436
7.2000 -0.4000 0.0529
7.5000 -0.4000 0.0164
7.8000 -0.4000 -0.0082
8.1000 -0.4000 -0.0035
8.4000 -0.4000 0.0351
8.7000 -0.4000 -0.0001
9.0000 -0.4000 -0.0354
9.3000 -0.4000 -0.0221
9.6000 -0.4000 -0.0031
9.9000 -0.4000 0.0088
10.2000 -0.4000 -0.0016
10.5000 -0.4000 0.0053
10.8000 -0.4000 0.0112
11.1000 -0.4000 0.0512
11.4000 -0.4000 -0.0132
11.7000 -0.4000 -0.0343
12.0000 -0.4000 0.0033
12.3000 -0.4000 0.0151
12.6000 -0.4000 -0.0133
12.9000 -0.4000 0.0029
13.2000 -0.4000 -0.0322
13.5000 -0.4000 -0.0249
13.8000 -0.4000 -0.0118
14.1000 -0.4000 0.0192
14.4000 -0.4000 0.0303
14.7000 -0.4000 0.0000
-12.0000 -0.1000 0.0263
-11.7000 -0.1000 -0.0441
-11.4000 -0.1000 -0.0401
-11.1000 -0.1000 -0.0212
-10.8000 -0.1000 0.0383
-10.5000 -0.1000 0.0386
-10.2000 -0.1000 -0.0098
-9.9000 -0.1000 -0.0364
-9.6000 -0.1000 0.0396
-9.3000 -0.1000 0.0127
-9.0000 -0.1000 -0.0226
-8.7000 -0.1000 0.0176
-8.4000 -0.1000 -0.0029
-8.1000 -0.1000 0.0088
-7.8000 -0.1000 0.0020
-7.5000 -0.1000 0.0333
-7.2000 -0.1000 -0.0044
-6.9000 -0.1000 -0.0686
-6.6000 -0.1000 0.0056
-6.3000 -0.1000 -0.0249
-6.0000 -0.1000 0.0088
-5.7000 -0.1000 -0.0429
-5.4000 -0.1000 -0.0206
-5.1000 -0.1000 0.0479
-4.8000 -0.1000 0.0455
-4.5000 -0.1000 -0.0011
-4.2000 -0.1000 -0.0173
-3.9000 -0.1000 0.0195
-3.6000 -0.1000 -0.0040
-3.3000 -0.1000 -0.0506
-3.0000 -0.1000 0.0001
-2.7000 -0.1000 0.0011
-2.4000 -0.1000 0.0396
-2.1000 -0.1000 -0.0034
-1.8000 -0.1000 0.0051
-1.5000 -0.1000 0.0225
-1.2000 -0.1000 0.0384
-0.9000 -0.1000 -0.0264
-0.6000 -0.1000 0.0282
-0.3000 -0.1000 -0.0552
0.0000 -0.1000 0.0030
0.3000 -0.1000 -0.0225
0.6000 -0.1000 0.0220
0.9000 -0.1000 0.0286
1.2000 -0.1000 0.0318
1.5000 -0.1000 -0.0120
1.8000 -0.1000 0.0361
2.1000 -0.1000 0.0139
2.4000 -0.1000 0.0440
2.7000 -0.1000 0.0409
3.0000 -0.1000 -0.0288
3.3000 -0.1000 -0.0224
3.6000 -0.1000 0.0183
3.9000 -0.1000 0.0518
4.2000 -0.1000 -0.0270
4.5000 -0.1000 0.0120
4.8000 -0.1000 0.0395
5.1000 -0.1000 -0.0132
5.4000 -0.1000 -0.0373
5.7000 -0.1000 0.0533
6.0000 -0.1000 0.0248
6.3000 -0.1000 0.0375
6.6000 -0.1000 0.0021
6.9000 -0.1000 -0.0079
7.2000 -0.1000 -0.0356
7.5000 -0.1000 -0.0008
7.8000 -0.1000 -0.0595
8.1000 -0.1000 0.0085
8.4000 -0.1000 0.0357
8.7000 -0.1000 -0.0017
9.0000 -0.1000 -0.0118
9.3000 -0.1000 -0.0211
9.6000 -0.1000 -0.0142
9.9000 -0.1000 0.0352
10.2000 -0.1000 0.0210
10.5000 -0.1000 -0.0010
10.8000 -0.1000 0.0184
11.1000 -0.1000 -0.0095
11.4000 -0.1000 -0.0194
11.7000 -0.1000 -0.0317
12.0000 -0.1000 0.0201
12.3000 -0.1000 -0.0090
12.6000 -0.1000 -0.0027
12.9000 -0.1000 0.0008
13.2000 -0.1000 -0.0065
13.5000 -0.1000 -0.0087
13.8000 -0.1000 -0.0054
14.1000 -0.1000 0.0151
14.4000 -0.1000 -0.0349
14.7000 -0.1000 -0.0160
-12.0000 0.2000 -0.0069
-11.7000 0.2000 -0.0010
-11.4000 0.2000 -0.0003
-11.1000 0.2000 -0.0058
-10.8000 0.2000 0.0153
-10.5000 0.2000 0.0115
-10.2000 0.2000 -0.0283
-9.9000 0.2000 0.0161
-9.6000 0.2000 0.0588
-9.3000 0.2000 0.0363
-9.0000 0.2000 0.0460
-8.7000 0.2000 0.0431
-8.4000 0.2000 -0.0106
-8.1000 0.2000 -0.0213
-7.8000 0.2000 0.0341
-7.5000 0.2000 0.0057
-7.2000 0.2000 0.0242
-6.9000 0.2000 0.0170
-6.6000 0.2000 0.0065
-6.3000 0.2000 0.0710
-6.0000 0.2000 -0.0403
-5.7000 0.2000 -0.0197
-5.4000 0.2000 0.0041
-5.1000 0.2000 0.0157
-4.8000 0.2000 -0.0016
-4.5000 0.2000 -0.0264
-4.2000 0.2000 0.0267
-3.9000 0.2000 -0.0041
-3.6000 0.2000 -0.0221
-3.3000 0.2000 -0.0365
-3.0000 0.2000 -0.0390
-2.7000 0.2000 -0.0200
-2.4000 0.2000 -0.0204
-2.1000 0.2000 -0.0282
-1.8000 0.2000 -0.0289
-1.5000 0.2000 -0.0119
-1.2000 0.2000 0.0375
-0.9000 0.2000 -0.0143
-0.6000 0.2000 0.0171
-0.3000 0.2000 0.0152
0.0000 0.2000 -0.0270
0.3000 0.2000 -0.0153
0.6000 0.2000 0.0190
0.9000 0.2000 -0.0056
1.2000 0.2000 -0.0263
1.5000 0.2000 0.0245
1.8000 0.2000 0.0438
2.1000 0.2000 -0.0292
2.4000 0.2000 0.0315
2.7000 0.2000 -0.0217
3.0000 0.2000 0.0036
3.3000 0.2000 0.0112
3.6000 0.2000 -0.0082
3.9000 0.2000 -0.0080
4.2000 0.2000 0.0153
4.5000 0.2000 -0.0507
4.8000 0.2000 -0.0131
5.1000 0.2000 0.0003
5.4000 0.2000 -0.0460
5.7000 0.2000 0.0133
6.0000 0.2000 -0.0345
6.3000 0.2000 0.0230
6.6000 0.2000 0.0352
6.9000 0.2000 -0.0091
7.2000 0.2000 0.0082
7.5000 0.2000 0.0161
7.8000 0.2000 0.0180
8.1000 0.2000 0.0153
8.4000 0.2000 -0.0396
8.7000 0.2000 -0.0459
9.0000 0.2000 -0.0095
9.3000 0.2000 0.0193
9.6000 0.2000 -0.0346
9.9000 0.2000 0.0150
10.2000 0.2000 -0.0173
10.5000 0.2000 -0.0603
10.8000 0.2000 0.0165
11.1000 0.2000 -0.0200
11.4000 0.2000 -0.0051
11.7000 0.2000 -0.0571
12.0000 0.2000 0.0036
12.3000 0.2000 0.0147
12.6000 0.2000 0.0453
12.9000 0.2000 -0.0281
13.2000 0.2000 0.0024
13.5000 0.2000 -0.0020
13.8000 0.2000 -0.0239
14.1000 0.2000 0.0007
14.4000 0.2000 -0.0359
14.7000 0.2000 0.0129
-12.0000 0.5000 0.0133
-11.7000 0.5000 0.0072
-11.4000 0.5000 -0.0107
-11.1000 0.5000 -0.0237
-10.8000 0.5000 -0.0314
-10.5000 0.5000 0.0306
-10.2000 0.5000 0.0130
-9.9000 0.5000 -0.0040
-9.6000 0.5000 0.0044
-9.3000 0.5000 -0.0343
-9.0000 0.5000 -0.0097
-8.7000 0.5000 -0.0089
-8.4000 0.5000 0.0244
-8.1000 0.5000 -0.0063
-7.8000 0.5000 0.0066
-7.5000 0.5000 0.0233
-7.2000 0.5000 -0.0135
-6.9000 0.5000 -0.0106
-6.6000 0.5000 -0.0099
-6.3000 0.5000 -0.0071
-6.0000 0.5000 -0.0222
-5.7000 0.5000 0.0068
-5.4000 0.5000 0.0282
-5.1000 0.5000 0.0247
-4.8000 0.5000 0.0118
-4.5000 0.5000 0.0235
-4.2000 0.5000 0.0017
-3.9000 0.5000 -0.0012
-3.6000 0.5000 0.0054
-3.3000 0.5000 0.0287
-3.0000 0.5000 -0.0336
-2.7000 0.5000 0.0381
-2.4000 0.5000 0.0013
-2.1000 0.5000 -0.0343
-1.8000 0.5000 0.0171
-1.5000 0.5000 0.0328
-1.2000 0.5000 0.0174
-0.9000 0.5000 0.0194
-0.6000 0.5000 -0.0471
-0.3000 0.5000 -0.0041
0.0000 0.5000 0.0049
0.3000 0.5000 -0.0057
0.6000 0.5000 0.0178
0.9000 0.5000 0.0081
1.2000 0.5000 0.0130
1.5000 0.5000 -0.0313
1.8000 0.5000 -0.0339
2.1000 0.5000 0.0479
2.4000 0.5000 -0.0393
2.7000 0.5000 -0.0019
3.0000 0.5000 -0.0050
3.3000 0.5000 0.0020
3.6000 0.5000 -0.0069
3.9000 0.5000 -0.0361
4.2000 0.5000 -0.0211
4.5000 0.5000 -0.0700
4.8000 0.5000 -0.0449
5.1000 0.5000 0.0010
5.4000 0.5000 -0.0012
5.7000 0.5000 0.0243
6.0000 0.5000 -0.0075
6.3000 0.5000 0.0260
6.6000 0.5000 -0.0476
6.9000 0.5000 -0.0167
7.2000 0.5000 -0.0343
7.5000 0.5000 0.0210
7.8000 0.5000 -0.0143
8.1000 0.5000 0.0299
8.4000 0.5000 -0.0387
8.7000 0.5000 -0.0585
9.0000 0.5000 -0.0046
9.3000 0.5000 -0.0043
9.6000 0.5000 0.0218
9.9000 0.5000 -0.0049
10.2000 0.5000 -0.0141
10.5000 0.5000 0.0033
10.8000 0.5000 0.0312
11.1000 0.5000 -0.0301
11.4000 0.5000 -0.0202
11.7000 0.5000 0.0070
12.0000 0.5000 0.0014
12.3000 0.5000 0.0212
12.6000 0.5000 -0.0089
12.9000 0.5000 -0.0148
13.2000 0.5000 0.0198
13.5000 0.5000 0.0028
13.8000 0.5000 0.0190
14.1000 0.5000 0.0083
14.4000 0.5000 -0.0121
14.7000 0.5000 0.0085
-12.0000 0.8000 0.0331
-11.7000 0.8000 -0.0476
-11.4000 0.8000 0.0108
-11.1000 0.8000 0.0015
-10.8000 0.8000 -0.0358
-10.5000 0.8000 0.0099
-10.2000 0.8000 0.0338
-9.9000 0.8000 -0.0091
-9.6000 0.8000 0.0266
-9.3000 0.8000 0.0523
-9.0000 0.8000 0.0109
-8.7000 0.8000 0.0158
-8.4000 0.8000 -0.0656
-8.1000 0.8000 -0.0146
-7.8000 0.8000 0.0512
-7.5000 0.8000 0.0225
-7.2000 0.8000 -0.0354
-6.9000 0.8000 -0.0525
-6.6000 0.8000 0.0273
-6.3000 0.8000 0.0073
-6.0000 0.8000 -0.0427
-5.7000 0.8000 0.0115
-5.4000 0.8000 0.0022
-5.1000 0.8000 0.0163
-4.8000 0.8000 0.0041
-4.5000 0.8000 0.0038
-4.2000 0.8000 -0.0191
-3.9000 0.8000 0.0417
-3.6000 0.8000 0.0032
-3.3000 0.8000 0.0213
-3.0000 0.8000 0.0347
-2.7000 0.8000 0.0129
-2.4000 0.8000 -0.0164
-2.1000 0.8000 -0.0067
-1.8000 0.8000 0.0041
-1.5000 0.8000 -0.0353
-1.2000 0.8000 -0.0029
-0.9000 0.8000 -0.0157
-0.6000 0.8000 0.0026
-0.3000 0.8000 -0.0218
0.0000 0.8000 -0.0414
0.3000 0.8000 0.0086
0.6000 0.8000 0.0254
0.9000 0.8000 0.0537
1.2000 0.8000 0.0514
1.5000 0.8000 0.0093
1.8000 0.8000 -0.0057
2.1000 0.8000 -0.0252
2.4000 0.8000 0.0427
2.7000 0.8000 0.0188
3.0000 0.8000 0.0049
3.3000 0.8000 -0.0166
3.6000 0.8000 -0.0049
3.9000 0.8000 0.0033
4.2000 0.8000 -0.0150
4.5000 0.8000 -0.0250
4.8000 0.8000 0.0279
5.1000 0.8000 -0.0173
5.4000 0.8000 -0.0337
5.7000 0.8000 -0.0039
6.0000 0.8000 0.0437
6.3000 0.8000 0.0604
6.6000 0.8000 0.0244
6.9000 0.8000 -0.0254
7.2000 0.8000 0.0361
7.5000 0.8000 -0.0529
7.8000 0.8000 -0.0103
8.1000 0.8000 0.0225
8.4000 0.8000 0.0177
8.7000 0.8000 -0.0100
9.0000 0.8000 -0.0089
9.3000 0.8000 0.0128
9.6000 0.8000 0.0359
9.9000 0.8000 -0.0269
10.2000 0.8000 -0.0366
10.5000 0.8000 -0.0401
10.8000 0.8000 0.0108
11.1000 0.8000 -0.0231
11.4000 0.8000 0.0201
11.7000 0.8000 -0.0201
12.0000 0.8000 -0.0063
12.3000 0.8000 0.0015
12.6000 0.8000 0.0569
12.9000 0.8000 -0.0333
13.2000 0.8000 -0.0014
13.5000 0.8000 0.0108
13.8000 0.8000 0.0131
14.1000 0.8000 0.0369
14.4000 0.8000 0.0020
14.7000 0.8000 -0.0354
-12.0000 1.1000 -0.0023
-11.7000 1.1000 0.0073
-11.4000 1.1000 0.0489
-11.1000 1.1000 -0.0222
-10.8000 1.1000 -0.0079
-10.5000 1.1000 -0.0063
-10.2000 1.1000 -0.0293
-9.9000 1.1000 -0.0158
-9.6000 1.1000 -0.0075
-9.3000 1.1000 0.0322
-9.0000 1.1000 0.0146
-8.7000 1.1000 0.0305
-8.4000 1.1000 -0.0129
-8.1000 1.1000 -0.0108
-7.8000 1.1000 0.0466
-7.5000 1.1000 0.0213
-7.2000 1.1000 0.0111
-6.9000 1.1000 -0.0295
-6.6000 1.1000 0.0305
-6.3000 1.1000 -0.0279
-6.0000 1.1000 -0.0006
-5.7000 1.1000 0.0052
-5.4000 1.1000 0.0098
-5.1000 1.1000 -0.0291
-4.8000 1.1000 -0.0184
-4.5000 1.1000 0.0229
-4.2000 1.1000 -0.0302
-3.9000 1.1000 0.0316
-3.6000 1.1000 -0.0397
-3.3000 1.1000 -0.0066
-3.0000 1.1000 0.0403
-2.7000 1.1000 0.0024
-2.4000 1.1000 0.0096
-2.1000 1.1000 0.0284
-1.8000 1.1000 -0.0023
-1.5000 1.1000 0.0211
-1.2000 1.1000 0.0198
-0.9000 1.1000 -0.0155
-0.6000 1.1000 -0.0107
-0.3000 1.1000 0.0177
0.0000 1.1000 0.0089
0.3000 1.1000 0.0024
0.6000 1.1000 0.0288
0.9000 1.1000 -0.0226
1.2000 1.1000 0.0228
1.5000 1.1000 -0.0000
1.8000 1.1000 0.0136
2.1000 1.1000 0.0095
2.4000 1.1000 0.0139
2.7000 1.1000 0.0097
3.0000 1.1000 -0.0288
3.3000 1.1000 -0.0280
3.6000 1.1000 -0.0019
3.9000 1.1000 0.0120
4.2000 1.1000 -0.0366
4.5000 1.1000 -0.0131
4.8000 1.1000 -0.0022
5.1000 1.1000 -0.0142
5.4000 1.1000 -0.0534
5.7000 1.1000 0.0098
6.0000 1.1000 -0.0104
6.3000 1.1000 -0.0186
6.6000 1.1000 -0.0532
6.9000 1.1000 -0.0198
7.2000 1.1000 -0.0289
7.5000 1.1000 0.0012
7.8000 1.1000 0.0202
8.1000 1.1000 0.0074
8.4000 1.1000 -0.0068
8.7000 1.1000 0.0133
9.0000 1.1000 0.0185
9.3000 1.1000 0.0169
9.6000 1.1000 -0.0095
9.9000 1.1000 0.0705
10.2000 1.1000 -0.0179
10.5000 1.1000 0.0172
10.8000 1.1000 0.0113
11.1000 1.1000 0.0198
11.4000 1.1000 -0.0329
11.7000 1.1000 0.0284
12.0000 1.1000 0.0477
12.3000 1.1000 0.0013
12.6000 1.1000 0.0548
12.9000 1.1000 -0.0051
13.2000 1.1000 -0.0032
13.5000 1.1000 0.0073
13.8000 1.1000 -0.0350
14.1000 1.1000 -0.0188
14.4000 1.1000 0.0201
14.7000 1.1000 -0.0143
-12.0000 1.4000 -0.0026
-11.7000 1.4000 -0.0232
-11.4000 1.4000 0.0133
-11.1000 1.4000 -0.0097
-10.8000 1.4000 -0.0101
-10.5000 1.4000 0.0454
-10.2000 1.4000 -0.0052
-9.9000 1.4000 -0.0552
-9.6000 1.4000 0.0169
-9.3000 1.4000 -0.0471
-9.0000 1.4000 0.0081
-8.7000 1.4000 -0.0069
-8.4000 1.4000 -0.0557
-8.1000 1.4000 0.0335
-7.8000 1.4000 0.0189
-7.5000 1.4000 0.0008
-7.2000 1.4000 -0.0295
-6.9000 1.4000 0.0010
-6.6000 1.4000 -0.0180
-6.3000 1.4000 -0.0522
-6.0000 1.4000 -0.0195
-5.7000 1.4000 0.0218
-5.4000 1.4000 -0.0032
-5.1000 1.4000 0.0228
-4.8000 1.4000 -0.0263
-4.5000 1.4000 -0.0249
-4.2000 1.4000 0.0119
-3.9000 1.4000 -0.0098
-3.6000 1.4000 0.0055
-3.3000 1.4000 0.0281
-3.0000 1.4000 -0.0178
-2.7000 1.4000 0.0302
-2.4000 1.4000 0.0434
-2.1000 1.4000 -0.0055
-1.8000 1.4000 0.0060
-1.5000 1.4000 0.0199
-1.2000 1.4000 0.0030
-0.9000 1.4000 0.0023
-0.6000 1.4000 -0.0327
-0.3000 1.4000 -0.0177
0.0000 1.4000 -0.0339
0.3000 1.4000 0.0169
0.6000 1.4000 -0.0022
0.9000 1.4000 -0.0539
1.2000 1.4000 0.0123
1.5000 1.4000 -0.0010
1.8000 1.4000 -0.0075
2.1000 1.4000 -0.0268
2.4000 1.4000 -0.0174
2.7000 1.4000 -0.0143
3.0000 1.4000 0.0262
3.3000 1.4000 0.0016
3.6000 1.4000 -0.0492
3.9000 1.4000 -0.0278
4.2000 1.4000 0.0187
4.5000 1.4000 -0.0165
4.8000 1.4000 -0.0281
5.1000 1.4000 -0.0272
5.4000 1.4000 -0.0289
5.7000 1.4000 -0.0137
6.0000 1.4000 0.0256
6.3000 1.4000 -0.0035
6.6000 1.4000 0.0112
6.9000 1.4000 -0.0192
7.2000 1.4000 0.0083
7.5000 1.4000 -0.0040
7.8000 1.4000 -0.0509
8.1000 1.4000 0.0186
8.4000 1.4000 -0.0226
8.7000 1.4000 0.0020
9.0000 1.4000 0.0192
9.3000 1.4000 -0.0344
9.6000 1.4000 0.0146
9.9000 1.4000 0.0340
10.2000 1.4000 0.0098
10.5000 1.4000 0.0270
10.8000 1.4000 0.0329
11.1000 1.4000 0.0029
11.4000 1.4000 -0.0062
11.7000 1.4000 -0.0152
12.0000 1.4000 -0.0221
12.3000 1.4000 0.0191
12.6000 1.4000 0.0634
12.9000 1.4000 0.0155
13.2000 1.4000 -0.0204
13.5000 1.4000 -0.0228
13.8000 1.4000 0.0048
14.1000 1.4000 -0.0097
14.4000 1.4000 -0.0051
14.7000 1.4000 0.0216
-12.0000 1.7000 0.0297
-11.7000 1.7000 0.0369
-11.4000 1.7000 0.0349
-11.1000 1.7000 0.0102
-10.8000 1.7000 0.0347
-10.5000 1.7000 0.0298
-10.2000 1.7000 -0.0015
-9.9000 1.7000 -0.0311
-9.6000 1.7000 0.0510
-9.3000 1.7000 0.0412
-9.0000 1.7000 0.0360
-8.7000 1.7000 -0.0288
-8.4000 1.7000 0.0145
-8.1000 1.7000 -0.0032
-7.8000 1.7000 0.0207
-7.5000 1.7000 0.0092
-7.2000 1.7000 -0.0314
-6.9000 1.7000 -0.0149
-6.6000 1.7000 -0.0174
-6.3000 1.7000 -0.0411
-6.0000 1.7000 -0.0034
-5.7000 1.7000 0.0208
-5.4000 1.7000 -0.0137
-5.1000 1.7000 -0.0028
-4.8000 1.7000 -0.0189
-4.5000 1.7000 0.0116
-4.2000 1.7000 -0.0137
-3.9000 1.7000 0.0056
-3.6000 1.7000 0.0342
-3.3000 1.7000 0.0151
-3.0000 1.7000 0.0385
-2.7000 1.7000 -0.0331
-2.4000 1.7000 0.0169
-2.1000 1.7000 -0.0405
-1.8000 1.7000 -0.0126
-1.5000 1.7000 0.0249
-1.2000 1.7000 -0.0073
-0.9000 1.7000 0.0191
-0.6000 1.7000 -0.0299
-0.3000 1.7000 0.0765
0.0000 1.7000 0.0317
0.3000 1.7000 -0.0128
0.6000 1.7000 0.0107
0.9000 1.7000 -0.0078
1.2000 1.7000 -0.0017
1.5000 1.7000 -0.0242
1.8000 1.7000 0.0046
2.1000 1.7000 -0.0105
2.4000 1.7000 0.0404
2.7000 1.7000 0.0054
3.0000 1.7000 -0.0288
3.3000 1.7000 0.0049
3.6000 1.7000 -0.0322
3.9000 1.7000 0.0296
4.2000 1.7000 -0.0068
4.5000 1.7000 0.0494
4.8000 1.7000 0.0498
5.1000 1.7000 0.0014
5.4000 1.7000 -0.0433
5.7000 1.7000 -0.0086
6.0000 1.7000 0.0079
6.3000 1.7000 0.0166
6.6000 1.7000 0.0232
6.9000 1.7000 -0.0200
7.2000 1.7000 -0.0264
7.5000 1.7000 0.0027
7.8000 1.7000 -0.0135
8.1000 1.7000 -0.0269
8.4000 1.7000 -0.0132
8.7000 1.7000 -0.0470
9.0000 1.7000 -0.0250
9.3000 1.7000 0.0024
9.6000 1.7000 -0.0227
9.9000 1.7000 0.0214
10.2000 1.7000 -0.0007
10.5000 1.7000 -0.0084
10.8000 1.7000 -0.0242
11.1000 1.7000 0.0484
11.4000 1.7000 0.0234
11.7000 1.7000 0.0177
12.0000 1.7000 -0.0076
12.3000 1.7000 -0.0176
12.6000 1.7000 -0.0131
12.9000 1.7000 -0.0167
13.2000 1.7000 0.0213
13.5000 1.7000 0.0202
13.8000 1.7000 -0.0034
14.1000 1.7000 -0.0192
14.4000 1.7000 0.0178
14.7000 1.7000 -0.0388
-12.0000 2.0000 0.0214
-11.7000 2.0000 -0.0544
-11.4000 2.0000 0.0035
-11.1000 2.0000 0.0160
-10.8000 2.0000 0.0321
-10.5000 2.0000 0.0186
-10.2000 2.0000 -0.0244
-9.9000 2.0000 0.0223
-9.6000 2.0000 -0.0304
-9.3000 2.0000 -0.0074
-9.0000 2.0000 0.0380
-8.7000 2.0000 -0.0309
-8.4000 2.0000 -0.0030
-8.1000 2.0000 -0.0113
-7.8000 2.0000 0.0406
-7.5000 2.0000 0.0069
-7.2000 2.0000 0.0274
-6.9000 2.0000 0.0136
-6.6000 2.0000 -0.0215
-6.3000 2.0000 -0.0099
-6.0000 2.0000 0.0249
-5.7000 2.0000 0.0033
-5.4000 2.0000 0.0271
-5.1000 2.0000 0.0028
-4.8000 2.0000 -0.0223
-4.5000 2.0000 0.0001
-4.2000 2.0000 -0.0431
-3.9000 2.0000 0.0284
-3.6000 2.0000 0.0151
-3.3000 2.0000 -0.0090
-3.0000 2.0000 0.0153
-2.7000 2.0000 -0.0141
-2.4000 2.0000 0.0039
-2.1000 2.0000 0.0392
-1.8000 2.0000 0.0445
-1.5000 2.0000 -0.0396
-1.2000 2.0000 -0.0206
-0.9000 2.0000 0.0488
-0.6000 2.0000 -0.0020
-0.3000 2.0000 -0.0436
0.0000 2.0000 -0.0021
0.3000 2.0000 0.0168
0.6000 2.0000 -0.0294
0.9000 2.0000 -0.0112
1.2000 2.0000 -0.0071
1.5000 2.0000 0.0103
1.8000 2.0000 -0.0527
2.1000 2.0000 0.0153
2.4000 2.0000 -0.0374
2.7000 2.0000 -0.0059
3.0000 2.0000 -0.0304
3.3000 2.0000 0.0190
3.6000 2.0000 -0.0108
3.9000 2.0000 -0.0208
4.2000 2.0000 -0.0051
4.5000 2.0000 -0.0011
4.8000 2.0000 0.0107
5.1000 2.0000 -0.0240
5.4000 2.0000 -0.0121
5.7000 2.0000 0.0418
6.0000 2.0000 -0.0022
6.3000 2.0000 0.0227
6.6000 2.0000 -0.0137
6.9000 2.0000 0.0135
7.2000 2.0000 -0.0177
7.5000 2.0000 0.0153
7.8000 2.0000 -0.0182
8.1000 2.0000 -0.0108
8.4000 2.0000 0.0246
8.7000 2.0000 -0.0189
9.0000 2.0000 -0.0379
9.3000 2.0000 0.0172
9.6000 2.0000 -0.0431
9.9000 2.0000 0.0104
10.2000 2.0000 0.0047
10.5000 2.0000 -0.0025
10.8000 2.0000 -0.0012
11.1000 2.0000 0.0270
11.4000 2.0000 0.0621
11.7000 2.0000 0.0042
12.0000 2.0000 0.0368
12.3000 2.0000 -0.0017
12.6000 2.0000 -0.0376
12.9000 2.0000 -0.0142
13.2000 2.0000 -0.0255
13.5000 2.0000 -0.0102
13.8000 2.0000 -0.0382
14.1000 2.0000 -0.0441
14.4000 2.0000 0.0011
14.7000 2.0000 0.0022
-12.0000 2.3000 0.0189
-11.7000 2.3000 0.0174
-11.4000 2.3000 0.0092
-11.1000 2.3000 0.0226
-10.8000 2.3000 -0.0182
-10.5000 2.3000 -0.0528
-10.2000 2.3000 0.0148
-9.9000 2.3000 -0.0320
-9.6000 2.3000 0.0035
-9.3000 2.3000 -0.0045
-9.0000 2.3000 -0.0054
-8.7000 2.3000 0.0122
-8.4000 2.3000 -0.0133
-8.1000 2.3000 -0.0144
-7.8000 2.3000 0.0065
-7.5000 2.3000 0.0043
-7.2000 2.3000 -0.0103
-6.9000 2.3000 0.0088
-6.6000 2.3000 0.0028
-6.3000 2.3000 0.0432
-6.0000 2.3000 0.0033
-5.7000 2.3000 0.0278
-5.4000 2.3000 0.0216
-5.1000 2.3000 -0.0191
-4.8000 2.3000 -0.0258
-4.5000 2.3000 0.0045
-4.2000 2.3000 -0.0237
-3.9000 2.3000 0.0023
-3.6000 2.3000 -0.0143
-3.3000 2.3000 -0.0101
-3.0000 2.3000 0.0363
-2.7000 2.3000 0.0144
-2.4000 2.3000 -0.0013
-2.1000 2.3000 -0.0270
-1.8000 2.3000 -0.0512
-1.5000 2.3000 0.0162
-1.2000 2.3000 0.0240
-0.9000 2.3000 -0.0267
-0.6000 2.3000 -0.0489
-0.3000 2.3000 -0.0145
0.0000 2.3000 0.0114
0.3000 2.3000 -0.0102
0.6000 2.3000 -0.0296
0.9000 2.3000 -0.0035
1.2000 2.3000 -0.0175
1.5000 2.3000 0.0254
1.8000 2.3000 -0.0343
2.1000 2.3000 0.0354
2.4000 2.3000 -0.0526
2.7000 2.3000 -0.0210
3.0000 2.3000 0.0146
3.3000 2.3000 -0.0139
3.6000 2.3000 -0.0056
3.9000 2.3000 0.0292
4.2000 2.3000 0.0006
4.5000 2.3000 0.0141
4.8000 2.3000 0.0472
5.1000 2.3000 0.0137
5.4000 2.3000 0.0179
5.7000 2.3000 -0.0119
6.0000 2.3000 -0.0425
6.3000 2.3000 -0.0357
6.6000 2.3000 0.0627
6.9000 2.3000 -0.0232
7.2000 2.3000 0.0043
7.5000 2.3000 0.0307
7.8000 2.3000 0.0019
8.1000 2.3000 0.0471
8.4000 2.3000 0.0203
8.7000 2.3000 0.0005
9.0000 2.3000 0.0154
9.3000 2.3000 0.0315
9.6000 2.3000 -0.0110
9.9000 2.3000 -0.0017
10.2000 2.3000 0.0164
10.5000 2.3000 0.0503
10.8000 2.3000 -0.0188
11.1000 2.3000 0.0145
11.4000 2.3000 -0.0049
11.7000 2.3000 0.0326
12.0000 2.3000 -0.0181
12.3000 2.3000 -0.0472
12.6000 2.3000 -0.0208
12.9000 2.3000 -0.0074
13.2000 2.3000 0.0199
13.5000 2.3000 -0.0141
13.8000 2.3000 0.0115
14.1000 2.3000 0.0149
14.4000 2.3000 -0.0386
14.7000 2.3000 0.0164
-12.0000 2.6000 0.0190
-11.7000 2.6000 -0.0072
-11.4000 2.6000 0.0100
-11.1000 2.6000 0.0001
-10.8000 2.6000 -0.0129
-10.5000 2.6000 -0.0280
-10.2000 2.6000 -0.0357
-9.9000 2.6000 -0.0112
-9.6000 2.6000 -0.0051
-9.3000 2.6000 0.0310
-9.0000 2.6000 -0.0024
-8.7000 2.6000 -0.0120
-8.4000 2.6000 0.0021
-8.1000 2.6000 -0.0042
-7.8000 2.6000 -0.0086
-7.5000 2.6000 -0.0209
-7.2000 2.6000 -0.0098
-6.9000 2.6000 0.0123
-6.6000 2.6000 0.0213
-6.3000 2.6000 0.0025
-6.0000 2.6000 0.0029
-5.7000 2.6000 -0.0060
-5.4000 2.6000 0.0101
-5.1000 2.6000 0.0077
-4.8000 2.6000 0.0258
-4.5000 2.6000 0.0005
-4.2000 2.6000 -0.0605
-3.9000 2.6000 0.0122
-3.6000 2.6000 0.0232
-3.3000 2.6000 -0.0927
-3.0000 2.6000 -0.0219
-2.7000 2.6000 -0.0255
-2.4000 2.6000 -0.0003
-2.1000 2.6000 -0.0194
-1.8000 2.6000 -0.0270
-1.5000 2.6000 -0.0124
-1.2000 2.6000 -0.0129
-0.9000 2.6000 -0.0014
-0.6000 2.6000 0.0177
-0.3000 2.6000 0.0153
0.0000 2.6000 -0.0079
0.3000 2.6000 0.0119
0.6000 2.6000 0.0004
0.9000 2.6000 -0.0192
1.2000 2.6000 0.0281
1.5000 2.6000 0.0387
1.8000 2.6000 -0.0178
2.1000 2.6000 0.0018
2.4000 2.6000 0.0495
2.7000 2.6000 0.0246
3.0000 2.6000 -0.0327
3.3000 2.6000 0.0287
3.6000 2.6000 0.0077
3.9000 2.6000 0.0519
4.2000 2.6000 0.0170
4.5000 2.6000 -0.0027
4.8000 2.6000 0.0043
5.1000 2.6000 0.0081
5.4000 2.6000 0.0071
5.7000 2.6000 0.0062
6.0000 2.6000 0.0494
6.3000 2.6000 0.0147
6.6000 2.6000 -0.0187
6.9000 2.6000 0.0388
7.2000 2.6000 0.0444
7.5000 2.6000 0.0053
7.8000 2.6000 -0.0096
8.1000 2.6000 -0.0004
8.4000 2.6000 -0.0414
8.7000 2.6000 0.0438
9.0000 2.6000 -0.0115
9.3000 2.6000 0.0022
9.6000 2.6000 0.0001
9.9000 2.6000 0.0182
10.2000 2.6000 0.0083
10.5000 2.6000 0.0081
10.8000 2.6000 0.0373
11.1000 2.6000 -0.0119
11.4000 2.6000 0.0142
11.7000 2.6000 -0.0085
12.0000 2.6000 -0.0200
12.3000 2.6000 -0.0290
12.6000 2.6000 0.0101
12.9000 2.6000 0.0046
13.2000 2.6000 0.0032
13.5000 2.6000 0.0237
13.8000 2.6000 -0.0097
14.1000 2.6000 0.0244
14.4000 2.6000 0.0462
14.7000 2.6000 -0.0056
-12.0000 2.9000 -0.0576
-11.7000 2.9000 -0.0308
-11.4000 2.9000 -0.0398
-11.1000 2.9000 -0.0032
-10.8000 2.9000 0.0261
-10.5000 2.9000 0.0128
-10.2000 2.9000 0.0176
-9.9000 2.9000 0.0077
-9.6000 2.9000 0.0164
-9.3000 2.9000 -0.0529
-9.0000 2.9000 0.0015
-8.7000 2.9000 0.0130
-8.4000 2.9000 0.0191
-8.1000 2.9000 0.0429
-7.8000 2.9000 0.0170
-7.5000 2.9000 -0.0399
-7.2000 2.9000 -0.0120
-6.9000 2.9000 0.0023
-6.6000 2.9000 0.0181
-6.3000 2.9000 -0.0050
-6.0000 2.9000 0.0060
-5.7000 2.9000 -0.0019
-5.4000 2.9000 -0.0269
-5.1000 2.9000 -0.0142
-4.8000 2.9000 -0.0273
-4.5000 2.9000 0.0662
-4.2000 2.9000 0.0217
-3.9000 2.9000 0.0158
-3.6000 2.9000 -0.0209
-3.3000 2.9000 -0.0162
-3.0000 2.9000 -0.0375
-2.7000 2.9000 -0.0233
-2.4000 2.9000 0.0029
-2.1000 2.9000 0.0157
-1.8000 2.9000 0.0016
-1.5000 2.9000 0.0123
-1.2000 2.9000 -0.0027
-0.9000 2.9000 0.0057
-0.6000 2.9000 -0.0100
-0.3000 2.9000 0.0306
0.0000 2.9000 0.0173
0.3000 2.9000 -0.0279
0.6000 2.9000 -0.0290
0.9000 2.9000 -0.0110
1.2000 2.9000 -0.0100
1.5000 2.9000 -0.0496
1.8000 2.9000 -0.0155
2.1000 2.9000 -0.0092
2.4000 2.9000 -0.0471
2.7000 2.9000 -0.0208
3.0000 2.9000 0.0112
3.3000 2.9000 0.0434
3.6000 2.9000 -0.0159
3.9000 2.9000 -0.0381
4.2000 2.9000 -0.0286
4.5000 2.9000 0.0372
4.8000 2.9000 -0.0165
5.1000 2.9000 -0.0017
5.4000 2.9000 0.0307
5.7000 2.9000 -0.0001
6.0000 2.9000 -0.0027
6.3000 2.9000 -0.0028
6.6000 2.9000 0.0032
6.9000 2.9000 0.0327
7.2000 2.9000 0.0156
7.5000 2.9000 -0.0075
7.8000 2.9000 -0.0130
8.1000 2.9000 0.0085
8.4000 2.9000 0.0119
8.7000 2.9000 0.0161
9.0000 2.9000 0.0405
9.3000 2.9000 -0.0060
9.6000 2.9000 0.0007
9.9000 2.9000 0.0045
10.2000 2.9000 -0.0168
10.5000 2.9000 -0.0377
10.8000 2.9000 -0.0078
11.1000 2.9000 0.0246
11.4000 2.9000 0.0368
11.7000 2.9000 0.0034
12.0000 2.9000 0.0568
12.3000 2.9000 -0.0186
12.6000 2.9000 0.0062
12.9000 2.9000 -0.0235
13.2000 2.9000 0.0033
13.5000 2.9000 -0.0198
13.8000 2.9000 0.0345
14.1000 2.9000 0.0422
14.4000 2.9000 0.0227
14.7000 2.9000 0.0304
-12.0000 3.2000 0.0046
-11.7000 3.2000 -0.0081
-11.4000 3.2000 0.0131
-11.1000 3.2000 0.0051
-10.8000 3.2000 0.0274
-10.5000 3.2000 -0.0045
-10.2000 3.2000 0.0202
-9.9000 3.2000 -0.0212
-9.6000 3.2000 0.0335
-9.3000 3.2000 0.0219
-9.0000 3.2000 -0.0074
-8.7000 3.2000 0.0188
-8.4000 3.2000 0.0113
-8.1000 3.2000 -0.0072
-7.8000 3.2000 0.0048
-7.5000 3.2000 0.0291
-7.2000 3.2000 -0.0087
-6.9000 3.2000 -0.0118
-6.6000 3.2000 -0.0234
-6.3000 3.2000 0.0114
-6.0000 3.2000 0.0151
-5.7000 3.2000 0.0049
-5.4000 3.2000 -0.0253
-5.1000 3.2000 -0.0273
-4.8000 3.2000 0.0277
-4.5000 3.2000 -0.0066
-4.2000 3.2000 0.0134
-3.9000 3.2000 -0.0164
-3.6000 3.2000 -0.0340
-3.3000 3.2000 -0.0460
-3.0000 3.2000 0.0025
-2.7000 3.2000 -0.0342
-2.4000 3.2000 -0.0066
-2.1000 3.2000 -0.0530
-1.8000 3.2000 0.0060
-1.5000 3.2000 -0.0050
-1.2000 3.2000 -0.0133
-0.9000 3.2000 -0.0162
-0.6000 3.2000 0.0185
-0.3000 3.2000 -0.0028
0.0000 3.2000 0.0165
0.3000 3.2000 -0.0095
0.6000 3.2000 0.0702
0.9000 3.2000 -0.0107
1.2000 3.2000 0.0108
1.5000 3.2000 0.0061
1.8000 3.2000 -0.0159
2.1000 3.2000 0.0062
2.4000 3.2000 -0.0173
2.7000 3.2000 -0.0034
3.0000 3.2000 -0.0565
3.3000 3.2000 -0.0131
3.6000 3.2000 -0.0042
3.9000 3.2000 0.0221
4.2000 3.2000 -0.0093
4.5000 3.2000 0.0009
4.8000 3.2000 0.0012
5.1000 3.2000 -0.0019
5.4000 3.2000 -0.0199
5.7000 3.2000 0.0078
6.0000 3.2000 -0.0154
6.3000 3.2000 -0.0113
6.6000 3.2000 -0.0163
6.9000 3.2000 0.0511
7.2000 3.2000 -0.0349
7.5000 3.2000 -0.0148
7.8000 3.2000 0.0220
8.1000 3.2000 -0.0122
8.4000 3.2000 -0.0280
8.7000 3.2000 -0.0051
9.0000 3.2000 0.0588
9.3000 3.2000 -0.0060
9.6000 3.2000 0.0156
9.9000 3.2000 -0.0231
10.2000 3.2000 -0.0159
10.5000 3.2000 -0.0115
10.8000 3.2000 0.0142
11.1000 3.2000 0.0407
11.4000 3.2000 0.0287
11.7000 3.2000 -0.0102
12.0000 3.2000 -0.0050
12.3000 3.2000 0.0005
12.6000 3.2000 0.0258
12.9000 3.2000 -0.0163
13.2000 3.2000 0.0266
13.5000 3.2000 0.0141
13.8000 3.2000 -0.0316
14.1000 3.2000 0.0027
14.4000 3.2000 0.0228
14.7000 3.2000 0.0098
-12.0000 3.5000 -0.0069
-11.7000 3.5000 -0.0205
-11.4000 3.5000 0.0432
-11.1000 3.5000 0.0005
-10.8000 3.5000 0.0084
-10.5000 3.5000 0.0167
-10.2000 3.5000 0.0246
-9.9000 3.5000 -0.0208
-9.6000 3.5000 -0.0137
-9.3000 3.5000 0.0127
-9.0000 3.5000 0.0110
-8.7000 3.5000 -0.0189
-8.4000 3.5000 -0.0019
-8.1000 3.5000 -0.0194
-7.8000 3.5000 0.0075
-7.5000 3.5000 0.0316
-7.2000 3.5000 0.0102
-6.9000 3.5000 -0.0012
-6.6000 3.5000 0.0196
-6.3000 3.5000 -0.0293
-6.0000 3.5000 -0.0329
-5.7000 3.5000 0.0086
-5.4000 3.5000 -0.0056
-5.1000 3.5000 -0.0075
-4.8000 3.5000 -0.0020
-4.5000 3.5000 -0.0275
-4.2000 3.5000 -0.0160
-3.9000 3.5000 0.0081
-3.6000 3.5000 -0.0409
-3.3000 3.5000 -0.0249
-3.0000 3.5000 -0.0106
-2.7000 3.5000 -0.0067
-2.4000 3.5000 -0.0045
-2.1000 3.5000 -0.0519
-1.8000 3.5000 0.0302
-1.5000 3.5000 -0.0241
-1.2000 3.5000 0.0211
-0.9000 3.5000 -0.0097
-0.6000 3.5000 0.0437
-0.3000 3.5000 0.0333
0.0000 3.5000 -0.0093
0.3000 3.5000 -0.0313
0.6000 3.5000 0.0440
0.9000 3.5000 0.0273
1.2000 3.5000 -0.0198
1.5000 3.5000 -0.0313
1.8000 3.5000 0.0566
2.1000 3.5000 -0.0316
2.4000 3.5000 0.0182
2.7000 3.5000 -0.0221
3.0000 3.5000 -0.0064
3.3000 3.5000 -0.0086
3.6000 3.5000 0.0001
3.9000 3.5000 -0.0008
4.2000 3.5000 -0.0095
4.5000 3.5000 -0.0011
4.8000 3.5000 -0.0080
5.1000 3.5000 0.0209
5.4000 3.5000 -0.0071
5.7000 3.5000 0.0383
6.0000 3.5000 -0.0234
6.3000 3.5000 -0.0081
6.6000 3.5000 0.0027
6.9000 3.5000 0.0071
7.2000 3.5000 0.0134
7.5000 3.5000 -0.0017
7.8000 3.5000 0.0260
8.1000 3.5000 0.0513
8.4000 3.5000 -0.0406
8.7000 3.5000 -0.0056
9.0000 3.5000 -0.0075
9.3000 3.5000 -0.0580
9.6000 3.5000 -0.0187
9.9000 3.5000 -0.0560
10.2000 3.5000 -0.0443
10.5000 3.5000 -0.0285
10.8000 3.5000 -0.0340
11.1000 3.5000 -0.0075
11.4000 3.5000 0.0201
11.7000 3.5000 0.0200
12.0000 3.5000 0.0080
12.3000 3.5000 0.0362
12.6000 3.5000 -0.0004
12.9000 3.5000 -0.0212
13.2000 3.5000 0.0104
13.5000 3.5000 -0.0280
13.8000 3.5000 -0.0091
14.1000 3.5000 -0.0126
14.4000 3.5000 -0.0418
14.7000 3.5000 0.0331
-12.0000 3.8000 -0.0152
-11.7000 3.8000 0.0002
-11.4000 3.8000 0.0240
-11.1000 3.8000 -0.0057
-10.8000 3.8000 0.0135
-10.5000 3.8000 0.0156
-10.2000 3.8000 -0.0269
-9.9000 3.8000 -0.0023
-9.6000 3.8000 -0.0050
-9.3000 3.8000 0.0468
-9.0000 3.8000 0.0284
-8.7000 3.8000 0.0038
-8.4000 3.8000 0.0011
-8.1000 3.8000 0.0430
-7.8000 3.8000 0.0266
-7.5000 3.8000 0.0159
-7.2000 3.8000 0.0364
-6.9000 3.8000 -0.0120
-6.6000 3.8000 0.0095
-6.3000 3.8000 -0.0151
-6.0000 3.8000 -0.0237
-5.7000 3.8000 0.0125
-5.4000 3.8000 0.0219
-5.1000 3.8000 -0.0149
-4.8000 3.8000 -0.0085
-4.5000 3.8000 -0.0186
-4.2000 3.8000 0.0311
-3.9000 3.8000 0.0074
-3.6000 3.8000 0.0338
-3.3000 3.8000 0.0432
-3.0000 3.8000 -0.0430
-2.7000 3.8000 -0.0161
-2.4000 3.8000 -0.0149
-2.1000 3.8000 0.0094
-1.8000 3.8000 -0.0246
-1.5000 3.8000 -0.0129
-1.2000 3.8000 -0.0093
-0.9000 3.8000 -0.0272
-0.6000 3.8000 0.0034
-0.3000 3.8000 -0.0818
0.0000 3.8000 -0.0351
0.3000 3.8000 -0.0230
0.6000 3.8000 0.0043
0.9000 3.8000 -0.0170
1.2000 3.8000 -0.0185
1.5000 3.8000 0.0082
1.8000 3.8000 0.0031
2.1000 3.8000 -0.0211
2.4000 3.8000 0.0682
2.7000 3.8000 -0.0128
3.0000 3.8000 -0.0439
3.3000 3.8000 0.0147
3.6000 3.8000 0.0176
3.9000 3.8000 0.0038
4.2000 3.8000 -0.0196
4.5000 3.8000 0.0261
4.8000 3.8000 -0.0262
5.1000 3.8000 0.0458
5.4000 3.8000 -0.0018
5.7000 3.8000 -0.0102
6.0000 3.8000 0.0016
6.3000 3.8000 0.0080
6.6000 3.8000 -0.0286
6.9000 3.8000 0.0523
7.2000 3.8000 0.0081
7.5000 3.8000 0.0038
7.8000 3.8000 0.0040
8.1000 3.8000 0.0458
8.4000 3.8000 0.0416
8.7000 3.8000 -0.0272
9.0000 3.8000 0.0150
9.3000 3.8000 0.0042
9.6000 3.8000 0.0244
9.9000 3.8000 0.0159
10.2000 3.8000 -0.0083
10.5000 3.8000 -0.0037
10.8000 3.8000 0.0118
11.1000 3.8000 -0.0236
11.4000 3.8000 -0.0280
11.7000 3.8000 -0.0069
12.0000 3.8000 -0.0105
12.3000 3.8000 -0.0282
12.6000 3.8000 0.0108
12.9000 3.8000 -0.0015
13.2000 3.8000 0.0242
13.5000 3.8000 -0.0014
13.8000 3.8000 -0.0295
14.1000 3.8000 0.0048
14.4000 3.8000 0.0227
14.7000 3.8000 0.0394
-12.0000 4.1000 -0.0494
-11.7000 4.1000 0.0066
-11.4000 4.1000 -0.0355
-11.1000 4.1000 0.0406
-10.8000 4.1000 0.0179
-10.5000 4.1000 0.0081
-10.2000 4.1000 0.0196
-9.9000 4.1000 -0.0262
-9.6000 4.1000 0.0070
-9.3000 4.1000 0.0099
-9.0000 4.1000 0.0312
-8.7000 4.1000 -0.0095
-8.4000 4.1000 0.0001
-8.1000 4.1000 0.0151
-7.8000 4.1000 0.0252
-7.5000 4.1000 -0.0215
-7.2000 4.1000 0.0037
-6.9000 4.1000 -0.0223
-6.6000 4.1000 -0.0177
-6.3000 4.1000 0.0418
-6.0000 4.1000 -0.0071
-5.7000 4.1000 0.0322
-5.4000 4.1000 -0.0040
-5.1000 4.1000 -0.0079
-4.8000 4.1000 0.0214
-4.5000 4.1000 0.0055
-4.2000 4.1000 0.0116
-3.9000 4.1000 -0.0076
-3.6000 4.1000 -0.0016
-3.3000 4.1000 0.0106
-3.0000 4.1000 -0.0290
-2.7000 4.1000 0.0217
-2.4000 4.1000 -0.0169
-2.1000 4.1000 -0.0175
-1.8000 4.1000 -0.0188
-1.5000 4.1000 -0.0155
-1.2000 4.1000 0.0145
-0.9000 4.1000 -0.0156
-0.6000 4.1000 -0.0044
-0.3000 4.1000 -0.0302
0.0000 4.1000 0.0228
0.3000 4.1000 -0.0481
0.6000 4.1000 0.0061
0.9000 4.1000 0.0144
1.2000 4.1000 0.0104
1.5000 4.1000 -0.0127
1.8000 4.1000 -0.0300
2.1000 4.1000 -0.0112
2.4000 4.1000 0.0139
2.7000 4.1000 -0.0112
3.0000 4.1000 0.0380
3.3000 4.1000 0.0154
3.6000 4.1000 -0.0238
3.9000 4.1000 -0.0201
4.2000 4.1000 -0.0094
4.5000 4.1000 -0.0025
4.8000 4.1000 0.0033
5.1000 4.1000 0.0165
5.4000 4.1000 0.0120
5.7000 4.1000 0.0524
6.0000 4.1000 0.0071
6.3000 4.1000 -0.0262
6.6000 4.1000 0.0459
6.9000 4.1000 0.0252
7.2000 4.1000 -0.0204
7.5000 4.1000 0.0135
7.8000 4.1000 -0.0064
8.1000 4.1000 -0.0213
8.4000 4.1000 0.0058
8.7000 4.1000 0.0142
9.0000 4.1000 0.0071
9.3000 4.1000 -0.0301
9.6000 4.1000 -0.0059
9.9000 4.1000 0.0221
10.2000 4.1000 0.0007
10.5000 4.1000 0.0340
10.8000 4.1000 0.0177
11.1000 4.1000 -0.0101
11.4000 4.1000 -0.0064
11.7000 4.1000 0.0242
12.0000 4.1000 0.0135
12.3000 4.1000 -0.0162
12.6000 4.1000 0.0195
12.9000 4.1000 0.0146
13.2000 4.1000 -0.0069
13.5000 4.1000 -0.0038
13.8000 4.1000 -0.0039
14.1000 4.1000 -0.0452
14.4000 4.1000 -0.0007
14.7000 4.1000 -0.0124
-12.0000 4.4000 -0.0102
-11.7000 4.4000 0.0155
-11.4000 4.4000 -0.0150
-11.1000 4.4000 -0.0021
-10.8000 4.4000 -0.0483
-10.5000 4.4000 0.0074
-10.2000 4.4000 -0.0128
-9.9000 4.4000 0.0027
-9.6000 4.4000 -0.0185
-9.3000 4.4000 -0.0357
-9.0000 4.4000 -0.0035
-8.7000 4.4000 0.0033
-8.4000 4.4000 -0.0345
-8.1000 4.4000 0.0205
-7.8000 4.4000 0.0018
-7.5000 4.4000 0.0156
-7.2000 4.4000 -0.0006
-6.9000 4.4000 0.0102
-6.6000 4.4000 -0.0138
-6.3000 4.4000 0.0076
-6.0000 4.4000 0.0186
-5.7000 4.4000 0.0614
-5.4000 4.4000 0.0046
-5.1000 4.4000 0.0018
-4.8000 4.4000 0.0106
-4.5000 4.4000 0.0896
-4.2000 4.4000 -0.0111
-3.9000 4.4000 -0.0117
-3.6000 4.4000 0.0046
-3.3000 4.4000 0.0008
-3.0000 4.4000 0.0392
-2.7000 4.4000 0.0398
-2.4000 4.4000 0.0396
-2.1000 4.4000 -0.0061
-1.8000 4.4000 0.0278
-1.5000 4.4000 0.0129
-1.2000 4.4000 -0.0080
-0.9000 4.4000 0.0087
-0.6000 4.4000 -0.0461
-0.3000 4.4000 -0.0243
0.0000 4.4000 -0.0464
0.3000 4.4000 0.0046
0.6000 4.4000 -0.0236
0.9000 4.4000 -0.0197
1.2000 4.4000 0.0204
1.5000 4.4000 0.0329
1.8000 4.4000 -0.0056
2.1000 4.4000 -0.0213
2.4000 4.4000 0.0483
2.7000 4.4000 -0.0120
3.0000 4.4000 0.0025
3.3000 4.4000 0.0015
3.6000 4.4000 0.0097
3.9000 4.4000 -0.0215
4.2000 4.4000 0.0220
4.5000 4.4000 -0.0364
4.8000 4.4000 -0.0379
5.1000 4.4000 0.0120
5.4000 4.4000 -0.0032
5.7000 4.4000 0.0089
6.0000 4.4000 0.0234
6.3000 4.4000 0.0161
6.6000 4.4000 -0.0232
6.9000 4.4000 0.0441
7.2000 4.4000 -0.0275
7.5000 4.4000 -0.0275
7.8000 4.4000 0.0067
8.1000 4.4000 -0.0517
8.4000 4.4000 -0.0184
8.7000 4.4000 -0.0299
9.0000 4.4000 0.0052
9.3000 4.4000 0.0094
9.6000 4.4000 -0.0240
9.9000 4.4000 -0.0317
10.2000 4.4000 0.0540
10.5000 4.4000 -0.0394
10.8000 4.4000 -0.0060
11.1000 4.4000 -0.0278
11.4000 4.4000 0.0136
11.7000 4.4000 -0.0330
12.0000 4.4000 0.0301
12.3000 4.4000 -0.0463
12.6000 4.4000 0.0156
12.9000 4.4000 0.0524
13.2000 4.4000 0.0002
13.5000 4.4000 -0.0374
13.8000 4.4000 0.0063
14.1000 4.4000 -0.0243
14.4000 4.4000 0.0330
14.7000 4.4000 -0.0083
-12.0000 4.7000 0.0105
-11.7000 4.7000 -0.0361
-11.4000 4.7000 -0.0123
-11.1000 4.7000 -0.0096
-10.8000 4.7000 0.0136
-10.5000 4.7000 -0.0097
-10.2000 4.7000 -0.0034
-9.9000 4.7000 -0.0109
-9.6000 4.7000 0.0108
-9.3000 4.7000 0.0400
-9.0000 4.7000 -0.0215
-8.7000 4.7000 0.0070
-8.4000 4.7000 0.0328
-8.1000 4.7000 -0.0039
-7.8000 4.7000 0.0393
-7.5000 4.7000 0.0217
-7.2000 4.7000 -0.0039
-6.9000 4.7000 0.0340
-6.6000 4.7000 0.0034
-6.3000 4.7000 0.0083
-6.0000 4.7000 -0.0293
-5.7000 4.7000 -0.0170
-5.4000 4.7000 -0.0117
-5.1000 4.7000 -0.0027
-4.8000 4.7000 0.0217
-4.5000 4.7000 0.0290
-4.2000 4.7000 0.0311
-3.9000 4.7000 0.0219
-3.6000 4.7000 0.0022
-3.3000 4.7000 0.0103
-3.0000 4.7000 0.0141
-2.7000 4.7000 -0.0566
-2.4000 4.7000 -0.0418
-2.1000 4.7000 0.0427
-1.8000 4.7000 -0.0075
-1.5000 4.7000 -0.0248
-1.2000 4.7000 0.0045
-0.9000 4.7000 0.0065
-0.6000 4.7000 -0.0120
-0.3000 4.7000 -0.0116
0.0000 4.7000 -0.0156
0.3000 4.7000 -0.0009
0.6000 4.7000 0.0424
0.9000 4.7000 0.0185
1.2000 4.7000 0.0134
1.5000 4.7000 -0.0172
1.8000 4.7000 -0.0062
2.1000 4.7000 -0.0042
2.4000 4.7000 -0.0107
2.7000 4.7000 -0.0147
3.0000 4.7000 -0.0175
3.3000 4.7000 -0.0039
3.6000 4.7000 -0.0017
3.9000 4.7000 0.0330
4.2000 4.7000 -0.0114
4.5000 4.7000 0.0502
4.8000 4.7000 0.0044
5.1000 4.7000 -0.0398
5.4000 4.7000 -0.0089
5.7000 4.7000 0.0268
6.0000 4.7000 0.0219
6.3000 4.7000 0.0454
6.6000 4.7000 0.0150
6.9000 4.7000 0.0244
7.2000 4.7000 0.0294
7.5000 4.7000 0.0045
7.8000 4.7000 -0.0170
8.1000 4.7000 -0.0259
8.4000 4.7000 -0.0106
8.7000 4.7000 -0.0073
9.0000 4.7000 -0.0488
9.3000 4.7000 0.0099
9.6000 4.7000 -0.0159
9.9000 4.7000 0.0027
10.2000 4.7000 0.0262
10.5000 4.7000 -0.0123
10.8000 4.7000 -0.0201
11.1000 4.7000 -0.0382
11.4000 4.7000 -0.0348
11.7000 4.7000 0.0180
12.0000 4.7000 -0.0091
12.3000 4.7000 0.0149
12.6000 4.7000 -0.0135
12.9000 4.7000 -0.0211
13.2000 4.7000 -0.0145
13.5000 4.7000 -0.0148
13.8000 4.7000 -0.0318
14.1000 4.7000 -0.0228
14.4000 4.7000 0.0273
14.7000 4.7000 0.0128
-12.0000 5.0000 -0.0245
-11.7000 5.0000 0.0060
-11.4000 5.0000 0.0010
-11.1000 5.0000 -0.0318
-10.8000 5.0000 0.0386
-10.5000 5.0000 0.0281
-10.2000 5.0000 -0.0323
-9.9000 5.0000 0.0116
-9.6000 5.0000 0.0060
-9.3000 5.0000 -0.0659
-9.0000 5.0000 0.0047
-8.7000 5.0000 -0.0099
-8.4000 5.0000 -0.0307
-8.1000 5.0000 0.0284
-7.8000 5.0000 0.0285
-7.5000 5.0000 -0.0094
-7.2000 5.0000 0.0005
-6.9000 5.0000 -0.0008
-6.6000 5.0000 -0.0111
-6.3000 5.0000 -0.0209
-6.0000 5.0000 0.0036
-5.7000 5.0000 0.0366
-5.4000 5.0000 -0.0464
-5.1000 5.0000 0.0035
-4.8000 5.0000 -0.0010
-4.5000 5.0000 -0.0377
-4.2000 5.0000 0.0380
-3.9000 5.0000 0.0010
-3.6000 5.0000 0.0026
-3.3000 5.0000 0.0492
-3.0000 5.0000 -0.0031
-2.7000 5.0000 0.0481
-2.4000 5.0000 -0.0040
-2.1000 5.0000 -0.0134
-1.8000 5.0000 0.0445
-1.5000 5.0000 0.0202
-1.2000 5.0000 -0.0262
-0.9000 5.0000 0.0015
-0.6000 5.0000 -0.0210
-0.3000 5.0000 -0.0225
0.0000 5.0000 -0.0181
0.3000 5.0000 -0.0018
0.6000 5.0000 -0.0218
0.9000 5.0000 -0.0091
1.2000 5.0000 -0.0035
1.5000 5.0000 -0.0239
1.8000 5.0000 0.0102
2.1000 5.0000 0.0042
2.4000 5.0000 0.0151
2.7000 5.0000 -0.0467
3.0000 5.0000 0.0052
3.3000 5.0000 0.0156
3.6000 5.0000 -0.0422
3.9000 5.0000 -0.0080
4.2000 5.0000 0.0010
4.5000 5.0000 -0.0433
4.8000 5.0000 0.0314
5.1000 5.0000 0.0005
5.4000 5.0000 -0.0255
5.7000 5.0000 0.0203
6.0000 5.0000 0.0129
6.3000 5.0000 0.0042
6.6000 5.0000 0.0442
6.9000 5.0000 0.0090
7.2000 5.0000 -0.0003
7.5000 5.0000 -0.0102
7.8000 5.0000 -0.0020
8.1000 5.0000 0.0048
8.4000 5.0000 -0.0303
8.7000 5.0000 0.0277
9.0000 5.0000 -0.0064
9.3000 5.0000 0.0215
9.6000 5.0000 0.0316
9.9000 5.0000 0.0352
10.2000 5.0000 -0.0144
10.5000 5.0000 -0.0329
10.8000 5.0000 0.0052
11.1000 5.0000 0.0401
11.4000 5.0000 0.0086
11.7000 5.0000 -0.0020
12.0000 5.0000 0.0301
12.3000 5.0000 -0.0261
12.6000 5.0000 -0.0048
12.9000 5.0000 0.0027
13.2000 5.0000 -0.0435
13.5000 5.0000 0.0471
13.8000 5.0000 -0.0152
14.1000 5.0000 -0.0090
14.4000 5.0000 -0.0042
14.7000 5.0000 -0.0043
-12.0000 5.3000 0.0196
-11.7000 5.3000 -0.0151
-11.4000 5.3000 -0.0089
-11.1000 5.3000 0.0063
-10.8000 5.3000 0.0024
-10.5000 5.3000 -0.0160
-10.2000 5.3000 0.0014
-9.9000 5.3000 -0.0100
-9.6000 5.3000 -0.0017
-9.3000 5.3000 0.0409
-9.0000 5.3000 0.0181
-8.7000 5.3000 -0.0106
-8.4000 5.3000 -0.0408
-8.1000 5.3000 0.0314
-7.8000 5.3000 -0.0158
-7.5000 5.3000 -0.0198
-7.2000 5.3000 -0.0279
-6.9000 5.3000 -0.0099
-6.6000 5.3000 0.0298
-6.3000 5.3000 0.0249
-6.0000 5.3000 -0.0273
-5.7000 5.3000 0.0048
-5.4000 5.3000 0.0021
-5.1000 5.3000 -0.0014
-4.8000 5.3000 0.0048
-4.5000 5.3000 0.0060
-4.2000 5.3000 0.0416
-3.9000 5.3000 0.0398
-3.6000 5.3000 0.0352
-3.3000 5.3000 -0.0177
-3.0000 5.3000 0.0342
-2.7000 5.3000 -0.0005
-2.4000 5.3000 0.0194
-2.1000 5.3000 0.0148
-1.8000 5.3000 -0.0260
-1.5000 5.3000 0.0105
-1.2000 5.3000 0.0121
-0.9000 5.3000 0.0682
-0.6000 5.3000 -0.0335
-0.3000 5.3000 -0.0148
0.0000 5.3000 -0.0227
0.3000 5.3000 0.0598
0.6000 5.3000 -0.0298
0.9000 5.3000 -0.0072
1.2000 5.3000 0.0203
1.5000 5.3000 0.0019
1.8000 5.3000 -0.0166
2.1000 5.3000 -0.0122
2.4000 5.3000 0.0417
2.7000 5.3000 -0.0190
3.0000 5.3000 0.0241
3.3000 5.3000 -0.0622
3.6000 5.3000 -0.0123
3.9000 5.3000 -0.0144
4.2000 5.3000 0.0221
4.5000 5.3000 -0.0393
4.8000 5.3000 0.0414
5.1000 5.3000 0.0155
5.4000 5.3000 0.0257
5.7000 5.3000 -0.0087
6.0000 5.3000 0.0226
6.3000 5.3000 0.0135
6.6000 5.3000 -0.0130
6.9000 5.3000 0.0258
7.2000 5.3000 0.0354
7.5000 5.3000 0.0164
7.8000 5.3000 0.0002
8.1000 5.3000 -0.0090
8.4000 5.3000 0.0096
8.7000 5.3000 -0.0047
9.0000 5.3000 0.0278
9.3000 5.3000 0.0235
9.6000 5.3000 0.0136
9.9000 5.3000 -0.0157
10.2000 5.3000 0.0094
10.5000 5.3000 0.0001
10.8000 5.3000 -0.0071
11.1000 5.3000 0.0333
11.4000 5.3000 0.0153
11.7000 5.3000 -0.0543
12.0000 5.3000 0.0175
12.3000 5.3000 -0.0121
12.6000 5.3000 0.0080
12.9000 5.3000 -0.0200
13.2000 5.3000 0.0267
13.5000 5.3000 -0.0279
13.8000 5.3000 -0.0019
14.1000 5.3000 -0.0073
14.4000 5.3000 0.0011
14.7000 5.3000 0.0202
-12.0000 5.6000 -0.0254
-11.7000 5.6000 -0.0261
-11.4000 5.6000 0.0454
-11.1000 5.6000 0.0064
-10.8000 5.6000 -0.0152
-10.5000 5.6000 0.0365
-10.2000 5.6000 -0.0132
-9.9000 5.6000 0.0070
-9.6000 5.6000 -0.0163
-9.3000 5.6000 -0.0243
-9.0000 5.6000 -0.0154
-8.7000 5.6000 0.0457
-8.4000 5.6000 -0.0066
-8.1000 5.6000 -0.0028
-7.8000 5.6000 -0.0167
-7.5000 5.6000 -0.0317
-7.2000 5.6000 -0.0089
-6.9000 5.6000 0.0059
-6.6000 5.6000 -0.0307
-6.3000 5.6000 0.0212
-6.0000 5.6000 0.0149
-5.7000 5.6000 0.0110
-5.4000 5.6000 -0.0310
-5.1000 5.6000 -0.0583
-4.8000 5.6000 0.0094
-4.5000 5.6000 0.0289
-4.2000 5.6000 -0.0067
-3.9000 5.6000 0.0129
-3.6000 5.6000 -0.0266
-3.3000 5.6000 -0.0355
-3.0000 5.6000 0.0331
-2.7000 5.6000 -0.0048
-2.4000 5.6000 0.0022
-2.1000 5.6000 0.0072
-1.8000 5.6000 -0.0133
-1.5000 5.6000 -0.0146
-1.2000 5.6000 -0.0432
-0.9000 5.6000 -0.0166
-0.6000 5.6000 0.0094
-0.3000 5.6000 0.0042
0.0000 5.6000 -0.0104
0.3000 5.6000 -0.0453
0.6000 5.6000 -0.0158
0.9000 5.6000 -0.0028
1.2000 5.6000 0.0037
1.5000 5.6000 -0.0412
1.8000 5.6000 -0.0137
2.1000 5.6000 0.0195
2.4000 5.6000 -0.0048
2.7000 5.6000 0.0359
3.0000 5.6000 -0.0008
3.3000 5.6000 -0.0052
3.6000 5.6000 0.0185
3.9000 5.6000 -0.0264
4.2000 5.6000 -0.0546
4.5000 5.6000 -0.0088
4.8000 5.6000 -0.0283
5.1000 5.6000 -0.0369
5.4000 5.6000 0.0017
5.7000 5.6000 0.0128
6.0000 5.6000 0.0023
6.3000 5.6000 -0.0182
6.6000 5.6000 -0.0020
6.9000 5.6000 -0.0234
7.2000 5.6000 0.0213
7.5000 5.6000 0.0019
7.8000 5.6000 0.0053
8.1000 5.6000 -0.0301
8.4000 5.6000 -0.0059
8.7000 5.6000 -0.0231
9.0000 5.6000 -0.0241
9.3000 5.6000 0.0083
9.6000 5.6000 0.0289
9.9000 5.6000 0.0277
10.2000 5.6000 -0.0009
10.5000 5.6000 -0.0270
10.8000 5.6000 -0.0006
11.1000 5.6000 0.0041
11.4000 5.6000 0.0055
11.7000 5.6000 0.0306
12.0000 5.6000 0.0475
12.3000 5.6000 0.0415
12.6000 5.6000 -0.0327
12.9000 5.6000 0.0175
13.2000 5.6000 0.0270
13.5000 5.6000 0.0043
13.8000 5.6000 -0.0215
14.1000 5.6000 0.0054
14.4000 5.6000 -0.0440
14.7000 5.6000 -0.0203
-12.0000 5.9000 0.0088
-11.7000 5.9000 0.0013
-11.4000 5.9000 0.0035
-11.1000 5.9000 0.0455
-10.8000 5.9000 0.0626
-10.5000 5.9000 0.0081
-10.2000 5.9000 0.0160
-9.9000 5.9000 0.0136
-9.6000 5.9000 0.0060
-9.3000 5.9000 0.0182
-9.0000 5.9000 -0.0083
-8.7000 5.9000 0.0117
-8.4000 5.9000 0.0142
-8.1000 5.9000 0.0265
-7.8000 5.9000 0.0068
-7.5000 5.9000 0.0262
-7.2000 5.9000 -0.0546
-6.9000 5.9000 0.0056
-6.6000 5.9000 -0.0025
-6.3000 5.9000 -0.0092
-6.0000 5.9000 -0.0271
-5.7000 5.9000 -0.0089
-5.4000 5.9000 -0.0052
-5.1000 5.9000 -0.0707
-4.8000 5.9000 0.0144
-4.5000 5.9000 -0.0092
-4.2000 5.9000 0.0226
-3.9000 5.9000 -0.0262
-3.6000 5.9000 -0.0304
-3.3000 5.9000 -0.0064
-3.0000 5.9000 -0.0274
-2.7000 5.9000 -0.0109
-2.4000 5.9000 0.0193
-2.1000 5.9000 -0.0575
-1.8000 5.9000 -0.0522
-1.5000 5.9000 0.0139
-1.2000 5.9000 -0.0270
-0.9000 5.9000 0.0061
-0.6000 5.9000 -0.0309
-0.3000 5.9000 0.0324
0.0000 5.9000 0.0636
0.3000 5.9000 -0.0141
0.6000 5.9000 -0.0302
0.9000 5.9000 0.0136
1.2000 5.9000 0.0303
1.5000 5.9000 0.0046
1.8000 5.9000 0.0310
2.1000 5.9000 -0.0219
2.4000 5.9000 0.0054
2.7000 5.9000 0.0169
3.0000 5.9000 0.0215
3.3000 5.9000 -0.0230
3.6000 5.9000 0.0020
3.9000 5.9000 0.0296
4.2000 5.9000 -0.0321
4.5000 5.9000 -0.0173
4.8000 5.9000 -0.0195
5.1000 5.9000 -0.0181
5.4000 5.9000 0.0002
5.7000 5.9000 -0.0132
6.0000 5.9000 0.0203
6.3000 5.9000 0.0045
6.6000 5.9000 -0.0381
6.9000 5.9000 -0.0084
7.2000 5.9000 -0.0400
7.5000 5.9000 -0.0273
7.8000 5.9000 0.0014
8.1000 5.9000 0.0232
8.4000 5.9000 0.0197
8.7000 5.9000 0.0215
9.0000 5.9000 -0.0014
9.3000 5.9000 0.0008
9.6000 5.9000 -0.0094
9.9000 5.9000 -0.0041
10.2000 5.9000 -0.0127
10.5000 5.9000 -0.0048
10.8000 5.9000 0.0710
11.1000 5.9000 0.0335
11.4000 5.9000 -0.0105
11.7000 5.9000 -0.0117
12.0000 5.9000 0.0125
12.3000 5.9000 -0.0227
12.6000 5.9000 0.0713
12.9000 5.9000 -0.0146
13.2000 5.9000 0.0269
13.5000 5.9000 -0.0199
13.8000 5.9000 -0.0259
14.1000 5.9000 0.0100
14.4000 5.9000 -0.0613
14.7000 5.9000 -0.0315
-12.0000 6.2000 0.0454
-11.7000 6.2000 0.0056
-11.4000 6.2000 -0.0445
-11.1000 6.2000 0.0068
-10.8000 6.2000 -0.0040
-10.5000 6.2000 -0.0490
-10.2000 6.2000 -0.0692
-9.9000 6.2000 0.0153
-9.6000 6.2000 -0.0178
-9.3000 6.2000 0.0214
-9.0000 6.2000 0.0156
-8.7000 6.2000 0.0195
-8.4000 6.2000 0.0007
-8.1000 6.2000 0.0023
-7.8000 6.2000 0.0218
-7.5000 6.2000 -0.0128
-7.2000 6.2000 -0.0122
-6.9000 6.2000 -0.0177
-6.6000 6.2000 -0.0080
-6.3000 6.2000 0.0549
-6.0000 6.2000 0.0197
-5.7000 6.2000 -0.0623
-5.4000 6.2000 -0.0124
-5.1000 6.2000 -0.0268
-4.8000 6.2000 0.0099
-4.5000 6.2000 -0.0373
-4.2000 6.2000 -0.0199
-3.9000 6.2000 0.0110
-3.6000 6.2000 0.0726
-3.3000 6.2000 -0.0078
-3.0000 6.2000 0.0283
-2.7000 6.2000 0.0246
-2.4000 6.2000 0.0708
-2.1000 6.2000 -0.0264
-1.8000 6.2000 -0.0246
-1.5000 6.2000 -0.0417
-1.2000 6.2000 -0.0506
-0.9000 6.2000 -0.0119
-0.6000 6.2000 -0.0310
-0.3000 6.2000 -0.0121
0.0000 6.2000 -0.0171
0.3000 6.2000 0.0246
0.6000 6.2000 -0.0048
0.9000 6.2000 0.0005
1.2000 6.2000 0.0367
1.5000 6.2000 -0.0036
1.8000 6.2000 -0.0462
2.1000 6.2000 0.0034
2.4000 6.2000 0.0255
2.7000 6.2000 0.0068
3.0000 6.2000 -0.0044
3.3000 6.2000 0.0119
3.6000 6.2000 -0.0233
3.9000 6.2000 -0.0105
4.2000 6.2000 0.0401
4.5000 6.2000 -0.0408
4.8000 6.2000 0.0331
5.1000 6.2000 0.0302
5.4000 6.2000 0.0183
5.7000 6.2000 0.0070
6.0000 6.2000 -0.0332
6.3000 6.2000 0.0175
6.6000 6.2000 0.0460
6.9000 6.2000 0.0013
7.2000 6.2000 0.0251
7.5000 6.2000 -0.0328
7.8000 6.2000 -0.0076
8.1000 6.2000 -0.0041
8.4000 6.2000 0.0142
8.7000 6.2000 -0.0169
9.0000 6.2000 -0.0455
9.3000 6.2000 -0.0070
9.6000 6.2000 -0.0143
9.9000 6.2000 0.0304
10.2000 6.2000 0.0088
10.5000 6.2000 -0.0635
10.8000 6.2000 0.0442
11.1000 6.2000 -0.0416
11.4000 6.2000 0.0150
11.7000 6.2000 -0.0039
12.0000 6.2000 0.0196
12.3000 6.2000 -0.0574
12.6000 6.2000 0.0140
12.9000 6.2000 0.0567
13.2000 6.2000 0.0167
13.5000 6.2000 -0.0147
13.8000 6.2000 -0.0386
14.1000 6.2000 0.0246
14.4000 6.2000 0.0062
14.7000 6.2000 -0.0316
-12.0000 6.5000 -0.0582
-11.7000 6.5000 -0.0306
-11.4000 6.5000 0.0227
-11.1000 6.5000 0.0259
-10.8000 6.5000 -0.0323
-10.5000 6.5000 0.0063
-10.2000 6.5000 -0.0148
-9.9000 6.5000 -0.0173
-9.6000 6.5000 -0.0020
-9.3000 6.5000 -0.0168
-9.0000 6.5000 -0.0010
-8.7000 6.5000 -0.0132
-8.4000 6.5000 -0.0143
-8.1000 6.5000 -0.0336
-7.8000 6.5000 0.0408
-7.5000 6.5000 -0.0257
-7.2000 6.5000 -0.0190
-6.9000 6.5000 -0.0224
-6.6000 6.5000 -0.0377
-6.3000 6.5000 -0.0136
-6.0000 6.5000 -0.0152
-5.7000 6.5000 -0.0130
-5.4000 6.5000 -0.0276
-5.1000 6.5000 -0.0342
-4.8000 6.5000 -0.0448
-4.5000 6.5000 -0.0272
-4.2000 6.5000 0.0176
-3.9000 6.5000 0.0093
-3.6000 6.5000 0.0121
-3.3000 6.5000 -0.0542
-3.0000 6.5000 0.0020
-2.7000 6.5000 0.0013
-2.4000 6.5000 0.0045
-2.1000 6.5000 0.0318
-1.8000 6.5000 -0.0069
-1.5000 6.5000 0.0185
-1.2000 6.5000 0.0302
-0.9000 6.5000 -0.0210
-0.6000 6.5000 -0.0215
-0.3000 6.5000 0.0418
0.0000 6.5000 0.0095
0.3000 6.5000 0.0103
0.6000 6.5000 0.0365
0.9000 6.5000 -0.0273
1.2000 6.5000 -0.0087
1.5000 6.5000 -0.0014
1.8000 6.5000 -0.0077
2.1000 6.5000 -0.0146
2.4000 6.5000 -0.0334
2.7000 6.5000 -0.0112
3.0000 6.5000 -0.0069
3.3000 6.5000 0.0255
3.6000 6.5000 0.0466
3.9000 6.5000 0.0169
4.2000 6.5000 -0.0021
4.5000 6.5000 -0.0093
4.8000 6.5000 -0.0126
5.1000 6.5000 0.0368
5.4000 6.5000 -0.0136
5.7000 6.5000 -0.0259
6.0000 6.5000 -0.0078
6.3000 6.5000 -0.0499
6.6000 6.5000 0.0224
6.9000 6.5000 -0.0142
7.2000 6.5000 0.0056
7.5000 6.5000 -0.0200
7.8000 6.5000 -0.0279
8.1000 6.5000 -0.0579
8.4000 6.5000 -0.0125
8.7000 6.5000 -0.0659
9.0000 6.5000 0.0117
9.3000 6.5000 -0.0031
9.6000 6.5000 -0.0099
9.9000 6.5000 -0.0062
10.2000 6.5000 -0.0056
10.5000 6.5000 0.0176
10.8000 6.5000 -0.0372
11.1000 6.5000 -0.0350
11.4000 6.5000 -0.0183
11.7000 6.5000 -0.0131
12.0000 6.5000 0.0685
12.3000 6.5000 0.0349
12.6000 6.5000 0.0245
12.9000 6.5000 0.0069
13.2000 6.5000 -0.0359
13.5000 6.5000 0.0253
13.8000 6.5000 0.0053
14.1000 6.5000 0.0027
14.4000 6.5000 -0.0060
14.7000 6.5000 0.0161
-12.0000 6.8000 0.0308
-11.7000 6.8000 0.0079
-11.4000 6.8000 -0.0198
-11.1000 6.8000 0.0258
-10.8000 6.8000 0.0053
-10.5000 6.8000 -0.0119
-10.2000 6.8000 -0.0008
-9.9000 6.8000 -0.0298
-9.6000 6.8000 -0.0171
-9.3000 6.8000 0.0184
-9.0000 6.8000 -0.0245
-8.7000 6.8000 -0.0010
-8.4000 6.8000 0.0116
-8.1000 6.8000 0.0020
-7.8000 6.8000 0.0119
-7.5000 6.8000 -0.0000
-7.2000 6.8000 0.0292
-6.9000 6.8000 -0.0320
-6.6000 6.8000 -0.0003
-6.3000 6.8000 -0.0107
-6.0000 6.8000 0.0104
-5.7000 6.8000 -0.0314
-5.4000 6.8000 -0.0056
-5.1000 6.8000 0.0005
-4.8000 6.8000 0.0044
-4.5000 6.8000 -0.0118
-4.2000 6.8000 0.0016
-3.9000 6.8000 0.0174
-3.6000 6.8000 0.0059
-3.3000 6.8000 -0.0207
-3.0000 6.8000 0.0061
-2.7000 6.8000 -0.0177
-2.4000 6.8000 0.0207
-2.1000 6.8000 -0.0296
-1.8000 6.8000 -0.0493
-1.5000 6.8000 0.0145
-1.2000 6.8000 0.0029
-0.9000 6.8000 -0.0344
-0.6000 6.8000 0.0049
-0.3000 6.8000 -0.0149
0.0000 6.8000 0.0608
0.3000 6.8000 0.0170
0.6000 6.8000 0.0078
0.9000 6.8000 0.0218
1.2000 6.8000 -0.0051
1.5000 6.8000 -0.0256
1.8000 6.8000 0.0251
2.1000 6.8000 -0.0153
2.4000 6.8000 0.0235
2.7000 6.8000 0.0309
3.0000 6.8000 0.0219
3.3000 6.8000 0.0145
3.6000 6.8000 -0.0112
3.9000 6.8000 0.0071
4.2000 6.8000 -0.0239
4.5000 6.8000 -0.0341
4.8000 6.8000 -0.0163
5.1000 6.8000 -0.0749
5.4000 6.8000 -0.0031
5.7000 6.8000 0.0154
6.0000 6.8000 0.0004
6.3000 6.8000 -0.0017
6.6000 6.8000 0.0053
6.9000 6.8000 -0.0202
7.2000 6.8000 -0.0042
7.5000 6.8000 -0.0028
7.8000 6.8000 0.0407
8.1000 6.8000 -0.0252
8.4000 6.8000 0.0042
8.7000 6.8000 0.0500
9.0000 6.8000 -0.0188
9.3000 6.8000 -0.0422
9.6000 6.8000 -0.0035
9.9000 6.8000 0.0033
10.2000 6.8000 -0.0096
10.5000 6.8000 -0.0037
10.8000 6.8000 0.0433
11.1000 6.8000 0.0258
11.4000 6.8000 -0.0511
11.7000 6.8000 0.0108
12.0000 6.8000 0.0120
12.3000 6.8000 -0.0182
12.6000 6.8000 -0.0252
12.9000 6.8000 0.0301
13.2000 6.8000 -0.0031
13.5000 6.8000 -0.0082
13.8000 6.8000 -0.0093
14.1000 6.8000 0.0337
14.4000 6.8000 0.0507
14.7000 6.8000 0.0037
-8.5000 4.5000 0.2500
-8.5000 4.7200 0.2500
-8.5000 4.9400 0.2500
-8.5000 5.1600 0.2500
-8.5000 5.3800 0.2500
-8.5000 5.6000 0.2500
-8.5000 5.8200 0.2500
-8.5000 6.0400 0.2500
-8.5000 6.2600 0.2500
-8.5000 6.4800 0.2500
-8.5000 6.7000 0.2500
-8.5000 6.9200 0.2500
-8.5000 7.1400 0.2500
-8.5000 7.3600 0.2500
-8.5000 7.5800 0.2500
-8.5000 7.8000 0.2500
-8.5000 8.0200 0.2500
-8.5000 8.2400 0.2500
-8.5000 8.4600 0.2500
-8.5000 8.6800 0.2500
-8.5000 8.9000 0.2500
-8.5000 9.1200 0.2500
-8.5000 9.3400 0.2500
-8.5000 9.5600 0.2500
-8.5000 9.7800 0.2500
-8.5000 10.0000 0.2500
-8.5000 10.2200 0.2500
-8.5000 10.4400 0.2500
-8.5000 10.6600 0.2500
-8.5000 10.8800 0.2500
-8.5000 11.1000 0.2500
-8.5000 11.3200 0.2500
-8.5000 4.5000 0.4500
-8.5000 4.7200 0.4500
-8.5000 4.9400 0.4500
-8.5000 5.1600 0.4500
-8.5000 5.3800 0.4500
-8.5000 5.6000 0.4500
-8.5000 5.8200 0.4500
-8.5000 6.0400 0.4500
-8.5000 6.2600 0.4500
-8.5000 6.4800 0.4500
-8.5000 6.7000 0.4500
-8.5000 6.9200 0.4500
-8.5000 7.1400 0.4500
-8.5000 7.3600 0.4500
-8.5000 7.5800 0.4500
-8.5000 7.8000 0.4500
-8.5000 8.0200 0.4500
-8.5000 8.2400 0.4500
-8.5000 8.4600 0.4500
-8.5000 8.6800 0.4500
-8.5000 8.9000 0.4500
-8.5000 9.1200 0.4500
-8.5000 9.3400 0.4500
-8.5000 9.5600 0.4500
-8.5000 9.7800 0.4500
-8.5000 10.0000 0.4500
-8.5000 10.2200 0.4500
-8.5000 10.4400 0.4500
-8.5000 10.6600 0.4500
-8.5000 10.8800 0.4500
-8.5000 11.1000 0.4500
-8.5000 11.3200 0.4500
-8.5000 4.5000 0.6500
-8.5000 4.7200 0.6500
-8.5000 4.9400 0.6500
-8.5000 5.1600 0.6500
-8.5000 5.3800 0.6500
-8.5000 5.6000 0.6500
-8.5000 5.8200 0.6500
-8.5000 6.0400 0.6500
-8.5000 6.2600 0.6500
-8.5000 6.4800 0.6500
-8.5000 6.7000 0.6500
-8.5000 6.9200 0.6500
-8.5000 7.1400 0.6500
-8.5000 7.3600 0.6500
-8.5000 7.5800 0.6500
-8.5000 7.8000 0.6500
-8.5000 8.0200 0.6500
-8.5000 8.2400 0.6500
-8.5000 8.4600 0.6500
-8.5000 8.6800 0.6500
-8.5000 8.9000 0.6500
-8.5000 9.1200 0.6500
-8.5000 9.3400 0.6500
-8.5000 9.5600 0.6500
-8.5000 9.7800 0.6500
-8.5000 10.0000 0.6500
-8.5000 10.2200 0.6500
-8.5000 10.4400 0.6500
-8.5000 10.6600 0.6500
-8.5000 10.8800 0.6500
-8.5000 11.1000 0.6500
-8.5000 11.3200 0.6500
-8.5000 4.5000 0.8500
-8.5000 4.7200 0.8500
-8.5000 4.9400 0.8500
-8.5000 5.1600 0.8500
-8.5000 5.3800 0.8500
-8.5000 5.6000 0.8500
-8.5000 5.8200 0.8500
-8.5000 6.0400 0.8500
-8.5000 6.2600 0.8500
-8.5000 6.4800 0.8500
-8.5000 6.7000 0.8500
-8.5000 6.9200 0.8500
-8.5000 7.1400 0.8500
-8.5000 7.3600 0.8500
-8.5000 7.5800 0.8500
-8.5000 7.8000 0.8500
-8.5000 8.0200 0.8500
-8.5000 8.2400 0.8500
-8.5000 8.4600 0.8500
-8.5000 8.6800 0.8500
-8.5000 8.9000 0.8500
-8.5000 9.1200 0.8500
-8.5000 9.3400 0.8500
-8.5000 9.5600 0.8500
-8.5000 9.7800 0.8500
-8.5000 10.0000 0.8500
-8.5000 10.2200 0.8500
-8.5000 10.4400 0.8500
-8.5000 10.6600 0.8500
-8.5000 10.8800 0.8500
-8.5000 11.1000 0.8500
-8.5000 11.3200 0.8500
-8.5000 4.5000 1.0500
-8.5000 4.7200 1.0500
-8.5000 4.9400 1.0500
-8.5000 5.1600 1.0500
-8.5000 5.3800 1.0500
-8.5000 5.6000 1.0500
-8.5000 5.8200 1.0500
-8.5000 6.0400 1.0500
-8.5000 6.2600 1.0500
-8.5000 6.4800 1.0500
-8.5000 6.7000 1.0500
-8.5000 6.9200 1.0500
-8.5000 7.1400 1.0500
-8.5000 7.3600 1.0500
-8.5000 7.5800 1.0500
-8.5000 7.8000 1.0500
-8.5000 8.0200 1.0500
-8.5000 8.2400 1.0500
-8.5000 8.4600 1.0500
-8.5000 8.6800 1.0500
-8.5000 8.9000 1.0500
-8.5000 9.1200 1.0500
-8.5000 9.3400 1.0500
-8.5000 9.5600 1.0500
-8.5000 9.7800 1.0500
-8.5000 10.0000 1.0500
-8.5000 10.2200 1.0500
-8.5000 10.4400 1.0500
-8.5000 10.6600 1.0500
-8.5000 10.8800 1.0500
-8.5000 11.1000 1.0500
-8.5000 11.3200 1.0500
-8.5000 4.5000 1.2500
-8.5000 4.7200 1.2500
-8.5000 4.9400 1.2500
-8.5000 5.1600 1.2500
-8.5000 5.3800 1.2500
-8.5000 5.6000 1.2500
-8.5000 5.8200 1.2500
-8.5000 6.0400 1.2500
-8.5000 6.2600 1.2500
-8.5000 6.4800 1.2500
-8.5000 6.7000 1.2500
-8.5000 6.9200 1.2500
-8.5000 7.1400 1.2500
-8.5000 7.3600 1.2500
-8.5000 7.5800 1.2500
-8.5000 7.8000 1.2500
-8.5000 8.0200 1.2500
-8.5000 8.2400 1.2500
-8.5000 8.4600 1.2500
-8.5000 8.6800 1.2500
-8.5000 8.9000 1.2500
-8.5000 9.1200 1.2500
-8.5000 9.3400 1.2500
-8.5000 9.5600 1.2500
-8.5000 9.7800 1.2500
-8.5000 10.0000 1.2500
-8.5000 10.2200 1.2500
-8.5000 10.4400 1.2500
-8.5000 10.6600 1.2500
-8.5000 10.8800 1.2500
-8.5000 11.1000 1.2500
-8.5000 11.3200 1.2500
-8.5000 4.5000 1.4500
-8.5000 4.7200 1.4500
-8.5000 4.9400 1.4500
-8.5000 5.1600 1.4500
-8.5000 5.3800 1.4500
-8.5000 5.6000 1.4500
-8.5000 5.8200 1.4500
-8.5000 6.0400 1.4500
-8.5000 6.2600 1.4500
-8.5000 6.4800 1.4500
-8.5000 6.7000 1.4500
-8.5000 6.9200 1.4500
-8.5000 7.1400 1.4500
-8.5000 7.3600 1.4500
-8.5000 7.5800 1.4500
-8.5000 7.8000 1.4500
-8.5000 8.0200 1.4500
-8.5000 8.2400 1.4500
-8.5000 8.4600 1.4500
-8.5000 8.6800 1.4500
-8.5000 8.9000 1.4500
-8.5000 9.1200 1.4500
-8.5000 9.3400 1.4500
-8.5000 9.5600 1.4500
-8.5000 9.7800 1.4500
-8.5000 10.0000 1.4500
-8.5000 10.2200 1.4500
-8.5000 10.4400 1.4500
-8.5000 10.6600 1.4500
-8.5000 10.8800 1.4500
-8.5000 11.1000 1.4500
-8.5000 11.3200 1.4500
-8.5000 4.5000 1.6500
-8.5000 4.7200 1.6500
-8.5000 4.9400 1.6500
-8.5000 5.1600 1.6500
-8.5000 5.3800 1.6500
-8.5000 5.6000 1.6500
-8.5000 5.8200 1.6500
-8.5000 6.0400 1.6500
-8.5000 6.2600 1.6500
-8.5000 6.4800 1.6500
-8.5000 6.7000 1.6500
-8.5000 6.9200 1.6500
-8.5000 7.1400 1.6500
-8.5000 7.3600 1.6500
-8.5000 7.5800 1.6500
-8.5000 7.8000 1.6500
-8.5000 8.0200 1.6500
-8.5000 8.2400 1.6500
-8.5000 8.4600 1.6500
-8.5000 8.6800 1.6500
-8.5000 8.9000 1.6500
-8.5000 9.1200 1.6500
-8.5000 9.3400 1.6500
-8.5000 9.5600 1.6500
-8.5000 9.7800 1.6500
-8.5000 10.0000 1.6500
-8.5000 10.2200 1.6500
-8.5000 10.4400 1.6500
-8.5000 10.6600 1.6500
-8.5000 10.8800 1.6500
-8.5000 11.1000 1.6500
-8.5000 11.3200 1.6500
-8.5000 4.5000 1.8500
-8.5000 4.7200 1.8500
-8.5000 4.9400 1.8500
-8.5000 5.1600 1.8500
-8.5000 5.3800 1.8500
-8.5000 5.6000 1.8500
-8.5000 5.8200 1.8500
-8.5000 6.0400 1.8500
-8.5000 6.2600 1.8500
-8.5000 6.4800 1.8500
-8.5000 6.7000 1.8500
-8.5000 6.9200 1.8500
-8.5000 7.1400 1.8500
-8.5000 7.3600 1.8500
-8.5000 7.5800 1.8500
-8.5000 7.8000 1.8500
-8.5000 8.0200 1.8500
-8.5000 8.2400 1.8500
-8.5000 8.4600 1.8500
-8.5000 8.6800 1.8500
-8.5000 8.9000 1.8500
-8.5000 9.1200 1.8500
-8.5000 9.3400 1.8500
-8.5000 9.5600 1.8500
-8.5000 9.7800 1.8500
-8.5000 10.0000 1.8500
-8.5000 10.2200 1.8500
-8.5000 10.4400 1.8500
-8.5000 10.6600 1.8500
-8.5000 10.8800 1.8500
-8.5000 11.1000 1.8500
-8.5000 11.3200 1.8500
-8.5000 4.5000 2.0500
-8.5000 4.7200 2.0500
-8.5000 4.9400 2.0500
-8.5000 5.1600 2.0500
-8.5000 5.3800 2.0500
-8.5000 5.6000 2.0500
-8.5000 5.8200 2.0500
-8.5000 6.0400 2.0500
-8.5000 6.2600 2.0500
-8.5000 6.4800 2.0500
-8.5000 6.7000 2.0500
-8.5000 6.9200 2.0500
-8.5000 7.1400 2.0500
-8.5000 7.3600 2.0500
-8.5000 7.5800 2.0500
-8.5000 7.8000 2.0500
-8.5000 8.0200 2.0500
-8.5000 8.2400 2.0500
-8.5000 8.4600 2.0500
-8.5000 8.6800 2.0500
-8.5000 8.9000 2.0500
-8.5000 9.1200 2.0500
-8.5000 9.3400 2.0500
-8.5000 9.5600 2.0500
-8.5000 9.7800 2.0500
-8.5000 10.0000 2.0500
-8.5000 10.2200 2.0500
-8.5000 10.4400 2.0500
-8.5000 10.6600 2.0500
-8.5000 10.8800 2.0500
-8.5000 11.1000 2.0500
-8.5000 11.3200 2.0500
-8.5000 4.5000 2.2500
-8.5000 4.7200 2.2500
-8.5000 4.9400 2.2500
-8.5000 5.1600 2.2500
-8.5000 5.3800 2.2500
-8.5000 5.6000 2.2500
-8.5000 5.8200 2.2500
-8.5000 6.0400 2.2500
-8.5000 6.2600 2.2500
-8.5000 6.4800 2.2500
-8.5000 6.7000 2.2500
-8.5000 6.9200 2.2500
-8.5000 7.1400 2.2500
-8.5000 7.3600 2.2500
-8.5000 7.5800 2.2500
-8.5000 7.8000 2.2500
-8.5000 8.0200 2.2500
-8.5000 8.2400 2.2500
-8.5000 8.4600 2.2500
-8.5000 8.6800 2.2500
-8.5000 8.9000 2.2500
-8.5000 9.1200 2.2500
-8.5000 9.3400 2.2500
-8.5000 9.5600 2.2500
-8.5000 9.7800 2.2500
-8.5000 10.0000 2.2500
-8.5000 10.2200 2.2500
-8.5000 10.4400 2.2500
-8.5000 10.6600 2.2500
-8.5000 10.8800 2.2500
-8.5000 11.1000 2.2500
-8.5000 11.3200 2.2500
-8.5000 4.5000 2.4500
-8.5000 4.7200 2.4500
-8.5000 4.9400 2.4500
-8.5000 5.1600 2.4500
-8.5000 5.3800 2.4500
-8.5000 5.6000 2.4500
-8.5000 5.8200 2.4500
-8.5000 6.0400 2.4500
-8.5000 6.2600 2.4500
-8.5000 6.4800 2.4500
-8.5000 6.7000 2.4500
-8.5000 6.9200 2.4500
-8.5000 7.1400 2.4500
-8.5000 7.3600 2.4500
-8.5000 7.5800 2.4500
-8.5000 7.8000 2.4500
-8.5000 8.0200 2.4500
-8.5000 8.2400 2.4500
-8.5000 8.4600 2.4500
-8.5000 8.6800 2.4500
-8.5000 8.9000 2.4500
-8.5000 9.1200 2.4500
-8.5000 9.3400 2.4500
-8.5000 9.5600 2.4500
-8.5000 9.7800 2.4500
-8.5000 10.0000 2.4500
-8.5000 10.2200 2.4500
-8.5000 10.4400 2.4500
-8.5000 10.6600 2.4500
-8.5000 10.8800 2.4500
-8.5000 11.1000 2.4500
-8.5000 11.3200 2.4500
-8.5000 4.5000 2.6500
-8.5000 4.7200 2.6500
-8.5000 4.9400 2.6500
-8.5000 5.1600 2.6500
-8.5000 5.3800 2.6500
-8.5000 5.6000 2.6500
-8.5000 5.8200 2.6500
-8.5000 6.0400 2.6500
-8.5000 6.2600 2.6500
-8.5000 6.4800 2.6500
-8.5000 6.7000 2.6500
-8.5000 6.9200 2.6500
-8.5000 7.1400 2.6500
-8.5000 7.3600 2.6500
-8.5000 7.5800 2.6500
-8.5000 7.8000 2.6500
-8.5000 8.0200 2.6500
-8.5000 8.2400 2.6500
-8.5000 8.4600 2.6500
-8.5000 8.6800 2.6500
-8.5000 8.9000 2.6500
-8.5000 9.1200 2.6500
-8.5000 9.3400 2.6500
-8.5000 9.5600 2.6500
-8.5000 9.7800 2.6500
-8.5000 10.0000 2.6500
-8.5000 10.2200 2.6500
-8.5000 10.4400 2.6500
-8.5000 10.6600 2.6500
-8.5000 10.8800 2.6500
-8.5000 11.1000 2.6500
-8.5000 11.3200 2.6500
-8.5000 4.5000 2.8500
-8.5000 4.7200 2.8500
-8.5000 4.9400 2.8500
-8.5000 5.1600 2.8500
-8.5000 5.3800 2.8500
-8.5000 5.6000 2.8500
-8.5000 5.8200 2.8500
-8.5000 6.0400 2.8500
-8.5000 6.2600 2.8500
-8.5000 6.4800 2.8500
-8.5000 6.7000 2.8500
-8.5000 6.9200 2.8500
-8.5000 7.1400 2.8500
-8.5000 7.3600 2.8500
-8.5000 7.5800 2.8500
-8.5000 7.8000 2.8500
-8.5000 8.0200 2.8500
-8.5000 8.2400 2.8500
-8.5000 8.4600 2.8500
-8.5000 8.6800 2.8500
-8.5000 8.9000 2.8500
-8.5000 9.1200 2.8500
-8.5000 9.3400 2.8500
-8.5000 9.5600 2.8500
-8.5000 9.7800 2.8500
-8.5000 10.0000 2.8500
-8.5000 10.2200 2.8500
-8.5000 10.4400 2.8500
-8.5000 10.6600 2.8500
-8.5000 10.8800 2.8500
-8.5000 11.1000 2.8500
-8.5000 11.3200 2.8500
-8.5000 4.5000 3.0500
-8.5000 4.7200 3.0500
-8.5000 4.9400 3.0500
-8.5000 5.1600 3.0500
-8.5000 5.3800 3.0500
-8.5000 5.6000 3.0500
-8.5000 5.8200 3.0500
-8.5000 6.0400 3.0500
-8.5000 6.2600 3.0500
-8.5000 6.4800 3.0500
-8.5000 6.7000 3.0500
-8.5000 6.9200 3.0500
-8.5000 7.1400 3.0500
-8.5000 7.3600 3.0500
-8.5000 7.5800 3.0500
-8.5000 7.8000 3.0500
-8.5000 8.0200 3.0500
-8.5000 8.2400 3.0500
-8.5000 8.4600 3.0500
-8.5000 8.6800 3.0500
-8.5000 8.9000 3.0500
-8.5000 9.1200 3.0500
-8.5000 9.3400 3.0500
-8.5000 9.5600 3.0500
-8.5000 9.7800 3.0500
-8.5000 10.0000 3.0500
-8.5000 10.2200 3.0500
-8.5000 10.4400 3.0500
-8.5000 10.6600 3.0500
-8.5000 10.8800 3.0500
-8.5000 11.1000 3.0500
-8.5000 11.3200 3.0500
-8.5000 4.5000 3.2500
-8.5000 4.7200 3.2500
-8.5000 4.9400 3.2500
-8.5000 5.1600 3.2500
-8.5000 5.3800 3.2500
-8.5000 5.6000 3.2500
-8.5000 5.8200 3.2500
-8.5000 6.0400 3.2500
-8.5000 6.2600 3.2500
-8.5000 6.4800 3.2500
-8.5000 6.7000 3.2500
-8.5000 6.9200 3.2500
-8.5000 7.1400 3.2500
-8.5000 7.3600 3.2500
-8.5000 7.5800 3.2500
-8.5000 7.8000 3.2500
-8.5000 8.0200 3.2500
-8.5000 8.2400 3.2500
-8.5000 8.4600 3.2500
-8.5000 8.6800 3.2500
-8.5000 8.9000 3.2500
-8.5000 9.1200 3.2500
-8.5000 9.3400 3.2500
-8.5000 9.5600 3.2500
-8.5000 9.7800 3.2500
-8.5000 10.0000 3.2500
-8.5000 10.2200 3.2500
-8.5000 10.4400 3.2500
-8.5000 10.6600 3.2500
-8.5000 10.8800 3.2500
-8.5000 11.1000 3.2500
-8.5000 11.3200 3.2500
2.1400 -4.3000 0.1500
2.1331 -4.2567 0.1500
2.1133 -4.2177 0.1500
2.0823 -4.1867 0.1500
2.0433 -4.1669 0.1500
2.0000 -4.1600 0.1500
1.9567 -4.1669 0.1500
1.9177 -4.1867 0.1500
1.8867 -4.2177 0.1500
1.8669 -4.2567 0.1500
1.8600 -4.3000 0.1500
1.8669 -4.3433 0.1500
1.8867 -4.3823 0.1500
1.9177 -4.4133 0.1500
1.9567 -4.4331 0.1500
2.0000 -4.4400 0.1500
2.0433 -4.4331 0.1500
2.0823 -4.4133 0.1500
2.1133 -4.3823 0.1500
2.1331 -4.3433 0.1500
2.1400 -4.3000 0.2700
2.1331 -4.2567 0.2700
2.1133 -4.2177 0.2700
2.0823 -4.1867 0.2700
2.0433 -4.1669 0.2700
2.0000 -4.1600 0.2700
1.9567 -4.1669 0.2700
1.9177 -4.1867 0.2700
1.8867 -4.2177 0.2700
1.8669 -4.2567 0.2700
1.8600 -4.3000 0.2700
1.8669 -4.3433 0.2700
1.8867 -4.3823 0.2700
1.9177 -4.4133 0.2700
1.9567 -4.4331 0.2700
2.0000 -4.4400 0.2700
2.0433 -4.4331 0.2700
2.0823 -4.4133 0.2700
2.1133 -4.3823 0.2700
2.1331 -4.3433 0.2700
2.1400 -4.3000 0.3900
2.1331 -4.2567 0.3900
2.1133 -4.2177 0.3900
2.0823 -4.1867 0.3900
2.0433 -4.1669 0.3900
2.0000 -4.1600 0.3900
1.9567 -4.1669 0.3900
1.9177 -4.1867 0.3900
1.8867 -4.2177 0.3900
1.8669 -4.2567 0.3900
1.8600 -4.3000 0.3900
1.8669 -4.3433 0.3900
1.8867 -4.3823 0.3900
1.9177 -4.4133 0.3900
1.9567 -4.4331 0.3900
2.0000 -4.4400 0.3900
2.0433 -4.4331 0.3900
2.0823 -4.4133 0.3900
2.1133 -4.3823 0.3900
2.1331 -4.3433 0.3900
2.1400 -4.3000 0.5100
2.1331 -4.2567 0.5100
2.1133 -4.2177 0.5100
2.0823 -4.1867 0.5100
2.0433 -4.1669 0.5100
2.0000 -4.1600 0.5100
1.9567 -4.1669 0.5100
1.9177 -4.1867 0.5100
1.8867 -4.2177 0.5100
1.8669 -4.2567 0.5100
1.8600 -4.3000 0.5100
1.8669 -4.3433 0.5100
1.8867 -4.3823 0.5100
1.9177 -4.4133 0.5100
1.9567 -4.4331 0.5100
2.0000 -4.4400 0.5100
2.0433 -4.4331 0.5100
2.0823 -4.4133 0.5100
2.1133 -4.3823 0.5100
2.1331 -4.3433 0.5100
2.1400 -4.3000 0.6300
2.1331 -4.2567 0.6300
2.1133 -4.2177 0.6300
2.0823 -4.1867 0.6300
2.0433 -4.1669 0.6300
2.0000 -4.1600 0.6300
1.9567 -4.1669 0.6300
1.9177 -4.1867 0.6300
1.8867 -4.2177 0.6300
1.8669 -4.2567 0.6300
1.8600 -4.3000 0.6300
1.8669 -4.3433 0.6300
1.8867 -4.3823 0.6300
1.9177 -4.4133 0.6300
1.9567 -4.4331 0.6300
2.0000 -4.4400 0.6300
2.0433 -4.4331 0.6300
2.0823 -4.4133 0.6300
2.1133 -4.3823 0.6300
2.1331 -4.3433 0.6300
2.1400 -4.3000 0.7500
2.1331 -4.2567 0.7500
2.1133 -4.2177 0.7500
2.0823 -4.1867 0.7500
2.0433 -4.1669 0.7500
2.0000 -4.1600 0.7500
1.9567 -4.1669 0.7500
1.9177 -4.1867 0.7500
1.8867 -4.2177 0.7500
1.8669 -4.2567 0.7500
1.8600 -4.3000 0.7500
1.8669 -4.3433 0.7500
1.8867 -4.3823 0.7500
1.9177 -4.4133 0.7500
1.9567 -4.4331 0.7500
2.0000 -4.4400 0.7500
2.0433 -4.4331 0.7500
2.0823 -4.4133 0.7500
2.1133 -4.3823 0.7500
2.1331 -4.3433 0.7500
2.1400 -4.3000 0.8700
2.1331 -4.2567 0.8700
2.1133 -4.2177 0.8700
2.0823 -4.1867 0.8700
2.0433 -4.1669 0.8700
2.0000 -4.1600 0.8700
1.9567 -4.1669 0.8700
1.9177 -4.1867 0.8700
1.8867 -4.2177 0.8700
1.8669 -4.2567 0.8700
1.8600 -4.3000 0.8700
1.8669 -4.3433 0.8700
1.8867 -4.3823 0.8700
1.9177 -4.4133 0.8700
1.9567 -4.4331 0.8700
2.0000 -4.4400 0.8700
2.0433 -4.4331 0.8700
2.0823 -4.4133 0.8700
2.1133 -4.3823 0.8700
2.1331 -4.3433 0.8700
2.1400 -4.3000 0.9900
2.1331 -4.2567 0.9900
2.1133 -4.2177 0.9900
2.0823 -4.1867 0.9900
2.0433 -4.1669 0.9900
2.0000 -4.1600 0.9900
1.9567 -4.1669 0.9900
1.9177 -4.1867 0.9900
1.8867 -4.2177 0.9900
1.8669 -4.2567 0.9900
1.8600 -4.3000 0.9900
1.8669 -4.3433 0.9900
1.8867 -4.3823 0.9900
1.9177 -4.4133 0.9900
1.9567 -4.4331 0.9900
2.0000 -4.4400 0.9900
2.0433 -4.4331 0.9900
2.0823 -4.4133 0.9900
2.1133 -4.3823 0.9900
2.1331 -4.3433 0.9900
2.1400 -4.3000 1.1100
2.1331 -4.2567 1.1100
2.1133 -4.2177 1.1100
2.0823 -4.1867 1.1100
2.0433 -4.1669 1.1100
2.0000 -4.1600 1.1100
1.9567 -4.1669 1.1100
1.9177 -4.1867 1.1100
1.8867 -4.2177 1.1100
1.8669 -4.2567 1.1100
1.8600 -4.3000 1.1100
1.8669 -4.3433 1.1100
1.8867 -4.3823 1.1100
1.9177 -4.4133 1.1100
1.9567 -4.4331 1.1100
2.0000 -4.4400 1.1100
2.0433 -4.4331 1.1100
2.0823 -4.4133 1.1100
2.1133 -4.3823 1.1100
2.1331 -4.3433 1.1100
2.1400 -4.3000 1.2300
2.1331 -4.2567 1.2300
2.1133 -4.2177 1.2300
2.0823 -4.1867 1.2300
2.0433 -4.1669 1.2300
2.0000 -4.1600 1.2300
1.9567 -4.1669 1.2300
1.9177 -4.1867 1.2300
1.8867 -4.2177 1.2300
1.8669 -4.2567 1.2300
1.8600 -4.3000 1.2300
1.8669 -4.3433 1.2300
1.8867 -4.3823 1.2300
1.9177 -4.4133 1.2300
1.9567 -4.4331 1.2300
2.0000 -4.4400 1.2300
2.0433 -4.4331 1.2300
2.0823 -4.4133 1.2300
2.1133 -4.3823 1.2300
2.1331 -4.3433 1.2300
2.1400 -4.3000 1.3500
2.1331 -4.2567 1.3500
2.1133 -4.2177 1.3500
2.0823 -4.1867 1.3500
2.0433 -4.1669 1.3500
2.0000 -4.1600 1.3500
1.9567 -4.1669 1.3500
1.9177 -4.1867 1.3500
1.8867 -4.2177 1.3500
1.8669 -4.2567 1.3500
1.8600 -4.3000 1.3500
1.8669 -4.3433 1.3500
1.8867 -4.3823 1.3500
1.9177 -4.4133 1.3500
1.9567 -4.4331 1.3500
2.0000 -4.4400 1.3500
2.0433 -4.4331 1.3500
2.0823 -4.4133 1.3500
2.1133 -4.3823 1.3500
2.1331 -4.3433 1.3500
2.1400 -4.3000 1.4700
2.1331 -4.2567 1.4700
2.1133 -4.2177 1.4700
2.0823 -4.1867 1.4700
2.0433 -4.1669 1.4700
2.0000 -4.1600 1.4700
1.9567 -4.1669 1.4700
1.9177 -4.1867 1.4700
1.8867 -4.2177 1.4700
1.8669 -4.2567 1.4700
1.8600 -4.3000 1.4700
1.8669 -4.3433 1.4700
1.8867 -4.3823 1.4700
1.9177 -4.4133 1.4700
1.9567 -4.4331 1.4700
2.0000 -4.4400 1.4700
2.0433 -4.4331 1.4700
2.0823 -4.4133 1.4700
2.1133 -4.3823 1.4700
2.1331 -4.3433 1.4700
2.1400 -4.3000 1.5900
2.1331 -4.2567 1.5900
2.1133 -4.2177 1.5900
2.0823 -4.1867 1.5900
2.0433 -4.1669 1.5900
2.0000 -4.1600 1.5900
1.9567 -4.1669 1.5900
1.9177 -4.1867 1.5900
1.8867 -4.2177 1.5900
1.8669 -4.2567 1.5900
1.8600 -4.3000 1.5900
1.8669 -4.3433 1.5900
1.8867 -4.3823 1.5900
1.9177 -4.4133 1.5900
1.9567 -4.4331 1.5900
2.0000 -4.4400 1.5900
2.0433 -4.4331 1.5900
2.0823 -4.4133 1.5900
2.1133 -4.3823 1.5900
2.1331 -4.3433 1.5900
2.1400 -4.3000 1.7100
2.1331 -4.2567 1.7100
2.1133 -4.2177 1.7100
2.0823 -4.1867 1.7100
2.0433 -4.1669 1.7100
2.0000 -4.1600 1.7100
1.9567 -4.1669 1.7100
1.9177 -4.1867 1.7100
1.8867 -4.2177 1.7100
1.8669 -4.2567 1.7100
1.8600 -4.3000 1.7100
1.8669 -4.3433 1.7100
1.8867 -4.3823 1.7100
1.9177 -4.4133 1.7100
1.9567 -4.4331 1.7100
2.0000 -4.4400 1.7100
2.0433 -4.4331 1.7100
2.0823 -4.4133 1.7100
2.1133 -4.3823 1.7100
2.1331 -4.3433 1.7100
2.1400 -4.3000 1.8300
2.1331 -4.2567 1.8300
2.1133 -4.2177 1.8300
2.0823 -4.1867 1.8300
2.0433 -4.1669 1.8300
2.0000 -4.1600 1.8300
1.9567 -4.1669 1.8300
1.9177 -4.1867 1.8300
1.8867 -4.2177 1.8300
1.8669 -4.2567 1.8300
1.8600 -4.3000 1.8300
1.8669 -4.3433 1.8300
1.8867 -4.3823 1.8300
1.9177 -4.4133 1.8300
1.9567 -4.4331 1.8300
2.0000 -4.4400 1.8300
2.0433 -4.4331 1.8300
2.0823 -4.4133 1.8300
2.1133 -4.3823 1.8300
2.1331 -4.3433 1.8300
2.1400 -4.3000 1.9500
2.1331 -4.2567 1.9500
2.1133 -4.2177 1.9500
2.0823 -4.1867 1.9500
2.0433 -4.1669 1.9500
2.0000 -4.1600 1.9500
1.9567 -4.1669 1.9500
1.9177 -4.1867 1.9500
1.8867 -4.2177 1.9500
1.8669 -4.2567 1.9500
1.8600 -4.3000 1.9500
1.8669 -4.3433 1.9500
1.8867 -4.3823 1.9500
1.9177 -4.4133 1.9500
1.9567 -4.4331 1.9500
2.0000 -4.4400 1.9500
2.0433 -4.4331 1.9500
2.0823 -4.4133 1.9500
2.1133 -4.3823 1.9500
2.1331 -4.3433 1.9500
2.1400 -4.3000 2.0700
2.1331 -4.2567 2.0700
2.1133 -4.2177 2.0700
2.0823 -4.1867 2.0700
2.0433 -4.1669 2.0700
2.0000 -4.1600 2.0700
1.9567 -4.1669 2.0700
1.9177 -4.1867 2.0700
1.8867 -4.2177 2.0700
1.8669 -4.2567 2.0700
1.8600 -4.3000 2.0700
1.8669 -4.3433 2.0700
1.8867 -4.3823 2.0700
1.9177 -4.4133 2.0700
1.9567 -4.4331 2.0700
2.0000 -4.4400 2.0700
2.0433 -4.4331 2.0700
2.0823 -4.4133 2.0700
2.1133 -4.3823 2.0700
2.1331 -4.3433 2.0700
2.1400 -4.3000 2.1900
2.1331 -4.2567 2.1900
2.1133 -4.2177 2.1900
2.0823 -4.1867 2.1900
2.0433 -4.1669 2.1900
2.0000 -4.1600 2.1900
1.9567 -4.1669 2.1900
1.9177 -4.1867 2.1900
1.8867 -4.2177 2.1900
1.8669 -4.2567 2.1900
1.8600 -4.3000 2.1900
1.8669 -4.3433 2.1900
1.8867 -4.3823 2.1900
1.9177 -4.4133 2.1900
1.9567 -4.4331 2.1900
2.0000 -4.4400 2.1900
2.0433 -4.4331 2.1900
2.0823 -4.4133 2.1900
2.1133 -4.3823 2.1900
2.1331 -4.3433 2.1900
2.1400 -4.3000 2.3100
2.1331 -4.2567 2.3100
2.1133 -4.2177 2.3100
2.0823 -4.1867 2.3100
2.0433 -4.1669 2.3100
2.0000 -4.1600 2.3100
1.9567 -4.1669 2.3100
1.9177 -4.1867 2.3100
1.8867 -4.2177 2.3100
1.8669 -4.2567 2.3100
1.8600 -4.3000 2.3100
1.8669 -4.3433 2.3100
1.8867 -4.3823 2.3100
1.9177 -4.4133 2.3100
1.9567 -4.4331 2.3100
2.0000 -4.4400 2.3100
2.0433 -4.4331 2.3100
2.0823 -4.4133 2.3100
2.1133 -4.3823 2.3100
2.1331 -4.3433 2.3100
2.1400 -4.3000 2.4300
2.1331 -4.2567 2.4300
2.1133 -4.2177 2.4300
2.0823 -4.1867 2.4300
2.0433 -4.1669 2.4300
2.0000 -4.1600 2.4300
1.9567 -4.1669 2.4300
1.9177 -4.1867 2.4300
1.8867 -4.2177 2.4300
1.8669 -4.2567 2.4300
1.8600 -4.3000 2.4300
1.8669 -4.3433 2.4300
1.8867 -4.3823 2.4300
1.9177 -4.4133 2.4300
1.9567 -4.4331 2.4300
2.0000 -4.4400 2.4300
2.0433 -4.4331 2.4300
2.0823 -4.4133 2.4300
2.1133 -4.3823 2.4300
2.1331 -4.3433 2.4300
2.1400 -4.3000 2.5500
2.1331 -4.2567 2.5500
2.1133 -4.2177 2.5500
2.0823 -4.1867 2.5500
2.0433 -4.1669 2.5500
2.0000 -4.1600 2.5500
1.9567 -4.1669 2.5500
1.9177 -4.1867 2.5500
1.8867 -4.2177 2.5500
1.8669 -4.2567 2.5500
1.8600 -4.3000 2.5500
1.8669 -4.3433 2.5500
1.8867 -4.3823 2.5500
1.9177 -4.4133 2.5500
1.9567 -4.4331 2.5500
2.0000 -4.4400 2.5500
2.0433 -4.4331 2.5500
2.0823 -4.4133 2.5500
2.1133 -4.3823 2.5500
2.1331 -4.3433 2.5500
2.1400 -4.3000 2.6700
2.1331 -4.2567 2.6700
2.1133 -4.2177 2.6700
2.0823 -4.1867 2.6700
2.0433 -4.1669 2.6700
2.0000 -4.1600 2.6700
1.9567 -4.1669 2.6700
1.9177 -4.1867 2.6700
1.8867 -4.2177 2.6700
1.8669 -4.2567 2.6700
1.8600 -4.3000 2.6700
1.8669 -4.3433 2.6700
1.8867 -4.3823 2.6700
1.9177 -4.4133 2.6700
1.9567 -4.4331 2.6700
2.0000 -4.4400 2.6700
2.0433 -4.4331 2.6700
2.0823 -4.4133 2.6700
2.1133 -4.3823 2.6700
2.1331 -4.3433 2.6700
2.1400 -4.3000 2.7900
2.1331 -4.2567 2.7900
2.1133 -4.2177 2.7900
2.0823 -4.1867 2.7900
2.0433 -4.1669 2.7900
2.0000 -4.1600 2.7900
1.9567 -4.1669 2.7900
1.9177 -4.1867 2.7900
1.8867 -4.2177 2.7900
1.8669 -4.2567 2.7900
1.8600 -4.3000 2.7900
1.8669 -4.3433 2.7900
1.8867 -4.3823 2.7900
1.9177 -4.4133 2.7900
1.9567 -4.4331 2.7900
2.0000 -4.4400 2.7900
2.0433 -4.4331 2.7900
2.0823 -4.4133 2.7900
2.1133 -4.3823 2.7900
2.1331 -4.3433 2.7900
2.1400 -4.3000 2.9100
2.1331 -4.2567 2.9100
2.1133 -4.2177 2.9100
2.0823 -4.1867 2.9100
2.0433 -4.1669 2.9100
2.0000 -4.1600 2.9100
1.9567 -4.1669 2.9100
1.9177 -4.1867 2.9100
1.8867 -4.2177 2.9100
1.8669 -4.2567 2.9100
1.8600 -4.3000 2.9100
1.8669 -4.3433 2.9100
1.8867 -4.3823 2.9100
1.9177 -4.4133 2.9100
1.9567 -4.4331 2.9100
2.0000 -4.4400 2.9100
2.0433 -4.4331 2.9100
2.0823 -4.4133 2.9100
2.1133 -4.3823 2.9100
2.1331 -4.3433 2.9100
2.1400 -4.3000 3.0300
2.1331 -4.2567 3.0300
2.1133 -4.2177 3.0300
2.0823 -4.1867 3.0300
2.0433 -4.1669 3.0300
2.0000 -4.1600 3.0300
1.9567 -4.1669 3.0300
1.9177 -4.1867 3.0300
1.8867 -4.2177 3.0300
1.8669 -4.2567 3.0300
1.8600 -4.3000 3.0300
1.8669 -4.3433 3.0300
1.8867 -4.3823 3.0300
1.9177 -4.4133 3.0300
1.9567 -4.4331 3.0300
2.0000 -4.4400 3.0300
2.0433 -4.4331 3.0300
2.0823 -4.4133 3.0300
2.1133 -4.3823 3.0300
2.1331 -4.3433 3.0300
2.1400 -4.3000 3.1500
2.1331 -4.2567 3.1500
2.1133 -4.2177 3.1500
2.0823 -4.1867 3.1500
2.0433 -4.1669 3.1500
2.0000 -4.1600 3.1500
1.9567 -4.1669 3.1500
1.9177 -4.1867 3.1500
1.8867 -4.2177 3.1500
1.8669 -4.2567 3.1500
1.8600 -4.3000 3.1500
1.8669 -4.3433 3.1500
1.8867 -4.3823 3.1500
1.9177 -4.4133 3.1500
1.9567 -4.4331 3.1500
2.0000 -4.4400 3.1500
2.0433 -4.4331 3.1500
2.0823 -4.4133 3.1500
2.1133 -4.3823 3.1500
2.1331 -4.3433 3.1500
2.1400 -4.3000 3.2700
2.1331 -4.2567 3.2700
2.1133 -4.2177 3.2700
2.0823 -4.1867 3.2700
2.0433 -4.1669 3.2700
2.0000 -4.1600 3.2700
1.9567 -4.1669 3.2700
1.9177 -4.1867 3.2700
1.8867 -4.2177 3.2700
1.8669 -4.2567 3.2700
1.8600 -4.3000 3.2700
1.8669 -4.3433 3.2700
1.8867 -4.3823 3.2700
1.9177 -4.4133 3.2700
1.9567 -4.4331 3.2700
2.0000 -4.4400 3.2700
2.0433 -4.4331 3.2700
2.0823 -4.4133 3.2700
2.1133 -4.3823 3.2700
2.1331 -4.3433 3.2700
2.1400 -4.3000 3.3900
2.1331 -4.2567 3.3900
2.1133 -4.2177 3.3900
2.0823 -4.1867 3.3900
2.0433 -4.1669 3.3900
2.0000 -4.1600 3.3900
1.9567 -4.1669 3.3900
1.9177 -4.1867 3.3900
1.8867 -4.2177 3.3900
1.8669 -4.2567 3.3900
1.8600 -4.3000 3.3900
1.8669 -4.3433 3.3900
1.8867 -4.3823 3.3900
1.9177 -4.4133 3.3900
1.9567 -4.4331 3.3900
2.0000 -4.4400 3.3900
2.0433 -4.4331 3.3900
2.0823 -4.4133 3.3900
2.1133 -4.3823 3.3900
2.1331 -4.3433 3.3900
2.1400 -4.3000 3.5100
2.1331 -4.2567 3.5100
2.1133 -4.2177 3.5100
2.0823 -4.1867 3.5100
2.0433 -4.1669 3.5100
2.0000 -4.1600 3.5100
1.9567 -4.1669 3.5100
1.9177 -4.1867 3.5100
1.8867 -4.2177 3.5100
1.8669 -4.2567 3.5100
1.8600 -4.3000 3.5100
1.8669 -4.3433 3.5100
1.8867 -4.3823 3.5100
1.9177 -4.4133 3.5100
1.9567 -4.4331 3.5100
2.0000 -4.4400 3.5100
2.0433 -4.4331 3.5100
2.0823 -4.4133 3.5100
2.1133 -4.3823 3.5100
2.1331 -4.3433 3.5100
2.1400 -4.3000 3.6300
2.1331 -4.2567 3.6300
2.1133 -4.2177 3.6300
2.0823 -4.1867 3.6300
2.0433 -4.1669 3.6300
2.0000 -4.1600 3.6300
1.9567 -4.1669 3.6300
1.9177 -4.1867 3.6300
1.8867 -4.2177 3.6300
1.8669 -4.2567 3.6300
1.8600 -4.3000 3.6300
1.8669 -4.3433 3.6300
1.8867 -4.3823 3.6300
1.9177 -4.4133 3.6300
1.9567 -4.4331 3.6300
2.0000 -4.4400 3.6300
2.0433 -4.4331 3.6300
2.0823 -4.4133 3.6300
2.1133 -4.3823 3.6300
2.1331 -4.3433 3.6300
2.1400 -4.3000 3.7500
2.1331 -4.2567 3.7500
2.1133 -4.2177 3.7500
2.0823 -4.1867 3.7500
2.0433 -4.1669 3.7500
2.0000 -4.1600 3.7500
1.9567 -4.1669 3.7500
1.9177 -4.1867 3.7500
1.8867 -4.2177 3.7500
1.8669 -4.2567 3.7500
1.8600 -4.3000 3.7500
1.8669 -4.3433 3.7500
1.8867 -4.3823 3.7500
1.9177 -4.4133 3.7500
1.9567 -4.4331 3.7500
2.0000 -4.4400 3.7500
2.0433 -4.4331 3.7500
2.0823 -4.4133 3.7500
2.1133 -4.3823 3.7500
2.1331 -4.3433 3.7500
2.9876 1.0132 1.5351
3.1665 0.9848 1.5490
3.3112 0.9947 1.5459
3.4777 1.0024 1.5532
3.6435 1.0085 1.5433
3.8007 1.0138 1.5398
3.9596 1.0072 1.5687
4.1306 0.9872 1.5367
4.2830 1.0008 1.5482
4.4233 0.9939 1.5466
4.5935 0.9912 1.5473
4.7587 1.0047 1.5354
4.9156 1.0080 1.5499
5.0901 1.0093 1.5396
5.2366 0.9959 1.5428
2.9998 1.1535 1.5509
3.1739 1.1588 1.5579
3.3109 1.1518 1.5533
3.4818 1.1557 1.5489
3.6516 1.1613 1.5475
3.8035 1.1733 1.5463
3.9405 1.1586 1.5397
4.1223 1.1625 1.5659
4.2757 1.1598 1.5316
4.4131 1.1601 1.5577
4.6073 1.1535 1.5504
4.7666 1.1701 1.5555
4.9245 1.1814 1.5620
5.0850 1.1446 1.5357
5.2448 1.1562 1.5499
3.0112 1.3273 1.5566
3.1706 1.3224 1.5368
3.3308 1.3268 1.5462
3.4652 1.3400 1.5434
3.6231 1.3059 1.5590
3.8089 1.3291 1.5549
3.9615 1.3209 1.5702
4.1045 1.3241 1.5539
4.2885 1.3246 1.5706
4.4449 1.3268 1.5473
4.5938 1.3182 1.5537
4.7516 1.3333 1.5501
4.9177 1.3113 1.5466
5.0930 1.3235 1.5566
5.2298 1.3190 1.5628
3.0183 1.4760 1.5543
3.1473 1.4783 1.5637
3.3231 1.4799 1.5565
3.4703 1.4908 1.5315
3.6396 1.4872 1.5593
3.7988 1.4926 1.5553
3.9662 1.4709 1.5707
4.1203 1.4747 1.5521
4.2783 1.4660 1.5516
4.4483 1.4812 1.5674
4.6073 1.4790 1.5609
4.7796 1.4827 1.5397
4.9280 1.4970 1.5398
5.0795 1.4765 1.5464
5.2328 1.4810 1.5547
2.9973 1.6309 1.5643
3.1679 1.6462 1.5415
3.3381 1.6540 1.5611
3.4705 1.6315 1.5485
3.6448 1.6429 1.5463
3.7858 1.6421 1.5399
3.9629 1.6488 1.5521
4.1107 1.6361 1.5398
4.2694 1.6386 1.5459
4.4474 1.6337 1.5500
4.6040 1.6454 1.5355
4.7661 1.6489 1.5758
4.9327 1.6150 1.5401
5.0815 1.6340 1.5546
5.2553 1.6268 1.5523
3.0039 1.7962 1.5530
3.1556 1.7990 1.5512
3.3264 1.8005 1.5564
3.4769 1.7867 1.5660
3.6521 1.8055 1.5338
3.7914 1.7993 1.5645
3.9634 1.7958 1.5501
4.1332 1.8095 1.5458
4.2660 1.8160 1.5433
4.4319 1.7998 1.5550
4.5752 1.8014 1.5355
4.7386 1.7960 1.5683
4.9243 1.8076 1.5446
5.0808 1.8021 1.5347
5.2388 1.8041 1.5667
2.9848 1.9533 1.5620
3.1638 1.9663 1.5358
3.3194 1.9614 1.5561
3.4841 1.9669 1.5460
3.6595 1.9608 1.5328
3.8002 1.9634 1.5566
3.9606 1.9617 1.5506
4.1193 1.9620 1.5580
4.2859 1.9680 1.5699
4.4498 1.9742 1.5558
4.6112 1.9593 1.5641
4.7755 1.9587 1.5384
4.9112 1.9546 1.5508
5.0884 1.9704 1.5541
5.2378 1.9627 1.5527
3.0071 2.1246 1.5611
3.1505 2.1147 1.5417
3.3161 2.1301 1.5562
3.4861 2.1220 1.5560
3.6339 2.1188 1.5523
3.7882 2.1246 1.5716
3.9590 2.1230 1.5416
4.1186 2.1404 1.5529
4.2771 2.1323 1.5418
4.4603 2.1052 1.5574
4.5986 2.1240 1.5715
4.7696 2.1158 1.5601
4.9123 2.1170 1.5496
5.0810 2.1220 1.5410
5.2401 2.1240 1.5466
3.0010 2.2742 1.5576
3.1806 2.2764 1.5425
3.3284 2.2930 1.5478
3.4628 2.2934 1.5477
3.6462 2.2686 1.5437
3.7905 2.2808 1.5447
3.9654 2.2919 1.5591
4.1124 2.2869 1.5522
4.2538 2.2885 1.5553
4.4458 2.2747 1.5435
4.5932 2.2748 1.5486
4.7591 2.2803 1.5587
4.9066 2.2850 1.5573
5.0754 2.2849 1.5452
5.2335 2.2757 1.5511
3.0069 2.4249 1.5568
3.1649 2.4397 1.5470
3.3182 2.4541 1.5368
3.4777 2.4192 1.5438
3.6480 2.4368 1.5555
3.7921 2.4254 1.5469
3.9501 2.4397 1.5538
4.1323 2.4315 1.5562
4.2854 2.4491 1.5574
4.4348 2.4446 1.5555
4.6068 2.4483 1.5467
4.7284 2.4331 1.5384
4.9181 2.4337 1.5596
5.0725 2.4404 1.5653
5.2451 2.4334 1.5506
3.0056 2.6247 1.5685
3.1465 2.6029 1.5682
3.3151 2.5968 1.5721
3.4807 2.6154 1.5660
3.6278 2.6108 1.5502
3.8044 2.5960 1.5397
3.9567 2.5945 1.5520
4.1349 2.6047 1.5363
4.2753 2.6154 1.5608
4.4359 2.5843 1.5632
4.5898 2.5970 1.5554
4.7737 2.5902 1.5541
4.9282 2.5908 1.5521
5.0647 2.5954 1.5437
5.2320 2.5955 1.5615
3.0071 0.9979 0.2678
3.1448 0.9935 0.2923
3.3240 0.9861 0.2632
3.4895 1.0021 0.2720
3.6506 1.0001 0.2742
3.8059 1.0010 0.2777
3.9691 0.9910 0.2838
4.1196 1.0051 0.2644
4.2816 0.9989 0.2784
4.4452 0.9760 0.2775
4.5980 1.0008 0.2854
4.7393 0.9795 0.2693
4.8961 1.0099 0.2861
5.0933 1.0062 0.2636
5.2383 1.0063 0.2785
2.9866 1.1508 0.2782
3.1634 1.1562 0.2724
3.3111 1.1464 0.2667
3.4895 1.1606 0.2731
3.6311 1.1649 0.2671
3.8099 1.1663 0.2709
3.9617 1.1512 0.2621
4.1081 1.1617 0.2656
4.2977 1.1637 0.2782
4.4350 1.1564 0.2503
4.6093 1.1669 0.2782
4.7781 1.1759 0.2997
4.9091 1.1456 0.2979
5.0897 1.1687 0.2837
5.2389 1.1742 0.2605
3.0212 1.2988 0.2670
3.1518 1.3249 0.2762
3.3254 1.3281 0.2644
3.4952 1.3030 0.2745
3.6578 1.3185 0.2701
3.7875 1.3273 0.2817
3.9518 1.3223 0.2846
4.1350 1.3327 0.2754
4.2919 1.3121 0.2744
4.4431 1.3210 0.2844
4.6009 1.3283 0.2662
4.7526 1.3274 0.3006
4.9251 1.2989 0.2762
5.0877 1.3259 0.2891
5.2460 1.3243 0.2864
2.9874 1.4645 0.2794
3.1689 1.4919 0.2896
3.3199 1.4753 0.2839
3.4939 1.4668 0.2990
3.6359 1.4838 0.2779
3.8115 1.4572 0.2666
3.9630 1.4781 0.2940
4.1193 1.4764 0.2911
4.2687 1.4723 0.2908
4.4354 1.4820 0.2906
4.5898 1.4673 0.2887
4.7601 1.4795 0.2828
4.9181 1.5127 0.2741
5.0815 1.4740 0.2834
5.2629 1.4696 0.2821
3.0006 1.6418 0.2754
3.1501 1.6398 0.2761
3.3219 1.6434 0.2557
3.4930 1.6406 0.2745
3.6544 1.6370 0.2594
3.7970 1.6466 0.2642
3.9590 1.6464 0.2738
4.1230 1.6468 0.3041
4.2927 1.6164 0.2839
4.4505 1.6452 0.2694
4.6134 1.6337 0.2778
4.7714 1.6243 0.2799
4.9171 1.6621 0.2758
5.0919 1.6301 0.2993
5.2429 1.6394 0.2818
3.0058 1.7860 0.2690
3.1521 1.8049 0.2820
3.3016 1.7952 0.2896
3.4870 1.7962 0.2911
3.6342 1.8001 0.2909
3.8054 1.7758 0.2861
3.9589 1.8068 0.2757
4.1177 1.7999 0.2906
4.2684 1.7943 0.2729
4.4313 1.8052 0.2810
4.6160 1.8044 0.2762
4.7538 1.8146 0.2780
4.9227 1.8008 0.2969
5.0650 1.7879 0.2811
5.2369 1.7827 0.2891
2.9982 1.9649 0.2935
3.1529 1.9642 0.2808
3.3091 1.9673 0.2778
3.4946 1.9492 0.2689
3.6178 1.9482 0.2633
3.7869 1.9562 0.2793
3.9655 1.9549 0.2822
4.1244 1.9715 0.2911
4.2811 1.9571 0.2734
4.4495 1.9580 0.2728
4.6108 1.9722 0.2708
4.7530 1.9694 0.2638
4.9311 1.9646 0.2862
5.0866 1.9580 0.2766
5.2523 1.9608 0.2981
3.0087 2.1287 0.2854
3.1598 2.1188 0.2774
3.3291 2.1245 0.2750
3.4840 2.1214 0.2829
3.6377 2.1178 0.2893
3.8082 2.1185 0.2742
3.9787 2.1186 0.2815
4.1318 2.1195 0.2736
4.2987 2.1113 0.2740
4.4419 2.1362 0.2600
4.6017 2.0980 0.2943
4.7493 2.1246 0.2955
4.9199 2.1240 0.2757
5.0804 2.1027 0.2852
5.2371 2.1170 0.2782
2.9924 2.2662 0.2821
3.1633 2.3022 0.2928
3.3241 2.2711 0.2944
3.4680 2.2774 0.2783
3.6325 2.2829 0.2693
3.7998 2.2807 0.2817
3.9663 2.2739 0.2757
4.1174 2.2817 0.2877
4.2957 2.2894 0.2863
4.4408 2.2903 0.2766
4.6084 2.2779 0.2814
4.7684 2.2672 0.3012
4.9251 2.2887 0.2887
5.0802 2.2766 0.2791
5.2402 2.2645 0.2834
3.0020 2.4461 0.2648
3.1636 2.4381 0.2570
3.3112 2.4345 0.2787
3.4898 2.4177 0.2878
3.6537 2.4430 0.2686
3.8013 2.4444 0.2635
3.9569 2.4350 0.2795
4.1286 2.4306 0.2784
4.2771 2.4379 0.2783
4.4528 2.4388 0.2743
4.5940 2.4570 0.2765
4.7627 2.4435 0.2714
4.9285 2.4318 0.2796
5.0849 2.4498 0.2665
5.2272 2.4346 0.2900
3.0031 2.5858 0.2820
3.1516 2.6083 0.2661
3.3183 2.6072 0.2934
3.4632 2.5904 0.2822
3.6373 2.5853 0.2886
3.8211 2.5932 0.2745
3.9699 2.5807 0.2883
4.1245 2.6140 0.2772
4.2574 2.6172 0.2811
4.4461 2.5962 0.2705
4.5997 2.6147 0.2637
4.7738 2.5821 0.2575
4.9290 2.6013 0.2622
5.0757 2.5927 0.2657
5.2429 2.5948 0.2727
3.0169 1.0336 0.2762
2.9929 1.1799 0.2891
3.0024 1.3124 0.2755
3.0105 1.4703 0.2766
2.9892 1.6435 0.2848
2.9979 1.8150 0.2596
3.0045 1.9584 0.2970
2.9736 2.0981 0.2982
2.9751 2.2575 0.2912
2.9947 2.4439 0.2954
2.9933 2.6015 0.2694
3.0084 0.9967 0.4395
3.0022 1.1557 0.4544
2.9874 1.3216 0.4321
3.0016 1.4851 0.4345
3.0019 1.6482 0.4473
2.9943 1.7879 0.4346
3.0090 1.9660 0.4426
2.9863 2.1199 0.4538
2.9977 2.2780 0.4516
2.9802 2.4264 0.4493
2.9777 2.6120 0.4345
2.9966 1.0121 0.5898
2.9844 1.1681 0.5987
3.0099 1.3228 0.6061
3.0024 1.4817 0.6150
3.0138 1.6353 0.6089
3.0002 1.7773 0.5883
2.9913 1.9811 0.5846
3.0043 2.1046 0.5990
2.9936 2.2833 0.5830
2.9947 2.4535 0.5984
3.0070 2.6065 0.5940
3.0027 1.0008 0.7301
2.9973 1.1602 0.7632
2.9984 1.3182 0.7506
2.9944 1.4896 0.7665
2.9940 1.6478 0.7466
2.9943 1.7957 0.7671
3.0076 1.9599 0.7773
3.0050 2.1081 0.7620
3.0057 2.2864 0.7688
3.0039 2.4403 0.7588
3.0039 2.5911 0.7692
2.9945 0.9988 0.9109
3.0133 1.1522 0.9092
3.0100 1.3254 0.8963
3.0052 1.4817 0.9274
3.0073 1.6405 0.9142
3.0132 1.7890 0.9131
3.0133 1.9448 0.9192
3.0032 2.1249 0.9127
3.0087 2.2816 0.9189
2.9906 2.4361 0.9338
3.0042 2.6008 0.9264
3.0071 1.0242 1.0788
2.9895 1.1673 1.0787
2.9829 1.3114 1.0757
3.0256 1.4680 1.0893
3.0090 1.6334 1.0741
2.9989 1.8107 1.0764
2.9930 1.9513 1.0709
2.9987 2.1205 1.0746
3.0010 2.2726 1.0750
3.0079 2.4357 1.0793
2.9905 2.6032 1.0875
2.9973 0.9939 1.2518
3.0012 1.1676 1.2496
3.0093 1.3230 1.2325
2.9888 1.4905 1.2399
3.0098 1.6193 1.2484
2.9965 1.8005 1.2515
3.0003 1.9584 1.2303
3.0020 2.1120 1.2228
3.0250 2.2905 1.2519
2.9816 2.4491 1.2408
2.9825 2.5861 1.2467
3.0174 1.0087 1.3959
2.9898 1.1490 1.3965
3.0087 1.3055 1.4049
3.0073 1.4775 1.3941
2.9901 1.6299 1.4084
2.9902 1.8023 1.3967
3.0111 1.9682 1.3952
3.0169 2.1215 1.4025
2.9946 2.2814 1.4006
3.0113 2.4378 1.3945
3.0013 2.6085 1.4088
5.2879 0.9845 0.2926
5.3126 1.1525 0.2880
5.2911 1.3404 0.2789
5.3079 1.4884 0.2890
5.2870 1.6301 0.2721
5.2972 1.7863 0.2746
5.3057 1.9612 0.2727
5.2984 2.1173 0.2575
5.2911 2.2885 0.2696
5.2973 2.4460 0.2705
5.3060 2.6032 0.2702
5.2804 1.0138 0.4378
5.3087 1.1566 0.4208
5.2884 1.3167 0.4402
5.2903 1.4898 0.4429
5.2966 1.6526 0.4392
5.3071 1.8038 0.4281
5.2945 1.9492 0.4511
5.3069 2.1212 0.4343
5.3179 2.2761 0.4341
5.3104 2.4519 0.4506
5.2787 2.6195 0.4304
5.3095 1.0150 0.6006
5.2883 1.1753 0.6018
5.3215 1.3230 0.5948
5.2866 1.4826 0.5876
5.3013 1.6407 0.5927
5.3237 1.7797 0.6015
5.3200 1.9635 0.6044
5.2990 2.1242 0.6117
5.3083 2.2651 0.5936
5.2757 2.4489 0.6067
5.3035 2.5898 0.6016
5.2892 0.9905 0.7468
5.2921 1.1522 0.7484
5.3104 1.3178 0.7751
5.2804 1.4849 0.7760
5.3083 1.6394 0.7501
5.3078 1.7930 0.7684
5.3150 1.9584 0.7660
5.2880 2.1378 0.7678
5.3077 2.2748 0.7358
5.2901 2.4202 0.7646
5.2976 2.5956 0.7673
5.3131 0.9893 0.9063
5.3004 1.1605 0.9339
5.2866 1.3079 0.9251
5.3136 1.4898 0.9057
5.2923 1.6379 0.9103
5.3295 1.8006 0.9333
5.2958 1.9597 0.9113
5.3086 2.1341 0.9129
5.3032 2.2744 0.9172
5.3120 2.4270 0.9239
5.2979 2.5958 0.9377
5.3049 1.0047 1.0737
5.3075 1.1621 1.0879
5.2922 1.3054 1.0994
5.3088 1.4928 1.0750
5.3213 1.6401 1.0898
5.2984 1.8037 1.0749
5.3158 1.9713 1.0819
5.3128 2.0990 1.0936
5.2962 2.2945 1.1010
5.2867 2.4518 1.0874
5.2984 2.5967 1.0965
5.2992 1.0019 1.2555
5.3023 1.1357 1.2403
5.3050 1.3128 1.2432
5.3080 1.4842 1.2385
5.2840 1.6421 1.2406
5.2943 1.8114 1.2388
5.2947 1.9674 1.2402
5.2944 2.1357 1.2313
5.2938 2.2679 1.2500
5.2953 2.4400 1.2358
5.2952 2.5940 1.2499
5.2989 1.0021 1.4010
5.2983 1.1555 1.3792
5.3182 1.3209 1.3909
5.3101 1.4606 1.3959
5.2792 1.6386 1.3999
5.3070 1.8008 1.3939
5.3029 1.9620 1.4128
5.3012 2.1311 1.4093
5.3030 2.2790 1.3905
5.3200 2.4484 1.4089
5.3139 2.5935 1.4033
3.0032 1.0114 0.2936
3.1739 1.0060 0.2728
3.3238 0.9825 0.2791
3.4874 1.0114 0.2794
3.6522 0.9968 0.2701
3.8019 1.0014 0.2894
3.9744 0.9948 0.2883
4.1152 0.9992 0.2950
4.2732 0.9998 0.2741
4.4549 0.9847 0.2628
4.5874 1.0012 0.2849
4.7553 1.0034 0.2827
4.9140 0.9980 0.2848
5.0697 1.0205 0.2803
5.2453 1.0094 0.2752
3.0144 0.9978 0.4294
3.1374 0.9854 0.4554
3.3218 0.9943 0.4297
3.4848 0.9979 0.4383
3.6310 0.9843 0.4320
3.8096 1.0020 0.4448
3.9669 1.0051 0.4311
4.1424 0.9966 0.4449
4.2790 0.9907 0.4609
4.4426 0.9978 0.4432
4.6040 1.0255 0.4309
4.7794 0.9970 0.4457
4.9244 1.0025 0.4198
5.0870 1.0042 0.4428
5.2215 1.0084 0.4413
2.9990 1.0001 0.5992
3.1511 1.0018 0.6028
3.3355 1.0060 0.6078
3.4798 1.0031 0.5924
3.6505 0.9948 0.5974
3.8020 0.9940 0.6140
3.9563 0.9867 0.5855
4.1141 0.9974 0.5966
4.2779 0.9912 0.6032
4.4508 0.9946 0.6165
4.5967 0.9970 0.6126
4.7569 1.0099 0.6174
4.9072 1.0154 0.5983
5.0767 1.0107 0.6064
5.2408 0.9993 0.5839
3.0004 0.9913 0.7621
3.1358 0.9978 0.7554
3.3287 1.0089 0.7778
3.4758 1.0013 0.7405
3.6343 1.0059 0.7684
3.8033 1.0039 0.7706
3.9646 0.9983 0.7428
4.1244 1.0039 0.7535
4.2983 0.9944 0.7695
4.4485 1.0005 0.7788
4.5988 0.9783 0.7782
4.7486 0.9916 0.7368
4.9343 1.0138 0.7637
5.0725 1.0035 0.7682
5.2601 0.9849 0.7492
2.9988 1.0065 0.9280
3.1634 1.0127 0.9286
3.3313 1.0174 0.9314
3.4967 0.9960 0.9059
3.6250 0.9793 0.9149
3.8017 0.9895 0.9145
3.9522 1.0056 0.9313
4.1306 0.9972 0.9220
4.2587 1.0079 0.9346
4.4227 1.0055 0.9178
4.5847 1.0071 0.9151
4.7473 0.9937 0.9254
4.9306 0.9894 0.9381
5.0817 0.9883 0.9036
5.2454 0.9980 0.9065
3.0047 0.9967 1.0842
3.1475 1.0022 1.0742
3.3172 1.0188 1.0765
3.4731 1.0179 1.0769
3.6337 1.0118 1.0629
3.7989 0.9960 1.0883
3.9693 0.9855 1.0960
4.1446 0.9813 1.0827
4.2682 1.0091 1.0738
4.4390 1.0008 1.0823
4.6013 1.0295 1.0761
4.7787 0.9838 1.0898
4.9279 0.9988 1.0835
5.0997 1.0065 1.0765
5.2548 0.9831 1.0803
3.0103 0.9974 1.2316
3.1604 1.0127 1.2386
3.3119 0.9858 1.2403
3.4849 1.0083 1.2348
3.6442 1.0017 1.2471
3.8070 0.9921 1.2431
3.9504 0.9972 1.2533
4.1084 0.9997 1.2414
4.2864 1.0059 1.2373
4.4258 0.9922 1.2204
4.6122 1.0003 1.2294
4.7662 1.0051 1.2377
4.9068 1.0066 1.2284
5.0754 1.0160 1.2307
5.2355 0.9987 1.2360
2.9973 1.0151 1.4059
3.1797 1.0149 1.3984
3.3160 1.0110 1.4027
3.4732 1.0143 1.4039
3.6398 0.9999 1.4080
3.7944 0.9956 1.4124
3.9545 0.9989 1.4084
4.1253 1.0140 1.3990
4.2634 1.0090 1.3937
4.4524 0.9892 1.4067
4.6014 0.9963 1.3916
4.7717 1.0143 1.4082
4.9154 1.0108 1.4055
5.0814 0.9890 1.3977
5.2404 1.0218 1.4086
2.9957 2.6917 0.2692
3.1714 2.6949 0.2954
3.3151 2.7024 0.2647
3.4832 2.6957 0.2677
3.6561 2.6924 0.2857
3.8088 2.6945 0.2750
3.9520 2.7149 0.2897
4.1299 2.6860 0.2781
4.2690 2.6905 0.2860
4.4569 2.7006 0.2741
4.5929 2.7099 0.2730
4.7631 2.6980 0.2548
4.9201 2.7063 0.2706
5.0621 2.6951 0.2846
5.2521 2.6874 0.2607
3.0102 2.7101 0.4417
3.1404 2.7054 0.4229
3.3215 2.6833 0.4168
3.4822 2.6784 0.4548
3.6528 2.6960 0.4509
3.8034 2.7039 0.4404
3.9651 2.6994 0.4524
4.1179 2.7010 0.4327
4.2902 2.6956 0.4381
4.4262 2.6866 0.4621
4.5973 2.6962 0.4272
4.7629 2.6983 0.4359
4.9269 2.7055 0.4496
5.0800 2.6950 0.4375
5.2281 2.7149 0.4268
3.0028 2.6848 0.5919
3.1625 2.7012 0.5883
3.3079 2.7012 0.5977
3.4806 2.6961 0.5934
3.6441 2.6939 0.5832
3.8028 2.6825 0.6029
3.9701 2.7043 0.6019
4.1253 2.6955 0.5812
4.2677 2.7182 0.6083
4.4522 2.6998 0.6060
4.5957 2.6855 0.6021
4.7469 2.6926 0.5924
4.9228 2.6799 0.6020
5.0919 2.6972 0.6197
5.2315 2.7094 0.6056
2.9938 2.6976 0.7638
3.1489 2.7034 0.7696
3.3326 2.7044 0.7415
3.4667 2.7030 0.7829
3.6229 2.6995 0.7522
3.8035 2.7087 0.7477
3.9616 2.6998 0.7680
4.1264 2.7103 0.7655
4.2753 2.6948 0.7588
4.4405 2.6941 0.7644
4.5729 2.7061 0.7665
4.7526 2.7131 0.7487
4.9223 2.7012 0.7484
5.0667 2.7166 0.7449
5.2131 2.6931 0.7485
3.0093 2.7123 0.9310
3.1418 2.6878 0.9104
3.3103 2.6897 0.9152
3.4579 2.7154 0.9058
3.6459 2.6865 0.9115
3.8114 2.6990 0.9194
3.9594 2.7073 0.9113
4.1238 2.7020 0.9191
4.2780 2.7017 0.9176
4.4256 2.7032 0.9305
4.5893 2.6998 0.9281
4.7433 2.7088 0.9026
4.9202 2.7002 0.9321
5.0763 2.7009 0.9057
5.2255 2.6963 0.9212
2.9913 2.7242 1.0727
3.1711 2.6766 1.0679
3.3283 2.7107 1.0604
3.4784 2.6779 1.0583
3.6317 2.7070 1.0799
3.7906 2.7011 1.0760
3.9491 2.6860 1.0819
4.1100 2.7093 1.0824
4.2690 2.7099 1.0862
4.4396 2.6946 1.0858
4.6043 2.7044 1.0705
4.7688 2.6662 1.0620
4.9018 2.7039 1.0754
5.0949 2.7176 1.0837
5.2431 2.7139 1.0682
2.9842 2.7011 1.2385
3.1567 2.6916 1.2430
3.3287 2.6791 1.2454
3.4690 2.6840 1.2368
3.6533 2.7020 1.2529
3.8021 2.7178 1.2427
3.9472 2.6988 1.2382
4.1279 2.6871 1.2372
4.2704 2.7070 1.2485
4.4427 2.6975 1.2459
4.5952 2.6977 1.2400
4.7747 2.7028 1.2480
4.9219 2.6960 1.2344
5.0737 2.7158 1.2281
5.2319 2.7176 1.2504
3.0021 2.6897 1.4032
3.1459 2.7088 1.3984
3.3111 2.6843 1.3956
3.4766 2.6988 1.4000
3.6353 2.7096 1.3848
3.8135 2.6886 1.3974
3.9699 2.6858 1.3916
4.1183 2.7008 1.4187
4.2744 2.7120 1.4030
4.4421 2.7039 1.3913
4.6046 2.6828 1.4034
4.7663 2.6922 1.3941
4.9307 2.7182 1.4115
5.0816 2.6987 1.4020
5.2586 2.6904 1.3928
75.0000 0.0000 0.0000
nan 1.0000 0.0000
0.0000 inf 0.0000
