x,y,resolution,elevation,mean_elevation,semantic_class,point_count
-9.875,-1.875,0.25,0.1374723615299594,0.1374723615299594,ground,1
-9.625,-2.625,0.25,0.16427429041757521,0.16427429041757521,ground,1
-9.625,-1.875,0.25,0.13047252922731375,0.13047252922731375,ground,1
-9.625,-1.375,0.25,0.14280925853942714,0.14280925853942714,ground,1
-9.625,2.625,0.25,0.12075108270305228,0.12075108270305228,ground,1
-8.875,1.875,0.25,0.13107713633153456,0.13107713633153456,ground,1
-8.625,2.375,0.25,0.15055711774639516,0.15055711774639516,ground,1
-8.375,-4.125,0.25,0.12257288975340602,0.12257288975340602,ground,1
-8.125,5.875,0.25,0.14604953643768714,0.14604953643768714,ground,1
-7.625,-4.875,0.25,0.08131330135575954,0.08131330135575954,ground,1
-7.625,-2.375,0.25,0.095951242864465,0.095951242864465,ground,1
-7.625,-0.125,0.25,0.10750272210834265,0.10750272210834265,ground,1
-7.375,-6.125,0.25,0.0950482242552989,0.0950482242552989,ground,1
-7.125,-3.375,0.25,0.11652664751378569,0.11652664751378569,ground,1
-7.125,3.625,0.25,0.1471230065932893,0.1471230065932893,ground,1
-6.875,3.625,0.25,0.09062482171426955,0.09062482171426955,ground,1
-6.625,-2.375,0.25,0.13889801990845263,0.13889801990845263,ground,1
-6.625,-2.125,0.25,0.03904914924235299,0.03904914924235299,ground,1
-6.625,-1.375,0.25,0.1123902849406818,0.1123902849406818,ground,1
-6.625,-0.625,0.25,0.07058908962285285,0.07058908962285285,ground,1
-6.625,-0.125,0.25,0.1368727925962552,0.1368727925962552,ground,1
-6.375,-2.625,0.25,0.08564316286667835,0.08564316286667835,ground,1
-6.375,0.625,0.25,0.056619393323874306,0.056619393323874306,ground,1
-6.375,3.875,0.25,0.14953015454952112,0.14953015454952112,ground,1
-5.875,-3.875,0.25,0.06826679381817287,0.06826679381817287,ground,1
-5.875,2.625,0.25,0.10178336446941792,0.10178336446941792,ground,1
-5.875,4.375,0.25,0.12444625268229313,0.12444625268229313,ground,1
-5.625,7.875,0.25,0.10488441541201385,0.10488441541201385,ground,1
-5.375,-4.375,0.25,0.07297502132770575,0.07297502132770575,ground,1
-5.375,-2.125,0.25,0.0913509667324118,0.0913509667324118,ground,1
-5.125,-4.375,0.25,0.037105504653418234,0.037105504653418234,ground,1
-5.125,-2.875,0.25,0.05551100907150665,0.05551100907150665,ground,1
-5.125,-1.625,0.25,0.07625763685052402,0.07625763685052402,ground,1
-4.875,-4.875,0.25,0.06622680641629711,0.06622680641629711,ground,1
-4.875,0.125,0.25,0.07443244401144238,0.07443244401144238,ground,1
-4.625,-6.125,0.25,0.05258082406156861,0.05258082406156861,ground,1
-4.375,3.875,0.25,0.07530118819225506,0.07530118819225506,ground,1
-4.375,4.125,0.25,0.1044611597782606,0.1044611597782606,ground,1
-4.375,5.625,0.25,0.10353937688759703,0.10353937688759703,ground,1
-4.125,-2.625,0.25,0.02585268438042267,0.02585268438042267,ground,1
-4.125,-0.875,0.25,0.01480780251469048,0.01480780251469048,ground,1
-4.125,5.125,0.25,0.05973345572108709,0.05973345572108709,ground,1
-3.875,-6.875,0.25,0.04921589571094734,0.04921589571094734,ground,1
-3.875,-2.625,0.25,0.03027885028959435,0.03027885028959435,ground,1
-3.875,-1.875,0.25,0.01155231133860199,0.01155231133860199,ground,1
-3.875,3.375,0.25,0.07497806610204652,0.07497806610204652,ground,1
-3.625,8.625,0.25,0.0585644439213463,0.0585644439213463,ground,1
-3.375,-1.375,0.25,0.016286088327136728,0.016286088327136728,ground,1
-3.375,5.125,0.25,0.06326412844247756,0.06326412844247756,ground,1
-3.375,6.625,0.25,0.017556803837423522,0.017556803837423522,ground,1
-3.375,8.375,0.25,0.0715051299777939,0.0715051299777939,ground,1
-3.125,-9.375,0.25,0.04963432637056901,0.04963432637056901,ground,1
-2.625,-9.625,0.25,-0.02562691649936754,-0.02562691649936754,ground,1
-2.625,0.125,0.25,0.06058259670334133,0.06058259670334133,ground,1
-2.375,-2.125,0.25,-0.0007323432312193907,-0.0007323432312193907,ground,1
-2.125,-8.625,0.25,0.0017205555173356452,0.0017205555173356452,ground,1
-2.125,-6.125,0.25,-0.01888352724835254,-0.01888352724835254,ground,1
-2.125,-4.625,0.25,0.0545522390056467,0.0545522390056467,ground,1
-2.125,4.625,0.25,0.05143557094011053,0.05143557094011053,ground,1
-2.125,5.875,0.25,0.05860114033377699,0.05860114033377699,ground,1
-1.875,-8.125,0.25,0.0018440987483863214,0.0018440987483863214,ground,1
-1.875,-7.625,0.25,-0.02617648666239356,-0.02617648666239356,ground,1
-1.875,-2.625,0.25,0.03985794309853333,0.03985794309853333,ground,1
-1.875,-1.125,0.25,0.0010170014565556197,0.0010170014565556197,ground,1
-1.875,3.125,0.25,0.037662384806892865,0.037662384806892865,ground,1
-1.875,7.625,0.25,0.05163697465557121,0.05163697465557121,ground,1
-1.625,-0.375,0.25,0.006657335769877332,0.006657335769877332,ground,1
-1.625,5.125,0.25,0.03074154804662558,0.03074154804662558,ground,1
-1.375,-6.375,0.25,-0.01657117801464715,-0.01657117801464715,ground,1
-1.375,-4.375,0.25,-0.016424986354399814,-0.016424986354399814,ground,1
-1.375,2.875,0.25,0.06793408718005009,0.06793408718005009,ground,1
-1.375,3.125,0.25,0.012731884410021925,0.012731884410021925,ground,1
-1.375,3.625,0.25,0.07031831436953027,0.07031831436953027,ground,1
-1.125,-4.125,0.25,-0.032780546714984295,-0.032780546714984295,ground,1
-1.125,-0.875,0.25,0.04237351585213873,0.03646768600442178,ground,2
-1.125,0.625,0.25,0.025900987867935862,0.025900987867935862,ground,1
-1.125,8.375,0.25,0.034379181832054434,0.034379181832054434,ground,1
-0.875,-7.125,0.25,0.010419843537948998,0.010419843537948998,ground,1
-0.875,-4.625,0.25,-0.015516449808358437,-0.015516449808358437,ground,1
-0.875,0.875,0.25,0.022253335283651112,0.022253335283651112,ground,1
-0.875,7.875,0.25,0.06324236442312645,0.06324236442312645,ground,1
-0.625,-9.125,0.25,-0.01369457343377278,-0.01369457343377278,ground,1
-0.375,-8.375,0.25,-0.05859474900238138,-0.05859474900238138,ground,1
-0.375,-2.125,0.25,0.020903180161110528,0.020903180161110528,ground,1
-0.375,2.375,0.25,0.02081962001338738,0.02081962001338738,ground,1
-0.125,-5.625,0.25,-0.022464161269386138,-0.022464161269386138,ground,1
-0.125,-2.875,0.25,-0.019687142495546376,-0.019687142495546376,ground,1
-0.125,0.125,0.25,0.025653929663544635,0.006515750310213306,ground,2
-0.125,6.125,0.25,0.050637062537388464,0.050637062537388464,ground,1
0.125,-0.875,0.25,-0.0054822075378447525,-0.0054822075378447525,ground,1
0.125,1.875,0.25,-0.007623282845921021,-0.007623282845921021,ground,1
0.125,4.625,0.25,0.007320618449218955,0.007320618449218955,ground,1
0.375,-8.875,0.25,-0.07416237504135562,-0.07416237504135562,ground,1
0.625,-4.625,0.25,-0.05576828790723683,-0.05576828790723683,ground,1
0.625,-1.625,0.25,-0.01283208844902967,-0.01283208844902967,ground,1
0.625,-0.125,0.25,-8.77748926842066e-06,-8.77748926842066e-06,ground,1
0.625,1.375,0.25,-0.05079110230182122,-0.05079110230182122,ground,1
0.875,-3.875,0.25,-0.00814502056981728,-0.00814502056981728,ground,1
0.875,-3.625,0.25,-0.02799393763345926,-0.02799393763345926,ground,1
1.125,-5.125,0.25,-0.03487097479481531,-0.045381105241105446,ground,2
1.375,-5.125,0.25,-0.019667131785064594,-0.019667131785064594,ground,1
1.375,0.375,0.25,-0.03015312310265956,-0.03015312310265956,ground,1
1.625,1.875,0.25,-0.03332261558672503,-0.03332261558672503,ground,1
1.625,4.375,0.25,0.018909704372215588,0.018909704372215588,ground,1
1.625,7.375,0.25,0.0059627814951980175,0.0059627814951980175,ground,1
1.875,-5.375,0.25,-0.07938185865287506,-0.07938185865287506,ground,1
1.875,0.875,0.25,-0.04070392969428557,-0.04070392969428557,ground,1
1.875,1.125,0.25,-0.06271672069758874,-0.06271672069758874,ground,1
1.875,6.375,0.25,0.008355825014661228,0.008355825014661228,ground,1
2.125,-1.375,0.25,-0.03879183054638595,-0.03879183054638595,ground,1
2.125,5.875,0.25,-0.03769268823741198,-0.03769268823741198,ground,1
2.375,-6.375,0.25,-0.031619499656422245,-0.031619499656422245,ground,1
2.375,-1.125,0.25,-0.04861669312750394,-0.04861669312750394,ground,1
2.375,0.375,0.25,0.003121667338523905,0.003121667338523905,ground,1
2.375,7.125,0.25,0.009998594074046761,0.009998594074046761,ground,1
2.625,-5.625,0.25,-0.0851691722715747,-0.0851691722715747,ground,1
2.625,-4.375,0.25,-0.05022258175930912,-0.05022258175930912,ground,1
2.875,-6.125,0.25,-0.07219688548402939,-0.07219688548402939,ground,1
2.875,3.375,0.25,-0.035411255805978294,-0.035411255805978294,ground,1
2.875,7.125,0.25,-0.013613388544203723,-0.013613388544203723,ground,1
3.125,-8.375,0.25,-0.11353453954329756,-0.11353453954329756,ground,1
3.125,-1.125,0.25,-0.04191167419334432,-0.04191167419334432,ground,1
3.125,-0.625,0.25,-0.03620857728910244,-0.059022464202491194,ground,2
3.125,2.125,0.25,-0.052572496062067896,-0.052572496062067896,ground,1
3.375,-2.125,0.25,-0.04819031622985988,-0.04819031622985988,ground,1
3.625,-1.875,0.25,-0.10144910079125877,-0.10144910079125877,ground,1
3.625,0.875,0.25,-0.10169479772739518,-0.10169479772739518,ground,1
3.875,7.875,0.25,-0.01784644189528686,-0.01784644189528686,ground,1
4.125,-3.125,0.25,-0.10943821165609491,-0.10943821165609491,ground,1
4.125,6.625,0.25,-0.030102400443084026,-0.030102400443084026,ground,1
4.125,8.375,0.25,0.007182282873802029,0.007182282873802029,ground,1
4.375,-8.875,0.25,-0.08622103138158686,-0.08622103138158686,ground,1
4.375,-7.625,0.25,-0.15109611326478642,-0.15109611326478642,ground,1
4.375,-7.125,0.25,-0.11634203743560867,-0.11634203743560867,ground,1
4.375,4.375,0.25,-0.05445072038960545,-0.05445072038960545,ground,1
4.375,5.625,0.25,-0.07322690787166714,-0.07322690787166714,ground,1
4.375,8.875,0.25,-0.06863018062531445,-0.06863018062531445,ground,1
4.625,-2.125,0.25,-0.06815771010356136,-0.06815771010356136,ground,1
4.625,0.875,0.25,-0.029605856474429204,-0.029605856474429204,ground,1
4.625,6.375,0.25,-0.04222034224717366,-0.04222034224717366,ground,1
4.875,3.625,0.25,-0.09120290921898397,-0.09120290921898397,ground,1
5.125,-7.625,0.25,-0.0717243508908726,-0.0717243508908726,ground,1
5.125,-1.875,0.25,-0.08296355319510249,-0.08296355319510249,ground,1
5.375,2.875,0.25,-0.0579586207538587,-0.0579586207538587,ground,1
5.375,3.875,0.25,-0.04576417284742107,-0.04576417284742107,ground,1
5.625,3.375,0.25,-0.1352482010780737,-0.1352482010780737,ground,1
5.625,4.125,0.25,-0.11262478859784378,-0.11262478859784378,ground,1
5.625,7.875,0.25,-0.06405339334941293,-0.06405339334941293,ground,1
5.875,-4.875,0.25,-0.10266969861484664,-0.10266969861484664,ground,1
5.875,3.875,0.25,-0.06710629709572546,-0.06710629709572546,ground,1
5.875,5.125,0.25,-0.06284420305748058,-0.06284420305748058,ground,1
6.125,-2.125,0.25,-0.0869888210936668,-0.10242384312828089,ground,2
6.125,0.625,0.25,-0.08521978776156455,-0.08521978776156455,ground,1
6.375,-5.875,0.25,-0.10485595752522948,-0.10485595752522948,ground,1
6.375,-3.875,0.25,-0.12754921309893918,-0.12754921309893918,ground,1
6.375,-3.375,0.25,-0.10073016976690044,-0.10073016976690044,ground,1
6.375,-2.375,0.25,-0.08479204084563868,-0.08479204084563868,ground,1
6.375,2.875,0.25,-0.11578031366106177,-0.11578031366106177,ground,1
6.375,3.375,0.25,-0.05524078272472967,-0.05524078272472967,ground,1
6.375,6.875,0.25,-0.044927314635290094,-0.044927314635290094,ground,1
6.625,-7.375,0.25,-0.12568812558849507,-0.12568812558849507,ground,1
6.625,0.125,0.25,-0.08713197330181396,-0.08713197330181396,ground,1
6.875,-3.625,0.25,-0.10525649257320632,-0.10525649257320632,ground,1
6.875,2.125,0.25,-0.08679972750699635,-0.08679972750699635,ground,1
6.875,7.125,0.25,-0.0857372866154521,-0.0857372866154521,ground,1
7.125,-4.625,0.25,-0.14093955073041306,-0.14093955073041306,ground,1
7.125,-2.625,0.25,-0.14103998271046103,-0.14103998271046103,ground,1
7.125,-2.375,0.25,-0.14304531301843076,-0.14304531301843076,ground,1
7.375,2.625,0.25,-0.11147103002512798,-0.11147103002512798,ground,1
7.625,-0.875,0.25,-0.14029200872314712,-0.14029200872314712,ground,1
7.875,6.125,0.25,-0.060930121172778476,-0.060930121172778476,ground,1
8.625,4.625,0.25,-0.13144645292203075,-0.13144645292203075,ground,1
8.875,-3.625,0.25,-0.15431085002307715,-0.15431085002307715,ground,1
8.875,-2.625,0.25,-0.1206927642849478,-0.1206927642849478,ground,1
9.125,0.125,0.25,-0.1623209881688839,-0.1623209881688839,ground,1
9.625,-1.625,0.25,-0.16051178130851101,-0.16051178130851101,ground,1
9.625,-0.125,0.25,-0.13438429633671822,-0.13438429633671822,ground,1
-29.625,-5.625,0.75,0.4457989735024611,0.4457989735024611,ground,1
-29.625,5.625,0.75,0.4763407152349385,0.4763407152349385,ground,1
-28.875,-7.875,0.75,0.3754599991366186,0.3754599991366186,ground,1
-28.875,-5.625,0.75,0.39238932059056375,0.39238932059056375,ground,1
-28.875,-4.125,0.75,0.38880325453533376,0.38880325453533376,ground,1
-28.875,-2.625,0.75,0.44229217492227335,0.44229217492227335,ground,1
-28.875,1.125,0.75,0.467526678101552,0.467526678101552,ground,1
-28.875,4.125,0.75,0.46935447838430433,0.45063845367298444,ground,3
-28.875,5.625,0.75,0.4629440556672854,0.4629440556672854,ground,1
-28.875,6.375,0.75,0.47270423528954136,0.47270423528954136,ground,1
-28.125,-9.375,0.75,0.3943656978800077,0.3805983023491166,ground,2
-28.125,-8.625,0.75,0.4157559117139629,0.4157559117139629,ground,1
-28.125,-7.875,0.75,0.3889311203642207,0.3889311203642207,ground,1
-28.125,0.375,0.75,0.42597070963329653,0.42597070963329653,ground,1
-28.125,3.375,0.75,0.4578122386637664,0.4302219376934745,ground,2
-28.125,8.625,0.75,0.5034129315431858,0.493252477735681,ground,2
-28.125,10.875,0.75,0.4892708945228395,0.4892708945228395,ground,1
-27.375,-9.375,0.75,0.342696060362593,0.342696060362593,ground,1
-27.375,-7.875,0.75,0.3676462793545427,0.3676462793545427,ground,1
-27.375,-3.375,0.75,0.41858255639588293,0.41858255639588293,ground,1
-27.375,-0.375,0.75,0.4599367591065837,0.4599367591065837,ground,1
-27.375,0.375,0.75,0.430309433814489,0.4237948289731984,ground,2
-27.375,4.875,0.75,0.4024765077615105,0.4024765077615105,ground,1
-26.625,-10.125,0.75,0.3630276061941083,0.3630276061941083,ground,1
-26.625,2.625,0.75,0.40574192305494233,0.40574192305494233,ground,1
-26.625,7.125,0.75,0.4453387086697254,0.4453387086697254,ground,1
-26.625,7.875,0.75,0.42942866546427183,0.42942866546427183,ground,1
-26.625,10.875,0.75,0.4781718509286566,0.4781718509286566,ground,1
-25.875,-13.125,0.75,0.2844323790385782,0.2844323790385782,ground,1
-25.875,-8.625,0.75,0.34525477979480423,0.3362547454410848,ground,2
-25.875,-6.375,0.75,0.35300645823491633,0.35300645823491633,ground,1
-25.875,-4.875,0.75,0.3753959774694875,0.3697273349990424,ground,2
-25.875,-4.125,0.75,0.3573262985512163,0.3573262985512163,ground,1
-25.875,-0.375,0.75,0.4112803753884707,0.4112803753884707,ground,1
-25.875,4.875,0.75,0.4118548391931155,0.4118548391931155,ground,1
-25.875,9.375,0.75,0.39020313526670836,0.39020313526670836,ground,1
-25.875,10.875,0.75,0.45555095501513665,0.45555095501513665,ground,1
-25.125,-14.625,0.75,0.2829776585587225,0.2829776585587225,ground,1
-25.125,-10.875,0.75,0.29888779390625925,0.29888779390625925,ground,1
-25.125,-8.625,0.75,0.37598096050489277,0.37598096050489277,ground,1
-25.125,-6.375,0.75,0.3510874604135983,0.3510874604135983,ground,1
-25.125,-5.625,0.75,0.3544554215855646,0.3544554215855646,ground,1
-25.125,-0.375,0.75,0.3718255009580634,0.3718255009580634,ground,1
-25.125,1.875,0.75,0.39221731161856155,0.37618453478062563,ground,2
-25.125,3.375,0.75,0.3545529506279434,0.3545529506279434,ground,1
-25.125,4.875,0.75,0.3957963635829968,0.3957963635829968,ground,1
-25.125,9.375,0.75,0.4012913969066826,0.3959726082248978,ground,2
-25.125,10.875,0.75,0.4395408301354028,0.4310130948917656,ground,2
-25.125,13.125,0.75,0.4247185854991062,0.4064297424589089,ground,3
-24.375,-16.875,0.75,0.2628933510818301,0.2628933510818301,ground,1
-24.375,-16.125,0.75,0.3073292422612188,0.3073292422612188,ground,1
-24.375,-15.375,0.75,0.28837814938879,0.28837814938879,ground,1
-24.375,-13.125,0.75,0.3335933968837784,0.3335933968837784,ground,1
-24.375,-11.625,0.75,0.3093692747215255,0.3093692747215255,ground,1
-24.375,-10.125,0.75,0.30992372314389455,0.30992372314389455,ground,1
-24.375,-5.625,0.75,0.29342933838101304,0.29342933838101304,ground,1
-24.375,1.125,0.75,0.3729062409079,0.3729062409079,ground,1
-24.375,1.875,0.75,0.34739954542942336,0.3438954500376087,ground,2
-24.375,2.625,0.75,0.3800893551946468,0.3800893551946468,ground,1
-24.375,7.875,0.75,0.368743843851418,0.368743843851418,ground,1
-24.375,9.375,0.75,0.38429839583959047,0.38429839583959047,ground,1
-24.375,13.875,0.75,0.3982716036803335,0.3982716036803335,ground,1
-24.375,15.375,0.75,0.4356549757969074,0.4171234533163259,ground,2
-24.375,16.875,0.75,0.4094150763428387,0.4094150763428387,ground,1
-23.625,-15.375,0.75,0.30373110482648896,0.30373110482648896,ground,1
-23.625,-13.125,0.75,0.3486079743123945,0.3486079743123945,ground,1
-23.625,-10.875,0.75,0.30601313728446583,0.30601313728446583,ground,1
-23.625,-8.625,0.75,0.354196058458912,0.354196058458912,ground,1
-23.625,-5.625,0.75,0.3200807167051757,0.3200807167051757,ground,1
-23.625,-4.875,0.75,0.3868375494090996,0.3868375494090996,ground,1
-23.625,-1.875,0.75,0.3678646195493395,0.3678646195493395,ground,1
-23.625,0.375,0.75,0.38911228594872493,0.36274462115314915,ground,2
-23.625,4.125,0.75,0.36015398282579064,0.3597351220151591,ground,2
-23.625,7.875,0.75,0.39039308899342945,0.39039308899342945,ground,1
-22.875,-10.125,0.75,0.2952832602465078,0.2952832602465078,ground,1
-22.875,-7.125,0.75,0.3195337509605519,0.3195337509605519,ground,1
-22.875,-4.875,0.75,0.32238406207895176,0.32238406207895176,ground,1
-22.875,-4.125,0.75,0.3059263502170927,0.3059263502170927,ground,1
-22.875,1.875,0.75,0.3826750398009023,0.3826750398009023,ground,1
-22.875,10.125,0.75,0.35475578905936456,0.35475578905936456,ground,1
-22.875,14.625,0.75,0.41788109522321504,0.41788109522321504,ground,1
-22.875,18.375,0.75,0.43818289343183947,0.43818289343183947,ground,1
-22.125,-17.625,0.75,0.2460830536617707,0.2460830536617707,ground,1
-22.125,-16.875,0.75,0.3036948963545981,0.2749131876177832,ground,2
-22.125,-13.125,0.75,0.2769333204011032,0.2769333204011032,ground,1
-22.125,-11.625,0.75,0.25668702874494165,0.25668702874494165,ground,1
-22.125,-10.125,0.75,0.25462951205916723,0.25462951205916723,ground,1
-22.125,-4.875,0.75,0.2990861914432182,0.2990861914432182,ground,1
-22.125,-3.375,0.75,0.32467238079156996,0.32467238079156996,ground,1
-22.125,-1.875,0.75,0.3073859402436692,0.3073859402436692,ground,1
-22.125,1.875,0.75,0.2889239893648554,0.2889239893648554,ground,1
-22.125,4.125,0.75,0.30913626100881914,0.30913626100881914,ground,1
-22.125,4.875,0.75,0.3837080646820878,0.3837080646820878,ground,1
-22.125,7.125,0.75,0.327392601383936,0.327392601383936,ground,1
-22.125,10.875,0.75,0.36337120652675303,0.36337120652675303,ground,1
-22.125,11.625,0.75,0.4247531595056857,0.4247531595056857,ground,1
-22.125,19.875,0.75,0.38810051530652634,0.38810051530652634,ground,1
-21.375,-13.875,0.75,0.2927217458958242,0.2927217458958242,ground,1
-21.375,-11.625,0.75,0.22708629518328988,0.22708629518328988,ground,1
-21.375,-10.125,0.75,0.25654221100830643,0.25654221100830643,ground,1
-21.375,-9.375,0.75,0.2972015880767662,0.2972015880767662,ground,1
-21.375,-7.875,0.75,0.3073874388100616,0.3073874388100616,ground,1
-21.375,-2.625,0.75,0.3061705377121431,0.3061705377121431,ground,1
-21.375,4.875,0.75,0.3922136701010681,0.3922136701010681,ground,1
-21.375,10.875,0.75,0.3245757918735971,0.3245757918735971,ground,1
-21.375,13.125,0.75,0.3920876906670773,0.3831186114352344,ground,2
-21.375,14.625,0.75,0.37230749960296156,0.37230749960296156,ground,1
-21.375,19.875,0.75,0.39230652974203944,0.39230652974203944,ground,1
-21.375,20.625,0.75,0.4138111005171001,0.4138111005171001,ground,1
-20.625,-20.625,0.75,0.2094854232546264,0.2094854232546264,ground,1
-20.625,-17.625,0.75,0.26477787378699935,0.26477787378699935,ground,1
-20.625,-16.125,0.75,0.2522244028213524,0.2522244028213524,ground,1
-20.625,-13.125,0.75,0.2790997738276846,0.2790997738276846,ground,1
-20.625,-11.625,0.75,0.2684542694891789,0.2684542694891789,ground,1
-20.625,-9.375,0.75,0.240845079456055,0.240845079456055,ground,1
-20.625,-8.625,0.75,0.23752904129631958,0.23752904129631958,ground,1
-20.625,-4.125,0.75,0.2978393467998172,0.2978393467998172,ground,1
-20.625,-1.875,0.75,0.30075652097660704,0.30075652097660704,ground,1
-20.625,-0.375,0.75,0.34390306282414185,0.34167910474019714,ground,2
-20.625,4.125,0.75,0.32601665208477165,0.32601665208477165,ground,1
-20.625,7.125,0.75,0.33335466332857094,0.33335466332857094,ground,1
-20.625,10.125,0.75,0.3233743268392248,0.3233743268392248,ground,1
-20.625,15.375,0.75,0.3731111135031573,0.3731111135031573,ground,1
-20.625,18.375,0.75,0.36422113577693477,0.36422113577693477,ground,1
-20.625,19.875,0.75,0.3575140484605234,0.3575140484605234,ground,1
-20.625,21.375,0.75,0.42017149157020345,0.42017149157020345,ground,1
-19.875,-19.125,0.75,0.22557510722763008,0.22557510722763008,ground,1
-19.875,-17.625,0.75,0.20783392800535877,0.20783392800535877,ground,1
-19.875,-2.625,0.75,0.2284805795673757,0.2284805795673757,ground,1
-19.875,-0.375,0.75,0.275078676586562,0.275078676586562,ground,1
-19.875,2.625,0.75,0.33585189728550546,0.33585189728550546,ground,1
-19.875,4.875,0.75,0.35824786412074033,0.35824786412074033,ground,1
-19.875,9.375,0.75,0.3604223377091601,0.3604223377091601,ground,1
-19.875,11.625,0.75,0.3333891756687904,0.3333891756687904,ground,1
-19.875,13.125,0.75,0.3581712117730253,0.3581712117730253,ground,1
-19.125,-22.125,0.75,0.17227957966060137,0.17227957966060137,ground,1
-19.125,-20.625,0.75,0.17105663500418328,0.17105663500418328,ground,1
-19.125,-19.875,0.75,0.2287904465959203,0.2287904465959203,ground,1
-19.125,-16.875,0.75,0.2346207019890181,0.2346207019890181,ground,1
-19.125,-13.125,0.75,0.2382990598697404,0.2382990598697404,ground,1
-19.125,-2.625,0.75,0.30089038930543505,0.30089038930543505,ground,1
-19.125,-1.875,0.75,0.24552042166350707,0.24552042166350707,ground,1
-19.125,-0.375,0.75,0.2813749027834828,0.2813749027834828,ground,1
-19.125,4.875,0.75,0.3138119868338544,0.3138119868338544,ground,1
-19.125,8.625,0.75,0.33754303018727694,0.33754303018727694,ground,1
-19.125,9.375,0.75,0.2894072154353577,0.2894072154353577,ground,1
-19.125,10.125,0.75,0.3274694147243953,0.3274694147243953,ground,1
-19.125,11.625,0.75,0.34995132615986446,0.34995132615986446,ground,1
-19.125,13.875,0.75,0.3688670410268615,0.3688670410268615,ground,1
-18.375,-22.125,0.75,0.17268140045520694,0.17268140045520694,ground,1
-18.375,-16.875,0.75,0.13639867992017543,0.13639867992017543,ground,1
-18.375,-13.125,0.75,0.21545088111522875,0.21545088111522875,ground,1
-18.375,-11.625,0.75,0.23575451150236268,0.23575451150236268,ground,1
-18.375,-9.375,0.75,0.21817368374263948,0.21817368374263948,ground,1
-18.375,-6.375,0.75,0.19999697292977028,0.19999697292977028,ground,1
-18.375,-4.125,0.75,0.28325732511726814,0.2778510748851605,ground,2
-18.375,-1.875,0.75,0.28025726454219674,0.28025726454219674,ground,1
-18.375,-1.125,0.75,0.26806676556546033,0.26806676556546033,ground,1
-18.375,1.875,0.75,0.27891049082734287,0.27891049082734287,ground,1
-18.375,2.625,0.75,0.331844309273896,0.331844309273896,ground,1
-18.375,7.125,0.75,0.2910656463551662,0.2910656463551662,ground,1
-18.375,8.625,0.75,0.32574454122463337,0.2981284228110658,ground,2
-18.375,12.375,0.75,0.3515867842937395,0.3294252333983826,ground,2
-18.375,13.875,0.75,0.31803377009415507,0.31803377009415507,ground,1
-18.375,14.625,0.75,0.36596417568040535,0.36596417568040535,ground,1
-18.375,16.875,0.75,0.3333350419386655,0.3333350419386655,ground,1
-17.625,-22.875,0.75,0.17851128472170258,0.17851128472170258,ground,1
-17.625,-20.625,0.75,0.18844069162077215,0.185791650006012,ground,2
-17.625,-16.875,0.75,0.22530491701043925,0.22530491701043925,ground,1
-17.625,-16.125,0.75,0.18545894713842725,0.18545894713842725,ground,1
-17.625,-15.375,0.75,0.2097656192777971,0.2097656192777971,ground,1
-17.625,-10.125,0.75,0.25640213060251565,0.25640213060251565,ground,1
-17.625,-4.125,0.75,0.21852209562758018,0.21852209562758018,ground,1
-17.625,-3.375,0.75,0.25322971885630924,0.25322971885630924,ground,1
-17.625,-1.125,0.75,0.25660645996587306,0.25660645996587306,ground,1
-17.625,-0.375,0.75,0.30475324673046644,0.30475324673046644,ground,1
-17.625,1.875,0.75,0.26411532510262775,0.26411532510262775,ground,1
-17.625,3.375,0.75,0.24546026439284657,0.24546026439284657,ground,1
-17.625,4.125,0.75,0.2728811958087043,0.2728811958087043,ground,1
-17.625,13.875,0.75,0.3319234390917856,0.3319234390917856,ground,1
-17.625,20.625,0.75,0.34520685264179907,0.34520685264179907,ground,1
-17.625,21.375,0.75,0.3693993172234731,0.3693993172234731,ground,1
-17.625,22.875,0.75,0.3327852225553809,0.3327852225553809,ground,1
-16.875,-23.625,0.75,0.20485527594007472,0.20485527594007472,ground,1
-16.875,-22.875,0.75,0.2242277907755036,0.2242277907755036,ground,1
-16.875,-22.125,0.75,0.18542579830431719,0.18542579830431719,ground,1
-16.875,-17.625,0.75,0.21383051943957787,0.19121036207593722,ground,3
-16.875,-13.125,0.75,0.17698879462068345,0.17698879462068345,ground,1
-16.875,-12.375,0.75,0.19161801290263886,0.19161801290263886,ground,1
-16.875,-10.875,0.75,0.17423009664152256,0.17423009664152256,ground,1
-16.875,-9.375,0.75,0.22033661615320482,0.22033661615320482,ground,1
-16.875,-7.875,0.75,0.24670141314374974,0.24670141314374974,ground,1
-16.875,-6.375,0.75,0.23556059257626547,0.23556059257626547,ground,1
-16.875,-5.625,0.75,0.248419413367322,0.24217609163133452,ground,2
-16.875,-3.375,0.75,0.2713230430786983,0.2452326118025716,ground,2
-16.875,-1.125,0.75,0.16845364894888126,0.16845364894888126,ground,1
-16.875,0.375,0.75,0.2818290062428881,0.2818290062428881,ground,1
-16.875,1.125,0.75,0.24507796843646118,0.24507796843646118,ground,1
-16.875,7.125,0.75,0.31050140375468244,0.287372135297733,ground,2
-16.875,7.875,0.75,0.2847746567375602,0.28262914539281214,ground,2
-16.875,8.625,0.75,0.32533534838834394,0.3129652616090314,ground,2
-16.875,10.125,0.75,0.30058060781429274,0.30058060781429274,ground,1
-16.875,22.875,0.75,0.3690956176831361,0.3690956176831361,ground,1
-16.875,24.375,0.75,0.36167955223026915,0.36167955223026915,ground,1
-16.125,-23.625,0.75,0.15055340462809289,0.15055340462809289,ground,1
-16.125,-22.125,0.75,0.15268016835339043,0.15268016835339043,ground,1
-16.125,-21.375,0.75,0.1612472176582068,0.1612472176582068,ground,1
-16.125,-19.875,0.75,0.16717788670596573,0.16717788670596573,ground,1
-16.125,-19.125,0.75,0.17576833112709492,0.17576833112709492,ground,1
-16.125,-14.625,0.75,0.21863564023556348,0.21863564023556348,ground,1
-16.125,-12.375,0.75,0.2329970505632196,0.2136649279068532,ground,3
-16.125,-11.625,0.75,0.22702567883562905,0.22702567883562905,ground,1
-16.125,-10.875,0.75,0.21286227429067206,0.20461818312875268,ground,2
-16.125,-7.875,0.75,0.2455488341598608,0.22000413415690173,ground,2
-16.125,1.125,0.75,0.24598245814612907,0.24598245814612907,ground,1
-16.125,1.875,0.75,0.23034754895245185,0.2263995600631557,ground,2
-16.125,2.625,0.75,0.2648885424542111,0.2648885424542111,ground,1
-16.125,3.375,0.75,0.2540773416520797,0.2540773416520797,ground,1
-16.125,4.125,0.75,0.2800211691293005,0.2684937565057421,ground,2
-16.125,7.125,0.75,0.2943071376220923,0.2876158996960678,ground,2
-16.125,10.125,0.75,0.305394244868013,0.305394244868013,ground,1
-16.125,11.625,0.75,0.3022233265348651,0.3022233265348651,ground,1
-16.125,12.375,0.75,0.2844509589248975,0.2844509589248975,ground,1
-16.125,24.375,0.75,0.32368048966513685,0.32368048966513685,ground,1
-16.125,25.125,0.75,0.3559593124802289,0.34385439436617593,ground,2
-15.375,-25.125,0.75,0.16880866584632248,0.16880866584632248,ground,1
-15.375,-22.125,0.75,0.13059001941805207,0.13059001941805207,ground,1
-15.375,-19.125,0.75,0.13919527894965616,0.13919527894965616,ground,1
-15.375,-11.625,0.75,0.19981239879597504,0.18650035797466155,ground,2
-15.375,-10.875,0.75,0.17548208735178428,0.17548208735178428,ground,1
-15.375,-10.125,0.75,0.14578683524040587,0.14578683524040587,ground,1
-15.375,-8.625,0.75,0.1790293861335611,0.1790293861335611,ground,1
-15.375,-6.375,0.75,0.17656676883060116,0.17656676883060116,ground,1
-15.375,-4.875,0.75,0.22625022800699252,0.1944791531607074,ground,2
-15.375,-0.375,0.75,0.26730575868120965,0.26730575868120965,ground,1
-15.375,1.125,0.75,0.1766027077866607,0.1766027077866607,ground,1
-15.375,2.625,0.75,0.29638983748217523,0.29638983748217523,ground,1
-15.375,12.375,0.75,0.28578801835602663,0.28578801835602663,ground,1
-15.375,13.125,0.75,0.26534077377877935,0.26534077377877935,ground,1
-15.375,14.625,0.75,0.2712779576457193,0.2712779576457193,ground,1
-15.375,21.375,0.75,0.3575749113731673,0.34529990515876896,ground,2
-14.625,-24.375,0.75,0.0603998159409278,0.0603998159409278,ground,1
-14.625,-23.625,0.75,0.08770844916809575,0.08770844916809575,ground,1
-14.625,-19.125,0.75,0.17531135884091714,0.17531135884091714,ground,1
-14.625,-13.875,0.75,0.18831836001390267,0.18831836001390267,ground,1
-14.625,-13.125,0.75,0.16797591717470692,0.15780552622976096,ground,2
-14.625,-12.375,0.75,0.14162404180667304,0.14162404180667304,ground,1
-14.625,-6.375,0.75,0.22686753056302564,0.22686753056302564,ground,1
-14.625,-5.625,0.75,0.17306563600490235,0.17306563600490235,ground,1
-14.625,-3.375,0.75,0.2009557828189844,0.2009557828189844,ground,1
-14.625,-2.625,0.75,0.17827067778981068,0.17827067778981068,ground,1
-14.625,1.125,0.75,0.2324072711304994,0.2324072711304994,ground,1
-14.625,2.625,0.75,0.2157173250339391,0.2157173250339391,ground,1
-14.625,7.125,0.75,0.2424812450948391,0.2424812450948391,ground,1
-14.625,7.875,0.75,0.24975502930800444,0.226369181631276,ground,2
-14.625,14.625,0.75,0.2827347880125578,0.2827347880125578,ground,1
-13.875,-21.375,0.75,0.12976842936618488,0.12518782399805647,ground,2
-13.875,-16.125,0.75,0.1460275695794667,0.1460275695794667,ground,1
-13.875,-15.375,0.75,0.1561500017899914,0.1561500017899914,ground,1
-13.875,-8.625,0.75,0.1608948828922783,0.1608948828922783,ground,1
-13.875,-5.625,0.75,0.20162852006730092,0.20162852006730092,ground,1
-13.875,-4.125,0.75,0.20304321182121685,0.20304321182121685,ground,1
-13.875,-1.125,0.75,0.23671154913481765,0.23671154913481765,ground,1
-13.875,-0.375,0.75,0.2082793517791151,0.2082793517791151,ground,1
-13.875,5.625,0.75,0.22288320867521802,0.22288320867521802,ground,1
-13.875,7.125,0.75,0.19566481398226382,0.19566481398226382,ground,1
-13.875,10.875,0.75,0.22453281009275997,0.22453281009275997,ground,1
-13.875,11.625,0.75,0.2783031824180189,0.2783031824180189,ground,1
-13.875,17.625,0.75,0.26367148161666715,0.26367148161666715,ground,1
-13.875,18.375,0.75,0.3405848088302733,0.3405848088302733,ground,1
-13.125,-26.625,0.75,0.09706696450169801,0.09706696450169801,ground,1
-13.125,-25.125,0.75,0.1283390555526326,0.1283390555526326,ground,1
-13.125,-18.375,0.75,0.16544862659501552,0.16544862659501552,ground,1
-13.125,-16.875,0.75,0.137747374384651,0.137747374384651,ground,1
-13.125,-14.625,0.75,0.15071263343216823,0.15071263343216823,ground,1
-13.125,-12.375,0.75,0.15859204665962648,0.15392296219816703,ground,3
-13.125,-11.625,0.75,0.15527389861778623,0.15527389861778623,ground,1
-13.125,-10.875,0.75,0.14816176773383738,0.14816176773383738,ground,1
-13.125,-7.125,0.75,0.17436049880773002,0.17436049880773002,ground,1
-13.125,-6.375,0.75,0.16148440962329813,0.16148440962329813,ground,1
-13.125,-4.875,0.75,0.19465062794051713,0.19465062794051713,ground,1
-13.125,-1.125,0.75,0.19266969521772917,0.19266969521772917,ground,1
-13.125,2.625,0.75,0.2256271365595639,0.2256271365595639,ground,1
-13.125,4.125,0.75,0.20679659675912362,0.20679659675912362,ground,1
-13.125,7.875,0.75,0.2077335760919952,0.2077335760919952,ground,1
-13.125,10.125,0.75,0.29155106276533815,0.29155106276533815,ground,1
-13.125,13.125,0.75,0.24887240658811405,0.24887240658811405,ground,1
-13.125,13.875,0.75,0.2668833149088789,0.2668833149088789,ground,1
-13.125,14.625,0.75,0.2303822096753086,0.2303822096753086,ground,1
-13.125,17.625,0.75,0.2774522047394315,0.2774522047394315,ground,1
-13.125,20.625,0.75,0.2762797832946364,0.2502458549823083,ground,2
-13.125,22.125,0.75,0.28080984221250593,0.28080984221250593,ground,1
-13.125,24.375,0.75,0.2961405586100588,0.2961405586100588,ground,1
-12.375,-25.875,0.75,0.10792259701525192,0.10792259701525192,ground,1
-12.375,-20.625,0.75,0.14460845363084696,0.1227369345782296,ground,2
-12.375,-19.875,0.75,0.11482528518147982,0.11482528518147982,ground,1
-12.375,-16.875,0.75,0.1457336160464581,0.1457336160464581,ground,1
-12.375,-13.875,0.75,0.10084655723527895,0.10084655723527895,ground,1
-12.375,-11.625,0.75,0.12560361313540996,0.12560361313540996,ground,1
-12.375,-10.125,0.75,0.10754004876194828,0.10754004876194828,ground,1
-12.375,-6.375,0.75,0.1786925350039541,0.1786925350039541,ground,1
-12.375,3.375,0.75,0.22732146890612348,0.22732146890612348,ground,1
-12.375,12.375,0.75,0.22312171552545484,0.22217709622629034,ground,2
-12.375,13.875,0.75,0.2597069513803373,0.2597069513803373,ground,1
-12.375,22.875,0.75,0.29255021553006366,0.29255021553006366,ground,1
-12.375,25.125,0.75,0.25085931014249296,0.25085931014249296,ground,1
-11.625,-26.625,0.75,0.09677410316073921,0.09677410316073921,ground,1
-11.625,-25.125,0.75,0.0939695467116818,0.0939695467116818,ground,1
-11.625,-14.625,0.75,0.11425156714719628,0.11425156714719628,ground,1
-11.625,-13.875,0.75,0.10132781426917603,0.10132781426917603,ground,1
-11.625,-11.625,0.75,0.066109345640152,0.066109345640152,ground,1
-11.625,-5.625,0.75,0.17217882584831443,0.17217882584831443,ground,1
-11.625,-4.125,0.75,0.1653156006369736,0.1653156006369736,ground,1
-11.625,4.875,0.75,0.20147644466373774,0.20147644466373774,ground,1
-11.625,7.875,0.75,0.23817686113240227,0.23817686113240227,ground,1
-11.625,10.125,0.75,0.22700798827829655,0.22700798827829655,ground,1
-11.625,10.875,0.75,0.19664102104123982,0.19664102104123982,ground,1
-11.625,12.375,0.75,0.22099912178042427,0.21601971140312665,ground,2
-11.625,16.875,0.75,0.22835540668670587,0.22835540668670587,ground,1
-11.625,17.625,0.75,0.2348350995690461,0.2348350995690461,ground,1
-11.625,18.375,0.75,0.2679883402574333,0.2679883402574333,ground,1
-11.625,21.375,0.75,0.2539414638387768,0.2539414638387768,ground,1
-11.625,22.875,0.75,0.2963782989058232,0.2963782989058232,ground,1
-11.625,26.625,0.75,0.2796302685746107,0.2796302685746107,ground,1
-10.875,-19.125,0.75,0.07328058228768641,0.07328058228768641,ground,1
-10.875,-15.375,0.75,0.06971048989681877,0.06971048989681877,ground,1
-10.875,-10.125,0.75,0.15419301615478742,0.15419301615478742,ground,1
-10.875,-7.125,0.75,0.14652226340901137,0.14652226340901137,ground,1
-10.875,-5.625,0.75,0.0657850092399592,0.0657850092399592,ground,1
-10.875,-4.875,0.75,0.15751767310089457,0.15751767310089457,ground,1
-10.875,-3.375,0.75,0.13161739978479325,0.13161739978479325,ground,1
-10.875,-2.625,0.75,0.15075655472521776,0.14056218255469333,ground,2
-10.875,-1.125,0.75,0.17468826744855973,0.1465122825730802,ground,2
-10.875,-0.375,0.75,0.14049454778439321,0.14049454778439321,ground,1
-10.875,1.125,0.75,0.16201440718370125,0.16201440718370125,ground,1
-10.875,7.125,0.75,0.1955056800115183,0.1955056800115183,ground,1
-10.875,13.875,0.75,0.23250267064110627,0.23250267064110627,ground,1
-10.875,15.375,0.75,0.1924628619593045,0.1924628619593045,ground,1
-10.875,22.875,0.75,0.24878249358527899,0.24878249358527899,ground,1
-10.875,24.375,0.75,0.2531506506316627,0.2531506506316627,ground,1
-10.875,25.875,0.75,0.3151247089549818,0.3151247089549818,ground,1
-10.125,-26.625,0.75,0.036099504525479616,0.036099504525479616,ground,1
-10.125,-25.875,0.75,0.08158680112761982,0.08158680112761982,ground,1
-10.125,-22.875,0.75,0.03996599673914253,0.03996599673914253,ground,1
-10.125,-13.125,0.75,0.07212767945814604,0.07212767945814604,ground,1
-10.125,-11.625,0.75,0.10071995856990033,0.10071995856990033,ground,1
-10.125,-9.375,0.75,0.12095467892483147,0.12095467892483147,ground,1
-10.125,-8.625,0.75,0.10329484552278641,0.10329484552278641,ground,1
-10.125,-2.625,0.75,0.1448442082225164,0.13274115339588147,ground,2
-10.125,1.125,0.75,0.15265767991014823,0.15265767991014823,ground,1
-10.125,4.125,0.75,0.13775781489889635,0.13775781489889635,ground,1
-10.125,7.875,0.75,0.17327940454265722,0.17327940454265722,ground,1
-10.125,10.125,0.75,0.18948289680349417,0.18948289680349417,ground,1
-10.125,11.625,0.75,0.1757584321280041,0.1757584321280041,ground,1
-10.125,12.375,0.75,0.17640905526082148,0.17640905526082148,ground,1
-10.125,13.875,0.75,0.1830078701880114,0.1830078701880114,ground,1
-10.125,15.375,0.75,0.229628408167923,0.21907653516949233,ground,2
-10.125,20.625,0.75,0.22130511250668805,0.20713971296967817,ground,2
-10.125,24.375,0.75,0.24282578414976919,0.23232702883197892,ground,2
-10.125,28.125,0.75,1.8826909380862227,1.8826909380862227,vegetation,1
-9.375,-24.375,0.75,0.04701642679402177,0.04701642679402177,ground,1
-9.375,-20.625,0.75,0.05452269576276258,0.05452269576276258,ground,1
-9.375,-15.375,0.75,0.0985768444561386,0.08732953166707363,ground,2
-9.375,-9.375,0.75,0.05765862759836633,0.05765862759836633,ground,1
-9.375,-6.375,0.75,0.12143986050213047,0.12143986050213047,ground,1
-9.375,5.625,0.75,0.21675890298062067,0.21675890298062067,ground,1
-9.375,6.375,0.75,0.17720538489477716,0.17720538489477716,ground,1
-9.375,9.375,0.75,0.19012951097219022,0.1837932845360922,ground,2
-9.375,16.125,0.75,0.21014681766085516,0.18521095459909692,ground,2
-9.375,17.625,0.75,0.2618683460891188,0.2618683460891188,ground,1
-9.375,19.875,0.75,0.1866897003700198,0.1866897003700198,ground,1
-9.375,22.125,0.75,0.2227829810115427,0.2227829810115427,ground,1
-9.375,22.875,0.75,0.23555156844871689,0.23555156844871689,ground,1
-9.375,23.625,0.75,0.23501293052966193,0.23501293052966193,ground,1
-9.375,25.875,0.75,2.704362729967614,1.4652516626361576,ground,2
-9.375,28.125,0.75,1.7265358634959844,0.7536323442388352,ground,3
-8.625,-14.625,0.75,0.0933720945462121,0.0933720945462121,ground,1
-8.625,-13.875,0.75,0.09504339037640995,0.09504339037640995,ground,1
-8.625,-9.375,0.75,0.11868879672314617,0.11868879672314617,ground,1
-8.625,5.625,0.75,0.11382714156544937,0.11382714156544937,ground,1
-8.625,11.625,0.75,0.13241869790798458,0.13241869790798458,ground,1
-8.625,12.375,0.75,0.17034742232158684,0.17034742232158684,ground,1
-8.625,16.125,0.75,0.15721306770038865,0.15721306770038865,ground,1
-8.625,22.875,0.75,0.25316035115714786,0.25316035115714786,ground,1
-8.625,26.625,0.75,0.23031622677033292,0.23031622677033292,ground,1
-8.625,28.125,0.75,2.6395363154969917,2.6395363154969917,vegetation,1
-7.875,-28.875,0.75,-0.0058508986388129125,-0.0058508986388129125,ground,1
-7.875,-25.125,0.75,0.008910877122138207,0.008910877122138207,ground,1
-7.875,-24.375,0.75,0.04315179769142667,0.04315179769142667,ground,1
-7.875,-22.875,0.75,0.019060213624780595,0.019060213624780595,ground,1
-7.875,-20.625,0.75,-0.002636054224911845,-0.002636054224911845,ground,1
-7.875,-16.125,0.75,0.0977615217708485,0.0977615217708485,ground,1
-7.875,-13.125,0.75,0.06893932733748388,0.06893932733748388,ground,1
-7.875,-11.625,0.75,0.1159568784140873,0.1159568784140873,ground,1
-7.875,-10.875,0.75,0.04208021513156731,0.04208021513156731,ground,1
-7.875,-9.375,0.75,0.09786457588274017,0.06114986236658666,ground,2
-7.875,-8.625,0.75,0.10944788358152119,0.10944788358152119,ground,1
-7.875,-7.875,0.75,0.09049774604119831,0.09049774604119831,ground,1
-7.875,-7.125,0.75,0.13629302434198706,0.13629302434198706,ground,1
-7.875,10.125,0.75,0.16722274889632613,0.16722274889632613,ground,1
-7.875,10.875,0.75,0.18668353594777842,0.18668353594777842,ground,1
-7.875,17.625,0.75,0.19971188199596387,0.19971188199596387,ground,1
-7.875,22.125,0.75,0.22134663222750234,0.22134663222750234,ground,1
-7.875,23.625,0.75,0.20889653349156162,0.20889653349156162,ground,1
-7.875,27.375,0.75,0.2108460791200115,0.2108460791200115,ground,1
-7.125,-24.375,0.75,-0.007374765860195528,-0.007374765860195528,ground,1
-7.125,-19.875,0.75,0.05460013876738365,0.05460013876738365,ground,1
-7.125,-19.125,0.75,0.010304490805105287,0.010304490805105287,ground,1
-7.125,-15.375,0.75,0.060399787352876474,0.060399787352876474,ground,1
-7.125,-13.875,0.75,0.04041631468992674,0.04041631468992674,ground,1
-7.125,-12.375,0.75,0.02956111045968119,0.02956111045968119,ground,1
-7.125,-10.875,0.75,0.07833200071804261,0.07833200071804261,ground,1
-7.125,7.875,0.75,0.1473450846558464,0.1473450846558464,ground,1
-7.125,9.375,0.75,0.1264550037181077,0.1264550037181077,ground,1
-7.125,10.875,0.75,0.1997533802581746,0.1997533802581746,ground,1
-7.125,13.125,0.75,0.15880556232130338,0.15880556232130338,ground,1
-7.125,16.875,0.75,0.16559195699171347,0.16132764933817714,ground,2
-6.375,-28.125,0.75,2.375985586718336,2.375985586718336,vegetation,1
-6.375,-25.125,0.75,-0.019785646572501335,-0.019785646572501335,ground,1
-6.375,-23.625,0.75,0.03523755547369729,0.03523755547369729,ground,1
-6.375,-20.625,0.75,0.028232956222531164,0.028232956222531164,ground,1
-6.375,-19.125,0.75,0.01093424764480811,0.01093424764480811,ground,1
-6.375,-18.375,0.75,-0.007776611033626445,-0.007776611033626445,ground,1
-6.375,-17.625,0.75,-0.011469784344134995,-0.011469784344134995,ground,1
-6.375,-15.375,0.75,0.0563333530028364,0.0563333530028364,ground,1
-6.375,-14.625,0.75,0.07801253273306402,0.07801253273306402,ground,1
-6.375,-13.875,0.75,0.06237813598455952,0.04258593376879927,ground,3
-6.375,-13.125,0.75,0.05137461280391385,0.05137461280391385,ground,1
-6.375,-10.875,0.75,0.09680895892748707,0.09680895892748707,ground,1
-6.375,-9.375,0.75,0.06143026361406779,0.06143026361406779,ground,1
-6.375,10.125,0.75,0.08579701297803513,0.08579701297803513,ground,1
-6.375,12.375,0.75,0.13371813027722768,0.13371813027722768,ground,1
-6.375,13.125,0.75,0.1999751918099245,0.1999751918099245,ground,1
-6.375,16.125,0.75,0.18894925528629744,0.18894925528629744,ground,1
-6.375,19.875,0.75,0.1977238570116413,0.1977238570116413,ground,1
-6.375,20.625,0.75,0.19459111283679126,0.17929896904152515,ground,2
-6.375,25.125,0.75,0.20484909259000256,0.20484909259000256,ground,1
-6.375,25.875,0.75,1.537753924297764,1.537753924297764,vegetation,1
-5.625,-25.125,0.75,1.975784915266874,1.975784915266874,vegetation,1
-5.625,-23.625,0.75,0.0038302512186268803,0.0038302512186268803,ground,1
-5.625,-22.125,0.75,0.007496528678414481,0.007496528678414481,ground,1
-5.625,-19.125,0.75,0.05428969727157164,0.05428969727157164,ground,1
-5.625,-16.125,0.75,0.07283686456935412,0.07283686456935412,ground,1
-5.625,-15.375,0.75,-0.018887802479444507,-0.018887802479444507,ground,1
-5.625,-14.625,0.75,0.04603850507825105,0.04603850507825105,ground,1
-5.625,-12.375,0.75,0.07854340512503158,0.07854340512503158,ground,1
-5.625,-10.125,0.75,0.05478642509579402,0.043018246688714054,ground,2
-5.625,9.375,0.75,0.06828657526082622,0.06828657526082622,ground,1
-5.625,10.875,0.75,0.12274861298698204,0.12274861298698204,ground,1
-5.625,12.375,0.75,0.16021393428889413,0.16021393428889413,ground,1
-5.625,13.125,0.75,0.1605764971398865,0.15219570497581886,ground,2
-5.625,13.875,0.75,0.16936064506127707,0.15927861418265954,ground,2
-5.625,24.375,0.75,0.2036356590829017,0.2036356590829017,ground,1
-5.625,27.375,0.75,0.22421458142283915,0.22421458142283915,ground,1
-4.875,-28.125,0.75,2.584551997706589,2.584551997706589,vegetation,1
-4.875,-26.625,0.75,-0.008632623043228801,-0.008632623043228801,ground,1
-4.875,-25.875,0.75,-0.0575711825329282,-0.0575711825329282,ground,1
-4.875,-24.375,0.75,-0.03498714201367985,-0.03498714201367985,ground,1
-4.875,-23.625,0.75,-0.07485115619783544,-0.07485115619783544,ground,1
-4.875,-13.125,0.75,-0.006165483061575036,-0.006165483061575036,ground,1
-4.875,-9.375,0.75,0.04830824445983329,0.04830824445983329,ground,1
-4.875,16.125,0.75,0.16263584361160474,0.16263584361160474,ground,1
-4.875,16.875,0.75,0.1495536608871177,0.14233426145759676,ground,2
-4.875,17.625,0.75,0.13863370446229883,0.13863370446229883,ground,1
-4.875,21.375,0.75,0.17328870683942674,0.16345845925116498,ground,2
-4.875,22.875,0.75,0.1555762649170163,0.1555762649170163,ground,1
-4.875,24.375,0.75,0.19386047334128853,0.16275465545939846,ground,2
-4.875,25.125,0.75,1.6365057917204968,1.6365057917204968,vegetation,1
-4.875,28.125,0.75,0.19631613541071036,0.19631613541071036,ground,1
-4.125,-25.125,0.75,-0.043768669703264075,-0.043768669703264075,ground,1
-4.125,-23.625,0.75,-0.03470849900787701,-0.03470849900787701,ground,1
-4.125,-22.125,0.75,-0.07577087885115505,-0.07577087885115505,ground,1
-4.125,-21.375,0.75,-0.0440606216506021,-0.0440606216506021,ground,1
-4.125,-20.625,0.75,-0.022101862404493987,-0.022101862404493987,ground,1
-4.125,-19.125,0.75,0.02586734241884467,0.0020817260322635606,ground,2
-4.125,-18.375,0.75,-0.04684693393887339,-0.04684693393887339,ground,1
-4.125,-17.625,0.75,-0.01670841357659974,-0.01670841357659974,ground,1
-4.125,-16.875,0.75,-0.017034039604473052,-0.017034039604473052,ground,1
-4.125,-16.125,0.75,-0.004981431916286205,-0.004981431916286205,ground,1
-4.125,-13.875,0.75,0.023627488441652973,0.023627488441652973,ground,1
-4.125,-11.625,0.75,0.039981421112721315,0.039981421112721315,ground,1
-4.125,11.625,0.75,0.11900160320662416,0.11900160320662416,ground,1
-4.125,13.125,0.75,0.07802847778593133,0.07802847778593133,ground,1
-4.125,13.875,0.75,0.07393535482058318,0.07393535482058318,ground,1
-4.125,14.625,0.75,0.12011343649398713,0.12011343649398713,ground,1
-4.125,15.375,0.75,0.10280073437436901,0.10280073437436901,ground,1
-4.125,16.125,0.75,0.14316803638683198,0.14316803638683198,ground,1
-4.125,16.875,0.75,0.08613520769688027,0.08613520769688027,ground,1
-4.125,20.625,0.75,0.11645057872968835,0.11645057872968835,ground,1
-4.125,23.625,0.75,0.14281322687601442,0.14281322687601442,ground,1
-4.125,29.625,0.75,0.18251473362527937,0.18251473362527937,ground,1
-3.375,-28.875,0.75,1.0991576138480585,0.5284379858826833,ground,2
-3.375,-23.625,0.75,-0.03592227135696019,-0.03592227135696019,ground,1
-3.375,-18.375,0.75,0.023692605972726898,-0.010699983478049516,ground,2
-3.375,-16.125,0.75,-0.058493870594455946,-0.058493870594455946,ground,1
-3.375,10.875,0.75,0.11771586539793027,0.11771586539793027,ground,1
-3.375,12.375,0.75,0.09478733184467145,0.09478733184467145,ground,1
-3.375,13.125,0.75,0.13348843695463397,0.13348843695463397,ground,1
-3.375,15.375,0.75,0.08915158951364541,0.08915158951364541,ground,1
-3.375,16.875,0.75,0.11669211902861198,0.11669211902861198,ground,1
-3.375,19.125,0.75,0.09813380476327392,0.09813380476327392,ground,1
-3.375,25.875,0.75,0.17519831286366144,0.17519831286366144,ground,1
-3.375,29.625,0.75,0.15970344044403012,0.15970344044403012,ground,1
-2.625,-29.625,0.75,2.72417611439302,1.958648963816032,vegetation,2
-2.625,-28.875,0.75,-0.020858583586881023,-0.020858583586881023,ground,1
-2.625,-22.875,0.75,0.005195397990636778,0.005195397990636778,ground,1
-2.625,-21.375,0.75,-0.06643331678585884,-0.06643331678585884,ground,1
-2.625,-16.875,0.75,-0.03744346413284541,-0.03744346413284541,ground,1
-2.625,10.125,0.75,0.051387655706653865,0.051387655706653865,ground,1
-2.625,18.375,0.75,0.13202692423472556,0.13202692423472556,ground,1
-2.625,22.125,0.75,0.09873474590068237,0.09873474590068237,ground,1
-2.625,25.125,0.75,0.1354854225007157,0.13190371534368361,ground,2
-2.625,28.125,0.75,1.9184786455514786,1.9184786455514786,vegetation,1
-1.875,-27.375,0.75,-0.07784944591279196,-0.07784944591279196,ground,1
-1.875,-25.875,0.75,-0.09232852393951566,-0.09232852393951566,ground,1
-1.875,-24.375,0.75,-0.05785882370095176,-0.07656729983715241,ground,2
-1.875,-15.375,0.75,-0.0266817871011914,-0.0266817871011914,ground,1
-1.875,-14.625,0.75,-0.031085262883479875,-0.031085262883479875,ground,1
-1.875,-13.875,0.75,-0.00014832370192274097,-0.00014832370192274097,ground,1
-1.875,-12.375,0.75,-0.014118030622614415,-0.014118030622614415,ground,1
-1.875,-11.625,0.75,-0.02321857547147733,-0.02321857547147733,ground,1
-1.875,-10.125,0.75,-0.024860687861449363,-0.024860687861449363,ground,1
-1.875,10.125,0.75,0.09523258022012987,0.0680642003670943,ground,3
-1.875,11.625,0.75,0.06379353849549621,0.06379353849549621,ground,1
-1.875,16.125,0.75,0.10626859978965279,0.10626859978965279,ground,1
-1.875,18.375,0.75,0.08856772596488331,0.08856772596488331,ground,1
-1.875,19.875,0.75,0.0602733774033276,0.0602733774033276,ground,1
-1.875,27.375,0.75,0.1727830985300494,0.1727830985300494,ground,1
-1.875,28.125,0.75,1.6384565074285282,1.6384565074285282,vegetation,1
-1.875,29.625,0.75,0.14199946562281343,0.14199946562281343,ground,1
-1.125,-28.875,0.75,-0.13083576677480635,-0.13083576677480635,ground,1
-1.125,-25.875,0.75,-0.07225632693350767,-0.07225632693350767,ground,1
-1.125,-24.375,0.75,-0.0651589543298355,-0.0651589543298355,ground,1
-1.125,-23.625,0.75,-0.08224967819261257,-0.08224967819261257,ground,1
-1.125,-22.875,0.75,-0.11924780800338142,-0.11924780800338142,ground,1
-1.125,-20.625,0.75,-0.06560557033791715,-0.0760078100710437,ground,4
-1.125,-16.875,0.75,-0.0650662468957507,-0.0650662468957507,ground,1
-1.125,-16.125,0.75,-0.03621378301635865,-0.03621378301635865,ground,1
-1.125,-14.625,0.75,-0.021410727944561107,-0.03580458024397526,ground,2
-1.125,-13.875,0.75,-0.09756385002514525,-0.09756385002514525,ground,1
-1.125,-11.625,0.75,-0.03046260868296035,-0.03046260868296035,ground,1
-1.125,-10.875,0.75,-0.008054713445921912,-0.008054713445921912,ground,1
-1.125,10.125,0.75,0.10043590257567947,0.05733067407585063,ground,2
-1.125,10.875,0.75,0.07079761180229985,0.07079761180229985,ground,1
-1.125,13.125,0.75,0.03709103533557652,0.03709103533557652,ground,1
-1.125,14.625,0.75,0.10727912379282392,0.10727912379282392,ground,1
-1.125,15.375,0.75,0.08148073242404497,0.08148073242404497,ground,1
-1.125,16.125,0.75,0.09505309212423514,0.09505309212423514,ground,1
-1.125,22.875,0.75,0.11959660576621257,0.11959660576621257,ground,1
-1.125,23.625,0.75,0.09839832989704173,0.09839832989704173,ground,1
-1.125,25.875,0.75,2.7404709019667712,2.7404709019667712,vegetation,1
-1.125,28.875,0.75,1.5521552944209267,0.8473182783382736,ground,2
-1.125,29.625,0.75,2.3992284477272405,1.2736253313905124,ground,2
-0.375,-26.625,0.75,-0.11429555931661062,-0.13215092247352045,ground,2
-0.375,-25.875,0.75,-0.02440044109033887,-0.02440044109033887,ground,1
-0.375,-22.875,0.75,-0.10276674525234201,-0.10276674525234201,ground,1
-0.375,-22.125,0.75,-0.075408037085677,-0.075408037085677,ground,1
-0.375,-20.625,0.75,-0.1134211171732398,-0.1134211171732398,ground,1
-0.375,-13.875,0.75,-0.05077145036041506,-0.05077145036041506,ground,1
-0.375,-13.125,0.75,-0.045813926684076384,-0.045813926684076384,ground,1
-0.375,-12.375,0.75,-0.03572685178930536,-0.03572685178930536,ground,1
-0.375,10.125,0.75,0.05714031714643184,0.05714031714643184,ground,1
-0.375,11.625,0.75,0.06175840002495237,0.06175840002495237,ground,1
-0.375,12.375,0.75,0.054726226013952245,0.054726226013952245,ground,1
-0.375,13.125,0.75,0.0401725686578977,0.0401725686578977,ground,1
-0.375,15.375,0.75,0.04682116417683595,0.04682116417683595,ground,1
-0.375,18.375,0.75,0.0499291318124428,0.0499291318124428,ground,1
-0.375,23.625,0.75,0.14031834253131237,0.14031834253131237,ground,1
-0.375,26.625,0.75,1.611922948963585,0.8601693719705086,ground,2
-0.375,27.375,0.75,0.10777505987587317,0.10777505987587317,ground,1
0.375,-25.875,0.75,-0.10338493035993403,-0.10338493035993403,ground,1
0.375,-22.125,0.75,-0.12234426176187478,-0.12234426176187478,ground,1
0.375,-14.625,0.75,-0.05925179258577479,-0.05925179258577479,ground,1
0.375,-13.875,0.75,-0.049996047845558084,-0.049996047845558084,ground,1
0.375,-12.375,0.75,-0.015203163047112951,-0.015203163047112951,ground,1
0.375,-10.875,0.75,-0.03834174188020255,-0.03834174188020255,ground,1
0.375,11.625,0.75,0.04749778633716918,0.03960821248040132,ground,2
0.375,17.625,0.75,0.038660833406625156,0.038660833406625156,ground,1
0.375,19.125,0.75,0.03706494376853923,0.03706494376853923,ground,1
0.375,22.125,0.75,0.0989212104702699,0.0989212104702699,ground,1
0.375,22.875,0.75,0.029449142080163755,0.029449142080163755,ground,1
0.375,25.125,0.75,0.08158226007481371,0.08158226007481371,ground,1
0.375,29.625,0.75,0.10019023184623942,0.10019023184623942,ground,1
1.125,-28.875,0.75,2.5025063925744355,2.5025063925744355,vegetation,1
1.125,-28.125,0.75,-0.1605208182944215,-0.1605208182944215,ground,1
1.125,-27.375,0.75,-0.1181460671951354,-0.1181460671951354,ground,1
1.125,-25.875,0.75,-0.12340229827865948,-0.12751459217474242,ground,2
1.125,-25.125,0.75,-0.15053264504975233,-0.15053264504975233,ground,1
1.125,-21.375,0.75,-0.0900120863165215,-0.11396316765606401,ground,2
1.125,-19.125,0.75,-0.0668033989165551,-0.0892528221219514,ground,2
1.125,-16.875,0.75,-0.10331144503887002,-0.10331144503887002,ground,1
1.125,-14.625,0.75,-0.06279527189058015,-0.06279527189058015,ground,1
1.125,-10.875,0.75,-0.10895667173645882,-0.10895667173645882,ground,1
1.125,13.875,0.75,0.04178467490845142,0.03990166655563879,ground,2
1.125,15.375,0.75,0.04807303550702619,0.04807303550702619,ground,1
1.125,17.625,0.75,0.054974655190906906,0.054974655190906906,ground,1
1.125,18.375,0.75,0.0492016428061372,0.046572137586519145,ground,2
1.125,23.625,0.75,0.06480136854623554,0.06480136854623554,ground,1
1.125,24.375,0.75,0.0820795006958371,0.06343530327310767,ground,2
1.125,25.125,0.75,0.0755463897949972,0.0755463897949972,ground,1
1.125,27.375,0.75,0.09578114818393792,0.09578114818393792,ground,1
1.875,-25.125,0.75,-0.1251720141105452,-0.1251720141105452,ground,1
1.875,-21.375,0.75,-0.16687829491960834,-0.16687829491960834,ground,1
1.875,-19.875,0.75,-0.12005902447208802,-0.12005902447208802,ground,1
1.875,-15.375,0.75,-0.05467278285299706,-0.060893689962546,ground,2
1.875,-11.625,0.75,-0.06341325043540018,-0.06341325043540018,ground,1
1.875,-10.125,0.75,-0.07044545449343338,-0.07044545449343338,ground,1
1.875,10.875,0.75,-0.024308609959286114,-0.024308609959286114,ground,1
1.875,16.875,0.75,0.059208623022744745,0.059208623022744745,ground,1
1.875,22.875,0.75,0.04310614075925534,0.04310614075925534,ground,1
1.875,24.375,0.75,0.09839625351558945,0.07024178277509226,ground,3
1.875,25.125,0.75,0.04906713372515868,0.04906713372515868,ground,1
1.875,27.375,0.75,0.10457581599966989,0.10457581599966989,ground,1
2.625,-29.625,0.75,-0.13599101139275227,-0.13599101139275227,ground,1
2.625,-28.125,0.75,-0.20269005192769493,-0.20269005192769493,ground,1
2.625,-27.375,0.75,2.3085442769475453,2.3085442769475453,vegetation,1
2.625,-25.875,0.75,-0.1189525150055887,-0.1239059074349949,ground,2
2.625,-25.125,0.75,-0.1631080241808293,-0.1631080241808293,ground,1
2.625,-23.625,0.75,-0.14273081086482373,-0.14273081086482373,ground,1
2.625,-22.875,0.75,-0.09776958105878447,-0.09776958105878447,ground,1
2.625,-19.875,0.75,-0.10514965850558328,-0.10514965850558328,ground,1
2.625,-16.875,0.75,-0.07478989214667464,-0.08648081614177136,ground,2
2.625,11.625,0.75,0.002188976980451278,0.002188976980451278,ground,1
2.625,16.125,0.75,0.021906609155401102,0.021906609155401102,ground,1
2.625,16.875,0.75,0.007001471428187623,0.007001471428187623,ground,1
2.625,17.625,0.75,0.06080913533654672,0.06080913533654672,ground,1
2.625,19.125,0.75,0.012550501060298366,0.012550501060298366,ground,1
2.625,19.875,0.75,0.037721226013878395,0.037721226013878395,ground,1
2.625,21.375,0.75,0.03621297424218942,0.03621297424218942,ground,1
2.625,22.125,0.75,0.036339577073575324,0.036339577073575324,ground,1
3.375,-26.625,0.75,-0.1624346266030835,-0.1624346266030835,ground,1
3.375,-19.875,0.75,-0.16543265421683695,-0.16543265421683695,ground,1
3.375,-18.375,0.75,-0.11568062281572865,-0.11568062281572865,ground,1
3.375,-13.125,0.75,-0.040221164584280954,-0.040221164584280954,ground,1
3.375,-10.875,0.75,-0.033352681919462834,-0.06261246164221015,ground,2
3.375,11.625,0.75,0.012945492763542135,0.012945492763542135,ground,1
3.375,13.875,0.75,0.06847859773132106,0.06847859773132106,ground,1
3.375,16.125,0.75,-0.008875630162662441,-0.008875630162662441,ground,1
3.375,16.875,0.75,0.01610958316175164,0.01610958316175164,ground,1
3.375,18.375,0.75,0.05862691427920354,0.044677828220329174,ground,2
3.375,20.625,0.75,0.03854660060674399,0.03854660060674399,ground,1
3.375,25.875,0.75,0.05006561024083658,0.05006561024083658,ground,1
3.375,27.375,0.75,0.044221656772761624,0.044221656772761624,ground,1
4.125,-28.875,0.75,-0.1860217129384543,-0.19810796856040078,ground,2
4.125,-28.125,0.75,2.14745062013768,2.14745062013768,vegetation,1
4.125,-24.375,0.75,-0.12907743946176026,-0.12907743946176026,ground,1
4.125,-22.875,0.75,-0.16448496420789932,-0.16448496420789932,ground,1
4.125,-21.375,0.75,-0.18052827765540394,-0.18052827765540394,ground,1
4.125,-19.875,0.75,-0.18054299114081288,-0.18054299114081288,ground,1
4.125,-19.125,0.75,-0.10512224324120392,-0.13836297842075027,ground,2
4.125,-13.875,0.75,-0.09721577820827475,-0.09721577820827475,ground,1
4.125,-13.125,0.75,-0.11457733721663851,-0.11457733721663851,ground,1
4.125,-11.625,0.75,-0.091783622578608,-0.091783622578608,ground,1
4.125,-10.875,0.75,-0.10498347743487717,-0.10498347743487717,ground,1
4.125,10.125,0.75,-0.014322017798723226,-0.014322017798723226,ground,1
4.125,10.875,0.75,-0.0004818211198470042,-0.010278049883403953,ground,2
4.125,16.875,0.75,0.010880434885207868,0.010880434885207868,ground,1
4.125,17.625,0.75,0.09499851020792598,0.09499851020792598,ground,1
4.125,19.875,0.75,0.043243304221536445,0.043243304221536445,ground,1
4.125,20.625,0.75,0.025804763651649278,0.025804763651649278,ground,1
4.125,22.875,0.75,0.047062970891840444,0.047062970891840444,ground,1
4.125,25.125,0.75,0.038371733855591825,0.038371733855591825,ground,1
4.125,25.875,0.75,0.033717551866598035,0.033717551866598035,ground,1
4.125,26.625,0.75,2.27455371002493,2.27455371002493,vegetation,1
4.125,27.375,0.75,0.07632962389016634,0.07632962389016634,ground,1
4.125,28.875,0.75,0.049941997279308405,0.049941997279308405,ground,1
4.875,-22.875,0.75,-0.18481843493054448,-0.18481843493054448,ground,1
4.875,-19.125,0.75,-0.13030304713672083,-0.13233144048301979,ground,2
4.875,-14.625,0.75,-0.14889908221488965,-0.14889908221488965,ground,1
4.875,-13.875,0.75,-0.15305161985332563,-0.15305161985332563,ground,1
4.875,-13.125,0.75,-0.11997685060022002,-0.1334074844579749,ground,2
4.875,-11.625,0.75,-0.16033006475926925,-0.16033006475926925,ground,1
4.875,-10.125,0.75,-0.05448330691847259,-0.05448330691847259,ground,1
4.875,-8.625,0.75,-0.10845687575367129,-0.10845687575367129,ground,1
4.875,10.125,0.75,-0.05327879418783895,-0.05327879418783895,ground,1
4.875,10.875,0.75,-0.0681690737967933,-0.0681690737967933,ground,1
4.875,11.625,0.75,-0.03680704749103002,-0.03680704749103002,ground,1
4.875,14.625,0.75,0.0002784726658355413,0.0002784726658355413,ground,1
4.875,15.375,0.75,-0.018435259190387167,-0.018435259190387167,ground,1
4.875,19.125,0.75,0.04125196780926306,0.04125196780926306,ground,1
4.875,19.875,0.75,-0.020290107808861327,-0.020290107808861327,ground,1
4.875,22.125,0.75,0.03586547325326676,0.03586547325326676,ground,1
4.875,24.375,0.75,0.01810807744128505,0.01810807744128505,ground,1
5.625,-28.125,0.75,-0.1905890113456975,-0.1905890113456975,ground,1
5.625,-24.375,0.75,-0.18992510385772793,-0.18992510385772793,ground,1
5.625,-22.125,0.75,-0.13856546242582027,-0.13856546242582027,ground,1
5.625,-19.875,0.75,-0.1307145381479778,-0.14266487226616292,ground,2
5.625,-18.375,0.75,-0.16743074732417457,-0.1755419508970514,ground,2
5.625,-14.625,0.75,-0.09866488044108634,-0.09866488044108634,ground,1
5.625,-13.125,0.75,-0.11350833480298,-0.12875285832574979,ground,2
5.625,-10.125,0.75,-0.15149892909112656,-0.15149892909112656,ground,1
5.625,8.625,0.75,-0.053944346792452,-0.058538136252024954,ground,3
5.625,10.875,0.75,-0.0453668852975462,-0.07087616258624811,ground,2
5.625,20.625,0.75,0.05150421384748437,0.05150421384748437,ground,1
5.625,24.375,0.75,0.02887061496768971,0.02887061496768971,ground,1
5.625,26.625,0.75,0.08158234764772576,0.08158234764772576,ground,1
6.375,-28.875,0.75,-0.23037656358097627,-0.23037656358097627,ground,1
6.375,-19.125,0.75,-0.1821944885891232,-0.1821944885891232,ground,1
6.375,-18.375,0.75,-0.17637193777216292,-0.17637193777216292,ground,1
6.375,-15.375,0.75,-0.17600670700012375,-0.17600670700012375,ground,1
6.375,-12.375,0.75,-0.15120586028161298,-0.15120586028161298,ground,1
6.375,10.125,0.75,-0.02248683897100072,-0.02248683897100072,ground,1
6.375,13.125,0.75,-0.06556262980126133,-0.06556262980126133,ground,1
6.375,16.875,0.75,-0.016397801370490208,-0.016397801370490208,ground,1
6.375,19.875,0.75,-0.040761556821168915,-0.040761556821168915,ground,1
6.375,22.125,0.75,0.0275228667861763,0.002056050455747596,ground,2
6.375,26.625,0.75,2.5137048687813883,2.5137048687813883,vegetation,1
7.125,-25.125,0.75,-0.1875869403214616,-0.1875869403214616,ground,1
7.125,-22.875,0.75,-0.19136398683468264,-0.19136398683468264,ground,1
7.125,-18.375,0.75,-0.2392113809609076,-0.2392113809609076,ground,1
7.125,10.125,0.75,-0.07309032110997568,-0.07309032110997568,ground,1
7.125,12.375,0.75,-0.06625925837475444,-0.06625925837475444,ground,1
7.125,14.625,0.75,-0.0628740196674889,-0.0628740196674889,ground,1
7.125,15.375,0.75,-0.030075533394942372,-0.030075533394942372,ground,1
7.125,19.125,0.75,0.0008106670105045774,0.0008106670105045774,ground,1
7.125,20.625,0.75,-0.006266153426663111,-0.006266153426663111,ground,1
7.125,21.375,0.75,-0.03385541605470285,-0.03385541605470285,ground,1
7.125,23.625,0.75,0.002093291639813668,0.002093291639813668,ground,1
7.125,25.125,0.75,-0.016715823991298465,-0.016715823991298465,ground,1
7.125,28.125,0.75,-0.029862133479453955,-0.029862133479453955,ground,1
7.875,-23.625,0.75,-0.2162550205658721,-0.2162550205658721,ground,1
7.875,-18.375,0.75,-0.18055833962848006,-0.18055833962848006,ground,1
7.875,-16.125,0.75,-0.22791811476087223,-0.22791811476087223,ground,1
7.875,-14.625,0.75,-0.20354124101360338,-0.20354124101360338,ground,1
7.875,-10.875,0.75,-0.13498245545911228,-0.13498245545911228,ground,1
7.875,-7.875,0.75,-0.17118901366720443,-0.17118901366720443,ground,1
7.875,-7.125,0.75,-0.16860526458111866,-0.16860526458111866,ground,1
7.875,-6.375,0.75,-0.18651090752784932,-0.18651090752784932,ground,1
7.875,6.375,0.75,-0.07435773745461144,-0.09263443726354322,ground,3
7.875,7.875,0.75,-0.08796220437121574,-0.08796220437121574,ground,1
7.875,9.375,0.75,-0.08696194209152035,-0.08696194209152035,ground,1
7.875,12.375,0.75,-0.09087271643774192,-0.09087271643774192,ground,1
7.875,16.125,0.75,-0.07458914838045064,-0.07458914838045064,ground,1
7.875,18.375,0.75,-0.022305305016283375,-0.022305305016283375,ground,1
7.875,20.625,0.75,-0.048116598125728965,-0.048116598125728965,ground,1
7.875,23.625,0.75,-0.04203381836140983,-0.04203381836140983,ground,1
7.875,25.125,0.75,0.01212499151545703,0.01212499151545703,ground,1
7.875,25.875,0.75,0.004819350816602251,0.004819350816602251,ground,1
8.625,-27.375,0.75,-0.25123286509336673,-0.25123286509336673,ground,1
8.625,-24.375,0.75,-0.1912283816150434,-0.1912283816150434,ground,1
8.625,-20.625,0.75,-0.2252042016557519,-0.2252042016557519,ground,1
8.625,-19.875,0.75,-0.22109055117584642,-0.22109055117584642,ground,1
8.625,-17.625,0.75,-0.20410107252983123,-0.20410107252983123,ground,1
8.625,-16.125,0.75,-0.1523798035215888,-0.1523798035215888,ground,1
8.625,-13.125,0.75,-0.1781159011783979,-0.1781159011783979,ground,1
8.625,-9.375,0.75,-0.16378304718727554,-0.16378304718727554,ground,1
8.625,7.125,0.75,-0.0677467869324406,-0.0677467869324406,ground,1
8.625,7.875,0.75,-0.0929431577999551,-0.09723791839175795,ground,2
8.625,12.375,0.75,-0.07946807081218706,-0.07946807081218706,ground,1
8.625,14.625,0.75,-0.10772591101857051,-0.10772591101857051,ground,1
8.625,22.125,0.75,-0.012437262887245466,-0.012437262887245466,ground,1
8.625,22.875,0.75,-0.017647762133092354,-0.028026019365357473,ground,2
9.375,-22.875,0.75,-0.2465900293966018,-0.2465900293966018,ground,1
9.375,-22.125,0.75,-0.2105474425396674,-0.21181507131670363,ground,2
9.375,-19.875,0.75,-0.20018747859697072,-0.20018747859697072,ground,1
9.375,-18.375,0.75,-0.2068437219075385,-0.2068437219075385,ground,1
9.375,-16.875,0.75,-0.210764109383243,-0.210764109383243,ground,1
9.375,-15.375,0.75,-0.2178011273214965,-0.2178011273214965,ground,1
9.375,-14.625,0.75,-0.17488095586186433,-0.17488095586186433,ground,1
9.375,-13.125,0.75,-0.20213789335681864,-0.20213789335681864,ground,1
9.375,-12.375,0.75,-0.1771664798495859,-0.1771664798495859,ground,1
9.375,-9.375,0.75,-0.1983941747909133,-0.1983941747909133,ground,1
9.375,-8.625,0.75,-0.15814351964228868,-0.19003793515138098,ground,2
9.375,9.375,0.75,-0.10192843601015888,-0.10192843601015888,ground,1
9.375,10.875,0.75,-0.07866768244926253,-0.07938885386917267,ground,2
9.375,13.125,0.75,-0.1304706034293341,-0.1304706034293341,ground,1
9.375,13.875,0.75,-0.07831818671528176,-0.07831818671528176,ground,1
9.375,16.125,0.75,-0.00638481251450547,-0.00638481251450547,ground,1
9.375,22.125,0.75,-0.057666040081092024,-0.05839988762311083,ground,2
9.375,23.625,0.75,-0.030918439523608288,-0.053018520755186295,ground,2
9.375,25.125,0.75,-0.0985975899717256,-0.0985975899717256,ground,1
9.375,26.625,0.75,-0.02534615554814429,-0.02534615554814429,ground,1
10.125,-26.625,0.75,-0.23475690768767848,-0.23475690768767848,ground,1
10.125,-21.375,0.75,-0.2548615732240818,-0.2585264568785308,ground,2
10.125,-19.875,0.75,-0.24895654843907705,-0.24895654843907705,ground,1
10.125,-18.375,0.75,-0.2034054714134481,-0.2034054714134481,ground,1
10.125,-16.125,0.75,-0.20184584156854052,-0.20184584156854052,ground,1
10.125,-15.375,0.75,-0.1987615906438663,-0.20569527560554635,ground,2
10.125,-13.875,0.75,-0.21006887083345172,-0.23449539027344965,ground,2
10.125,-13.125,0.75,-0.23490512101387942,-0.23490512101387942,ground,1
10.125,-11.625,0.75,-0.21853845070269307,-0.21853845070269307,ground,1
10.125,-7.875,0.75,-0.21797735913638372,-0.21797735913638372,ground,1
10.125,-7.125,0.75,-0.18204584848252306,-0.18204584848252306,ground,1
10.125,-2.625,0.75,-0.170007546980532,-0.170007546980532,ground,1
10.125,4.875,0.75,-0.09165300535759191,-0.09165300535759191,ground,1
10.125,5.625,0.75,-0.12557667330201633,-0.12557667330201633,ground,1
10.125,7.875,0.75,-0.0795596074596402,-0.0795596074596402,ground,1
10.125,13.875,0.75,-0.034769718612405257,-0.034769718612405257,ground,1
10.125,15.375,0.75,-0.07484397762824495,-0.07484397762824495,ground,1
10.125,19.125,0.75,-0.040320324226553156,-0.06821029054675058,ground,2
10.125,20.625,0.75,-0.01782615890518656,-0.01782615890518656,ground,1
10.125,21.375,0.75,-0.03454061604585402,-0.03454061604585402,ground,1
10.125,22.125,0.75,-0.08612619701219586,-0.08612619701219586,ground,1
10.125,24.375,0.75,-0.0713919076435027,-0.0713919076435027,ground,1
10.125,25.125,0.75,-0.024320958682411093,-0.024320958682411093,ground,1
10.125,25.875,0.75,-0.029088294267766154,-0.029088294267766154,ground,1
10.875,-27.375,0.75,1.278503440371626,1.278503440371626,vegetation,1
10.875,-25.875,0.75,-0.29196134168006604,-0.29196134168006604,ground,1
10.875,-22.125,0.75,-0.2232523833349554,-0.2232523833349554,ground,1
10.875,-19.125,0.75,-0.2351625671622724,-0.2351625671622724,ground,1
10.875,-16.125,0.75,-0.2629003912791036,-0.2629003912791036,ground,1
10.875,-10.125,0.75,-0.24803912698752872,-0.24803912698752872,ground,1
10.875,-7.875,0.75,-0.20698578070749946,-0.20698578070749946,ground,1
10.875,-6.375,0.75,-0.21384935369424385,-0.21384935369424385,ground,1
10.875,-4.125,0.75,-0.19576154096045265,-0.19576154096045265,ground,1
10.875,-0.375,0.75,-0.1360651999936337,-0.1360651999936337,ground,1
10.875,2.625,0.75,-0.135593243186572,-0.135593243186572,ground,1
10.875,4.125,0.75,-0.12156443224708707,-0.12156443224708707,ground,1
10.875,22.125,0.75,-0.11251776367424135,-0.11251776367424135,ground,1
10.875,24.375,0.75,-0.033597481843404456,-0.033597481843404456,ground,1
11.625,-26.625,0.75,-0.29835816899872813,-0.29835816899872813,ground,1
11.625,-25.125,0.75,-0.33053061529949657,-0.33053061529949657,ground,1
11.625,-21.375,0.75,-0.22375098306441152,-0.2368789655062618,ground,2
11.625,-20.625,0.75,-0.21491572393051928,-0.21491572393051928,ground,1
11.625,-17.625,0.75,-0.2574453181856963,-0.2574453181856963,ground,1
11.625,-10.875,0.75,-0.20220652319514498,-0.20220652319514498,ground,1
11.625,-10.125,0.75,-0.1966759225426381,-0.2027185220200809,ground,3
11.625,-5.625,0.75,-0.20781377925076094,-0.20781377925076094,ground,1
11.625,-4.875,0.75,-0.17894841029788627,-0.2055800853904251,ground,2
11.625,-3.375,0.75,-0.18722183012059038,-0.18722183012059038,ground,1
11.625,-1.125,0.75,-0.1703256482930048,-0.1703256482930048,ground,1
11.625,1.875,0.75,-0.2090273730019576,-0.2090273730019576,ground,1
11.625,2.625,0.75,-0.1484617840762611,-0.1484617840762611,ground,1
11.625,4.125,0.75,-0.188215857870374,-0.188215857870374,ground,1
11.625,6.375,0.75,-0.19083811192794725,-0.19083811192794725,ground,1
11.625,7.125,0.75,-0.21929382268112996,-0.21929382268112996,ground,1
11.625,12.375,0.75,-0.12080700820553024,-0.12130775249937485,ground,2
11.625,13.125,0.75,-0.12335246150451812,-0.12335246150451812,ground,1
11.625,13.875,0.75,-0.11110680639477886,-0.11110680639477886,ground,1
11.625,16.875,0.75,-0.14554599543496965,-0.14554599543496965,ground,1
11.625,17.625,0.75,-0.10377492660460466,-0.10377492660460466,ground,1
11.625,19.125,0.75,-0.1470166205613212,-0.1470166205613212,ground,1
11.625,21.375,0.75,-0.09927278073253372,-0.0997883239525649,ground,2
11.625,23.625,0.75,-0.10235979467372498,-0.10235979467372498,ground,1
11.625,25.125,0.75,-0.10094825545172827,-0.10094825545172827,ground,1
11.625,25.875,0.75,1.1167387238134665,1.1167387238134665,vegetation,1
12.375,-25.875,0.75,-0.2810891452449062,-0.2810891452449062,ground,1
12.375,-25.125,0.75,-0.28167726784972463,-0.28167726784972463,ground,1
12.375,-20.625,0.75,-0.23532696762977068,-0.23532696762977068,ground,1
12.375,-18.375,0.75,-0.2151004229852297,-0.2151004229852297,ground,1
12.375,-15.375,0.75,-0.27793630153953647,-0.27793630153953647,ground,1
12.375,-13.125,0.75,-0.23738450796766863,-0.23738450796766863,ground,1
12.375,-2.625,0.75,1.3310341244369879,1.3310341244369879,vehicle,1
12.375,-1.875,0.75,1.254957139526978,1.254957139526978,vehicle,1
12.375,3.375,0.75,-0.12054299722879466,-0.12054299722879466,ground,1
12.375,8.625,0.75,-0.11096674006656855,-0.11096674006656855,ground,1
12.375,9.375,0.75,-0.13794318391544855,-0.1405385177811937,ground,2
12.375,11.625,0.75,-0.1408206195440461,-0.1408206195440461,ground,1
12.375,14.625,0.75,-0.11347113383460532,-0.11347113383460532,ground,1
12.375,16.125,0.75,-0.09412433766660863,-0.10211706498535032,ground,2
12.375,18.375,0.75,-0.1201184891554384,-0.1201184891554384,ground,1
13.125,-25.125,0.75,1.2708953555703397,1.2708953555703397,vegetation,1
13.125,-24.375,0.75,-0.3252328947682733,-0.3252328947682733,ground,1
13.125,-20.625,0.75,-0.21945707207758977,-0.25458126357316635,ground,2
13.125,-19.125,0.75,-0.2530430800647477,-0.2664184265169125,ground,2
13.125,-16.875,0.75,-0.29092033814401025,-0.29092033814401025,ground,1
13.125,-14.625,0.75,-0.23712185885565076,-0.23712185885565076,ground,1
13.125,-13.125,0.75,-0.2677905120622542,-0.2677905120622542,ground,1
13.125,-10.125,0.75,-0.22031306668462403,-0.22031306668462403,ground,1
13.125,-8.625,0.75,-0.2449921335408989,-0.2449921335408989,ground,1
13.125,-7.875,0.75,-0.22264532691026007,-0.22264532691026007,ground,1
13.125,-4.875,0.75,-0.2511028166279036,-0.2511028166279036,ground,1
13.125,1.875,0.75,1.2050539720185542,1.2050539720185542,vehicle,1
13.125,3.375,0.75,-0.19130175365963803,-0.19130175365963803,ground,1
13.125,4.125,0.75,-0.15492304308026983,-0.15492304308026983,ground,1
13.125,7.875,0.75,-0.16383225327534173,-0.16383225327534173,ground,1
13.125,8.625,0.75,-0.11141965859845321,-0.11141965859845321,ground,1
13.125,9.375,0.75,-0.15263382542594106,-0.15263382542594106,ground,1
13.125,13.875,0.75,-0.1363129475613484,-0.1363129475613484,ground,1
13.125,16.125,0.75,-0.12824611537586714,-0.12824611537586714,ground,1
13.125,16.875,0.75,-0.0916669091029107,-0.0916669091029107,ground,1
13.125,22.875,0.75,-0.09415435673432214,-0.09415435673432214,ground,1
13.875,-25.875,0.75,-0.3042680659411555,-0.3042680659411555,ground,1
13.875,-25.125,0.75,-0.30716318120461367,-0.30716318120461367,ground,1
13.875,-19.875,0.75,-0.2842955627862437,-0.2842955627862437,ground,1
13.875,-19.125,0.75,-0.2853417748148545,-0.2853417748148545,ground,1
13.875,-15.375,0.75,-0.28119037804662095,-0.29696311397125386,ground,2
13.875,-10.875,0.75,-0.26054437852108164,-0.26054437852108164,ground,1
13.875,-7.125,0.75,-0.22724335981021976,-0.23703604209212115,ground,2
13.875,-1.875,0.75,1.278024480920941,1.278024480920941,vehicle,1
13.875,-1.125,0.75,1.2489703919443298,1.2489703919443298,vehicle,1
13.875,0.375,0.75,1.267866910998496,1.267866910998496,vehicle,1
13.875,1.125,0.75,1.25229073596903,1.25229073596903,vehicle,1
13.875,1.875,0.75,1.2115845027824708,1.2115845027824708,vehicle,1
13.875,2.625,0.75,1.2470948634315233,1.2470948634315233,vehicle,1
13.875,4.125,0.75,-0.2142060768941754,-0.2142060768941754,ground,1
13.875,12.375,0.75,-0.14159809358484984,-0.14333701471150578,ground,2
13.875,14.625,0.75,-0.12917728953875335,-0.12917728953875335,ground,1
13.875,20.625,0.75,-0.1259621577233214,-0.1259621577233214,ground,1
13.875,22.875,0.75,-0.09261582621187117,-0.09261582621187117,ground,1
13.875,25.125,0.75,2.741275222253859,2.741275222253859,vegetation,1
14.625,-25.125,0.75,-0.3303258022265862,-0.3303258022265862,ground,1
14.625,-24.375,0.75,-0.29610094235398077,-0.29610094235398077,ground,1
14.625,-23.625,0.75,-0.3612157645028085,-0.3612157645028085,ground,1
14.625,-15.375,0.75,-0.25491064960529036,-0.25491064960529036,ground,1
14.625,-4.125,0.75,-0.25310500582802475,-0.25310500582802475,ground,1
14.625,-2.625,0.75,1.1886014760572445,1.1886014760572445,vehicle,1
14.625,10.875,0.75,-0.1729913652876439,-0.1729913652876439,ground,1
14.625,12.375,0.75,-0.16848684196214858,-0.17103285142636848,ground,2
14.625,13.125,0.75,-0.1657217694644256,-0.1657217694644256,ground,1
14.625,19.875,0.75,-0.13788986730802177,-0.13788986730802177,ground,1
15.375,-20.625,0.75,-0.387366845712837,-0.387366845712837,ground,1
15.375,-19.875,0.75,-0.28407755693780623,-0.28407755693780623,ground,1
15.375,-16.875,0.75,-0.33190323044450787,-0.33190323044450787,ground,1
15.375,-16.125,0.75,-0.2870771149445581,-0.2870771149445581,ground,1
15.375,-13.875,0.75,-0.28181004755946826,-0.28181004755946826,ground,1
15.375,-10.875,0.75,-0.2647157407618688,-0.2647157407618688,ground,1
15.375,-8.625,0.75,-0.2750215495020531,-0.2750215495020531,ground,1
15.375,-5.625,0.75,-0.23587501353011242,-0.23587501353011242,ground,1
15.375,-1.875,0.75,1.2755001923153972,1.2755001923153972,vehicle,1
15.375,1.875,0.75,1.2638362574662014,1.2638362574662014,vehicle,1
15.375,2.625,0.75,1.2433001612323584,1.2433001612323584,vehicle,1
15.375,10.125,0.75,-0.14628351487744712,-0.14628351487744712,ground,1
15.375,10.875,0.75,-0.16287772693119085,-0.16287772693119085,ground,1
15.375,17.625,0.75,-0.1525864719124528,-0.1525864719124528,ground,1
15.375,19.875,0.75,-0.13202957706166213,-0.13202957706166213,ground,1
15.375,20.625,0.75,-0.1387580467592118,-0.1387580467592118,ground,1
16.125,-25.125,0.75,-0.3526536629414895,-0.3526536629414895,ground,1
16.125,-22.875,0.75,-0.3515659927231376,-0.3515659927231376,ground,1
16.125,-20.625,0.75,-0.3500026263902881,-0.3500026263902881,ground,1
16.125,-19.125,0.75,-0.36946892397660486,-0.36946892397660486,ground,1
16.125,-16.125,0.75,-0.3335823002652045,-0.3335823002652045,ground,1
16.125,-14.625,0.75,-0.3557902069372108,-0.3557902069372108,ground,1
16.125,-13.875,0.75,-0.2674540968296121,-0.2674540968296121,ground,1
16.125,-13.125,0.75,-0.3002551320133884,-0.3002551320133884,ground,1
16.125,-10.875,0.75,-0.2857033866318187,-0.2857033866318187,ground,1
16.125,-10.125,0.75,-0.26928845985247934,-0.27474639142690904,ground,2
16.125,-9.375,0.75,-0.30840405419120365,-0.30840405419120365,ground,1
16.125,-8.625,0.75,-0.19566453173415999,-0.19566453173415999,ground,1
16.125,-7.125,0.75,-0.2586937183066345,-0.2586937183066345,ground,1
16.125,-4.875,0.75,-0.2522012267385288,-0.2522012267385288,ground,1
16.125,-4.125,0.75,-0.2644555920239751,-0.2644555920239751,ground,1
16.125,-1.875,0.75,1.16578254924575,1.16578254924575,vehicle,1
16.125,0.375,0.75,1.2395236807298313,1.2286442987752582,vehicle,2
16.125,1.125,0.75,1.21405361130186,1.21405361130186,vehicle,1
16.125,1.875,0.75,1.2303897529199739,1.2263440613898973,vehicle,2
16.125,5.625,0.75,-0.22987733137596195,-0.22987733137596195,ground,1
16.125,6.375,0.75,-0.21507939905872847,-0.21507939905872847,ground,1
16.125,16.875,0.75,-0.16055215864307282,-0.16055215864307282,ground,1
16.125,18.375,0.75,-0.18072793147111418,-0.18072793147111418,ground,1
16.125,21.375,0.75,-0.14633847350155782,-0.14633847350155782,ground,1
16.125,23.625,0.75,-0.13760279773094464,-0.13760279773094464,ground,1
16.125,24.375,0.75,-0.11842514271319907,-0.11842514271319907,ground,1
16.875,-23.625,0.75,-0.3473205548018959,-0.3473205548018959,ground,1
16.875,-19.125,0.75,-0.31005114172912923,-0.31005114172912923,ground,1
16.875,-18.375,0.75,-0.3204474326561124,-0.3204474326561124,ground,1
16.875,-16.125,0.75,-0.30328680887021786,-0.30328680887021786,ground,1
16.875,-10.875,0.75,-0.3087748585751841,-0.3087748585751841,ground,1
16.875,-7.875,0.75,-0.27981922776723583,-0.27981922776723583,ground,1
16.875,-5.625,0.75,-0.25471542731778235,-0.25471542731778235,ground,1
16.875,-4.875,0.75,-0.30533031598660343,-0.30533031598660343,ground,1
16.875,-3.375,0.75,1.1765668065405852,1.1765668065405852,vehicle,1
16.875,-2.625,0.75,1.1745050684802452,1.1745050684802452,vehicle,1
16.875,1.875,0.75,1.226723047023461,1.226723047023461,vehicle,1
16.875,6.375,0.75,-0.20956021330447414,-0.20956021330447414,ground,1
16.875,10.125,0.75,-0.24658336479826098,-0.24658336479826098,ground,1
16.875,14.625,0.75,-0.204958536045158,-0.204958536045158,ground,1
16.875,18.375,0.75,-0.16103458139204618,-0.16103458139204618,ground,1
16.875,19.125,0.75,-0.1736166948131968,-0.1736166948131968,ground,1
16.875,22.875,0.75,-0.17464431195611582,-0.184792802309952,ground,2
16.875,23.625,0.75,-0.16449749785499723,-0.16449749785499723,ground,1
17.625,-22.875,0.75,-0.3587197615540241,-0.3587197615540241,ground,1
17.625,-21.375,0.75,-0.34087071258887336,-0.34087071258887336,ground,1
17.625,-19.875,0.75,-0.3054160536250491,-0.3054160536250491,ground,1
17.625,-16.125,0.75,-0.36918419617455184,-0.36918419617455184,ground,1
17.625,-11.625,0.75,-0.3073936758029578,-0.3181140582737887,ground,2
17.625,-10.875,0.75,-0.27402724026032865,-0.27402724026032865,ground,1
17.625,-6.375,0.75,-0.29571108042949845,-0.29571108042949845,ground,1
17.625,-4.875,0.75,-0.28028954269301226,-0.28028954269301226,ground,1
17.625,-2.625,0.75,1.1338571383337976,1.1338571383337976,vehicle,1
17.625,1.875,0.75,1.2207692923397155,1.2207692923397155,vehicle,1
17.625,4.875,0.75,-0.21964320516649505,-0.21964320516649505,ground,1
17.625,7.125,0.75,-0.23222267076516245,-0.23660523965722696,ground,2
17.625,10.875,0.75,-0.22218360894325512,-0.22218360894325512,ground,1
17.625,13.875,0.75,-0.17554380295756866,-0.20462856250046157,ground,2
17.625,16.125,0.75,-0.19626399873127903,-0.19626399873127903,ground,1
17.625,18.375,0.75,-0.23090924782954106,-0.23090924782954106,ground,1
17.625,22.125,0.75,-0.15797670893811258,-0.15797670893811258,ground,1
18.375,-22.875,0.75,-0.34527443818946907,-0.35586391543789,ground,2
18.375,-20.625,0.75,-0.3517474654678712,-0.3517474654678712,ground,1
18.375,-18.375,0.75,-0.3425623230432141,-0.3425623230432141,ground,1
18.375,-3.375,0.75,-0.31548585863855894,-0.31548585863855894,ground,1
18.375,-1.875,0.75,-0.2856654028862813,-0.2856654028862813,ground,1
18.375,-0.375,0.75,-0.3416523232547204,-0.3416523232547204,ground,1
18.375,1.125,0.75,-0.24688968784553425,-0.24688968784553425,ground,1
18.375,4.125,0.75,-0.18742217008550327,-0.22857904955269884,ground,2
18.375,5.625,0.75,-0.2557699050214696,-0.2557699050214696,ground,1
18.375,9.375,0.75,-0.21154931134381083,-0.21154931134381083,ground,1
18.375,10.875,0.75,-0.24140921919904812,-0.24140921919904812,ground,1
18.375,12.375,0.75,-0.18767641418595066,-0.18767641418595066,ground,1
18.375,15.375,0.75,-0.2350314872027897,-0.2350314872027897,ground,1
18.375,17.625,0.75,-0.21739911771041842,-0.21739911771041842,ground,1
18.375,22.125,0.75,-0.19547327467588138,-0.19547327467588138,ground,1
18.375,23.625,0.75,-0.1991301687623152,-0.1991301687623152,ground,1
19.125,-18.375,0.75,-0.3919259416016409,-0.3919259416016409,ground,1
19.125,-13.875,0.75,-0.3463578321537644,-0.36484826745256654,ground,2
19.125,-4.875,0.75,-0.3140393135056,-0.3140393135056,ground,1
19.125,1.125,0.75,-0.25063103352635563,-0.25063103352635563,ground,1
19.125,3.375,0.75,-0.2694518577789571,-0.2694518577789571,ground,1
19.125,8.625,0.75,-0.30108067587023984,-0.30108067587023984,ground,1
19.125,11.625,0.75,-0.2293970957213493,-0.2293970957213493,ground,1
19.125,19.875,0.75,-0.21499215571289612,-0.21499215571289612,ground,1
19.875,-15.375,0.75,-0.36070764110995585,-0.36070764110995585,ground,1
19.875,-13.125,0.75,-0.3778402824661674,-0.3778402824661674,ground,1
19.875,-11.625,0.75,-0.3912598154394174,-0.3912598154394174,ground,1
19.875,-4.875,0.75,-0.35194444274399905,-0.35194444274399905,ground,1
19.875,-4.125,0.75,-0.325959718101653,-0.325959718101653,ground,1
19.875,2.625,0.75,-0.27921807242233854,-0.27921807242233854,ground,1
19.875,6.375,0.75,-0.27753123812285724,-0.27753123812285724,ground,1
19.875,8.625,0.75,-0.25212488273073336,-0.25212488273073336,ground,1
19.875,11.625,0.75,-0.23148495084734025,-0.23148495084734025,ground,1
19.875,13.125,0.75,-0.2574567607195326,-0.26502144831293756,ground,2
19.875,20.625,0.75,-0.2200355340054791,-0.2200355340054791,ground,1
20.625,-15.375,0.75,-0.38251393428459995,-0.38251393428459995,ground,1
20.625,-14.625,0.75,-0.38261316380531213,-0.38261316380531213,ground,1
20.625,-11.625,0.75,-0.3805678906422143,-0.4043029116376826,ground,2
20.625,-10.125,0.75,-0.3860846775857638,-0.3860846775857638,ground,1
20.625,-5.625,0.75,-0.32122337618020813,-0.32122337618020813,ground,1
20.625,-2.625,0.75,-0.30448063745185844,-0.30448063745185844,ground,1
20.625,-1.875,0.75,-0.3232883546474711,-0.3232883546474711,ground,1
20.625,1.875,0.75,-0.28011559071398195,-0.28011559071398195,ground,1
20.625,4.125,0.75,-0.2671186799882992,-0.2671186799882992,ground,1
20.625,10.125,0.75,-0.23683128294632527,-0.23683128294632527,ground,1
20.625,10.875,0.75,-0.25212165481720766,-0.25212165481720766,ground,1
20.625,16.125,0.75,-0.2700769068107999,-0.2700769068107999,ground,1
20.625,19.875,0.75,-0.19526686433673246,-0.19526686433673246,ground,1
21.375,-20.625,0.75,-0.4041916856757326,-0.4041916856757326,ground,1
21.375,-18.375,0.75,-0.43121473328369825,-0.43121473328369825,ground,1
21.375,-17.625,0.75,-0.38503766934694067,-0.38503766934694067,ground,1
21.375,-10.875,0.75,-0.311255613908263,-0.311255613908263,ground,1
21.375,-8.625,0.75,-0.38281080274312634,-0.38281080274312634,ground,1
21.375,-5.625,0.75,-0.3498288150012857,-0.3498288150012857,ground,1
21.375,10.125,0.75,-0.22713929437369962,-0.26459813698109097,ground,3
21.375,16.125,0.75,-0.24910521447430375,-0.24910521447430375,ground,1
21.375,16.875,0.75,-0.23893999187113638,-0.23893999187113638,ground,1
21.375,21.375,0.75,-0.2389078341448522,-0.2389078341448522,ground,1
22.125,-19.125,0.75,-0.4045606655349041,-0.4045606655349041,ground,1
22.125,-15.375,0.75,-0.39779801704109974,-0.39779801704109974,ground,1
22.125,-12.375,0.75,-0.3888495561311116,-0.3888495561311116,ground,1
22.125,-4.875,0.75,-0.3550840850051605,-0.3550840850051605,ground,1
22.125,-4.125,0.75,-0.35772552928410983,-0.35772552928410983,ground,1
22.125,-0.375,0.75,-0.2903351693176159,-0.2903351693176159,ground,1
22.125,0.375,0.75,-0.29407952125636183,-0.29407952125636183,ground,1
22.125,2.625,0.75,-0.3189044226751564,-0.3189044226751564,ground,1
22.125,5.625,0.75,-0.3128688061088483,-0.3128688061088483,ground,1
22.125,6.375,0.75,-0.32984988987406916,-0.32984988987406916,ground,1
22.125,14.625,0.75,-0.25578409613168634,-0.25578409613168634,ground,1
22.125,17.625,0.75,-0.27022320846462033,-0.27022320846462033,ground,1
22.875,-18.375,0.75,-0.3776619638454358,-0.3776619638454358,ground,1
22.875,-13.125,0.75,-0.3929046389632431,-0.3929046389632431,ground,1
22.875,-4.125,0.75,-0.38438514033430277,-0.38438514033430277,ground,1
22.875,-2.625,0.75,-0.39545055408298435,-0.39545055408298435,ground,1
22.875,1.875,0.75,-0.3202677831160626,-0.3202677831160626,ground,1
22.875,3.375,0.75,-0.31292831566027796,-0.33779087589197904,ground,2
22.875,9.375,0.75,-0.29981251184582824,-0.29981251184582824,ground,1
22.875,10.875,0.75,-0.29051503705771126,-0.29051503705771126,ground,1
22.875,13.125,0.75,-0.28624580521323745,-0.3065416861406697,ground,2
23.625,-12.375,0.75,-0.3788208059765971,-0.3788208059765971,ground,1
23.625,-11.625,0.75,-0.4019348388676097,-0.4019348388676097,ground,1
23.625,-8.625,0.75,-0.4118511191447655,-0.4118511191447655,ground,1
23.625,-7.875,0.75,-0.35915814598086054,-0.35915814598086054,ground,1
23.625,-3.375,0.75,-0.38872418810998155,-0.38872418810998155,ground,1
23.625,-0.375,0.75,-0.38435536600972076,-0.38435536600972076,ground,1
23.625,1.125,0.75,-0.3545609576588801,-0.3545609576588801,ground,1
23.625,6.375,0.75,-0.3352361368488426,-0.3352361368488426,ground,1
23.625,7.875,0.75,-0.31057237433563223,-0.31057237433563223,ground,1
23.625,13.875,0.75,-0.3057556158074567,-0.3057556158074567,ground,1
23.625,16.875,0.75,-0.2825453882450283,-0.2825453882450283,ground,1
24.375,-13.125,0.75,-0.4408525650650079,-0.4408525650650079,ground,1
24.375,-12.375,0.75,-0.4368707509335331,-0.4368707509335331,ground,1
24.375,-10.125,0.75,-0.3966551499909092,-0.3966551499909092,ground,1
24.375,-8.625,0.75,-0.3534775444588955,-0.37917520471286836,ground,2
24.375,-7.125,0.75,-0.3662295255308273,-0.3918043037113366,ground,2
24.375,-4.125,0.75,-0.36626596981281784,-0.36626596981281784,ground,1
24.375,3.375,0.75,-0.3261019158028583,-0.3261019158028583,ground,1
24.375,4.875,0.75,-0.40018401560208083,-0.40018401560208083,ground,1
24.375,5.625,0.75,-0.3580384824789337,-0.3580384824789337,ground,1
24.375,7.125,0.75,-0.3480040643303505,-0.3480040643303505,ground,1
24.375,10.125,0.75,-0.33082985963477207,-0.33082985963477207,ground,1
24.375,11.625,0.75,-0.2958793854382634,-0.2958793854382634,ground,1
24.375,13.125,0.75,-0.3118572544136038,-0.3118572544136038,ground,1
24.375,15.375,0.75,-0.3385655989928406,-0.3385655989928406,ground,1
24.375,16.125,0.75,-0.2800703100095786,-0.2800703100095786,ground,1
25.125,-16.875,0.75,-0.4017595755625524,-0.4017595755625524,ground,1
25.125,-9.375,0.75,-0.4276896774528816,-0.4276896774528816,ground,1
25.125,-8.625,0.75,-0.38632882448649986,-0.38632882448649986,ground,1
25.125,-4.125,0.75,-0.3719950808799416,-0.3719950808799416,ground,1
25.125,-3.375,0.75,-0.427217257270911,-0.427217257270911,ground,1
25.125,4.875,0.75,-0.37148033078688164,-0.37148033078688164,ground,1
25.125,5.625,0.75,-0.30051769924474486,-0.30051769924474486,ground,1
25.125,9.375,0.75,-0.3360233175198138,-0.3360233175198138,ground,1
25.125,10.875,0.75,-0.346345415266727,-0.346345415266727,ground,1
25.125,13.125,0.75,-0.3419011150884551,-0.3419011150884551,ground,1
25.875,-13.125,0.75,-0.45651267764742925,-0.45651267764742925,ground,1
25.875,-7.125,0.75,-0.42148273033328026,-0.42148273033328026,ground,1
25.875,-4.875,0.75,-0.3843710476607339,-0.3843710476607339,ground,1
25.875,-1.125,0.75,-0.3608441324347436,-0.3608441324347436,ground,1
25.875,1.875,0.75,-0.37762043673965623,-0.37762043673965623,ground,1
25.875,2.625,0.75,-0.365912405155835,-0.365912405155835,ground,1
25.875,8.625,0.75,-0.3500365213808261,-0.3500365213808261,ground,1
25.875,9.375,0.75,-0.34653298326209436,-0.34653298326209436,ground,1
25.875,10.125,0.75,-0.34115667262368055,-0.34115667262368055,ground,1
25.875,12.375,0.75,-0.2871585129441157,-0.2871585129441157,ground,1
25.875,13.125,0.75,-0.3912495530705444,-0.3912495530705444,ground,1
25.875,13.875,0.75,-0.3085485230714447,-0.3085485230714447,ground,1
26.625,-13.875,0.75,-0.4781390727903189,-0.4781390727903189,ground,1
26.625,-13.125,0.75,-0.4159215186410255,-0.4159215186410255,ground,1
26.625,-7.875,0.75,-0.4248793302121897,-0.4248793302121897,ground,1
26.625,-0.375,0.75,-0.4075203693488938,-0.4075203693488938,ground,1
26.625,0.375,0.75,-0.3507663429729213,-0.3507663429729213,ground,1
26.625,5.625,0.75,-0.39284942385482463,-0.39284942385482463,ground,1
26.625,7.125,0.75,-0.39216280256563496,-0.39216280256563496,ground,1
26.625,8.625,0.75,-0.2995863862304222,-0.32530324984526515,ground,2
26.625,9.375,0.75,-0.401365821274251,-0.401365821274251,ground,1
26.625,11.625,0.75,-0.3883142452416103,-0.3883142452416103,ground,1
26.625,13.875,0.75,-0.34438958784131496,-0.34438958784131496,ground,1
27.375,-4.875,0.75,-0.46134098109376565,-0.46134098109376565,ground,1
27.375,-3.375,0.75,-0.4129143169141586,-0.4129143169141586,ground,1
27.375,-1.125,0.75,-0.37144333361662174,-0.4055604625078635,ground,2
27.375,1.875,0.75,-0.38742572471970277,-0.38742572471970277,ground,1
27.375,3.375,0.75,-0.396619729103614,-0.396619729103614,ground,1
27.375,5.625,0.75,-0.40216595983348774,-0.40216595983348774,ground,1
27.375,7.875,0.75,-0.3834575533262554,-0.3834575533262554,ground,1
27.375,8.625,0.75,-0.38846161659279316,-0.38846161659279316,ground,1
27.375,9.375,0.75,-0.4001176198298194,-0.4001176198298194,ground,1
28.125,-6.375,0.75,-0.4596691861594908,-0.4596691861594908,ground,1
28.125,-0.375,0.75,-0.444081374858749,-0.444081374858749,ground,1
28.125,0.375,0.75,-0.40720712870306697,-0.40720712870306697,ground,1
28.125,4.125,0.75,-0.4290411453388933,-0.4290411453388933,ground,1
28.875,-6.375,0.75,-0.4621725288426668,-0.4621725288426668,ground,1
28.875,-4.875,0.75,-0.4561617126531894,-0.4561617126531894,ground,1
28.875,-2.625,0.75,-0.43991163109098336,-0.43991163109098336,ground,1
28.875,-1.125,0.75,-0.44007404843696984,-0.44007404843696984,ground,1
28.875,0.375,0.75,-0.42401462617328106,-0.42401462617328106,ground,1
29.625,0.375,0.75,-0.4559989820227065,-0.4559989820227065,ground,1
-99.0,-17.0,2.0,1.4724088885542406,1.4724088885542406,ground,1
-99.0,-11.0,2.0,1.4566229467970808,1.4214902229341226,ground,2
-99.0,-9.0,2.0,1.4538134107267968,1.4538134107267968,ground,1
-99.0,-7.0,2.0,1.4127088700993777,1.4127088700993777,ground,1
-99.0,-5.0,2.0,1.4521248169379013,1.4521248169379013,ground,1
-99.0,-3.0,2.0,1.478789214901824,1.4574074152789376,ground,3
-99.0,3.0,2.0,1.5074727839071218,1.5074727839071218,ground,1
-99.0,5.0,2.0,1.4996588889432607,1.4828295842054782,ground,4
-99.0,7.0,2.0,1.5100638581723336,1.5100638581723336,ground,1
-99.0,9.0,2.0,1.527445616208971,1.527445616208971,ground,1
-99.0,11.0,2.0,1.5429407081054651,1.5368545639455176,ground,2
-99.0,17.0,2.0,1.5409738982772971,1.5409738982772971,ground,1
-97.0,-27.0,2.0,1.3134946403523668,1.3134946403523668,ground,1
-97.0,-25.0,2.0,2.283178117298373,2.283178117298373,vegetation,1
-97.0,-21.0,2.0,1.385570350295047,1.385570350295047,ground,1
-97.0,-17.0,2.0,1.4309643760243487,1.4309643760243487,ground,1
-97.0,-15.0,2.0,1.3896185595540074,1.3896185595540074,ground,1
-97.0,-11.0,2.0,1.402307872190044,1.3815700756102078,ground,2
-97.0,-7.0,2.0,1.4772065258632423,1.4772065258632423,ground,1
-97.0,-3.0,2.0,1.5065052600416409,1.5065052600416409,ground,1
-97.0,-1.0,2.0,1.451234139925485,1.451234139925485,ground,1
-97.0,9.0,2.0,1.5062173142380313,1.5062173142380313,ground,1
-97.0,11.0,2.0,1.4964194707752658,1.4807713583011508,ground,2
-97.0,13.0,2.0,1.5150786237678537,1.5150786237678537,ground,1
-97.0,15.0,2.0,1.5122773809742445,1.5122773809742445,ground,1
-97.0,17.0,2.0,1.556157987295786,1.5536082510891505,ground,2
-97.0,19.0,2.0,1.5118209453950304,1.5118209453950304,ground,1
-95.0,-31.0,2.0,3.6022178737397006,3.6022178737397006,vegetation,1
-95.0,-29.0,2.0,4.241730254968688,4.204338218120885,vegetation,2
-95.0,-25.0,2.0,1.3449206655085617,1.3449206655085617,ground,1
-95.0,-23.0,2.0,1.313179599678607,1.313179599678607,ground,1
-95.0,-21.0,2.0,1.3337979841101573,1.321409358363607,ground,2
-95.0,-19.0,2.0,1.3970292348180082,1.336405605553517,ground,4
-95.0,-17.0,2.0,1.3818339956451617,1.3818339956451617,ground,1
-95.0,-13.0,2.0,1.3692150662247506,1.3617246146642752,ground,2
-95.0,-11.0,2.0,1.374672568147422,1.3629199017058684,ground,2
-95.0,-1.0,2.0,1.458834628047069,1.458834628047069,ground,1
-95.0,1.0,2.0,1.4738085038047053,1.4738085038047053,ground,1
-95.0,3.0,2.0,1.4886213221056033,1.468358000271425,ground,2
-95.0,5.0,2.0,1.4353250645007933,1.4353250645007933,ground,1
-95.0,9.0,2.0,1.452285373535426,1.4509911203920645,ground,2
-95.0,11.0,2.0,1.4733554270836495,1.4733554270836495,ground,1
-95.0,15.0,2.0,1.5324186498439063,1.495697338933489,ground,3
-95.0,17.0,2.0,1.5357216897870205,1.5357216897870205,ground,1
-95.0,21.0,2.0,1.4951623074262297,1.4951623074262297,ground,1
-95.0,23.0,2.0,1.4927186265912207,1.4927186265912207,ground,1
-95.0,27.0,2.0,1.5442808988358785,1.5303652405154493,ground,2
-95.0,31.0,2.0,3.9774678872068177,3.9774678872068177,vegetation,1
-93.0,-35.0,2.0,1.3117372283241822,1.3117372283241822,ground,1
-93.0,-33.0,2.0,1.3175813713712954,1.3175813713712954,ground,1
-93.0,-31.0,2.0,4.155810710554663,4.155810710554663,vegetation,1
-93.0,-29.0,2.0,1.2894690368993398,1.2894690368993398,ground,1
-93.0,-27.0,2.0,1.2964697648341048,1.2964697648341048,ground,1
-93.0,-23.0,2.0,1.298513524158839,1.298513524158839,ground,1
-93.0,-21.0,2.0,1.3065998485130152,1.2862715550164157,ground,2
-93.0,-19.0,2.0,1.2872375045602142,1.2872375045602142,ground,1
-93.0,-15.0,2.0,1.3401710545055143,1.3401710545055143,ground,1
-93.0,-13.0,2.0,1.3352935637845444,1.3352935637845444,ground,1
-93.0,-11.0,2.0,1.3217532819544493,1.3217532819544493,ground,1
-93.0,-9.0,2.0,1.37876551317612,1.37876551317612,ground,1
-93.0,-7.0,2.0,1.346756601016252,1.346756601016252,ground,1
-93.0,-5.0,2.0,1.3677973779418382,1.3538895179233288,ground,2
-93.0,-3.0,2.0,1.4020639381800903,1.4020639381800903,ground,1
-93.0,-1.0,2.0,1.4052307942032218,1.4052307942032218,ground,1
-93.0,1.0,2.0,1.4059978164857694,1.4059978164857694,ground,1
-93.0,3.0,2.0,1.444968487137717,1.444968487137717,ground,1
-93.0,5.0,2.0,1.4271054441066933,1.4271054441066933,ground,1
-93.0,9.0,2.0,1.4397605472216415,1.4163472979548728,ground,2
-93.0,11.0,2.0,1.4497357565862377,1.4497357565862377,ground,1
-93.0,13.0,2.0,1.425410490475416,1.4237366713363377,ground,2
-93.0,17.0,2.0,1.5228163285153296,1.5228163285153296,ground,1
-93.0,19.0,2.0,1.4962674367376094,1.4962674367376094,ground,1
-93.0,21.0,2.0,1.4488436444470016,1.4488436444470016,ground,1
-93.0,23.0,2.0,1.5097784573628719,1.5097784573628719,ground,1
-93.0,27.0,2.0,1.4608834049848798,1.4608834049848798,ground,1
-93.0,29.0,2.0,1.5158062047408754,1.5158062047408754,ground,1
-93.0,33.0,2.0,2.9424094949102253,2.9424094949102253,vegetation,1
-93.0,35.0,2.0,1.5346342915231836,1.5162730829821438,ground,2
-91.0,-43.0,2.0,2.815072383545311,1.9933281031835692,ground,2
-91.0,-35.0,2.0,1.273298313552567,1.273298313552567,ground,1
-91.0,-33.0,2.0,1.1770882982688073,1.1770882982688073,ground,1
-91.0,-31.0,2.0,3.5342089748919685,2.3920416754814053,ground,2
-91.0,-29.0,2.0,1.24465417207898,1.24465417207898,ground,1
-91.0,-27.0,2.0,3.5575716878441694,2.398656033728359,ground,2
-91.0,-23.0,2.0,1.2599111673078212,1.2599111673078212,ground,1
-91.0,-21.0,2.0,1.329072737099734,1.3069646603939864,ground,2
-91.0,-19.0,2.0,1.2452269666846136,1.2452269666846136,ground,1
-91.0,-15.0,2.0,1.280727947145289,1.280727947145289,ground,1
-91.0,-13.0,2.0,1.3345650870614323,1.3262033084750644,ground,3
-91.0,-11.0,2.0,1.286687713951978,1.286687713951978,ground,1
-91.0,-9.0,2.0,1.3633919603260938,1.3436441858407957,ground,3
-91.0,-7.0,2.0,1.322759932013928,1.322759932013928,ground,1
-91.0,-5.0,2.0,1.3530993776950189,1.3350368998317133,ground,2
-91.0,-1.0,2.0,1.3805936717519423,1.3677491442881546,ground,2
-91.0,3.0,2.0,1.4075145020036481,1.3884628221951525,ground,2
-91.0,5.0,2.0,1.3614441724094408,1.3614441724094408,ground,1
-91.0,9.0,2.0,1.4193763821992877,1.4059113821225147,ground,2
-91.0,11.0,2.0,1.4310982702083666,1.4310982702083666,ground,1
-91.0,15.0,2.0,1.4587343921030849,1.446701782852302,ground,2
-91.0,17.0,2.0,1.446875904993754,1.4328132551850352,ground,3
-91.0,21.0,2.0,1.465497258025337,1.449891278737039,ground,2
-91.0,23.0,2.0,1.4871798058307755,1.4714681113257395,ground,2
-91.0,25.0,2.0,1.465385554076182,1.447792829033948,ground,2
-91.0,29.0,2.0,1.4549409231022348,1.4515617781651615,ground,2
-91.0,31.0,2.0,3.781078512397615,2.249571574920042,ground,3
-91.0,33.0,2.0,3.430756471579314,2.4776614335674525,ground,2
-91.0,37.0,2.0,1.4917373331995274,1.4917373331995274,ground,1
-91.0,41.0,2.0,1.5202055640263032,1.5202055640263032,ground,1
-89.0,-43.0,2.0,1.1333064363618137,1.1333064363618137,ground,1
-89.0,-39.0,2.0,3.6720472620588547,2.4263172716046193,ground,2
-89.0,-37.0,2.0,1.2567890821846839,1.2567890821846839,ground,1
-89.0,-35.0,2.0,2.608042191348793,1.6474732749550238,ground,3
-89.0,-33.0,2.0,1.2156599947964228,1.2156599947964228,ground,1
-89.0,-31.0,2.0,3.6818452186628736,2.4619180819864566,ground,2
-89.0,-29.0,2.0,1.2384058242419014,1.223563610448573,ground,4
-89.0,-27.0,2.0,3.72942844603174,2.066258993414051,ground,3
-89.0,-25.0,2.0,1.2815643000643477,1.2815643000643477,ground,1
-89.0,-23.0,2.0,1.2514896828576734,1.2408708135054947,ground,2
-89.0,-19.0,2.0,1.2524359642034093,1.2524359642034093,ground,1
-89.0,-13.0,2.0,1.306030622821937,1.306030622821937,ground,1
-89.0,-9.0,2.0,1.3185530355314212,1.3185530355314212,ground,1
-89.0,-7.0,2.0,1.3665964946498932,1.3299356619163372,ground,2
-89.0,-5.0,2.0,1.2875259179017078,1.2875259179017078,ground,1
-89.0,-3.0,2.0,1.3140404820295568,1.3074896145049062,ground,3
-89.0,-1.0,2.0,1.3413759150989273,1.3413759150989273,ground,1
-89.0,3.0,2.0,1.2897405943340512,1.2897405943340512,ground,1
-89.0,5.0,2.0,1.3661174317495004,1.3661174317495004,ground,1
-89.0,7.0,2.0,1.3482293668276542,1.3482293668276542,ground,1
-89.0,15.0,2.0,1.4054366148723416,1.382747920404418,ground,2
-89.0,17.0,2.0,1.4319699473491037,1.4319699473491037,ground,1
-89.0,19.0,2.0,1.406429259082978,1.406429259082978,ground,1
-89.0,23.0,2.0,1.3923143214101616,1.3923143214101616,ground,1
-89.0,25.0,2.0,1.4488180177023373,1.434960921248936,ground,2
-89.0,31.0,2.0,1.4996904465462408,1.4629193449233675,ground,3
-89.0,33.0,2.0,3.6555667392591507,3.6555667392591507,vegetation,1
-89.0,35.0,2.0,1.4605455621183336,1.4570717893909204,ground,3
-89.0,39.0,2.0,4.092565309144816,4.092565309144816,vegetation,1
-89.0,41.0,2.0,1.4603643185345008,1.4603643185345008,ground,1
-89.0,43.0,2.0,1.4664180818379131,1.4664180818379131,ground,1
-89.0,47.0,2.0,2.895084892308085,2.895084892308085,vegetation,1
-87.0,-51.0,2.0,1.0759590884109083,1.0759590884109083,ground,1
-87.0,-45.0,2.0,1.1178465294470743,1.1178465294470743,ground,1
-87.0,-43.0,2.0,1.146520772866755,1.146520772866755,ground,1
-87.0,-41.0,2.0,1.1381081797298995,1.1381081797298995,ground,1
-87.0,-37.0,2.0,4.06098742725612,2.6044024839139834,ground,2
-87.0,-33.0,2.0,2.1818806576084837,2.1818806576084837,vegetation,1
-87.0,-31.0,2.0,2.9209357762474393,2.9209357762474393,vegetation,1
-87.0,-29.0,2.0,2.1809825270050816,2.1809825270050816,vegetation,1
-87.0,-27.0,2.0,1.1919241802738345,1.1919241802738345,ground,1
-87.0,-25.0,2.0,4.008701318414042,4.008701318414042,vegetation,1
-87.0,-23.0,2.0,1.2946257461959187,1.2573636689411856,ground,4
-87.0,-19.0,2.0,1.2303366638313182,1.2303366638313182,ground,1
-87.0,-17.0,2.0,1.1895702563614654,1.1895702563614654,ground,1
-87.0,-15.0,2.0,1.2423590821283708,1.2423590821283708,ground,1
-87.0,-13.0,2.0,1.2940629214244557,1.2803799653416783,ground,3
-87.0,-11.0,2.0,1.26902486263001,1.2604665847592864,ground,3
-87.0,-7.0,2.0,1.2665935162300541,1.2665935162300541,ground,1
-87.0,-5.0,2.0,1.29030741666307,1.2828194780836628,ground,2
-87.0,-3.0,2.0,1.3290586082924998,1.2848949182935732,ground,5
-87.0,3.0,2.0,1.314392855156745,1.314392855156745,ground,1
-87.0,5.0,2.0,1.3299064601067707,1.3247958379749707,ground,2
-87.0,7.0,2.0,1.3236931222124482,1.3236931222124482,ground,1
-87.0,9.0,2.0,1.3339735174120555,1.3339735174120555,ground,1
-87.0,11.0,2.0,1.405863988951329,1.405863988951329,ground,1
-87.0,13.0,2.0,1.376022434354894,1.3475995640323646,ground,3
-87.0,15.0,2.0,1.3772525875348924,1.3468540697984068,ground,4
-87.0,21.0,2.0,1.403644493662427,1.403644493662427,ground,1
-87.0,23.0,2.0,1.4459463809024975,1.4459463809024975,ground,1
-87.0,25.0,2.0,3.318667642716467,2.3633379956907894,ground,2
-87.0,27.0,2.0,1.4017570767823075,1.3869781188408603,ground,2
-87.0,29.0,2.0,2.767265681546613,2.767265681546613,vegetation,1
-87.0,31.0,2.0,2.650842216692131,2.650842216692131,vegetation,1
-87.0,33.0,2.0,1.4046106671772507,1.4046106671772507,ground,1
-87.0,35.0,2.0,1.4665501941645611,1.458502368129219,ground,2
-87.0,37.0,2.0,1.4643805172453204,1.4643805172453204,ground,1
-87.0,39.0,2.0,1.4494404828606027,1.4204672280977384,ground,2
-87.0,49.0,2.0,1.518076001677136,1.518076001677136,ground,1
-85.0,-51.0,2.0,2.735075441997311,2.735075441997311,vegetation,1
-85.0,-49.0,2.0,1.0638204117890502,1.0638204117890502,ground,1
-85.0,-47.0,2.0,1.1119769636751677,1.1013517539073285,ground,2
-85.0,-41.0,2.0,1.110946882143435,1.110946882143435,ground,1
-85.0,-39.0,2.0,1.1074667576130703,1.1074667576130703,ground,1
-85.0,-37.0,2.0,3.6021264189976714,3.0139988115029728,vegetation,2
-85.0,-33.0,2.0,3.2587732303957155,3.2587732303957155,vegetation,1
-85.0,-31.0,2.0,1.1417292748207557,1.1363646454382814,ground,2
-85.0,-27.0,2.0,3.423759228524974,3.423759228524974,vegetation,1
-85.0,-25.0,2.0,1.2177467073994266,1.2177467073994266,ground,1
-85.0,-21.0,2.0,1.2053538034963311,1.2020917608707355,ground,2
-85.0,-19.0,2.0,1.2595960398756127,1.229875707345286,ground,3
-85.0,-17.0,2.0,1.251985209703668,1.2058836963926303,ground,4
-85.0,-15.0,2.0,1.225101713881576,1.225101713881576,ground,1
-85.0,-11.0,2.0,1.2565221177629908,1.2360361152709556,ground,3
-85.0,-9.0,2.0,1.2621517796025838,1.2268790115749844,ground,3
-85.0,-5.0,2.0,1.2882396356099717,1.2611366793616425,ground,2
-85.0,5.0,2.0,1.304086703534904,1.304086703534904,ground,1
-85.0,7.0,2.0,1.3399089787788914,1.312600582632822,ground,4
-85.0,9.0,2.0,1.3267758944174788,1.3267758944174788,ground,1
-85.0,11.0,2.0,1.3243969923493162,1.3137746958057612,ground,2
-85.0,15.0,2.0,1.3633370959498061,1.3337663633654517,ground,2
-85.0,17.0,2.0,1.3963442721476125,1.3963442721476125,ground,1
-85.0,19.0,2.0,1.3332507407632268,1.3332507407632268,ground,1
-85.0,21.0,2.0,1.3865604942230962,1.362754049316842,ground,2
-85.0,23.0,2.0,1.356751169394402,1.356751169394402,ground,1
-85.0,29.0,2.0,1.408562851486953,1.408562851486953,ground,1
-85.0,33.0,2.0,4.000554898957942,2.7109987505225135,ground,2
-85.0,35.0,2.0,2.3802240915166077,2.3802240915166077,vegetation,1
-85.0,37.0,2.0,1.4490985300984938,1.4363037051075405,ground,2
-85.0,39.0,2.0,1.4606737105236012,1.4606737105236012,ground,1
-85.0,41.0,2.0,3.9280195324334155,3.9280195324334155,vegetation,1
-85.0,51.0,2.0,3.4321621161174214,2.48567439885993,ground,2
-83.0,-53.0,2.0,2.046492458230797,2.046492458230797,vegetation,1
-83.0,-47.0,2.0,1.0372098486066619,1.0372098486066619,ground,1
-83.0,-45.0,2.0,3.446263328789642,3.446263328789642,vegetation,1
-83.0,-43.0,2.0,1.0772067528396603,1.0486737875709211,ground,3
-83.0,-41.0,2.0,3.3769538748734735,3.3769538748734735,vegetation,1
-83.0,-39.0,2.0,1.1034424647701409,1.0841133208692237,ground,2
-83.0,-37.0,2.0,1.088831576721806,1.075007012324181,ground,3
-83.0,-35.0,2.0,1.1172005534047318,1.1029995924995517,ground,2
-83.0,-33.0,2.0,2.973414691768165,2.973414691768165,vegetation,1
-83.0,-31.0,2.0,4.09420228604565,2.5219012381893413,vegetation,3
-83.0,-29.0,2.0,1.119564872592755,1.119564872592755,ground,1
-83.0,-25.0,2.0,1.1690494543850523,1.15738840682291,ground,2
-83.0,-23.0,2.0,1.160482780416834,1.1583348928617179,ground,2
-83.0,-21.0,2.0,1.1720929979853212,1.1470382974558977,ground,3
-83.0,-17.0,2.0,1.2261197362761134,1.2261197362761134,ground,1
-83.0,-15.0,2.0,1.200623571925262,1.200623571925262,ground,1
-83.0,-11.0,2.0,1.2385342948714788,1.2134811300187305,ground,3
-83.0,-7.0,2.0,1.2200140666134918,1.20520728825773,ground,3
-83.0,-3.0,2.0,1.198334916178597,1.198334916178597,ground,1
-83.0,-1.0,2.0,1.2426544128942332,1.2380105271404631,ground,3
-83.0,1.0,2.0,1.259261620347097,1.2405921806941707,ground,2
-83.0,3.0,2.0,1.2625630743342953,1.2559457534278418,ground,3
-83.0,5.0,2.0,1.3067789488109298,1.2765704385151029,ground,2
-83.0,7.0,2.0,1.282467373616725,1.2742334732041796,ground,2
-83.0,9.0,2.0,1.3062855769620443,1.3062855769620443,ground,1
-83.0,11.0,2.0,1.3497279199839347,1.3497279199839347,ground,1
-83.0,13.0,2.0,1.3441867450453011,1.3441867450453011,ground,1
-83.0,15.0,2.0,1.3310986906350004,1.3236443560805902,ground,2
-83.0,17.0,2.0,1.3150903363091768,1.3034291609181046,ground,2
-83.0,19.0,2.0,1.3414242193556254,1.321474942466418,ground,2
-83.0,25.0,2.0,3.429560767828992,3.429560767828992,vegetation,1
-83.0,27.0,2.0,2.9944374903239024,2.15665721652636,ground,2
-83.0,29.0,2.0,1.3567480620600048,1.3567480620600048,ground,1
-83.0,31.0,2.0,1.3511154771535303,1.3511154771535303,ground,1
-83.0,33.0,2.0,1.3930962697345293,1.3702930618960212,ground,3
-83.0,37.0,2.0,2.8945622604153978,1.875245772629641,ground,3
-83.0,39.0,2.0,2.865215490279608,2.1433569340583127,ground,2
-83.0,41.0,2.0,1.4279260861788963,1.4279260861788963,ground,1
-83.0,45.0,2.0,3.5045202404866735,2.7064127180095325,vegetation,3
-83.0,47.0,2.0,3.9996174402454856,2.716387947386368,ground,2
-83.0,49.0,2.0,2.5251637286222506,2.5251637286222506,vegetation,1
-83.0,51.0,2.0,2.441319032394714,1.9468422544332245,ground,2
-81.0,-59.0,2.0,0.9983374283137221,0.9895915832406702,ground,2
-81.0,-57.0,2.0,0.9980393287159033,0.9980393287159033,ground,1
-81.0,-53.0,2.0,0.992329703106171,0.992329703106171,ground,1
-81.0,-49.0,2.0,1.045772996660571,1.0348086628654334,ground,2
-81.0,-47.0,2.0,2.486770829860309,2.486770829860309,vegetation,1
-81.0,-43.0,2.0,1.07659427347636,1.064653633518792,ground,2
-81.0,-41.0,2.0,1.0657429996243755,1.0657429996243755,ground,1
-81.0,-37.0,2.0,1.1108531287014378,1.1108531287014378,ground,1
-81.0,-35.0,2.0,1.8997862952838642,1.4896924510995944,ground,2
-81.0,-33.0,2.0,1.0943260537009585,1.0943260537009585,ground,1
-81.0,-31.0,2.0,1.084906932357588,1.084906932357588,ground,1
-81.0,-29.0,2.0,1.1222515013548455,1.1031482472895633,ground,2
-81.0,-27.0,2.0,1.1361644761478518,1.1094071061490671,ground,2
-81.0,-23.0,2.0,1.1422077947461737,1.1225135684419452,ground,2
-81.0,-21.0,2.0,1.1502295644630918,1.1502295644630918,ground,1
-81.0,-19.0,2.0,1.137758311200077,1.1212562179552015,ground,3
-81.0,-13.0,2.0,1.1791271857149839,1.1532586851151008,ground,3
-81.0,-11.0,2.0,1.1633225037541643,1.1633225037541643,ground,1
-81.0,-9.0,2.0,1.1640631345495467,1.1640631345495467,ground,1
-81.0,-7.0,2.0,1.2129933949977252,1.2129933949977252,ground,1
-81.0,-5.0,2.0,1.203399528605492,1.1882510283310894,ground,3
-81.0,-3.0,2.0,1.1997596680812863,1.1855517204906203,ground,2
-81.0,-1.0,2.0,1.2116698149622354,1.2116698149622354,ground,1
-81.0,1.0,2.0,1.2434548476899416,1.2263485231346214,ground,2
-81.0,3.0,2.0,1.1982762210987115,1.1982762210987115,ground,1
-81.0,7.0,2.0,1.287943204207711,1.2578973177825081,ground,3
-81.0,9.0,2.0,1.2801699617301316,1.2730787325388755,ground,3
-81.0,13.0,2.0,1.2881520398440154,1.273434242914282,ground,2
-81.0,17.0,2.0,1.299896618335441,1.2654886895796336,ground,2
-81.0,21.0,2.0,1.2777121367022248,1.2777121367022248,ground,1
-81.0,23.0,2.0,1.3290402984605882,1.2955161427166633,ground,2
-81.0,27.0,2.0,4.102806501370612,4.102806501370612,vegetation,1
-81.0,33.0,2.0,1.3248849063361463,1.3248849063361463,ground,1
-81.0,37.0,2.0,2.8699138817658105,2.651891083329744,vegetation,2
-81.0,39.0,2.0,4.364238994551499,2.863643836752863,ground,2
-81.0,41.0,2.0,2.21398928985467,2.21398928985467,vegetation,1
-81.0,43.0,2.0,1.381415429110496,1.381415429110496,ground,1
-81.0,45.0,2.0,1.3817500560252247,1.3772604518571496,ground,2
-81.0,47.0,2.0,2.5091718541146495,1.944309855939844,ground,2
-81.0,49.0,2.0,1.4132806232701247,1.4036586497725607,ground,2
-81.0,51.0,2.0,1.4233768301265803,1.4233768301265803,ground,1
-81.0,53.0,2.0,4.077547249781336,4.077547249781336,vegetation,1
-81.0,55.0,2.0,1.4048643810074677,1.4048643810074677,ground,1
-81.0,57.0,2.0,1.4524089975611059,1.4524089975611059,ground,1
-79.0,-59.0,2.0,2.7945443176631413,1.8577488187626108,ground,2
-79.0,-57.0,2.0,0.9501275535192648,0.9411678377907122,ground,2
-79.0,-55.0,2.0,0.9939362072058324,0.9939362072058324,ground,1
-79.0,-53.0,2.0,0.9897568529922302,0.9897568529922302,ground,1
-79.0,-39.0,2.0,2.480679945570133,2.480679945570133,vegetation,1
-79.0,-37.0,2.0,1.0828546750787877,1.0828546750787877,ground,1
-79.0,-35.0,2.0,1.0659002002928344,1.0420635365726794,ground,2
-79.0,-33.0,2.0,1.0833743983104145,1.0673173933613964,ground,2
-79.0,-29.0,2.0,3.0780351507467865,3.0780351507467865,vegetation,1
-79.0,-27.0,2.0,3.921855178653037,3.7051109174871244,vegetation,2
-79.0,-23.0,2.0,1.117870852372541,1.0951364642008077,ground,2
-79.0,-21.0,2.0,1.1056853855419144,1.1008483574847956,ground,2
-79.0,-19.0,2.0,1.139380545391922,1.139380545391922,ground,1
-79.0,-17.0,2.0,1.1019294659104104,1.1019294659104104,ground,1
-79.0,-15.0,2.0,1.1107829550918533,1.1107829550918533,ground,1
-79.0,-13.0,2.0,1.1516386220329506,1.1516386220329506,ground,1
-79.0,-5.0,2.0,1.2075003622348486,1.2075003622348486,ground,1
-79.0,-3.0,2.0,1.2001777200803778,1.2001777200803778,ground,1
-79.0,-1.0,2.0,1.2243729675584132,1.1730621093442526,ground,2
-79.0,1.0,2.0,1.177584942627713,1.177584942627713,ground,1
-79.0,5.0,2.0,1.18543716844114,1.18543716844114,ground,1
-79.0,7.0,2.0,1.238728743864766,1.229045584082958,ground,2
-79.0,11.0,2.0,1.1986308389940492,1.1986308389940492,ground,1
-79.0,13.0,2.0,1.21565868710168,1.21565868710168,ground,1
-79.0,17.0,2.0,1.2665296867044897,1.2665296867044897,ground,1
-79.0,19.0,2.0,1.2666429754157014,1.2523075154202008,ground,2
-79.0,21.0,2.0,1.326877515199072,1.2912754675107525,ground,2
-79.0,25.0,2.0,1.3248822000061573,1.3248822000061573,ground,1
-79.0,27.0,2.0,3.400740466509049,2.3476376917583948,ground,2
-79.0,29.0,2.0,4.1783494882479815,4.1783494882479815,vegetation,1
-79.0,31.0,2.0,1.3333143833154124,1.3141741990617892,ground,2
-79.0,33.0,2.0,2.419473617882119,1.8776195879333528,ground,2
-79.0,37.0,2.0,3.185986699121979,2.6919541277688808,vegetation,2
-79.0,39.0,2.0,1.336092852451557,1.336092852451557,ground,1
-79.0,41.0,2.0,1.382348729383212,1.3801721817254267,ground,2
-79.0,43.0,2.0,1.3719344362180512,1.3719344362180512,ground,1
-79.0,47.0,2.0,1.4418513510011988,1.428450247552375,ground,2
-79.0,49.0,2.0,1.377743858941381,1.377743858941381,ground,1
-79.0,53.0,2.0,1.4129601194311392,1.4129601194311392,ground,1
-79.0,57.0,2.0,1.4220525697986386,1.4220525697986386,ground,1
-77.0,-63.0,2.0,0.8858547295308341,0.8858547295308341,ground,1
-77.0,-61.0,2.0,0.975293486127088,0.975293486127088,ground,1
-77.0,-59.0,2.0,2.509770222101868,1.4629378942617228,ground,3
-77.0,-51.0,2.0,3.8716963019680044,2.4210395825071274,ground,2
-77.0,-49.0,2.0,0.9460515699783683,0.940640402651629,ground,3
-77.0,-47.0,2.0,0.9755930379483577,0.9744384950109779,ground,2
-77.0,-45.0,2.0,2.3608101278102493,2.3608101278102493,vegetation,1
-77.0,-39.0,2.0,1.044906865839149,1.0445090227373988,ground,2
-77.0,-35.0,2.0,0.9641124332415613,0.9641124332415613,ground,1
-77.0,-33.0,2.0,1.0233548548463192,1.0233548548463192,ground,1
-77.0,-31.0,2.0,3.2721696589283993,3.2721696589283993,vegetation,1
-77.0,-29.0,2.0,3.8290573692640066,2.262117044143489,ground,4
-77.0,-27.0,2.0,1.0869384945572205,1.0869384945572205,ground,1
-77.0,-23.0,2.0,1.078046866276842,1.0680082617599402,ground,2
-77.0,-21.0,2.0,1.1114834124929769,1.1114834124929769,ground,1
-77.0,-19.0,2.0,1.1115617290536446,1.0933751895526729,ground,2
-77.0,-17.0,2.0,1.0720410064854802,1.0720410064854802,ground,1
-77.0,-15.0,2.0,1.0906085751409993,1.0906085751409993,ground,1
-77.0,-13.0,2.0,1.1488670830321028,1.1213029196909896,ground,3
-77.0,-11.0,2.0,1.1413449296976486,1.1268135170238136,ground,3
-77.0,-9.0,2.0,1.1188395326848912,1.1188395326848912,ground,1
-77.0,-7.0,2.0,1.1498627946337978,1.1498627946337978,ground,1
-77.0,-3.0,2.0,1.1719625709258132,1.1492633002094375,ground,2
-77.0,-1.0,2.0,1.1545559370115892,1.1545559370115892,ground,1
-77.0,3.0,2.0,1.1778062729415812,1.1699001856253948,ground,2
-77.0,7.0,2.0,1.1700100818800436,1.1655640929760982,ground,2
-77.0,9.0,2.0,1.1821168700972324,1.169700974383729,ground,2
-77.0,11.0,2.0,1.1355452095582639,1.1355452095582639,ground,1
-77.0,15.0,2.0,1.2515464295107044,1.213380773242861,ground,3
-77.0,17.0,2.0,1.228456782214225,1.2276334264822073,ground,2
-77.0,19.0,2.0,1.2252418694906604,1.2168688157963632,ground,2
-77.0,23.0,2.0,1.252904196868048,1.2317543580601233,ground,2
-77.0,25.0,2.0,3.8309125663477603,3.1676558132586976,vegetation,2
-77.0,27.0,2.0,3.231446528359152,3.231446528359152,vegetation,1
-77.0,31.0,2.0,2.277604906698364,1.786448442190308,ground,2
-77.0,33.0,2.0,2.4515872831206917,1.8662367619972469,ground,2
-77.0,35.0,2.0,2.9334449687125304,2.1151469336325386,ground,2
-77.0,39.0,2.0,1.2993518503332269,1.2993518503332269,ground,1
-77.0,41.0,2.0,4.301032012027953,2.290843069623792,ground,3
-77.0,43.0,2.0,1.3167125800683352,1.3167125800683352,ground,1
-77.0,45.0,2.0,3.9982858620134354,3.9982858620134354,vegetation,1
-77.0,47.0,2.0,1.3369259487360845,1.3369259487360845,ground,1
-77.0,49.0,2.0,1.3503291649109612,1.3359870866386654,ground,3
-77.0,51.0,2.0,2.2752957528130753,2.2752957528130753,vegetation,1
-77.0,53.0,2.0,1.379959521673429,1.379959521673429,ground,1
-77.0,55.0,2.0,1.3743807055092776,1.3743807055092776,ground,1
-77.0,57.0,2.0,4.230843371616238,4.230843371616238,vegetation,1
-77.0,59.0,2.0,3.918601580212585,2.650251757163714,ground,2
-77.0,63.0,2.0,1.3886248592830468,1.3886248592830468,ground,1
-75.0,-65.0,2.0,0.8737902603021802,0.8737902603021802,ground,1
-75.0,-63.0,2.0,3.771920300954911,2.7489825434691313,vegetation,3
-75.0,-61.0,2.0,0.8626837724985001,0.8626837724985001,ground,1
-75.0,-59.0,2.0,0.9285029557999092,0.9116539398927688,ground,2
-75.0,-57.0,2.0,0.962673570454618,0.924642118160758,ground,2
-75.0,-53.0,2.0,2.1243932664012437,1.5113661969866907,ground,2
-75.0,-51.0,2.0,0.9431191909420585,0.9431191909420585,ground,1
-75.0,-45.0,2.0,1.9103553416492842,1.9103553416492842,vegetation,1
-75.0,-41.0,2.0,2.484180776992102,2.484180776992102,vegetation,1
-75.0,-39.0,2.0,2.4712099926267257,1.3431886361112957,ground,4
-75.0,-37.0,2.0,0.9356919069745527,0.9356919069745527,ground,1
-75.0,-35.0,2.0,0.9808575923979661,0.9808575923979661,ground,1
-75.0,-33.0,2.0,0.9710638405210716,0.9710638405210716,ground,1
-75.0,-31.0,2.0,0.9965571467066664,0.9965571467066664,ground,1
-75.0,-29.0,2.0,3.5673598533198145,1.651221278645759,ground,4
-75.0,-27.0,2.0,3.6000369174481675,2.2895162436365175,ground,2
-75.0,-25.0,2.0,1.033022009387972,1.0287445502404071,ground,2
-75.0,-21.0,2.0,1.034075388368069,1.0239923495734629,ground,2
-75.0,-15.0,2.0,1.0674392371101042,1.0674392371101042,ground,1
-75.0,-11.0,2.0,1.067527196290286,1.0625331045194328,ground,2
-75.0,-7.0,2.0,1.118764539142724,1.0940258072481241,ground,2
-75.0,-5.0,2.0,1.1143616393381757,1.1079549236345998,ground,2
-75.0,-3.0,2.0,1.102213253526783,1.0803193096136159,ground,2
-75.0,3.0,2.0,1.1399895348374687,1.1211374722034535,ground,2
-75.0,5.0,2.0,1.1557135269200118,1.1557135269200118,ground,1
-75.0,7.0,2.0,1.1551489192879967,1.1499894854580208,ground,3
-75.0,13.0,2.0,1.198731209168865,1.198731209168865,ground,1
-75.0,15.0,2.0,1.180531330244608,1.159584685711311,ground,2
-75.0,17.0,2.0,1.1924814688266843,1.1924814688266843,ground,1
-75.0,19.0,2.0,1.2083198949610852,1.2083198949610852,ground,1
-75.0,25.0,2.0,1.1584279449548642,1.1584279449548642,ground,1
-75.0,27.0,2.0,2.1086130280208697,1.676753233996473,ground,2
-75.0,29.0,2.0,1.2092477535985309,1.2092477535985309,ground,1
-75.0,31.0,2.0,1.2411189092835582,1.2411189092835582,ground,1
-75.0,33.0,2.0,1.2789816697581582,1.2789816697581582,ground,1
-75.0,35.0,2.0,1.2863430686994741,1.2863430686994741,ground,1
-75.0,37.0,2.0,3.94725029022571,3.806716202956861,vegetation,2
-75.0,41.0,2.0,2.5486496185486978,1.9289436388551076,ground,2
-75.0,43.0,2.0,1.287781000051624,1.287781000051624,ground,1
-75.0,47.0,2.0,3.81336426822285,3.81336426822285,vegetation,1
-75.0,49.0,2.0,1.3112117364528635,1.3112117364528635,ground,1
-75.0,51.0,2.0,1.3548464951413095,1.3222751992717892,ground,2
-75.0,53.0,2.0,3.3031317568613714,2.3162871159452836,ground,2
-75.0,55.0,2.0,1.371029445703772,1.371029445703772,ground,1
-75.0,59.0,2.0,3.446397843325748,2.3916126539785596,ground,2
-75.0,61.0,2.0,4.312648917158112,4.312648917158112,vegetation,1
-75.0,65.0,2.0,1.3978690644368619,1.3978690644368619,ground,1
-73.0,-69.0,2.0,0.8264101033390948,0.8264101033390948,ground,1
-73.0,-67.0,2.0,1.875942822613788,1.875942822613788,vegetation,1
-73.0,-63.0,2.0,0.835438888616087,0.8219694517115458,ground,2
-73.0,-61.0,2.0,1.684522543936293,1.2603647422466226,ground,2
-73.0,-57.0,2.0,0.9421574970678858,0.9421574970678858,ground,1
-73.0,-53.0,2.0,0.8823913192055198,0.8823913192055198,ground,1
-73.0,-51.0,2.0,0.951391595741606,0.951391595741606,ground,1
-73.0,-49.0,2.0,3.582267887199464,3.582267887199464,vegetation,1
-73.0,-43.0,2.0,0.929462684496972,0.929462684496972,ground,1
-73.0,-41.0,2.0,0.896621567946775,0.896621567946775,ground,1
-73.0,-39.0,2.0,0.9441347799534919,0.9267277207160205,ground,2
-73.0,-37.0,2.0,3.4787210325158977,3.4787210325158977,vegetation,1
-73.0,-35.0,2.0,0.9200790652291821,0.9200790652291821,ground,1
-73.0,-33.0,2.0,3.8637490249230915,2.3982305707853517,ground,2
-73.0,-31.0,2.0,2.6097514074810553,2.6097514074810553,vegetation,1
-73.0,-29.0,2.0,3.7261776957923516,2.760098382342115,vegetation,3
-73.0,-27.0,2.0,3.2067613400434376,3.2067613400434376,vegetation,1
-73.0,-25.0,2.0,0.9605393995188474,0.9605393995188474,ground,1
-73.0,-19.0,2.0,1.0568246077410755,1.0568246077410755,ground,1
-73.0,-17.0,2.0,1.0160172934550853,1.0160172934550853,ground,1
-73.0,-13.0,2.0,1.0919090564926024,1.0645121181944686,ground,2
-73.0,-11.0,2.0,1.0192355057734235,1.0192355057734235,ground,1
-73.0,-9.0,2.0,1.0757567172657585,1.0757567172657585,ground,1
-73.0,-5.0,2.0,1.0960100071051273,1.0959660829549942,ground,2
-73.0,-3.0,2.0,1.0434900975384702,1.027964896986088,ground,2
-73.0,-1.0,2.0,1.1028701929996085,1.1028701929996085,ground,1
-73.0,3.0,2.0,1.134394452068638,1.123360996326126,ground,2
-73.0,5.0,2.0,1.1304613147150462,1.09995174265325,ground,2
-73.0,7.0,2.0,1.1116548468423115,1.1116548468423115,ground,1
-73.0,9.0,2.0,1.1401878473231526,1.1401878473231526,ground,1
-73.0,11.0,2.0,1.151075637330038,1.114172492432786,ground,3
-73.0,13.0,2.0,1.1257821888862023,1.1257821888862023,ground,1
-73.0,17.0,2.0,1.222086548046976,1.1869601651669335,ground,2
-73.0,19.0,2.0,1.188443574875713,1.1616690788707817,ground,2
-73.0,21.0,2.0,1.1767057441845024,1.1767057441845024,ground,1
-73.0,23.0,2.0,1.215038712279718,1.215038712279718,ground,1
-73.0,25.0,2.0,1.1652461119901178,1.1652461119901178,ground,1
-73.0,27.0,2.0,1.1738005287962716,1.1738005287962716,ground,1
-73.0,29.0,2.0,4.057209923704274,2.639484518231635,ground,2
-73.0,31.0,2.0,1.219794301991066,1.219794301991066,ground,1
-73.0,33.0,2.0,1.232016807613066,1.232016807613066,ground,1
-73.0,39.0,2.0,3.0775516739068203,3.0775516739068203,vegetation,1
-73.0,45.0,2.0,3.5931086044790326,3.5931086044790326,vegetation,1
-73.0,47.0,2.0,3.785122184908814,2.5308078543957517,ground,2
-73.0,49.0,2.0,2.4880020521683446,1.9184130375976838,ground,2
-73.0,51.0,2.0,1.3206612046454975,1.3206612046454975,ground,1
-73.0,53.0,2.0,1.2925941601544029,1.2925941601544029,ground,1
-73.0,55.0,2.0,3.181714863526274,2.035433291854571,ground,5
-73.0,63.0,2.0,1.3172207206028754,1.3172207206028754,ground,1
-73.0,67.0,2.0,1.3782952308629342,1.3782952308629342,ground,1
-71.0,-65.0,2.0,0.7818774384087995,0.7818774384087995,ground,1
-71.0,-63.0,2.0,3.288429557341467,3.1376695244013257,vegetation,2
-71.0,-61.0,2.0,2.812790642639646,2.812790642639646,vegetation,1
-71.0,-59.0,2.0,2.8046548217284224,1.805528186187844,ground,2
-71.0,-53.0,2.0,0.8856151811300023,0.8770888636640012,ground,2
-71.0,-51.0,2.0,0.8755123656477541,0.8692588082048998,ground,2
-71.0,-49.0,2.0,0.8846942301524352,0.8846942301524352,ground,1
-71.0,-47.0,2.0,0.8792540392732314,0.8604656750753336,ground,3
-71.0,-43.0,2.0,0.841360948150996,0.8368632100212456,ground,2
-71.0,-41.0,2.0,0.8934756019127701,0.8934756019127701,ground,1
-71.0,-39.0,2.0,0.9186819764663006,0.9044277123937964,ground,2
-71.0,-37.0,2.0,3.2764824920397517,2.2996256140063758,vegetation,3
-71.0,-35.0,2.0,0.9228564921278343,0.9106022579651751,ground,2
-71.0,-33.0,2.0,1.8278757972149797,1.3721653413018782,ground,2
-71.0,-29.0,2.0,0.951310149439095,0.9269759976470854,ground,3
-71.0,-27.0,2.0,0.9410960218613502,0.9410960218613502,ground,1
-71.0,-25.0,2.0,0.9549395968367891,0.9549395968367891,ground,1
-71.0,-23.0,2.0,0.9271633528577011,0.9271633528577011,ground,1
-71.0,-21.0,2.0,0.9794156180377456,0.9695440453516785,ground,2
-71.0,-19.0,2.0,1.0119397375503842,1.0031165908226103,ground,2
-71.0,-17.0,2.0,0.9593755530136763,0.9593755530136763,ground,1
-71.0,-15.0,2.0,1.028257606433202,1.02417383650648,ground,2
-71.0,-13.0,2.0,1.0153283217522757,1.0153283217522757,ground,1
-71.0,-11.0,2.0,1.0409306835388035,1.0176100488813122,ground,6
-71.0,-9.0,2.0,1.0227612834862598,1.0135580958382184,ground,2
-71.0,-7.0,2.0,1.046987911814719,1.046987911814719,ground,1
-71.0,-1.0,2.0,1.0835483239500368,1.0683652017975414,ground,2
-71.0,1.0,2.0,1.055310706556417,1.055310706556417,ground,1
-71.0,7.0,2.0,1.0816958050553873,1.0816958050553873,ground,1
-71.0,9.0,2.0,1.084081111088326,1.0830724471140374,ground,2
-71.0,15.0,2.0,1.097091284971797,1.097091284971797,ground,1
-71.0,19.0,2.0,1.169600144447018,1.1597146170870194,ground,2
-71.0,21.0,2.0,1.1534660831033192,1.145414821125448,ground,2
-71.0,23.0,2.0,1.1716084739459565,1.1682798605836302,ground,2
-71.0,25.0,2.0,1.102917910140714,1.102917910140714,ground,1
-71.0,27.0,2.0,1.1131489327317547,1.1131489327317547,ground,1
-71.0,33.0,2.0,1.2009904220909913,1.2009904220909913,ground,1
-71.0,37.0,2.0,1.2363265912461068,1.1984181820484179,ground,2
-71.0,39.0,2.0,2.473704699345253,1.87376745774736,ground,2
-71.0,41.0,2.0,3.400759014355169,3.400759014355169,vegetation,1
-71.0,43.0,2.0,1.2670754842685392,1.2585841531743158,ground,2
-71.0,45.0,2.0,3.5350389509014564,2.0006451571085635,ground,3
-71.0,47.0,2.0,3.752024505466543,3.4469411991160026,vegetation,2
-71.0,49.0,2.0,1.2558379115582534,1.2558379115582534,ground,1
-71.0,51.0,2.0,2.4588306045954385,1.8719829276229896,ground,2
-71.0,53.0,2.0,1.3078034893217485,1.299867122194645,ground,2
-71.0,55.0,2.0,1.2895164110214226,1.2865731913282565,ground,2
-71.0,57.0,2.0,1.2948513999654472,1.2948513999654472,ground,1
-71.0,59.0,2.0,2.723317611353565,2.723317611353565,vegetation,1
-71.0,61.0,2.0,1.2547463178308609,1.2547463178308609,ground,1
-71.0,63.0,2.0,1.3319787568868295,1.3319787568868295,ground,1
-71.0,65.0,2.0,1.354220975611321,1.3430554668385288,ground,2
-71.0,67.0,2.0,2.4452094542774785,2.4452094542774785,vegetation,1
-69.0,-71.0,2.0,2.019791384602685,1.3984818737094444,ground,2
-69.0,-69.0,2.0,1.6552638459703042,1.0586287546723494,ground,3
-69.0,-67.0,2.0,0.7802376203865233,0.7690879501045571,ground,3
-69.0,-61.0,2.0,1.6679624848116859,1.6679624848116859,vegetation,1
-69.0,-59.0,2.0,0.8298980719910258,0.8298980719910258,ground,1
-69.0,-57.0,2.0,0.8094142561879337,0.8006441652178895,ground,2
-69.0,-53.0,2.0,0.8062710041755782,0.8062710041755782,ground,1
-69.0,-51.0,2.0,2.077536240597415,2.077536240597415,vegetation,1
-69.0,-49.0,2.0,3.051260280266317,1.942164109886471,ground,2
-69.0,-47.0,2.0,0.8630282589831701,0.8630282589831701,ground,1
-69.0,-45.0,2.0,0.8895856388369124,0.8655278652596967,ground,2
-69.0,-41.0,2.0,0.9218182205865267,0.910453680786947,ground,2
-69.0,-37.0,2.0,0.9058906703831424,0.8854849628618991,ground,3
-69.0,-35.0,2.0,1.7850833101220296,1.467208451842372,vegetation,3
-69.0,-33.0,2.0,2.962739918050749,2.962739918050749,vegetation,1
-69.0,-31.0,2.0,3.102215069657694,3.102215069657694,vegetation,1
-69.0,-29.0,2.0,0.9335643335328695,0.9335643335328695,ground,1
-69.0,-27.0,2.0,0.9121320965501754,0.9121320965501754,ground,1
-69.0,-21.0,2.0,0.9368312086901971,0.9368312086901971,ground,1
-69.0,-19.0,2.0,0.9172175034548066,0.9172175034548066,ground,1
-69.0,-17.0,2.0,0.9729135885058171,0.9729135885058171,ground,1
-69.0,-15.0,2.0,1.008102781701462,0.9944553260365264,ground,3
-69.0,-13.0,2.0,1.0172399503884357,1.0172399503884357,ground,1
-69.0,-11.0,2.0,0.9691811597179719,0.9654590248451007,ground,2
-69.0,-9.0,2.0,1.0187888808881251,1.0117329438498122,ground,2
-69.0,-7.0,2.0,1.0380376189208909,1.026990834308753,ground,2
-69.0,-5.0,2.0,1.026789519584384,1.0227413369852574,ground,2
-69.0,-3.0,2.0,1.0206351771771065,1.0206351771771065,ground,1
-69.0,1.0,2.0,1.0305234682822002,1.0148811226561019,ground,2
-69.0,3.0,2.0,1.0959769776518729,1.0959769776518729,ground,1
-69.0,5.0,2.0,1.0470337489441834,1.0327437961320884,ground,3
-69.0,7.0,2.0,1.07709774606793,1.0382458508175325,ground,2
-69.0,9.0,2.0,1.1108016050357048,1.0666204414673517,ground,4
-69.0,13.0,2.0,1.0958697115517237,1.0958697115517237,ground,1
-69.0,15.0,2.0,1.0962424927466152,1.0962424927466152,ground,1
-69.0,17.0,2.0,1.13727904022005,1.13727904022005,ground,1
-69.0,19.0,2.0,1.118245377929921,1.118245377929921,ground,1
-69.0,21.0,2.0,1.1475305392764399,1.1404835721399256,ground,2
-69.0,23.0,2.0,1.059288046453138,1.059288046453138,ground,1
-69.0,25.0,2.0,2.4224692867167636,1.56302094677403,ground,3
-69.0,27.0,2.0,1.1111559365615096,1.1111559365615096,ground,1
-69.0,33.0,2.0,1.1829252726371564,1.1806655931525878,ground,2
-69.0,35.0,2.0,2.7155888471366687,2.7155888471366687,vegetation,1
-69.0,37.0,2.0,1.1985783189636245,1.1815746827875082,ground,2
-69.0,41.0,2.0,1.2230674768827807,1.206675729483134,ground,2
-69.0,43.0,2.0,2.5546743375276417,1.8978050031917355,ground,2
-69.0,45.0,2.0,1.199003828057256,1.199003828057256,ground,1
-69.0,47.0,2.0,1.1723732534091535,1.1723732534091535,ground,1
-69.0,49.0,2.0,3.4154571091793553,3.4154571091793553,vegetation,1
-69.0,51.0,2.0,1.295476093010807,1.295476093010807,ground,1
-69.0,53.0,2.0,1.2475182301335204,1.2475182301335204,ground,1
-69.0,55.0,2.0,1.306456430590766,1.306456430590766,ground,1
-69.0,63.0,2.0,2.468418810299477,2.468418810299477,vegetation,1
-69.0,67.0,2.0,1.311051946104032,1.311051946104032,ground,1
-69.0,69.0,2.0,2.845095022122213,2.642498637308445,vegetation,2
-69.0,71.0,2.0,1.330237895356185,1.3211492209277609,ground,2
-67.0,-73.0,2.0,0.6594326566206415,0.6594326566206415,ground,1
-67.0,-71.0,2.0,0.7282059699052733,0.7269086608489777,ground,2
-67.0,-67.0,2.0,0.737747573240125,0.737747573240125,ground,1
-67.0,-65.0,2.0,2.1347711834387626,2.1347711834387626,vegetation,1
-67.0,-55.0,2.0,2.9223560551932986,1.869649731874779,ground,2
-67.0,-53.0,2.0,2.7745316812904957,1.8400027946033448,vegetation,3
-67.0,-49.0,2.0,0.8161415810127511,0.8161415810127511,ground,1
-67.0,-43.0,2.0,0.8457689382014869,0.8372350767312404,ground,2
-67.0,-41.0,2.0,0.8000056456014026,0.8000056456014026,ground,1
-67.0,-39.0,2.0,3.2366629853470656,1.5177831915311386,ground,5
-67.0,-35.0,2.0,0.8735124799795911,0.8735124799795911,ground,1
-67.0,-31.0,2.0,0.9096771064245727,0.9000888248803607,ground,2
-67.0,-29.0,2.0,0.9016399445265374,0.9003628414705013,ground,2
-67.0,-27.0,2.0,0.9057964425954739,0.9057964425954739,ground,1
-67.0,-25.0,2.0,0.9381424883070948,0.9067928673820802,ground,3
-67.0,-19.0,2.0,0.9389214722585739,0.9223109295396562,ground,2
-67.0,-17.0,2.0,0.9391026190503065,0.9327206442794673,ground,2
-67.0,-15.0,2.0,0.9531007430075402,0.9278507560418455,ground,2
-67.0,-13.0,2.0,0.9537977324837814,0.9279555398809819,ground,2
-67.0,-9.0,2.0,0.9689531625724714,0.9689531625724714,ground,1
-67.0,-7.0,2.0,1.0067825318345025,1.0067825318345025,ground,1
-67.0,-5.0,2.0,0.9929993363933363,0.9859759231239746,ground,2
-67.0,-3.0,2.0,0.9972655704732992,0.9887097717874211,ground,2
-67.0,1.0,2.0,1.0546138908660105,0.9984134549350814,ground,4
-67.0,3.0,2.0,1.0200259223298058,1.0200259223298058,ground,1
-67.0,5.0,2.0,0.9618155133469819,0.9618155133469819,ground,1
-67.0,7.0,2.0,1.0416449801590608,1.0416449801590608,ground,1
-67.0,9.0,2.0,1.0672785689462605,1.0672785689462605,ground,1
-67.0,11.0,2.0,1.0536159301951142,1.0434282101987435,ground,3
-67.0,13.0,2.0,1.0664848262074693,1.0664848262074693,ground,1
-67.0,17.0,2.0,1.0715174402791048,1.068233500917913,ground,3
-67.0,19.0,2.0,1.111194400789687,1.0727614228604918,ground,2
-67.0,23.0,2.0,1.1291907778749675,1.1166445601549664,ground,2
-67.0,25.0,2.0,1.104318709017932,1.104318709017932,ground,1
-67.0,27.0,2.0,1.1306213300505659,1.089166271108335,ground,2
-67.0,29.0,2.0,1.1394291221625228,1.1187745993779068,ground,2
-67.0,31.0,2.0,1.1246099682907829,1.1211802198535665,ground,3
-67.0,35.0,2.0,1.1093282584057793,1.1093282584057793,ground,1
-67.0,37.0,2.0,4.074029921201656,2.627597650357586,ground,2
-67.0,47.0,2.0,1.2322309308867028,1.2322309308867028,ground,1
-67.0,49.0,2.0,2.4770160255849136,2.4770160255849136,vegetation,1
-67.0,51.0,2.0,1.236346412070526,1.236346412070526,ground,1
-67.0,53.0,2.0,1.1716647274208571,1.1580696424653072,ground,2
-67.0,55.0,2.0,1.217590890055554,1.217590890055554,ground,1
-67.0,57.0,2.0,2.6578392172997267,1.934242331719204,ground,2
-67.0,61.0,2.0,1.258946414112796,1.2420928905582311,ground,2
-67.0,63.0,2.0,2.913998829969343,2.759008670914613,vegetation,2
-67.0,67.0,2.0,1.2614161521622003,1.2608132545431836,ground,2
-67.0,69.0,2.0,3.2137123873168183,2.229689620673173,ground,2
-67.0,71.0,2.0,3.7722638226310385,2.528380820472199,ground,2
-65.0,-71.0,2.0,0.7220989062720559,0.6971816502004529,ground,2
-65.0,-69.0,2.0,2.391822354742189,1.525423867984525,ground,2
-65.0,-67.0,2.0,0.7346303075708546,0.7346303075708546,ground,1
-65.0,-65.0,2.0,3.24561079904027,1.9604682986597908,ground,2
-65.0,-61.0,2.0,1.7904655220629515,1.231401975608533,ground,4
-65.0,-59.0,2.0,1.7392640062023803,1.7392640062023803,vegetation,1
-65.0,-55.0,2.0,1.9011880828654322,1.3205992981611927,ground,2
-65.0,-53.0,2.0,0.7610805727843609,0.7362873320686643,ground,2
-65.0,-51.0,2.0,0.7829866582851859,0.771999472722083,ground,3
-65.0,-49.0,2.0,3.4645758475120787,3.336516307643473,vegetation,2
-65.0,-47.0,2.0,0.7797617808277477,0.7705579753927494,ground,2
-65.0,-43.0,2.0,2.5593642110954717,1.2362023854023414,ground,4
-65.0,-41.0,2.0,0.8092794526819685,0.8092794526819685,ground,1
-65.0,-39.0,2.0,0.8287294471980589,0.8287294471980589,ground,1
-65.0,-37.0,2.0,2.6857886489113083,1.7648426003986466,ground,2
-65.0,-35.0,2.0,3.7017243229786567,2.2564216687419307,ground,2
-65.0,-33.0,2.0,3.5409170633518583,1.8052285780570552,ground,4
-65.0,-27.0,2.0,2.2903772982428507,2.2903772982428507,vegetation,1
-65.0,-25.0,2.0,0.9135395731542505,0.893904126654691,ground,2
-65.0,-19.0,2.0,0.9376477151010467,0.9376477151010467,ground,1
-65.0,-15.0,2.0,0.9482552867412211,0.9482552867412211,ground,1
-65.0,-13.0,2.0,0.9409773792881975,0.9367544026086578,ground,2
-65.0,-9.0,2.0,0.9866282824441321,0.9866282824441321,ground,1
-65.0,-3.0,2.0,1.0150673415029017,1.0150673415029017,ground,1
-65.0,-1.0,2.0,1.0015998137191757,0.9834925950509823,ground,4
-65.0,1.0,2.0,0.9942194306300047,0.9942194306300047,ground,1
-65.0,3.0,2.0,1.0618038969611834,1.0309946352961907,ground,3
-65.0,5.0,2.0,0.9921027818241511,0.9921027818241511,ground,1
-65.0,7.0,2.0,1.0237939500216056,1.0121185592814133,ground,3
-65.0,9.0,2.0,1.0408567506517616,1.0408567506517616,ground,1
-65.0,11.0,2.0,1.0100352514419921,1.0087827342190807,ground,2
-65.0,13.0,2.0,1.0605861344461764,1.0605861344461764,ground,1
-65.0,17.0,2.0,1.0600819633632477,1.0600819633632477,ground,1
-65.0,23.0,2.0,1.0622029817069256,1.061409602824732,ground,2
-65.0,25.0,2.0,3.775277321150086,2.416328208334795,ground,2
-65.0,33.0,2.0,1.1049811139564074,1.1027849405326207,ground,2
-65.0,35.0,2.0,3.6748310289556243,2.383688248670302,ground,2
-65.0,37.0,2.0,1.1157167183819485,1.1157167183819485,ground,1
-65.0,41.0,2.0,1.109635404749572,1.109635404749572,ground,1
-65.0,45.0,2.0,2.918830402804147,2.0288826653662615,ground,2
-65.0,49.0,2.0,3.561747109850603,2.378773698065108,vegetation,3
-65.0,51.0,2.0,3.9416260955849447,3.9416260955849447,vegetation,1
-65.0,53.0,2.0,1.2055341411352212,1.2055341411352212,ground,1
-65.0,57.0,2.0,2.0952705161650274,2.0952705161650274,vegetation,1
-65.0,63.0,2.0,2.2031245538626423,1.5566701303309658,ground,3
-65.0,65.0,2.0,2.5342544718833007,2.3275896894723704,vegetation,2
-65.0,67.0,2.0,2.663133554921834,2.663133554921834,vegetation,1
-65.0,69.0,2.0,1.2802895482677947,1.2725500780482104,ground,2
-63.0,-77.0,2.0,0.6694801474933215,0.6613888833310475,ground,2
-63.0,-75.0,2.0,0.6553025129483415,0.6553025129483415,ground,1
-63.0,-67.0,2.0,1.49434716221167,1.49434716221167,vegetation,1
-63.0,-61.0,2.0,2.0799240097629488,1.162154786339496,ground,3
-63.0,-59.0,2.0,0.6879787859526887,0.6879787859526887,ground,1
-63.0,-57.0,2.0,0.7333962715837314,0.7333962715837314,ground,1
-63.0,-55.0,2.0,0.7751445120930667,0.7751445120930667,ground,1
-63.0,-51.0,2.0,0.7600177574337794,0.7404127150151067,ground,3
-63.0,-49.0,2.0,0.7934435968851573,0.7934435968851573,ground,1
-63.0,-47.0,2.0,0.7870288635193493,0.7589680437917122,ground,3
-63.0,-45.0,2.0,3.0562398435750744,1.8894868437624877,ground,2
-63.0,-41.0,2.0,3.481836924850483,2.277642275151691,vegetation,3
-63.0,-37.0,2.0,3.5666684007274863,3.5666684007274863,vegetation,1
-63.0,-35.0,2.0,2.019708325689829,2.019708325689829,vegetation,1
-63.0,-31.0,2.0,0.8308793438868751,0.8308793438868751,ground,1
-63.0,-25.0,2.0,0.8811570276471289,0.8699488847113133,ground,2
-63.0,-23.0,2.0,0.8890865373842732,0.8439803471079275,ground,3
-63.0,-21.0,2.0,0.8756433282529079,0.8672520690040008,ground,3
-63.0,-19.0,2.0,0.8718010325704983,0.8630347237943583,ground,4
-63.0,-17.0,2.0,0.8851429425589525,0.8851429425589525,ground,1
-63.0,-15.0,2.0,0.8595014342990452,0.8595014342990452,ground,1
-63.0,-9.0,2.0,0.9303653811555727,0.9303653811555727,ground,1
-63.0,-7.0,2.0,0.9486610355351308,0.9119475291871791,ground,2
-63.0,-3.0,2.0,0.934272628449046,0.926910080554264,ground,2
-63.0,5.0,2.0,1.0107995446022826,0.9477621043609469,ground,2
-63.0,7.0,2.0,0.9481153361861759,0.9481153361861759,ground,1
-63.0,9.0,2.0,1.0187087864179143,0.9899122289414105,ground,4
-63.0,11.0,2.0,1.006794722410013,1.00579091872547,ground,2
-63.0,15.0,2.0,1.0391038924080442,1.0330346032858464,ground,2
-63.0,17.0,2.0,1.0285177202212643,1.0285177202212643,ground,1
-63.0,19.0,2.0,1.0841421085137364,1.0363485319230228,ground,2
-63.0,21.0,2.0,1.0366079087080866,1.0366079087080866,ground,1
-63.0,23.0,2.0,1.0081426924800223,1.006435325804953,ground,2
-63.0,25.0,2.0,1.064687360026013,1.064687360026013,ground,1
-63.0,29.0,2.0,1.0171645352088654,1.0171645352088654,ground,1
-63.0,31.0,2.0,1.0926572202261993,1.080746217679763,ground,2
-63.0,37.0,2.0,1.0943684710832748,1.082519191859678,ground,2
-63.0,39.0,2.0,3.7867744589083334,2.3025462369169167,ground,4
-63.0,43.0,2.0,1.1309538272945336,1.1309538272945336,ground,1
-63.0,45.0,2.0,1.112844865600764,1.112844865600764,ground,1
-63.0,47.0,2.0,3.6020812122101145,3.1774019206154804,vegetation,2
-63.0,49.0,2.0,1.1415052657493834,1.1415052657493834,ground,1
-63.0,51.0,2.0,1.164339677236446,1.1388401173652025,ground,2
-63.0,57.0,2.0,1.180822722594347,1.1723121290301002,ground,2
-63.0,59.0,2.0,1.1665118240367687,1.1665118240367687,ground,1
-63.0,61.0,2.0,1.12707292994659,1.12707292994659,ground,1
-63.0,65.0,2.0,1.1873160631931075,1.1873160631931075,ground,1
-63.0,69.0,2.0,1.1866803702310151,1.1835725644612336,ground,2
-63.0,71.0,2.0,3.1106199023601793,3.1106199023601793,vegetation,1
-63.0,73.0,2.0,1.2226064244909278,1.2226064244909278,ground,1
-63.0,77.0,2.0,3.999208490303711,2.6491328855984575,ground,2
-61.0,-79.0,2.0,2.0758502843766786,2.0758502843766786,vegetation,1
-61.0,-77.0,2.0,2.2280309974946495,1.6466005175906406,vegetation,3
-61.0,-75.0,2.0,2.6820732219393633,1.1233388412264345,ground,4
-61.0,-67.0,2.0,0.6573900080762101,0.6573900080762101,ground,1
-61.0,-65.0,2.0,2.48388701859971,1.5680826356064257,ground,2
-61.0,-63.0,2.0,1.4878288274175562,1.0849298395753137,ground,2
-61.0,-61.0,2.0,3.248990786194116,3.248990786194116,vegetation,1
-61.0,-59.0,2.0,0.6725512674711127,0.6725512674711127,ground,1
-61.0,-57.0,2.0,0.7110918945111493,0.6885173584855538,ground,2
-61.0,-55.0,2.0,2.9241299127047737,2.432328636680895,vegetation,2
-61.0,-51.0,2.0,0.7075229134640318,0.7075229134640318,ground,1
-61.0,-49.0,2.0,3.2899587602845632,1.9344549857821465,vegetation,3
-61.0,-47.0,2.0,1.9420502121708614,1.1338264843517685,ground,3
-61.0,-45.0,2.0,3.7442305204873656,2.236696380812203,ground,2
-61.0,-43.0,2.0,0.741473874138497,0.741473874138497,ground,1
-61.0,-41.0,2.0,0.7353817346941549,0.7353817346941549,ground,1
-61.0,-39.0,2.0,2.0188232162497735,2.0188232162497735,vegetation,1
-61.0,-37.0,2.0,2.7914455143986023,2.7914455143986023,vegetation,1
-61.0,-35.0,2.0,0.8134690574670465,0.7988030175523158,ground,2
-61.0,-31.0,2.0,0.7963792349300763,0.7709835051598996,ground,2
-61.0,-29.0,2.0,3.7148913574079123,2.9627420960287107,vegetation,2
-61.0,-27.0,2.0,0.7878929267076421,0.7878929267076421,ground,1
-61.0,-25.0,2.0,0.8534130666198962,0.8534130666198962,ground,1
-61.0,-23.0,2.0,0.8654729230032039,0.824633407344442,ground,6
-61.0,-21.0,2.0,0.8579191733558348,0.8402587780746114,ground,3
-61.0,-19.0,2.0,0.8582321074055302,0.809754515350231,ground,2
-61.0,-17.0,2.0,0.8792581335246259,0.8792581335246259,ground,1
-61.0,-13.0,2.0,0.9182945820704239,0.8984188456744286,ground,2
-61.0,-11.0,2.0,0.9123729898279671,0.9123729898279671,ground,1
-61.0,-9.0,2.0,0.8816210056346359,0.8816210056346359,ground,1
-61.0,-7.0,2.0,0.8979785595560226,0.8979785595560226,ground,1
-61.0,-5.0,2.0,0.9116184036558963,0.8922931190583313,ground,3
-61.0,-1.0,2.0,0.9251337070890872,0.9147055844556026,ground,3
-61.0,1.0,2.0,0.9182683635957026,0.9084551939727458,ground,3
-61.0,3.0,2.0,0.9671056994211393,0.9671056994211393,ground,1
-61.0,5.0,2.0,0.9087923649890439,0.9087923649890439,ground,1
-61.0,7.0,2.0,0.977206781867321,0.954633207493288,ground,2
-61.0,9.0,2.0,0.9220871220909926,0.9220871220909926,ground,1
-61.0,11.0,2.0,1.0170281908460468,1.0170281908460468,ground,1
-61.0,13.0,2.0,0.9759735640686401,0.9759735640686401,ground,1
-61.0,15.0,2.0,0.998142984543151,0.998142984543151,ground,1
-61.0,17.0,2.0,0.9901861950244697,0.9702465449747777,ground,2
-61.0,19.0,2.0,1.0081726173977799,0.9943950160185335,ground,2
-61.0,21.0,2.0,1.0343693638658555,1.0131166394090612,ground,5
-61.0,25.0,2.0,1.0199020164558832,1.0199020164558832,ground,1
-61.0,27.0,2.0,1.0300332026647352,1.0300332026647352,ground,1
-61.0,29.0,2.0,1.028324328104151,1.028324328104151,ground,1
-61.0,31.0,2.0,1.9368782384274346,1.9368782384274346,vegetation,1
-61.0,33.0,2.0,1.0421332001130583,1.0408139620581163,ground,2
-61.0,35.0,2.0,1.0692875604943168,1.0467213831971804,ground,2
-61.0,37.0,2.0,3.0795807796681864,3.0795807796681864,vegetation,1
-61.0,39.0,2.0,1.0471154328407153,1.043648682542982,ground,2
-61.0,41.0,2.0,1.0616026514271621,1.0616026514271621,ground,1
-61.0,43.0,2.0,1.10025980344284,1.10025980344284,ground,1
-61.0,45.0,2.0,3.8963800892834772,3.4431652933202006,vegetation,3
-61.0,47.0,2.0,1.0869911392642413,1.0869911392642413,ground,1
-61.0,49.0,2.0,1.0976659879333808,1.0976659879333808,ground,1
-61.0,53.0,2.0,3.9974212963993634,2.419862060864588,ground,4
-61.0,55.0,2.0,1.1510464426670795,1.1510464426670795,ground,1
-61.0,57.0,2.0,3.0686490859540125,1.6105832189652036,ground,4
-61.0,59.0,2.0,3.253254428308347,2.20085443002339,ground,2
-61.0,61.0,2.0,1.2014360346198887,1.2014360346198887,ground,1
-61.0,67.0,2.0,1.1663163206300793,1.1663163206300793,ground,1
-61.0,71.0,2.0,2.9360497366998963,1.7891348618650544,ground,3
-61.0,73.0,2.0,3.1599223179497464,2.1727431772848416,ground,2
-61.0,75.0,2.0,2.477292479851773,2.477292479851773,vegetation,1
-61.0,79.0,2.0,1.2600720329314608,1.2410540613150705,ground,2
-59.0,-79.0,2.0,0.5964222569370095,0.5964222569370095,ground,1
-59.0,-77.0,2.0,2.511858806151053,2.511858806151053,vegetation,1
-59.0,-75.0,2.0,0.5634032311091938,0.5634032311091938,ground,1
-59.0,-71.0,2.0,3.235043092086153,1.471419894257006,ground,3
-59.0,-69.0,2.0,0.5742870196068801,0.5742870196068801,ground,1
-59.0,-67.0,2.0,3.4009049663525426,2.010157162638522,ground,2
-59.0,-61.0,2.0,3.2361360164168183,1.9121718820763753,ground,4
-59.0,-53.0,2.0,0.6392426303166415,0.6392426303166415,ground,1
-59.0,-51.0,2.0,0.7086269680478522,0.7086269680478522,ground,1
-59.0,-45.0,2.0,0.7114318321909361,0.7114318321909361,ground,1
-59.0,-41.0,2.0,0.7453327707394228,0.7308375146887454,ground,2
-59.0,-39.0,2.0,0.7856663902438138,0.7572904802557949,ground,2
-59.0,-37.0,2.0,1.9111098151162556,1.339053517263338,ground,2
-59.0,-35.0,2.0,3.379968491615074,2.0848468056207428,ground,2
-59.0,-33.0,2.0,3.3792973884645203,1.61813982588799,ground,3
-59.0,-31.0,2.0,0.7661247534699355,0.7661247534699355,ground,1
-59.0,-29.0,2.0,0.7684172314563236,0.7684172314563236,ground,1
-59.0,-25.0,2.0,0.7864583165897345,0.7737806505764523,ground,3
-59.0,-23.0,2.0,0.7827391882726996,0.7827391882726996,ground,1
-59.0,-21.0,2.0,0.7615545201439629,0.7615545201439629,ground,1
-59.0,-19.0,2.0,0.8090538034471201,0.8044297730306563,ground,2
-59.0,-17.0,2.0,0.823977114159866,0.7782657027121626,ground,3
-59.0,-15.0,2.0,0.8365916192160533,0.8230972360651261,ground,2
-59.0,-13.0,2.0,0.8343231149667911,0.8235778035602528,ground,2
-59.0,-11.0,2.0,0.883510278336189,0.8387626718429259,ground,6
-59.0,-9.0,2.0,0.8448875807681232,0.8448875807681232,ground,1
-59.0,-7.0,2.0,0.8499184510442391,0.8499184510442391,ground,1
-59.0,-5.0,2.0,0.9001177483764659,0.8807584659178884,ground,2
-59.0,-3.0,2.0,0.8974658019244226,0.8818872043186122,ground,3
-59.0,-1.0,2.0,0.8878139006106867,0.8878139006106867,ground,1
-59.0,1.0,2.0,0.9226544013155273,0.8789681025507738,ground,4
-59.0,3.0,2.0,0.8921153395477723,0.8921153395477723,ground,1
-59.0,7.0,2.0,0.9126697566258607,0.9126697566258607,ground,1
-59.0,9.0,2.0,0.9274371597401109,0.9274371597401109,ground,1
-59.0,11.0,2.0,0.9502104565735304,0.9440104076824632,ground,2
-59.0,15.0,2.0,0.9385875637378652,0.9385875637378652,ground,1
-59.0,17.0,2.0,0.9733468252514238,0.9525760520189592,ground,2
-59.0,19.0,2.0,0.948066522717378,0.9423170475839285,ground,2
-59.0,21.0,2.0,0.9932428406832572,0.9705442701116194,ground,4
-59.0,23.0,2.0,1.0011539842615067,1.0011539842615067,ground,1
-59.0,25.0,2.0,1.001277734586847,0.9799860488976626,ground,3
-59.0,27.0,2.0,1.0111840910511098,1.0111840910511098,ground,1
-59.0,29.0,2.0,0.9911686756358941,0.9911686756358941,ground,1
-59.0,35.0,2.0,3.303951884030199,1.8022859838041991,ground,3
-59.0,37.0,2.0,3.4653369372581757,2.259304163382373,ground,2
-59.0,39.0,2.0,1.0237077966130417,1.0237077966130417,ground,1
-59.0,41.0,2.0,3.187664891570857,2.6723890679161473,vegetation,2
-59.0,43.0,2.0,1.0475302298049585,1.0475302298049585,ground,1
-59.0,45.0,2.0,1.0838136168188728,1.0753934631149904,ground,2
-59.0,53.0,2.0,3.8241265706257543,2.462390607488967,ground,2
-59.0,55.0,2.0,1.0886527834493698,1.0886527834493698,ground,1
-59.0,57.0,2.0,3.591192354975064,3.0342522992573624,vegetation,2
-59.0,59.0,2.0,1.1252795125063422,1.1252795125063422,ground,1
-59.0,61.0,2.0,1.1391449575247874,1.1208788622471528,ground,4
-59.0,63.0,2.0,2.677595080052722,2.677595080052722,vegetation,1
-59.0,67.0,2.0,1.1588467801461455,1.1588467801461455,ground,1
-59.0,73.0,2.0,4.085163288780131,3.4029980466365566,vegetation,2
-57.0,-83.0,2.0,3.4165122576469518,3.4165122576469518,vegetation,1
-57.0,-75.0,2.0,2.6819806357101568,1.5846237507647094,vegetation,3
-57.0,-69.0,2.0,0.535955518757261,0.535955518757261,ground,1
-57.0,-67.0,2.0,2.3734046820931933,2.2418362805818424,vegetation,2
-57.0,-61.0,2.0,2.4418031962110023,1.5287499188212323,ground,2
-57.0,-57.0,2.0,0.6218420756508122,0.6170057905389965,ground,3
-57.0,-55.0,2.0,2.180874715384003,1.4043503361945953,ground,2
-57.0,-51.0,2.0,0.6917414791946325,0.6674565944115155,ground,3
-57.0,-49.0,2.0,1.908122161703837,1.908122161703837,vegetation,1
-57.0,-45.0,2.0,0.6993955337117684,0.6993955337117684,ground,1
-57.0,-43.0,2.0,0.6694371326171799,0.6694371326171799,ground,1
-57.0,-39.0,2.0,0.7098235960640412,0.7016992236639514,ground,2
-57.0,-37.0,2.0,2.461340282441099,2.2426501019370293,vegetation,2
-57.0,-33.0,2.0,0.7034837983494662,0.6961719410984097,ground,2
-57.0,-29.0,2.0,2.863861471644838,1.276015111900576,ground,4
-57.0,-27.0,2.0,0.7318894275918217,0.7153894966341753,ground,2
-57.0,-25.0,2.0,0.7435292355864646,0.7435292355864646,ground,1
-57.0,-21.0,2.0,0.7913970806740752,0.7913970806740752,ground,1
-57.0,-19.0,2.0,0.7723732071576677,0.7723732071576677,ground,1
-57.0,-15.0,2.0,0.7982446377350396,0.7837999333046067,ground,3
-57.0,-11.0,2.0,0.8389260181124033,0.8191510734635278,ground,5
-57.0,-9.0,2.0,0.8867965171104257,0.8543436559894972,ground,2
-57.0,-7.0,2.0,0.7895647087956881,0.787217035678503,ground,2
-57.0,-5.0,2.0,0.8310044762375931,0.8273234658586072,ground,2
-57.0,-1.0,2.0,0.8594336442986891,0.8412711176352661,ground,5
-57.0,1.0,2.0,0.8548153388058782,0.8423344818048957,ground,2
-57.0,3.0,2.0,0.8486453816617201,0.8486453816617201,ground,1
-57.0,5.0,2.0,0.8652758468527122,0.8652758468527122,ground,1
-57.0,7.0,2.0,0.8728303718875737,0.8728303718875737,ground,1
-57.0,9.0,2.0,0.9065059712198819,0.8890631806244124,ground,3
-57.0,11.0,2.0,0.9318801215008972,0.8943227285691556,ground,3
-57.0,13.0,2.0,0.9309849387633066,0.8982771833316349,ground,2
-57.0,15.0,2.0,0.940576226570734,0.927294966158325,ground,4
-57.0,17.0,2.0,0.9277370394574518,0.9175159685448567,ground,2
-57.0,19.0,2.0,0.9415721525742203,0.9073878386803953,ground,4
-57.0,21.0,2.0,0.9603060515888626,0.9466589167513344,ground,2
-57.0,23.0,2.0,0.9234434062861209,0.9212948588787374,ground,2
-57.0,25.0,2.0,3.522813142537144,3.522813142537144,vegetation,1
-57.0,27.0,2.0,0.9810203352710841,0.9720990051782848,ground,2
-57.0,29.0,2.0,2.449953701606591,1.4606364317069653,ground,3
-57.0,31.0,2.0,1.0074868107208697,1.0074868107208697,ground,1
-57.0,35.0,2.0,1.0405989032755603,1.0405989032755603,ground,1
-57.0,39.0,2.0,3.750825792948044,3.750825792948044,vegetation,1
-57.0,41.0,2.0,0.9994373187794077,0.9994373187794077,ground,1
-57.0,43.0,2.0,1.0678287907521777,1.018739513956346,ground,4
-57.0,45.0,2.0,2.8422729307442602,1.952518424985163,ground,2
-57.0,47.0,2.0,2.3773149130804496,1.7103689243466023,ground,2
-57.0,51.0,2.0,1.0935970273387305,1.0656767945749972,ground,2
-57.0,53.0,2.0,2.4548466143408465,2.4548466143408465,vegetation,1
-57.0,57.0,2.0,1.038533341713406,1.038533341713406,ground,1
-57.0,61.0,2.0,1.1071665736915617,1.1071665736915617,ground,1
-57.0,63.0,2.0,2.1758060246565156,1.450392863124762,ground,3
-57.0,67.0,2.0,3.9590128383467684,3.9590128383467684,vegetation,1
-57.0,69.0,2.0,1.1445221881306151,1.1445221881306151,ground,1
-57.0,75.0,2.0,2.991773249473809,2.60242331910363,vegetation,2
-57.0,81.0,2.0,1.1495310211874168,1.1495310211874168,ground,1
-57.0,83.0,2.0,1.1823937568128369,1.1823937568128369,ground,1
-55.0,-83.0,2.0,2.6583900855473392,1.5900649093553119,ground,2
-55.0,-81.0,2.0,0.46222691327624693,0.46222691327624693,ground,1
-55.0,-79.0,2.0,2.7825065162714084,1.8253264627601127,vegetation,3
-55.0,-77.0,2.0,0.5280607206745472,0.5017062693969746,ground,2
-55.0,-75.0,2.0,0.5549187374175276,0.5443672746229458,ground,2
-55.0,-73.0,2.0,2.517646439821257,2.517646439821257,vegetation,1
-55.0,-71.0,2.0,0.4964623385064929,0.4964623385064929,ground,1
-55.0,-69.0,2.0,0.5234082857950298,0.5234082857950298,ground,1
-55.0,-67.0,2.0,0.5544378317421095,0.5469652395110145,ground,2
-55.0,-65.0,2.0,0.5800138319932356,0.5800138319932356,ground,1
-55.0,-63.0,2.0,2.288793129665296,2.288793129665296,vegetation,1
-55.0,-61.0,2.0,0.5452426705298342,0.5452426705298342,ground,1
-55.0,-57.0,2.0,0.6120844866036996,0.5824646682510636,ground,2
-55.0,-55.0,2.0,1.53158654739783,0.8922104343780018,ground,3
-55.0,-53.0,2.0,3.464601763575126,2.067334673576307,vegetation,3
-55.0,-51.0,2.0,2.941426780767882,1.786840918232243,ground,2
-55.0,-49.0,2.0,1.5393090997853471,1.092953232143763,ground,2
-55.0,-47.0,2.0,2.1712898396230544,2.1712898396230544,vegetation,1
-55.0,-45.0,2.0,0.6699676593084136,0.6688202696902853,ground,2
-55.0,-43.0,2.0,0.7009905512659593,0.6744227905080971,ground,2
-55.0,-41.0,2.0,1.5207277276547266,0.9432384477544273,ground,3
-55.0,-39.0,2.0,0.67178401094972,0.67178401094972,ground,1
-55.0,-37.0,2.0,2.9967896471085878,1.2496063987133468,ground,4
-55.0,-35.0,2.0,2.3638268050232405,1.5165232262302415,ground,2
-55.0,-33.0,2.0,0.7408687585348481,0.6864448030650085,ground,2
-55.0,-31.0,2.0,0.730722112293899,0.7240804497665518,ground,2
-55.0,-29.0,2.0,2.6760539008158286,2.4466914243101634,vegetation,2
-55.0,-27.0,2.0,0.7311645307342259,0.7311645307342259,ground,1
-55.0,-23.0,2.0,0.7473777306739662,0.7240601266865422,ground,3
-55.0,-19.0,2.0,0.7697626394039445,0.7697626394039445,ground,1
-55.0,-15.0,2.0,0.771128774261084,0.7660888496903886,ground,2
-55.0,-13.0,2.0,0.7887119910565199,0.7611420467555352,ground,2
-55.0,-11.0,2.0,0.7915788981250043,0.7907575829423199,ground,2
-55.0,-9.0,2.0,0.8092720400357283,0.7817169859844922,ground,4
-55.0,-7.0,2.0,0.794535417894918,0.794535417894918,ground,1
-55.0,-5.0,2.0,0.8230957635546166,0.797724574851809,ground,2
-55.0,-3.0,2.0,0.7789133656779998,0.7789133656779998,ground,1
-55.0,-1.0,2.0,0.8249779918415014,0.8249779918415014,ground,1
-55.0,3.0,2.0,0.8470205422627428,0.8470205422627428,ground,1
-55.0,5.0,2.0,0.8282745242820733,0.8282745242820733,ground,1
-55.0,7.0,2.0,0.8740183502018283,0.8502449753076149,ground,2
-55.0,11.0,2.0,0.871425369563387,0.8523164165783549,ground,2
-55.0,13.0,2.0,0.9276296435582028,0.9276296435582028,ground,1
-55.0,17.0,2.0,0.9239076541889131,0.895949399734823,ground,3
-55.0,19.0,2.0,0.9450961015803535,0.9165485964440936,ground,2
-55.0,21.0,2.0,0.9125517510902577,0.9113097513718513,ground,2
-55.0,27.0,2.0,2.0044149041618198,2.0044149041618198,vegetation,1
-55.0,29.0,2.0,0.9635546196050793,0.9385231438530504,ground,2
-55.0,31.0,2.0,3.423820193634482,2.1722705059604945,ground,2
-55.0,33.0,2.0,3.2427058888578157,2.8996507791944404,vegetation,2
-55.0,35.0,2.0,0.9944457020948135,0.9944457020948135,ground,1
-55.0,37.0,2.0,3.55315254945051,3.55315254945051,vegetation,1
-55.0,41.0,2.0,0.9896750241887885,0.9896750241887885,ground,1
-55.0,47.0,2.0,3.3200332479660344,3.3200332479660344,vegetation,1
-55.0,53.0,2.0,1.0667055340739406,1.0359387554072683,ground,4
-55.0,55.0,2.0,1.0545546786885585,1.0451750920014296,ground,2
-55.0,57.0,2.0,1.0581878744511921,1.0581878744511921,ground,1
-55.0,61.0,2.0,2.5809537157233837,2.5809537157233837,vegetation,1
-55.0,63.0,2.0,3.316695824726297,3.097602822473054,vegetation,2
-55.0,65.0,2.0,1.0992006479497172,1.0992006479497172,ground,1
-55.0,69.0,2.0,1.1381797722209255,1.0918812775547768,ground,2
-55.0,73.0,2.0,1.1444173708941663,1.1401339065953884,ground,2
-55.0,75.0,2.0,1.137963560003824,1.1262765921395117,ground,2
-55.0,77.0,2.0,2.0649928179624717,1.5807814300950427,ground,2
-55.0,83.0,2.0,1.160567163885955,1.160567163885955,ground,1
-53.0,-85.0,2.0,0.4628942523972417,0.4478048655056217,ground,3
-53.0,-83.0,2.0,2.2306055296120926,1.0389829013702088,ground,3
-53.0,-81.0,2.0,2.67673524155616,2.67673524155616,vegetation,1
-53.0,-77.0,2.0,2.134579011250162,2.134579011250162,vegetation,1
-53.0,-75.0,2.0,0.45429643248715545,0.45429643248715545,ground,1
-53.0,-73.0,2.0,0.5377448492846321,0.49958579680233683,ground,4
-53.0,-71.0,2.0,0.5470873666539366,0.5470873666539366,ground,1
-53.0,-69.0,2.0,0.5262068729110769,0.5262068729110769,ground,1
-53.0,-67.0,2.0,2.49075892956943,2.49075892956943,vegetation,1
-53.0,-65.0,2.0,0.5549601655732476,0.5285277399893937,ground,5
-53.0,-63.0,2.0,2.7470097705244347,2.7470097705244347,vegetation,1
-53.0,-57.0,2.0,0.5649686243015047,0.5649686243015047,ground,1
-53.0,-55.0,2.0,0.5574552219962826,0.5574552219962826,ground,1
-53.0,-53.0,2.0,0.6231132430692338,0.6044981321637234,ground,3
-53.0,-51.0,2.0,1.9055198554360189,1.9055198554360189,vegetation,1
-53.0,-49.0,2.0,3.078946595784383,3.078946595784383,vegetation,1
-53.0,-47.0,2.0,2.0290872404386513,0.9687620586822785,ground,4
-53.0,-45.0,2.0,0.6306539062578598,0.6306539062578598,ground,1
-53.0,-43.0,2.0,0.6574147089097768,0.6286897775402703,ground,3
-53.0,-41.0,2.0,0.6166834096322257,0.6166834096322257,ground,1
-53.0,-39.0,2.0,0.6205636540302546,0.6205636540302546,ground,1
-53.0,-35.0,2.0,0.6422124482732462,0.6422124482732462,ground,1
-53.0,-33.0,2.0,2.0613316279668092,2.0613316279668092,vegetation,1
-53.0,-31.0,2.0,0.6752005296852628,0.6752005296852628,ground,1
-53.0,-29.0,2.0,1.6347727174044564,1.6347727174044564,vegetation,1
-53.0,-27.0,2.0,0.7345784592858,0.6971153608555998,ground,2
-53.0,-25.0,2.0,0.7547550938077956,0.7136417168236449,ground,2
-53.0,-23.0,2.0,0.693690519023273,0.693690519023273,ground,1
-53.0,-21.0,2.0,0.691760415529449,0.6881768458454642,ground,2
-53.0,-19.0,2.0,0.7559259292212716,0.7338597842173779,ground,2
-53.0,-15.0,2.0,0.7654414675551099,0.7598099739487,ground,2
-53.0,-13.0,2.0,0.7303274602982863,0.7303274602982863,ground,1
-53.0,-11.0,2.0,0.7660590925553556,0.7660590925553556,ground,1
-53.0,-9.0,2.0,0.7223043195721128,0.7223043195721128,ground,1
-53.0,-7.0,2.0,0.8100658976782773,0.7592577053620873,ground,2
-53.0,-5.0,2.0,0.8089776230802354,0.800519466940422,ground,2
-53.0,-3.0,2.0,0.8017569951116149,0.7803633414880424,ground,4
-53.0,1.0,2.0,0.7551201691546273,0.7551201691546273,ground,1
-53.0,5.0,2.0,0.8464056522650313,0.8124977874058427,ground,3
-53.0,7.0,2.0,0.8413804043504782,0.8413804043504782,ground,1
-53.0,9.0,2.0,0.8509594303314043,0.8469498802251731,ground,2
-53.0,11.0,2.0,0.8569933447780188,0.8295970176432167,ground,2
-53.0,13.0,2.0,0.858211270243992,0.858211270243992,ground,1
-53.0,15.0,2.0,0.8783912467672355,0.8494681313451822,ground,2
-53.0,17.0,2.0,0.8968086741662665,0.8829317229565735,ground,2
-53.0,19.0,2.0,0.8684151493240096,0.8532893520216192,ground,2
-53.0,21.0,2.0,0.8749917481391013,0.8652334964957911,ground,2
-53.0,25.0,2.0,2.7180815946025296,1.5055874664426387,ground,3
-53.0,27.0,2.0,0.9359495433554492,0.9359495433554492,ground,1
-53.0,29.0,2.0,0.8649121051590345,0.8649121051590345,ground,1
-53.0,31.0,2.0,0.9312543166583686,0.916144540990556,ground,2
-53.0,33.0,2.0,0.9342189515487311,0.903747192264578,ground,3
-53.0,35.0,2.0,2.389587127807198,1.754455637712604,vegetation,3
-53.0,37.0,2.0,3.6791074139794318,2.306405439386844,ground,2
-53.0,39.0,2.0,0.9255055067089615,0.9190357037045043,ground,2
-53.0,43.0,2.0,2.6212559918667058,1.8011511769479398,ground,2
-53.0,49.0,2.0,3.5959048977355574,1.6225771590424567,ground,4
-53.0,53.0,2.0,1.0161062792908104,1.0161062792908104,ground,1
-53.0,55.0,2.0,1.0740814673504815,1.0740814673504815,ground,1
-53.0,57.0,2.0,3.7823091411492133,1.928473360232618,ground,3
-53.0,59.0,2.0,2.613919127971832,1.551911728015704,ground,3
-53.0,61.0,2.0,1.0107699138200155,1.0107699138200155,ground,1
-53.0,65.0,2.0,3.875979360764359,3.875979360764359,vegetation,1
-53.0,73.0,2.0,1.9471421124463881,1.9471421124463881,vegetation,1
-53.0,77.0,2.0,1.095098668003581,1.095098668003581,ground,1
-53.0,79.0,2.0,3.8883421626180255,3.057438138671514,vegetation,2
-53.0,83.0,2.0,1.1446660133723066,1.1446660133723066,ground,1
-51.0,-87.0,2.0,0.4397357102603563,0.4397357102603563,ground,1
-51.0,-83.0,2.0,0.43801206002348075,0.43801206002348075,ground,1
-51.0,-81.0,2.0,0.43609729864624674,0.41759272531616853,ground,2
-51.0,-77.0,2.0,1.576019567619574,1.0243232093520558,ground,2
-51.0,-75.0,2.0,0.47250770032210615,0.47250770032210615,ground,1
-51.0,-73.0,2.0,0.48864320277372353,0.47514008984407957,ground,3
-51.0,-71.0,2.0,0.41503078780862396,0.41503078780862396,ground,1
-51.0,-67.0,2.0,0.5018673462407957,0.5018673462407957,ground,1
-51.0,-59.0,2.0,1.791832441283483,1.791832441283483,vegetation,1
-51.0,-57.0,2.0,2.8352657754741863,1.6733103607051671,ground,2
-51.0,-55.0,2.0,0.5844650858061812,0.5844650858061812,ground,1
-51.0,-49.0,2.0,1.9671647378918582,1.9671647378918582,vegetation,1
-51.0,-47.0,2.0,0.5966375243528659,0.5966375243528659,ground,1
-51.0,-39.0,2.0,0.6110075165551963,0.6110075165551963,ground,1
-51.0,-37.0,2.0,0.6426783887261194,0.6253512109946753,ground,2
-51.0,-35.0,2.0,3.4657174715673422,1.3417444274355168,ground,4
-51.0,-31.0,2.0,0.671930765113135,0.671930765113135,ground,1
-51.0,-27.0,2.0,3.4109703558723448,2.019276549155707,ground,2
-51.0,-25.0,2.0,1.9938793646001205,1.1844376391516895,ground,5
-51.0,-23.0,2.0,0.7126927962642696,0.7050243362780748,ground,2
-51.0,-19.0,2.0,0.6968038228876439,0.6888025656850733,ground,3
-51.0,-15.0,2.0,0.7198890080214729,0.7177749143692265,ground,2
-51.0,-13.0,2.0,0.7170945291045174,0.7170945291045174,ground,1
-51.0,-11.0,2.0,0.7494176474943366,0.7344965865113016,ground,2
-51.0,-9.0,2.0,0.7371350468387322,0.7371350468387322,ground,1
-51.0,-7.0,2.0,0.7362008541207589,0.7355699592553849,ground,2
-51.0,-5.0,2.0,0.8193256739415857,0.802335775257244,ground,2
-51.0,-3.0,2.0,0.7802874395918016,0.7802874395918016,ground,1
-51.0,-1.0,2.0,0.7744412279548405,0.7634625796497577,ground,4
-51.0,1.0,2.0,0.7479784373844283,0.7479784373844283,ground,1
-51.0,3.0,2.0,0.82743244283863,0.7917837914862061,ground,4
-51.0,5.0,2.0,0.7293708794145406,0.7293708794145406,ground,1
-51.0,7.0,2.0,0.7628221362605822,0.7628221362605822,ground,1
-51.0,9.0,2.0,0.7918850593757432,0.7918850593757432,ground,1
-51.0,11.0,2.0,0.8368571011724488,0.8075481645238298,ground,2
-51.0,13.0,2.0,0.7761876533647105,0.7761876533647105,ground,1
-51.0,15.0,2.0,0.8670332478408074,0.8262907982233108,ground,3
-51.0,17.0,2.0,0.8407343420904896,0.8359118420661408,ground,3
-51.0,21.0,2.0,0.833020789351172,0.820534082541681,ground,3
-51.0,25.0,2.0,1.7087586277837092,1.7087586277837092,vegetation,1
-51.0,27.0,2.0,2.5232588840262307,1.416812474146538,ground,3
-51.0,29.0,2.0,0.8954938393374866,0.8954938393374866,ground,1
-51.0,31.0,2.0,0.8994690731464167,0.8994690731464167,ground,1
-51.0,33.0,2.0,0.9074195827641567,0.892972144604883,ground,3
-51.0,35.0,2.0,0.9205049941555852,0.9064710180082597,ground,3
-51.0,37.0,2.0,3.333061049368208,2.151176900212713,ground,2
-51.0,39.0,2.0,3.491653527311472,3.491653527311472,vegetation,1
-51.0,41.0,2.0,0.9013887468031719,0.9013887468031719,ground,1
-51.0,43.0,2.0,0.9306444954285068,0.9245584521845998,ground,3
-51.0,45.0,2.0,0.8942640895516056,0.8942640895516056,ground,1
-51.0,47.0,2.0,0.9830898864834017,0.9830898864834017,ground,1
-51.0,49.0,2.0,1.9478924305543053,1.2939411495831512,ground,3
-51.0,53.0,2.0,3.095405785983222,3.095405785983222,vegetation,1
-51.0,57.0,2.0,1.056357755517103,1.056357755517103,ground,1
-51.0,59.0,2.0,1.0314329583389332,0.990187251121515,ground,5
-51.0,61.0,2.0,1.0265156994991949,1.0109807677125273,ground,2
-51.0,65.0,2.0,3.9665780841797935,2.4913222954820413,ground,2
-51.0,67.0,2.0,1.0257206825436178,1.0257206825436178,ground,1
-51.0,69.0,2.0,1.030469547580533,1.030469547580533,ground,1
-51.0,71.0,2.0,1.0264119424789635,1.0264119424789635,ground,1
-51.0,73.0,2.0,3.6791660264457846,2.7414072296337153,vegetation,3
-51.0,75.0,2.0,1.0473818635963208,1.0473818635963208,ground,1
-51.0,77.0,2.0,3.5661018503683044,3.5661018503683044,vegetation,1
-51.0,85.0,2.0,1.1030564480435423,1.1030564480435423,ground,1
-49.0,-87.0,2.0,0.4142400370276751,0.4142400370276751,ground,1
-49.0,-73.0,2.0,0.4274062178295949,0.4274062178295949,ground,1
-49.0,-69.0,2.0,2.5087199227877433,2.5087199227877433,vegetation,1
-49.0,-67.0,2.0,0.44625232514053653,0.44625232514053653,ground,1
-49.0,-63.0,2.0,0.5020504858760317,0.5020504858760317,ground,1
-49.0,-61.0,2.0,1.5161549522880684,1.0202304971017453,ground,2
-49.0,-59.0,2.0,0.49064052394352253,0.49064052394352253,ground,1
-49.0,-57.0,2.0,1.8347106952118586,1.8347106952118586,vegetation,1
-49.0,-55.0,2.0,2.755177446190644,1.6114518522172447,ground,2
-49.0,-53.0,2.0,2.8323832443538137,1.148775472100969,ground,5
-49.0,-51.0,2.0,2.5600306252198717,1.2046580592627578,ground,3
-49.0,-49.0,2.0,0.5137704134590666,0.5137704134590666,ground,1
-49.0,-45.0,2.0,0.5919755502939417,0.591554817993873,ground,2
-49.0,-43.0,2.0,0.5401955560518997,0.5401955560518997,ground,1
-49.0,-39.0,2.0,2.184212545145596,1.4013496781944192,ground,2
-49.0,-37.0,2.0,0.5580831220294953,0.5491885053692027,ground,2
-49.0,-35.0,2.0,0.5919591636019947,0.5919591636019947,ground,1
-49.0,-31.0,2.0,0.6142906047340848,0.6142906047340848,ground,1
-49.0,-27.0,2.0,0.6068499370168181,0.5982862017159636,ground,2
-49.0,-25.0,2.0,2.7660982634720783,1.6927316213249957,ground,2
-49.0,-23.0,2.0,0.6686163169577941,0.65375428801618,ground,2
-49.0,-17.0,2.0,0.708428603241018,0.6881336481357384,ground,2
-49.0,-13.0,2.0,0.6826942048589152,0.6826942048589152,ground,1
-49.0,-11.0,2.0,0.7136934618443221,0.6884546631543641,ground,4
-49.0,-7.0,2.0,0.700410822412064,0.6849467824737303,ground,2
-49.0,-5.0,2.0,0.6948502503323767,0.6948502503323767,ground,1
-49.0,-1.0,2.0,0.7728458008567478,0.7728458008567478,ground,1
-49.0,1.0,2.0,0.6784432950489536,0.6784432950489536,ground,1
-49.0,5.0,2.0,0.772211573415603,0.7481056167777418,ground,5
-49.0,7.0,2.0,0.7458824969855193,0.7339295422372785,ground,2
-49.0,9.0,2.0,0.7723447007757521,0.7525648904205603,ground,2
-49.0,11.0,2.0,0.765930966840254,0.7513071099195612,ground,2
-49.0,13.0,2.0,0.8100804715361991,0.782691011733907,ground,3
-49.0,15.0,2.0,0.7747257425396552,0.7747257425396552,ground,1
-49.0,17.0,2.0,0.8239308322974216,0.8196826476056492,ground,2
-49.0,19.0,2.0,0.8161944223739792,0.8052830539806372,ground,3
-49.0,25.0,2.0,0.8750925353015947,0.8750925353015947,ground,1
-49.0,27.0,2.0,0.8462695151655337,0.8462695151655337,ground,1
-49.0,29.0,2.0,0.914261385909146,0.8778172942540681,ground,2
-49.0,31.0,2.0,2.3712420469947713,1.6095097687486404,ground,2
-49.0,33.0,2.0,3.3091157350389935,1.6798641670071184,ground,3
-49.0,37.0,2.0,0.886440174591515,0.8782715031965969,ground,2
-49.0,39.0,2.0,0.8684435019185841,0.8647040458610895,ground,2
-49.0,45.0,2.0,3.084616340915752,1.8576209415466922,ground,4
-49.0,47.0,2.0,2.998995018909911,1.5880438445466947,ground,3
-49.0,49.0,2.0,0.9692747833312316,0.9692747833312316,ground,1
-49.0,51.0,2.0,3.1036017433396994,2.0346354539040794,ground,2
-49.0,53.0,2.0,0.9559512702208399,0.9348287485153695,ground,2
-49.0,55.0,2.0,2.51134175411229,2.51134175411229,vegetation,1
-49.0,57.0,2.0,0.9472691015511867,0.9472691015511867,ground,1
-49.0,59.0,2.0,3.266992395571484,2.1123242819416084,ground,2
-49.0,61.0,2.0,3.8864009491364593,2.433929062374344,ground,2
-49.0,63.0,2.0,0.9428875847002706,0.9428875847002706,ground,1
-49.0,65.0,2.0,0.9708003582502421,0.9708003582502421,ground,1
-49.0,67.0,2.0,3.2666669241878723,1.7619960262306182,ground,3
-49.0,69.0,2.0,3.8771699326823317,2.124302019525623,ground,4
-49.0,77.0,2.0,2.834863439985183,1.6405692506040708,ground,3
-49.0,79.0,2.0,1.0611069447587123,1.0409292531518464,ground,2
-49.0,81.0,2.0,1.0961784090724953,1.0739799565066306,ground,2
-49.0,85.0,2.0,1.08587947523891,1.076732777726213,ground,2
-47.0,-89.0,2.0,1.8961251823039782,1.8961251823039782,vegetation,1
-47.0,-87.0,2.0,0.39080553897496123,0.37421281615361995,ground,3
-47.0,-85.0,2.0,2.4803680595603614,1.4211373452638356,ground,2
-47.0,-83.0,2.0,1.3640782911598475,1.3640782911598475,vegetation,1
-47.0,-79.0,2.0,1.26053621570075,1.26053621570075,vegetation,1
-47.0,-77.0,2.0,0.40624029303304554,0.3812921097307924,ground,2
-47.0,-75.0,2.0,2.5855751501767728,1.4798112169304134,ground,2
-47.0,-73.0,2.0,0.39978264024260707,0.39978264024260707,ground,1
-47.0,-69.0,2.0,2.457301889569516,1.5613584832811698,vegetation,3
-47.0,-67.0,2.0,0.44191814544937225,0.44191814544937225,ground,1
-47.0,-65.0,2.0,0.4737716945330219,0.47340451670169836,ground,2
-47.0,-63.0,2.0,0.5073747027217981,0.5073747027217981,ground,1
-47.0,-61.0,2.0,2.9369815895320435,1.7176022114772154,ground,2
-47.0,-59.0,2.0,1.6640976755463512,0.875276942783573,ground,3
-47.0,-57.0,2.0,2.612388768910078,2.612388768910078,vegetation,1
-47.0,-55.0,2.0,2.2225618465369843,1.3546625787528446,ground,2
-47.0,-53.0,2.0,2.0457767438825973,1.2599601243233243,ground,2
-47.0,-51.0,2.0,0.49023609863320683,0.49023609863320683,ground,1
-47.0,-49.0,2.0,0.5360648721812061,0.5360648721812061,ground,1
-47.0,-47.0,2.0,0.5410521309441652,0.5410521309441652,ground,1
-47.0,-45.0,2.0,0.5489417898170382,0.5489417898170382,ground,1
-47.0,-39.0,2.0,1.378293166887451,1.378293166887451,vegetation,1
-47.0,-35.0,2.0,3.017224577034013,2.1094212597472155,vegetation,3
-47.0,-33.0,2.0,0.621983078032542,0.593465189606013,ground,3
-47.0,-31.0,2.0,3.2774959279510294,1.9424530427385764,ground,2
-47.0,-27.0,2.0,1.965732636037373,1.965732636037373,vegetation,1
-47.0,-25.0,2.0,0.6183855416639596,0.6125995019733603,ground,2
-47.0,-23.0,2.0,0.5879310077073029,0.5799693556743314,ground,3
-47.0,-21.0,2.0,0.6236653736195509,0.6236653736195509,ground,1
-47.0,-17.0,2.0,0.6410937414796689,0.6410937414796689,ground,1
-47.0,-15.0,2.0,0.628376555209341,0.6164508831083659,ground,3
-47.0,-13.0,2.0,0.7261828262594641,0.70470980413436,ground,2
-47.0,-11.0,2.0,0.6519736871762387,0.6519736871762387,ground,1
-47.0,-9.0,2.0,0.6807628953013479,0.6805217779923927,ground,2
-47.0,-7.0,2.0,0.6811753842353993,0.6709194727028698,ground,3
-47.0,-5.0,2.0,0.6585567926584016,0.6585567926584016,ground,1
-47.0,-3.0,2.0,0.6837511318885364,0.6775550269531982,ground,3
-47.0,-1.0,2.0,0.7123417528271115,0.7123417528271115,ground,1
-47.0,1.0,2.0,0.7471429822400276,0.7471429822400276,ground,1
-47.0,3.0,2.0,0.7507674647710841,0.724236456481919,ground,2
-47.0,5.0,2.0,0.750316608791816,0.7177574262415234,ground,2
-47.0,7.0,2.0,0.7418737178313998,0.7418737178313998,ground,1
-47.0,9.0,2.0,0.7622128467108386,0.7387973364717967,ground,3
-47.0,11.0,2.0,0.7604004987499648,0.7499408510049815,ground,2
-47.0,15.0,2.0,0.8016746395845558,0.7770660554313216,ground,2
-47.0,17.0,2.0,0.7681502224054301,0.7505980875555487,ground,3
-47.0,19.0,2.0,0.8004449244364473,0.7834734922494536,ground,2
-47.0,21.0,2.0,0.777728962960225,0.777728962960225,ground,1
-47.0,23.0,2.0,0.8116441652223652,0.8116441652223652,ground,1
-47.0,25.0,2.0,0.795992370048986,0.795992370048986,ground,1
-47.0,29.0,2.0,1.7108498728303854,1.0899442054382957,ground,3
-47.0,31.0,2.0,0.798765512207145,0.798765512207145,ground,1
-47.0,33.0,2.0,3.3132659900260393,3.3132659900260393,vegetation,1
-47.0,37.0,2.0,3.5606725344605845,3.420063639931301,vegetation,2
-47.0,39.0,2.0,0.8581773356240985,0.8581773356240985,ground,1
-47.0,41.0,2.0,0.8948019663466753,0.8657203796510535,ground,4
-47.0,43.0,2.0,3.6134690930226396,1.7791420954674029,ground,3
-47.0,45.0,2.0,2.6716410336092267,1.4527477266054218,ground,3
-47.0,49.0,2.0,0.8801277937052965,0.8705697369029702,ground,2
-47.0,51.0,2.0,0.9274732222768466,0.9117919423010198,ground,2
-47.0,53.0,2.0,0.9278232550061566,0.9278232550061566,ground,1
-47.0,55.0,2.0,0.9626847690339942,0.9370948691868733,ground,3
-47.0,57.0,2.0,2.087163818053628,1.3017719646967845,ground,3
-47.0,63.0,2.0,0.973279842212653,0.973279842212653,ground,1
-47.0,65.0,2.0,0.9594631593063605,0.9594631593063605,ground,1
-47.0,67.0,2.0,1.0199920496039843,1.0199920496039843,ground,1
-47.0,73.0,2.0,0.9847847881384658,0.9726824455181848,ground,2
-47.0,75.0,2.0,0.9716223124749874,0.9716223124749874,ground,1
-47.0,77.0,2.0,1.047891778153848,1.0173966211040595,ground,2
-47.0,83.0,2.0,2.393261867723616,1.5744928831128324,ground,4
-47.0,87.0,2.0,1.0213749728838308,1.0213749728838308,ground,1
-45.0,-89.0,2.0,0.3289269261621863,0.30850308265607207,ground,2
-45.0,-87.0,2.0,0.32948338290155893,0.32948338290155893,ground,1
-45.0,-85.0,2.0,0.3167941877701449,0.3167941877701449,ground,1
-45.0,-83.0,2.0,0.35446373390632013,0.35080862631740084,ground,2
-45.0,-79.0,2.0,2.0569614299265653,1.2045561057371676,ground,2
-45.0,-77.0,2.0,0.3913023088907632,0.3773529150508903,ground,2
-45.0,-75.0,2.0,0.3948351999027345,0.3750942646589806,ground,2
-45.0,-73.0,2.0,3.3873989692774664,3.3501164828719046,vegetation,2
-45.0,-65.0,2.0,0.4428276741062738,0.42390866335041527,ground,2
-45.0,-61.0,2.0,0.4668041618845639,0.4668041618845639,ground,1
-45.0,-59.0,2.0,0.45563190464071357,0.4322782999239801,ground,3
-45.0,-55.0,2.0,0.4367141261393223,0.4367141261393223,ground,1
-45.0,-51.0,2.0,2.562762111712484,1.5089745217128243,ground,2
-45.0,-49.0,2.0,2.85148378067334,2.85148378067334,vegetation,1
-45.0,-45.0,2.0,3.301511125417128,3.301511125417128,vegetation,1
-45.0,-43.0,2.0,0.512674285128503,0.5047585945907187,ground,2
-45.0,-41.0,2.0,0.5506337459990676,0.5330428916694896,ground,2
-45.0,-37.0,2.0,0.5641528941013425,0.544876981012874,ground,3
-45.0,-35.0,2.0,1.5973867947954699,1.0749697417257749,ground,2
-45.0,-31.0,2.0,0.5658224969911796,0.5616420062844414,ground,2
-45.0,-29.0,2.0,0.5805663621466607,0.5805663621466607,ground,1
-45.0,-27.0,2.0,3.0901501916967162,1.8113314474974824,ground,2
-45.0,-25.0,2.0,0.6195893509850037,0.5914383804682007,ground,3
-45.0,-23.0,2.0,0.584714847437568,0.584714847437568,ground,1
-45.0,-21.0,2.0,0.6254981957210525,0.6122041203448232,ground,3
-45.0,-17.0,2.0,0.6187794272350137,0.6033163506856032,ground,2
-45.0,-15.0,2.0,0.6039600444720999,0.6039600444720999,ground,1
-45.0,-13.0,2.0,0.6357571720946532,0.6242237652095806,ground,2
-45.0,-11.0,2.0,0.6407875175451552,0.6407875175451552,ground,1
-45.0,-9.0,2.0,0.5886171320704727,0.5886171320704727,ground,1
-45.0,-7.0,2.0,0.6719285240545457,0.6652128812507733,ground,2
-45.0,-5.0,2.0,0.661082008040812,0.6267902772297982,ground,2
-45.0,-3.0,2.0,0.6954139008933108,0.685208438148818,ground,3
-45.0,-1.0,2.0,0.7164470332638074,0.7164470332638074,ground,1
-45.0,1.0,2.0,0.6918392296295186,0.6860236176687359,ground,2
-45.0,3.0,2.0,0.6321150444095025,0.6321150444095025,ground,1
-45.0,5.0,2.0,0.6606620815701644,0.6606620815701644,ground,1
-45.0,7.0,2.0,0.7416322314387697,0.7126970303189852,ground,4
-45.0,9.0,2.0,0.693073295157862,0.693073295157862,ground,1
-45.0,11.0,2.0,0.7802775905817199,0.7523725197430583,ground,3
-45.0,13.0,2.0,0.7276544298535705,0.7262538073053888,ground,2
-45.0,15.0,2.0,0.7972614513254006,0.7972614513254006,ground,1
-45.0,17.0,2.0,0.7541117574056898,0.7525173668405067,ground,2
-45.0,23.0,2.0,0.7720834744413084,0.7720834744413084,ground,1
-45.0,27.0,2.0,2.871493443762999,1.471510044016009,ground,3
-45.0,29.0,2.0,0.7901114486404252,0.77825162336589,ground,2
-45.0,31.0,2.0,1.876958833704354,1.7541874136687428,vegetation,2
-45.0,33.0,2.0,0.8412636219826978,0.8412636219826978,ground,1
-45.0,35.0,2.0,3.6794782720871364,1.817855619926442,ground,4
-45.0,37.0,2.0,3.0784114476026163,1.943291592377406,ground,2
-45.0,39.0,2.0,2.8824699368138167,1.5182390527323957,ground,3
-45.0,41.0,2.0,0.8227362080387938,0.8227362080387938,ground,1
-45.0,43.0,2.0,0.8814040018175963,0.8419747792028437,ground,3
-45.0,47.0,2.0,0.8784801525110684,0.853239760275498,ground,3
-45.0,49.0,2.0,0.9221094693302179,0.8598491339031955,ground,4
-45.0,51.0,2.0,0.8820658098071653,0.8820658098071653,ground,1
-45.0,53.0,2.0,2.110960807063947,1.4894701698516468,ground,2
-45.0,55.0,2.0,3.4670967173350413,1.919859303186051,vegetation,6
-45.0,61.0,2.0,0.9195742336908563,0.9195742336908563,ground,1
-45.0,63.0,2.0,0.9844307040803083,0.9364269385200463,ground,5
-45.0,67.0,2.0,0.9645695589001255,0.9645695589001255,ground,1
-45.0,71.0,2.0,0.9343703644135707,0.9343703644135707,ground,1
-45.0,73.0,2.0,1.0117128114611496,1.0117128114611496,ground,1
-45.0,75.0,2.0,0.919367725319421,0.919367725319421,ground,1
-45.0,77.0,2.0,0.9985962323764254,0.9985962323764254,ground,1
-45.0,83.0,2.0,2.47289211283498,1.762171848506442,ground,2
-45.0,85.0,2.0,1.0120907502074257,1.0120907502074257,ground,1
-45.0,87.0,2.0,3.0494422880064684,2.044078487430596,vegetation,5
-45.0,89.0,2.0,2.3209558465157683,2.3209558465157683,vegetation,1
-43.0,-87.0,2.0,3.129929152378823,1.7115561593667463,ground,2
-43.0,-83.0,2.0,2.810456442794151,2.810456442794151,vegetation,1
-43.0,-79.0,2.0,0.3325267590971254,0.3325267590971254,ground,1
-43.0,-75.0,2.0,0.3684218893114926,0.34481882390524987,ground,3
-43.0,-73.0,2.0,1.874869685305562,1.1266114774639095,ground,2
-43.0,-71.0,2.0,0.3763522468585198,0.36257206096152195,ground,2
-43.0,-69.0,2.0,3.354087362883771,3.2052771421110524,vegetation,2
-43.0,-67.0,2.0,0.3825280692298245,0.3825280692298245,ground,1
-43.0,-65.0,2.0,2.8841086633499478,2.8841086633499478,vegetation,1
-43.0,-63.0,2.0,0.39061366150938587,0.39061366150938587,ground,1
-43.0,-61.0,2.0,0.3546146761110512,0.3546146761110512,ground,1
-43.0,-59.0,2.0,0.39371220850830035,0.381242639238501,ground,2
-43.0,-57.0,2.0,1.2727107127158008,0.8550653215343255,ground,2
-43.0,-55.0,2.0,0.5461797773799456,0.5009843769337137,ground,2
-43.0,-53.0,2.0,0.45294721694728923,0.45294721694728923,ground,1
-43.0,-51.0,2.0,0.4114269715384775,0.4045421354874614,ground,2
-43.0,-47.0,2.0,0.42447868240825803,0.42447868240825803,ground,1
-43.0,-43.0,2.0,1.86481279933524,1.147658969478248,ground,2
-43.0,-41.0,2.0,0.4502680055922481,0.4502680055922481,ground,1
-43.0,-39.0,2.0,0.5234888501139856,0.5234888501139856,ground,1
-43.0,-37.0,2.0,3.2723085782909216,1.8803636050737649,ground,4
-43.0,-35.0,2.0,3.2179432035498854,1.3762521331325315,ground,5
-43.0,-33.0,2.0,0.5206765609530654,0.5170767177268938,ground,2
-43.0,-31.0,2.0,0.5672083980825826,0.5511180454823805,ground,2
-43.0,-29.0,2.0,1.7883976509190531,1.167013491066396,ground,2
-43.0,-27.0,2.0,2.4630688420985436,1.1825366324130424,ground,3
-43.0,-25.0,2.0,2.451155617212141,1.5116568729193904,ground,2
-43.0,-23.0,2.0,0.490610027326673,0.490610027326673,ground,1
-43.0,-21.0,2.0,0.5960689076713884,0.5960689076713884,ground,1
-43.0,-19.0,2.0,0.5251418201308774,0.5251418201308774,ground,1
-43.0,-17.0,2.0,0.5985369168536737,0.5596568959712186,ground,2
-43.0,-15.0,2.0,0.5938829175118444,0.5776692520558001,ground,2
-43.0,-13.0,2.0,0.6203409712250971,0.6203409712250971,ground,1
-43.0,-11.0,2.0,0.6267268491766141,0.6267268491766141,ground,1
-43.0,-9.0,2.0,0.5840827109614596,0.5840827109614596,ground,1
-43.0,-5.0,2.0,0.6106408284868523,0.6106408284868523,ground,1
-43.0,-3.0,2.0,0.6749899994171085,0.6547429831172432,ground,3
-43.0,-1.0,2.0,0.6531928344974007,0.6531928344974007,ground,1
-43.0,3.0,2.0,0.6223256407460773,0.6223256407460773,ground,1
-43.0,9.0,2.0,0.675804571054644,0.675804571054644,ground,1
-43.0,11.0,2.0,0.7234564513141545,0.7234564513141545,ground,1
-43.0,13.0,2.0,0.7589908270940713,0.7186716415066488,ground,4
-43.0,15.0,2.0,0.7214681211147133,0.690010976593217,ground,4
-43.0,19.0,2.0,0.7179753426129174,0.7088648225533706,ground,2
-43.0,21.0,2.0,0.7179402527354302,0.7112110208042957,ground,3
-43.0,23.0,2.0,0.7046814702606004,0.7046814702606004,ground,1
-43.0,25.0,2.0,2.6430819096880906,1.1081766144294114,ground,5
-43.0,27.0,2.0,0.7637506026267089,0.7637506026267089,ground,1
-43.0,29.0,2.0,3.159666618008306,1.9697054215065875,ground,2
-43.0,31.0,2.0,0.7733215326823933,0.7733215326823933,ground,1
-43.0,33.0,2.0,0.7945798237908389,0.7724568831933757,ground,3
-43.0,35.0,2.0,0.8093092456183277,0.7982082271653919,ground,2
-43.0,37.0,2.0,0.7777136801206711,0.7777136801206711,ground,1
-43.0,41.0,2.0,3.5468615176962635,1.7290196130156448,ground,3
-43.0,43.0,2.0,0.804365427847552,0.7893078915240614,ground,2
-43.0,45.0,2.0,2.7433476524985263,2.7433476524985263,vegetation,1
-43.0,47.0,2.0,0.8636473252996227,0.8519535812830691,ground,3
-43.0,49.0,2.0,1.7758668552443764,1.2989772005224736,ground,2
-43.0,51.0,2.0,0.8883372383649543,0.8883372383649543,ground,1
-43.0,55.0,2.0,0.8792986155798914,0.8792986155798914,ground,1
-43.0,57.0,2.0,3.3053459643677234,1.4957050457079049,ground,4
-43.0,59.0,2.0,0.9013458680988391,0.9013458680988391,ground,1
-43.0,61.0,2.0,0.9050098894575838,0.9050098894575838,ground,1
-43.0,67.0,2.0,3.342393663284038,1.5060730568461569,ground,4
-43.0,69.0,2.0,0.9286072105358455,0.9207046399660395,ground,2
-43.0,71.0,2.0,0.9038436441023912,0.9038436441023912,ground,1
-43.0,73.0,2.0,2.9168519214246067,2.171281744496847,vegetation,3
-43.0,77.0,2.0,0.9835788941785919,0.9600575487214899,ground,3
-43.0,79.0,2.0,0.9792969133737855,0.9777447040019727,ground,2
-43.0,81.0,2.0,3.5249383842733257,2.225041351722591,ground,2
-43.0,87.0,2.0,1.0223680021579131,1.0223680021579131,ground,1
-43.0,89.0,2.0,1.0182289135974951,1.0182289135974951,ground,1
-41.0,-89.0,2.0,0.22755990682903912,0.22755990682903912,ground,1
-41.0,-87.0,2.0,2.336187876566615,0.9513626111065939,ground,3
-41.0,-85.0,2.0,3.079335632719496,2.1662316571370663,vegetation,2
-41.0,-83.0,2.0,1.7305751302549648,1.7305751302549648,vegetation,1
-41.0,-81.0,2.0,0.3087010978876792,0.30608038941607085,ground,2
-41.0,-79.0,2.0,0.3199251979951663,0.29304270870570237,ground,3
-41.0,-77.0,2.0,0.3163785708755308,0.3163785708755308,ground,1
-41.0,-73.0,2.0,0.3550094172259244,0.3550094172259244,ground,1
-41.0,-71.0,2.0,0.34595260970521874,0.34595260970521874,ground,1
-41.0,-63.0,2.0,0.39122887295545017,0.39122887295545017,ground,1
-41.0,-61.0,2.0,0.34516214389420596,0.34516214389420596,ground,1
-41.0,-59.0,2.0,0.36016204667077,0.36016204667077,ground,1
-41.0,-57.0,2.0,0.36183342331276486,0.36183342331276486,ground,1
-41.0,-55.0,2.0,0.4491959539523737,0.4491959539523737,ground,1
-41.0,-53.0,2.0,3.0897952348473083,2.509899769226059,vegetation,2
-41.0,-51.0,2.0,2.6209617315718123,1.1418867592711426,ground,3
-41.0,-49.0,2.0,0.42901930051034165,0.4213780357320668,ground,2
-41.0,-47.0,2.0,1.9433274876013518,1.9433274876013518,vegetation,1
-41.0,-45.0,2.0,3.2674238169148047,1.828068472155377,ground,2
-41.0,-41.0,2.0,2.085371268468241,1.0710060653201834,ground,4
-41.0,-39.0,2.0,0.4514809649074558,0.4514809649074558,ground,1
-41.0,-37.0,2.0,3.1735163428555224,3.1156162411884196,vegetation,2
-41.0,-35.0,2.0,0.4060816823071626,0.4060816823071626,ground,1
-41.0,-33.0,2.0,0.4908999231112192,0.4908999231112192,ground,1
-41.0,-31.0,2.0,0.5313293615390506,0.48492371138327767,ground,4
-41.0,-29.0,2.0,0.4307086209797845,0.4307086209797845,ground,1
-41.0,-25.0,2.0,0.5422249434049494,0.5195560698411333,ground,3
-41.0,-23.0,2.0,0.5304961947711204,0.5096418610860288,ground,4
-41.0,-21.0,2.0,0.5391945203827757,0.5157720272522333,ground,4
-41.0,-17.0,2.0,0.585658692031863,0.559059812555858,ground,3
-41.0,-15.0,2.0,0.6144192415195255,0.601027632548992,ground,2
-41.0,-11.0,2.0,0.5654409884868129,0.5654409884868129,ground,1
-41.0,-9.0,2.0,0.6077389578339377,0.571730163550085,ground,2
-41.0,-7.0,2.0,0.6225811649784833,0.5968635765018403,ground,3
-41.0,-5.0,2.0,0.6366390570343158,0.5989499477492444,ground,2
-41.0,-3.0,2.0,0.6202160389361465,0.6202160389361465,ground,1
-41.0,-1.0,2.0,0.6566388353632812,0.6259592236846782,ground,4
-41.0,1.0,2.0,0.5685034104999356,0.5626133271117448,ground,2
-41.0,3.0,2.0,0.6359599621133465,0.6347095801751049,ground,2
-41.0,5.0,2.0,0.6658335801692695,0.6413229555133618,ground,3
-41.0,7.0,2.0,0.6246942430211514,0.6246942430211514,ground,1
-41.0,9.0,2.0,0.6567835939077268,0.6567835939077268,ground,1
-41.0,11.0,2.0,0.6616641715828062,0.6518116405086397,ground,3
-41.0,13.0,2.0,0.6680165327570867,0.6412061083773529,ground,3
-41.0,17.0,2.0,0.6737368830925612,0.6532173513043256,ground,4
-41.0,19.0,2.0,0.6713159885611903,0.6705585351202055,ground,2
-41.0,21.0,2.0,0.7477829594742895,0.7192191674579735,ground,2
-41.0,23.0,2.0,0.7197988439441261,0.7139165980981871,ground,3
-41.0,27.0,2.0,0.761010235547501,0.761010235547501,ground,1
-41.0,29.0,2.0,0.7176416692782684,0.7176416692782684,ground,1
-41.0,31.0,2.0,0.7564879098001187,0.7564879098001187,ground,1
-41.0,33.0,2.0,3.4433557118463662,3.350379740283461,vegetation,2
-41.0,35.0,2.0,1.6144068532614144,1.6144068532614144,vegetation,1
-41.0,37.0,2.0,3.596023140700729,3.596023140700729,vegetation,1
-41.0,41.0,2.0,3.489084822635259,1.4669494017638995,ground,4
-41.0,45.0,2.0,0.7849896811335938,0.7849896811335938,ground,1
-41.0,47.0,2.0,2.7299981273145013,1.4266386020321675,ground,3
-41.0,53.0,2.0,0.8085490486323008,0.8085490486323008,ground,1
-41.0,55.0,2.0,3.0487074024283025,1.942479433817774,ground,2
-41.0,57.0,2.0,1.9739696370977344,1.4188399543593881,ground,2
-41.0,59.0,2.0,0.8768723966030433,0.8768723966030433,ground,1
-41.0,63.0,2.0,0.8697715262074632,0.8620864417547836,ground,3
-41.0,65.0,2.0,2.4825889623009543,2.4825889623009543,vegetation,1
-41.0,69.0,2.0,2.0598221803533554,1.419093811093824,ground,4
-41.0,71.0,2.0,3.6291873006766915,3.6291873006766915,vegetation,1
-41.0,73.0,2.0,0.9146468275259376,0.9146468275259376,ground,1
-41.0,77.0,2.0,3.6194361568967914,1.8796988395343046,ground,4
-41.0,83.0,2.0,3.1354953864607813,3.1354953864607813,vegetation,1
-41.0,85.0,2.0,2.731748624939986,2.731748624939986,vegetation,1
-41.0,87.0,2.0,0.9464489805366352,0.9464489805366352,ground,1
-41.0,89.0,2.0,3.5887270840567322,3.2323669224450895,vegetation,2
-39.0,-87.0,2.0,0.2626770923567279,0.24951087125279192,ground,3
-39.0,-85.0,2.0,0.2818044465430743,0.25470676629166733,ground,3
-39.0,-83.0,2.0,0.2764622845112175,0.2764622845112175,ground,1
-39.0,-79.0,2.0,0.27257943725331935,0.27257943725331935,ground,1
-39.0,-75.0,2.0,0.30688536336744643,0.30688536336744643,ground,1
-39.0,-73.0,2.0,2.6475831972217194,1.4656794969009663,ground,2
-39.0,-65.0,2.0,1.7898183387043867,0.7007738298746037,ground,4
-39.0,-63.0,2.0,1.897086539742317,0.8519636734568925,ground,3
-39.0,-61.0,2.0,2.15020197817598,2.15020197817598,vegetation,1
-39.0,-59.0,2.0,2.9585407315548036,1.2218705904986027,ground,3
-39.0,-57.0,2.0,0.3594598292904819,0.3594598292904819,ground,1
-39.0,-55.0,2.0,0.35428379209462557,0.35428379209462557,ground,1
-39.0,-53.0,2.0,0.4103512894574081,0.38186743708119486,ground,2
-39.0,-51.0,2.0,0.38862951162860443,0.3665047133650863,ground,2
-39.0,-49.0,2.0,2.137210458816318,2.137210458816318,vegetation,1
-39.0,-45.0,2.0,2.3394855575654456,2.182259084961547,vegetation,2
-39.0,-41.0,2.0,0.3882706186040778,0.3882706186040778,ground,1
-39.0,-37.0,2.0,1.7903201340443722,1.128968576868596,ground,2
-39.0,-33.0,2.0,0.42356225961420757,0.42356225961420757,ground,1
-39.0,-27.0,2.0,1.8866673338836943,0.9596608683007247,ground,3
-39.0,-23.0,2.0,0.452162562638157,0.452162562638157,ground,1
-39.0,-19.0,2.0,0.476979489519942,0.476979489519942,ground,1
-39.0,-17.0,2.0,0.499525537838954,0.499525537838954,ground,1
-39.0,-13.0,2.0,0.5520704784026552,0.5346555310938698,ground,3
-39.0,-11.0,2.0,0.5954111477607942,0.5954111477607942,ground,1
-39.0,-9.0,2.0,0.5563689362693215,0.5514557655789262,ground,2
-39.0,-7.0,2.0,0.5746449465319352,0.5486293386144523,ground,2
-39.0,-3.0,2.0,0.5725764027708982,0.5725764027708982,ground,1
-39.0,-1.0,2.0,0.6233051434785456,0.6233051434785456,ground,1
-39.0,1.0,2.0,0.6012341496624697,0.6012341496624697,ground,1
-39.0,3.0,2.0,0.6190403848876997,0.5870335284408295,ground,2
-39.0,5.0,2.0,0.6131774478925798,0.6131774478925798,ground,1
-39.0,7.0,2.0,0.5946933503509704,0.5865129011959408,ground,2
-39.0,9.0,2.0,0.6658745220428598,0.6435068695351612,ground,4
-39.0,11.0,2.0,0.5856538059020362,0.585620463966175,ground,2
-39.0,13.0,2.0,0.6393930064438322,0.6393930064438322,ground,1
-39.0,15.0,2.0,0.6423235274234181,0.6321174891413803,ground,3
-39.0,17.0,2.0,0.6452174164729946,0.6416626476962654,ground,3
-39.0,19.0,2.0,0.6791098981789335,0.6699667293639278,ground,2
-39.0,21.0,2.0,0.6958520951599106,0.6804073193752819,ground,6
-39.0,25.0,2.0,0.7220531478692709,0.7086415364060988,ground,3
-39.0,27.0,2.0,0.629299745672406,0.629299745672406,ground,1
-39.0,29.0,2.0,0.7121365631383341,0.7121365631383341,ground,1
-39.0,31.0,2.0,0.7434837362980623,0.7127505768045841,ground,2
-39.0,33.0,2.0,0.7268004367877149,0.722158311565721,ground,2
-39.0,35.0,2.0,0.708290681617038,0.7072132656670106,ground,2
-39.0,37.0,2.0,2.9703651127654904,2.9703651127654904,vegetation,1
-39.0,39.0,2.0,1.7621151351038558,1.3828390633116436,vegetation,3
-39.0,43.0,2.0,0.7510530282215861,0.7129493981095815,ground,2
-39.0,45.0,2.0,3.4594042355125607,3.4594042355125607,vegetation,1
-39.0,47.0,2.0,3.7037535412726346,2.2714657835103385,ground,2
-39.0,51.0,2.0,0.8261641822521822,0.8024251624462805,ground,3
-39.0,55.0,2.0,0.7932956006383118,0.7932956006383118,ground,1
-39.0,57.0,2.0,2.863486621349257,2.6119270742381735,vegetation,2
-39.0,59.0,2.0,1.6318288910932306,1.6318288910932306,vegetation,1
-39.0,61.0,2.0,0.8148288010660987,0.8148288010660987,ground,1
-39.0,63.0,2.0,2.517868961720266,1.684541547424615,ground,2
-39.0,65.0,2.0,3.3500342700526717,2.2512129453091636,vegetation,3
-39.0,69.0,2.0,3.1695584607048897,3.1695584607048897,vegetation,1
-39.0,73.0,2.0,0.9044452930408302,0.8875434967324829,ground,2
-39.0,75.0,2.0,3.841428029379597,3.7199820367104333,vegetation,2
-39.0,79.0,2.0,0.9334348776882082,0.9334348776882082,ground,1
-39.0,81.0,2.0,0.9204261010148986,0.9204261010148986,ground,1
-39.0,83.0,2.0,0.8814668095764315,0.8814668095764315,ground,1
-39.0,85.0,2.0,3.696851005764367,2.768079811023724,vegetation,5
-39.0,89.0,2.0,0.9562944072223718,0.9544865583084081,ground,2
-39.0,91.0,2.0,3.1384205634255835,2.020427272302769,ground,2
-37.0,-91.0,2.0,0.1967124059043706,0.1967124059043706,ground,1
-37.0,-89.0,2.0,1.83097334748166,1.83097334748166,vegetation,1
-37.0,-83.0,2.0,0.21946461003363057,0.21946461003363057,ground,1
-37.0,-81.0,2.0,1.751765911736674,1.751765911736674,vegetation,1
-37.0,-79.0,2.0,2.8314908282151423,1.1041241933533565,ground,3
-37.0,-75.0,2.0,3.159999391257082,1.7091341871665982,ground,2
-37.0,-71.0,2.0,0.3086336124545366,0.3086336124545366,ground,1
-37.0,-69.0,2.0,1.337092602271956,1.337092602271956,vegetation,1
-37.0,-67.0,2.0,0.32760315107668475,0.28869326307752274,ground,3
-37.0,-63.0,2.0,0.32507088548390917,0.30413540277109813,ground,3
-37.0,-53.0,2.0,0.35641388771126,0.35641388771126,ground,1
-37.0,-49.0,2.0,2.4570986238290127,0.7803845586292223,ground,5
-37.0,-47.0,2.0,0.37836038651849885,0.3631407810946306,ground,3
-37.0,-45.0,2.0,0.3684376732916103,0.3684376732916103,ground,1
-37.0,-43.0,2.0,3.327161788635196,1.8619182660148657,ground,2
-37.0,-41.0,2.0,0.37801924407709164,0.37801924407709164,ground,1
-37.0,-39.0,2.0,1.397085321291577,1.397085321291577,vegetation,1
-37.0,-35.0,2.0,0.40976065503612275,0.40976065503612275,ground,1
-37.0,-33.0,2.0,3.2381524294919206,1.8312681614629396,ground,2
-37.0,-31.0,2.0,2.8703691871490533,1.8267335606348465,vegetation,5
-37.0,-29.0,2.0,0.46209131943105647,0.44500560961964136,ground,2
-37.0,-27.0,2.0,3.2853412398849273,1.838620970879375,ground,2
-37.0,-25.0,2.0,0.4786683236160177,0.4786683236160177,ground,1
-37.0,-23.0,2.0,0.4557974195631353,0.4557974195631353,ground,1
-37.0,-17.0,2.0,0.4540950402949475,0.4540950402949475,ground,1
-37.0,-13.0,2.0,0.5336441792106157,0.5336441792106157,ground,1
-37.0,-7.0,2.0,0.5602932831717752,0.5570844022003546,ground,2
-37.0,-3.0,2.0,0.5455587482295112,0.5455587482295112,ground,1
-37.0,-1.0,2.0,0.5284795530463132,0.5284795530463132,ground,1
-37.0,3.0,2.0,0.6193818296906997,0.6193818296906997,ground,1
-37.0,5.0,2.0,0.6022333045271848,0.5733480819582304,ground,2
-37.0,7.0,2.0,0.651454194695028,0.6205972036438208,ground,2
-37.0,9.0,2.0,0.6040667771266621,0.5745332269700054,ground,4
-37.0,11.0,2.0,0.6223231768053096,0.6029994106276387,ground,4
-37.0,15.0,2.0,0.6254087197866323,0.6254087197866323,ground,1
-37.0,17.0,2.0,0.6061381239948732,0.6061381239948732,ground,1
-37.0,19.0,2.0,0.6642683710590622,0.6642683710590622,ground,1
-37.0,21.0,2.0,0.6531995508497367,0.6326783838970712,ground,4
-37.0,23.0,2.0,0.6312918690202288,0.6164687593661937,ground,2
-37.0,27.0,2.0,0.6719267344765231,0.6579931687788985,ground,2
-37.0,29.0,2.0,2.281660749328894,2.274301473664587,vegetation,2
-37.0,31.0,2.0,2.9631238096652983,1.4184732420174717,ground,3
-37.0,33.0,2.0,2.333796362480718,2.333796362480718,vegetation,1
-37.0,35.0,2.0,1.94727189975354,1.0116546668875825,ground,4
-37.0,37.0,2.0,0.685925505016519,0.685925505016519,ground,1
-37.0,39.0,2.0,0.7422189164804001,0.7422189164804001,ground,1
-37.0,41.0,2.0,2.4601621510904286,2.4601621510904286,vegetation,1
-37.0,43.0,2.0,0.7771997848878685,0.7771997848878685,ground,1
-37.0,45.0,2.0,0.6911745289565616,0.6911745289565616,ground,1
-37.0,47.0,2.0,2.7006425385180384,1.7431682065017864,ground,2
-37.0,53.0,2.0,2.7628870642559398,1.7500797038714198,ground,2
-37.0,55.0,2.0,0.799406237457248,0.7879794078479069,ground,3
-37.0,57.0,2.0,0.8510286475113816,0.7983956526584971,ground,2
-37.0,59.0,2.0,0.8430617406625187,0.8430617406625187,ground,1
-37.0,63.0,2.0,0.8294485716111054,0.8294485716111054,ground,1
-37.0,65.0,2.0,3.5084894393965187,3.029570626126997,vegetation,2
-37.0,67.0,2.0,3.681976100591842,3.681976100591842,vegetation,1
-37.0,71.0,2.0,3.7062578434260374,1.7898136922093517,ground,3
-37.0,77.0,2.0,2.839554426624907,1.3592721553761205,ground,4
-37.0,79.0,2.0,2.333009418136017,2.105830298231234,vegetation,2
-37.0,81.0,2.0,0.8578744781736437,0.8578744781736437,ground,1
-37.0,83.0,2.0,3.853790144120248,2.3741898919181805,ground,2
-37.0,85.0,2.0,0.9224048149453736,0.9163372404078528,ground,2
-37.0,91.0,2.0,0.9358253872039305,0.9083909676418327,ground,2
-35.0,-93.0,2.0,0.13463460764056603,0.11245782294902752,ground,2
-35.0,-91.0,2.0,0.17930836791167945,0.1609725497522661,ground,2
-35.0,-89.0,2.0,0.17621936581566708,0.17621936581566708,ground,1
-35.0,-83.0,2.0,2.2076693471810893,1.2060578088263547,ground,2
-35.0,-81.0,2.0,0.22104681228817788,0.22104681228817788,ground,1
-35.0,-79.0,2.0,0.1710534596446632,0.1710534596446632,ground,1
-35.0,-77.0,2.0,2.020850057923002,0.8506582075525545,ground,3
-35.0,-75.0,2.0,1.325890619876257,0.8112862161006656,ground,2
-35.0,-73.0,2.0,0.2846044390290594,0.2846044390290594,ground,1
-35.0,-71.0,2.0,1.2506917255697982,0.5783044895211846,ground,3
-35.0,-69.0,2.0,0.19805778821068226,0.19805778821068226,ground,1
-35.0,-65.0,2.0,0.3192228930146684,0.2957782122427054,ground,2
-35.0,-63.0,2.0,1.3948928213819718,0.838733153595201,ground,2
-35.0,-61.0,2.0,3.2663619523936647,1.7637278250503146,ground,2
-35.0,-59.0,2.0,0.27576782533593963,0.2651293692653728,ground,2
-35.0,-57.0,2.0,0.3032633558002945,0.29468721388989205,ground,2
-35.0,-51.0,2.0,2.869313289703287,1.1640111153088288,ground,3
-35.0,-49.0,2.0,1.3710729820126533,0.6786787161248968,ground,3
-35.0,-47.0,2.0,0.3199519756449882,0.3199519756449882,ground,1
-35.0,-45.0,2.0,0.379997274442804,0.3653613298204603,ground,3
-35.0,-43.0,2.0,0.384341191789434,0.35127445826209824,ground,4
-35.0,-41.0,2.0,1.3247156715554094,0.8432163244889623,ground,2
-35.0,-39.0,2.0,2.9754032556189784,2.9754032556189784,vegetation,1
-35.0,-37.0,2.0,0.4350361416028532,0.41279220194734034,ground,2
-35.0,-35.0,2.0,1.9641429521405471,1.4211161439476097,vegetation,3
-35.0,-33.0,2.0,0.4270194957956033,0.40147621860801863,ground,2
-35.0,-31.0,2.0,2.5033684918830468,1.442991025871493,ground,2
-35.0,-29.0,2.0,0.43367782078175116,0.41515409347040233,ground,2
-35.0,-27.0,2.0,0.42679679103542073,0.4176282690652549,ground,3
-35.0,-25.0,2.0,2.473294127565545,1.4598771922642622,ground,2
-35.0,-23.0,2.0,0.4448619272783835,0.42326451487149763,ground,2
-35.0,-21.0,2.0,0.4224571242085605,0.4158158451421299,ground,3
-35.0,-19.0,2.0,0.4836378795970932,0.4749054013104177,ground,2
-35.0,-17.0,2.0,0.402234650926447,0.402234650926447,ground,1
-35.0,-15.0,2.0,0.47131829974800366,0.47131829974800366,ground,1
-35.0,-13.0,2.0,0.4884423062868206,0.4884423062868206,ground,1
-35.0,-11.0,2.0,0.49603843768748856,0.49603843768748856,ground,1
-35.0,-9.0,2.0,0.5317281098041533,0.5317281098041533,ground,1
-35.0,-5.0,2.0,0.5011859552483764,0.5011859552483764,ground,1
-35.0,-3.0,2.0,0.5071540941066776,0.5050803428287025,ground,2
-35.0,-1.0,2.0,0.5174778872770939,0.5171682621773789,ground,2
-35.0,1.0,2.0,0.554407577410306,0.5317101342825109,ground,2
-35.0,3.0,2.0,0.4907924171155412,0.4907924171155412,ground,1
-35.0,5.0,2.0,0.5731849153148838,0.56355818464219,ground,2
-35.0,7.0,2.0,0.5624459645097896,0.5595527843266734,ground,2
-35.0,13.0,2.0,0.4922011430650505,0.4922011430650505,ground,1
-35.0,15.0,2.0,0.6137807445834483,0.6064383875191302,ground,2
-35.0,19.0,2.0,0.6405415401543408,0.6202292777416757,ground,3
-35.0,21.0,2.0,0.6228814378233024,0.6113073121550098,ground,3
-35.0,23.0,2.0,0.6678480777322336,0.6678480777322336,ground,1
-35.0,25.0,2.0,0.6293941968528376,0.6234978246458792,ground,2
-35.0,27.0,2.0,0.689472515528396,0.6428000962342354,ground,3
-35.0,29.0,2.0,0.6631440709105954,0.6631440709105954,ground,1
-35.0,31.0,2.0,3.4736417910421515,1.2122846034565222,ground,5
-35.0,33.0,2.0,0.6352058774918548,0.6322040666561549,ground,2
-35.0,35.0,2.0,0.684313644798479,0.6516177020235119,ground,5
-35.0,39.0,2.0,1.6908665536001837,1.1829162555121142,ground,2
-35.0,41.0,2.0,3.6388479617893617,3.6388479617893617,vegetation,1
-35.0,43.0,2.0,0.7081654026290886,0.6884887899884164,ground,2
-35.0,45.0,2.0,0.7498807435768665,0.726602254158974,ground,3
-35.0,47.0,2.0,3.4888320697486708,3.4888320697486708,vegetation,1
-35.0,51.0,2.0,3.486176702239782,1.6483906806209963,ground,3
-35.0,53.0,2.0,1.6692917717280549,1.1855995352677593,ground,2
-35.0,55.0,2.0,3.1319217357137985,2.641166442685062,vegetation,2
-35.0,57.0,2.0,3.1376908557336094,1.9497323503436559,ground,2
-35.0,59.0,2.0,0.7514829924387743,0.7514829924387743,ground,1
-35.0,61.0,2.0,2.4139672324398678,2.4139672324398678,vegetation,1
-35.0,63.0,2.0,0.7795700749749892,0.7736746688442397,ground,3
-35.0,65.0,2.0,0.7881669056248953,0.7701290457785357,ground,2
-35.0,67.0,2.0,3.262095591450483,2.022893258656185,ground,2
-35.0,69.0,2.0,0.8271967503743284,0.8271967503743284,ground,1
-35.0,71.0,2.0,0.8436274081703501,0.827305071556168,ground,2
-35.0,73.0,2.0,3.349069527427632,1.6604776906817207,ground,3
-35.0,75.0,2.0,3.692354034252162,3.692354034252162,vegetation,1
-35.0,77.0,2.0,0.8109486142371523,0.8109486142371523,ground,1
-35.0,79.0,2.0,0.8668774726247297,0.8427615766108103,ground,2
-35.0,81.0,2.0,0.83454598555799,0.83454598555799,ground,1
-35.0,83.0,2.0,0.8692191581053847,0.8692191581053847,ground,1
-35.0,87.0,2.0,3.4252769490780848,2.1419714164369577,ground,2
-35.0,89.0,2.0,0.886558381885934,0.8841146144699632,ground,3
-35.0,91.0,2.0,0.8312088755822702,0.8312088755822702,ground,1
-33.0,-93.0,2.0,1.6923488857266213,0.653245665528443,ground,3
-33.0,-89.0,2.0,0.128375438539507,0.128375438539507,ground,1
-33.0,-87.0,2.0,1.3741611242072078,0.5453807258225168,ground,3
-33.0,-77.0,2.0,0.17924796972275878,0.17924796972275878,ground,1
-33.0,-75.0,2.0,2.980907056069311,1.121526975854531,ground,3
-33.0,-73.0,2.0,0.17147451936071498,0.17147451936071498,ground,1
-33.0,-67.0,2.0,0.252042264068713,0.252042264068713,ground,1
-33.0,-65.0,2.0,0.23240530851282956,0.23240530851282956,ground,1
-33.0,-63.0,2.0,0.272717141746751,0.26468452338438625,ground,3
-33.0,-61.0,2.0,1.4470406068607338,1.4470406068607338,vegetation,1
-33.0,-59.0,2.0,0.2593361317668406,0.2564636652476644,ground,2
-33.0,-57.0,2.0,1.2865875407478404,0.7837755394240301,ground,2
-33.0,-55.0,2.0,0.2991732168320779,0.2991732168320779,ground,1
-33.0,-53.0,2.0,0.32432213055729414,0.3065092224682134,ground,2
-33.0,-51.0,2.0,0.3329929166270441,0.30140909678560884,ground,3
-33.0,-47.0,2.0,0.34612770418789224,0.3243739663588372,ground,2
-33.0,-43.0,2.0,0.3501272826214771,0.3501272826214771,ground,1
-33.0,-41.0,2.0,0.3367394169544832,0.3367394169544832,ground,1
-33.0,-39.0,2.0,0.35445028714432886,0.348658492945841,ground,2
-33.0,-37.0,2.0,0.33656454517170625,0.3246690567370012,ground,3
-33.0,-35.0,2.0,0.37273250993901974,0.37273250993901974,ground,1
-33.0,-33.0,2.0,2.833835263167871,2.833835263167871,vegetation,1
-33.0,-31.0,2.0,0.3881489852639762,0.38112417716102653,ground,2
-33.0,-29.0,2.0,1.5761316501204938,1.5761316501204938,vegetation,1
-33.0,-27.0,2.0,3.2564456337579997,1.5428679551144096,ground,4
-33.0,-25.0,2.0,0.3875917637242487,0.3875917637242487,ground,1
-33.0,-23.0,2.0,0.40402073199016025,0.40402073199016025,ground,1
-33.0,-21.0,2.0,0.4293780061109645,0.40872638188060817,ground,3
-33.0,-17.0,2.0,0.46792183980757823,0.4574641465871526,ground,2
-33.0,-15.0,2.0,0.47359346534010394,0.4527789379464186,ground,2
-33.0,-13.0,2.0,0.48860835578114037,0.46043580365076364,ground,3
-33.0,-9.0,2.0,0.429222263322447,0.429222263322447,ground,1
-33.0,-5.0,2.0,0.49672594006741827,0.4865228043690853,ground,5
-33.0,-3.0,2.0,0.46202294729205073,0.46202294729205073,ground,1
-33.0,-1.0,2.0,0.49650239621571085,0.4772979233233391,ground,2
-33.0,1.0,2.0,0.5426172466908585,0.513518866140155,ground,5
-33.0,3.0,2.0,0.5254227510900212,0.4964307973441107,ground,3
-33.0,5.0,2.0,0.5369130463533446,0.5061346243017812,ground,2
-33.0,7.0,2.0,0.5367663574357755,0.5367663574357755,ground,1
-33.0,11.0,2.0,0.5819678460821319,0.5353888747298925,ground,5
-33.0,13.0,2.0,0.5374405097668624,0.5374405097668624,ground,1
-33.0,17.0,2.0,0.583364625590582,0.5613712149517135,ground,2
-33.0,19.0,2.0,0.6157348853334553,0.5816943994394881,ground,2
-33.0,21.0,2.0,0.5947688246286569,0.5947688246286569,ground,1
-33.0,23.0,2.0,0.5729128323726254,0.5682275068639541,ground,2
-33.0,25.0,2.0,0.6192481333237178,0.6192481333237178,ground,1
-33.0,27.0,2.0,1.4722688252330205,1.4722688252330205,vegetation,1
-33.0,29.0,2.0,0.6361692870184412,0.628655094198526,ground,2
-33.0,31.0,2.0,0.6285154827193571,0.6285154827193571,ground,1
-33.0,33.0,2.0,0.6631826894854375,0.6631826894854375,ground,1
-33.0,35.0,2.0,1.5074294713167573,1.0780695749597484,ground,2
-33.0,37.0,2.0,3.140402684633198,1.5460850611583665,ground,4
-33.0,39.0,2.0,0.5862858385361309,0.5862858385361309,ground,1
-33.0,41.0,2.0,0.6767136226078997,0.6658860517247229,ground,2
-33.0,43.0,2.0,2.8240354395486533,1.3891165163240464,ground,3
-33.0,47.0,2.0,0.6582098675678735,0.6582098675678735,ground,1
-33.0,49.0,2.0,0.7239718534177192,0.7069007461335831,ground,3
-33.0,51.0,2.0,1.8671194391068566,1.256832790672882,ground,2
-33.0,53.0,2.0,0.7271258456169928,0.7271258456169928,ground,1
-33.0,55.0,2.0,0.7223941162722063,0.7223941162722063,ground,1
-33.0,57.0,2.0,0.671408923322008,0.671408923322008,ground,1
-33.0,59.0,2.0,0.7063549835561443,0.7063549835561443,ground,1
-33.0,63.0,2.0,2.6805298810890417,2.6805298810890417,vegetation,1
-33.0,65.0,2.0,0.7756248357447525,0.7756248357447525,ground,1
-33.0,67.0,2.0,1.9764548216229536,1.1784491616820227,ground,3
-33.0,73.0,2.0,2.110089933160952,2.110089933160952,vegetation,1
-33.0,75.0,2.0,2.858446262850398,1.8623242830433724,ground,2
-33.0,77.0,2.0,0.81536283872501,0.81536283872501,ground,1
-33.0,79.0,2.0,0.7874074547134843,0.7874074547134843,ground,1
-33.0,81.0,2.0,0.8009016931225396,0.8009016931225396,ground,1
-33.0,83.0,2.0,1.9351469803251473,1.9351469803251473,vegetation,1
-33.0,89.0,2.0,3.535443594048201,2.157152892065423,ground,2
-33.0,91.0,2.0,2.8170961052043184,1.8465864280602073,ground,2
-33.0,93.0,2.0,2.7740489223651883,2.7740489223651883,vegetation,1
-31.0,-91.0,2.0,2.223176081576015,2.223176081576015,vegetation,1
-31.0,-89.0,2.0,0.1286656949582063,0.10844034068949693,ground,3
-31.0,-83.0,2.0,2.3946833003113204,2.3946833003113204,vegetation,1
-31.0,-79.0,2.0,0.1835933794339946,0.1835933794339946,ground,1
-31.0,-77.0,2.0,0.17589446985659418,0.17589446985659418,ground,1
-31.0,-73.0,2.0,0.17015196791328427,0.17015196791328427,ground,1
-31.0,-69.0,2.0,1.014505452610682,1.014505452610682,vegetation,1
-31.0,-67.0,2.0,1.4370827618511757,1.4370827618511757,vegetation,1
-31.0,-63.0,2.0,1.6680155486848858,1.159126935399207,vegetation,3
-31.0,-61.0,2.0,1.1998180907213718,0.6972375004156817,ground,2
-31.0,-59.0,2.0,0.21565228374280143,0.20853044781152152,ground,3
-31.0,-57.0,2.0,1.4635905123568225,1.4635905123568225,vegetation,1
-31.0,-55.0,2.0,0.23641717858337274,0.23641717858337274,ground,1
-31.0,-53.0,2.0,3.1238540370814323,3.1238540370814323,vegetation,1
-31.0,-51.0,2.0,2.802754783322663,1.4506879635603154,ground,4
-31.0,-49.0,2.0,0.26149648681370397,0.25689094559502546,ground,4
-31.0,-47.0,2.0,3.065391910194548,3.065391910194548,vegetation,1
-31.0,-45.0,2.0,1.951524101560428,1.9494081677647264,vegetation,2
-31.0,-43.0,2.0,2.3733565492702313,1.350893043988454,ground,2
-31.0,-41.0,2.0,2.6460152504400556,2.6460152504400556,vegetation,1
-31.0,-39.0,2.0,2.4500555068176952,2.4500555068176952,vegetation,1
-31.0,-37.0,2.0,3.252292775314741,2.0806801546857665,vegetation,4
-31.0,-35.0,2.0,1.5480032064235947,0.7212484335098877,ground,3
-31.0,-33.0,2.0,2.4515108823562457,1.0265664998287807,ground,3
-31.0,-31.0,2.0,0.35245254765224193,0.3439474196364052,ground,3
-31.0,-29.0,2.0,1.5067282854530388,1.5067282854530388,vegetation,1
-31.0,-27.0,2.0,0.3729408068547682,0.35160775382890186,ground,4
-31.0,-25.0,2.0,2.528749692478915,1.0873547908569934,ground,3
-31.0,-23.0,2.0,0.3903732548072669,0.3903732548072669,ground,1
-31.0,-21.0,2.0,0.40802720661339253,0.40802720661339253,ground,1
-31.0,-19.0,2.0,0.40040219330700305,0.40040219330700305,ground,1
-31.0,-17.0,2.0,0.3821735874296168,0.3821735874296168,ground,1
-31.0,-15.0,2.0,0.4220857504622075,0.4038619811957105,ground,3
-31.0,-13.0,2.0,0.41743072348026716,0.3818077942830669,ground,2
-31.0,-11.0,2.0,0.45692883944555057,0.45692883944555057,ground,1
-31.0,-9.0,2.0,0.4691948877158246,0.4691948877158246,ground,1
-31.0,-7.0,2.0,0.4191771407001453,0.4191771407001453,ground,1
-31.0,-5.0,2.0,0.4853506544869076,0.4853506544869076,ground,1
-31.0,-3.0,2.0,0.49371264822765215,0.47990467291940897,ground,3
-31.0,-1.0,2.0,0.465708155736765,0.465708155736765,ground,1
-31.0,1.0,2.0,0.48172073479097227,0.48172073479097227,ground,1
-31.0,3.0,2.0,0.4999892833740617,0.4999892833740617,ground,1
-31.0,5.0,2.0,0.5242004781105395,0.5242004781105395,ground,1
-31.0,7.0,2.0,0.4856607606133764,0.4856607606133764,ground,1
-31.0,9.0,2.0,0.4949794492367452,0.4872546303192585,ground,2
-31.0,11.0,2.0,0.5646513631865846,0.5646513631865846,ground,1
-31.0,15.0,2.0,0.545318487476545,0.545318487476545,ground,1
-31.0,17.0,2.0,0.5655603737560525,0.5317703765793061,ground,4
-31.0,19.0,2.0,0.5571814005258271,0.5498886162002776,ground,2
-31.0,21.0,2.0,0.5402006240695614,0.5402006240695614,ground,1
-31.0,23.0,2.0,0.5872687082768,0.5621256667504745,ground,2
-31.0,27.0,2.0,2.790163050392546,1.3069524351451605,ground,3
-31.0,29.0,2.0,3.154695091026242,1.9738592832900999,vegetation,3
-31.0,33.0,2.0,1.8365694288725987,1.8365694288725987,vegetation,1
-31.0,35.0,2.0,2.2527423243629006,2.2527423243629006,vegetation,1
-31.0,37.0,2.0,0.5886241094528589,0.5886241094528589,ground,1
-31.0,39.0,2.0,3.067053844957098,1.2288660680993793,ground,4
-31.0,49.0,2.0,3.4034541018237596,3.3415737011997297,vegetation,2
-31.0,51.0,2.0,0.6104853033160447,0.6104853033160447,ground,1
-31.0,55.0,2.0,0.6949719636899363,0.6889080208863225,ground,2
-31.0,57.0,2.0,1.9208938333431695,1.3220446163000676,ground,2
-31.0,59.0,2.0,0.7311054597562271,0.711708560824856,ground,4
-31.0,61.0,2.0,2.8110540838317055,1.764555318777738,ground,2
-31.0,63.0,2.0,3.7372076393473614,1.4671150694834747,ground,4
-31.0,65.0,2.0,0.7371948191719744,0.7371948191719744,ground,1
-31.0,67.0,2.0,0.7172781599934286,0.7172781599934286,ground,1
-31.0,71.0,2.0,2.387000491554287,1.3006343393875694,ground,3
-31.0,73.0,2.0,0.775367532943386,0.775367532943386,ground,1
-31.0,75.0,2.0,0.7512893789603663,0.7512893789603663,ground,1
-31.0,77.0,2.0,1.6403774597164194,1.6403774597164194,vegetation,1
-31.0,81.0,2.0,3.0489270505889285,3.0489270505889285,vegetation,1
-31.0,83.0,2.0,0.8072845651075745,0.8072845651075745,ground,1
-31.0,87.0,2.0,0.7826655826800981,0.7826655826800981,ground,1
-31.0,89.0,2.0,2.585998649200013,2.585998649200013,vegetation,1
-31.0,91.0,2.0,1.8562625252709373,1.157014280705398,ground,3
-29.0,-93.0,2.0,2.3803570323387073,2.3803570323387073,vegetation,1
-29.0,-85.0,2.0,0.14218557378651936,0.11412652398461426,ground,2
-29.0,-83.0,2.0,2.559397210709709,1.837286970140767,vegetation,2
-29.0,-79.0,2.0,0.06475407558659818,0.06475407558659818,ground,1
-29.0,-77.0,2.0,0.1785666681219317,0.15542710100204662,ground,2
-29.0,-75.0,2.0,0.14669625972155298,0.10224566889368848,ground,2
-29.0,-73.0,2.0,2.822256531561906,1.040666738432135,ground,3
-29.0,-69.0,2.0,0.1383537240134955,0.1383537240134955,ground,1
-29.0,-67.0,2.0,0.13963744480953783,0.13963744480953783,ground,1
-29.0,-65.0,2.0,2.6135099304680867,0.8470497061369754,ground,5
-29.0,-63.0,2.0,2.102364983716365,0.664826203510218,ground,4
-29.0,-61.0,2.0,2.832966136134515,1.4755334718183926,vegetation,5
-29.0,-55.0,2.0,1.5150986800682893,1.5150986800682893,vegetation,1
-29.0,-51.0,2.0,1.6924135721377267,1.6924135721377267,vegetation,1
-29.0,-49.0,2.0,0.23196075053635826,0.23196075053635826,ground,1
-29.0,-47.0,2.0,2.677399460980664,1.4758913202267232,ground,2
-29.0,-45.0,2.0,2.9672323911127254,2.1701717866025647,vegetation,2
-29.0,-43.0,2.0,2.0621792500300447,0.6137705235097946,ground,5
-29.0,-41.0,2.0,0.24194331316861048,0.24194331316861048,ground,1
-29.0,-37.0,2.0,0.2750286700183809,0.27243606660482944,ground,2
-29.0,-35.0,2.0,1.243341839678586,1.243341839678586,vegetation,1
-29.0,-33.0,2.0,1.6389887644963852,0.9556438562949219,ground,2
-29.0,-31.0,2.0,2.6598067718163785,1.7055627454080786,vegetation,4
-29.0,-29.0,2.0,0.3405336821530624,0.3405336821530624,ground,1
-29.0,-27.0,2.0,0.32938625227030466,0.307296609427342,ground,3
-29.0,-25.0,2.0,0.32800299957217655,0.32791076574511346,ground,2
-29.0,-21.0,2.0,0.3386470789415539,0.3386470789415539,ground,1
-29.0,-19.0,2.0,0.3671860312624798,0.34675986723527086,ground,5
-29.0,-17.0,2.0,0.404260696761034,0.39165786783545015,ground,2
-29.0,-15.0,2.0,0.40787543607897925,0.3873270651995577,ground,3
-29.0,-11.0,2.0,0.4435559108204225,0.4435559108204225,ground,1
-29.0,-7.0,2.0,0.4155242746919308,0.4017914449347967,ground,2
-29.0,-3.0,2.0,0.48937609853188224,0.48937609853188224,ground,1
-29.0,5.0,2.0,0.47299299507739856,0.47299299507739856,ground,1
-29.0,7.0,2.0,0.504990229489096,0.49890824912580956,ground,2
-29.0,9.0,2.0,0.484600549275861,0.484600549275861,ground,1
-29.0,11.0,2.0,0.46148262832165005,0.46148262832165005,ground,1
-29.0,13.0,2.0,0.5040141313466663,0.4907585345555857,ground,2
-29.0,17.0,2.0,0.5042660232405496,0.49273145882878727,ground,3
-29.0,19.0,2.0,0.5307057563859453,0.5226593510470618,ground,2
-29.0,23.0,2.0,0.5196705879961789,0.5196705879961789,ground,1
-29.0,25.0,2.0,0.5005523443830433,0.5005523443830433,ground,1
-29.0,27.0,2.0,3.283426527993602,3.283426527993602,vegetation,1
-29.0,29.0,2.0,3.3079230594662627,1.7574428979655097,ground,4
-29.0,37.0,2.0,0.5481862021199669,0.5481862021199669,ground,1
-29.0,39.0,2.0,0.591191458003158,0.591191458003158,ground,1
-29.0,41.0,2.0,0.5890119182422344,0.5890119182422344,ground,1
-29.0,43.0,2.0,3.4540529409529377,2.355613853703019,vegetation,3
-29.0,45.0,2.0,0.6161939893942917,0.6139484109289317,ground,2
-29.0,47.0,2.0,3.265303731420282,1.9139446893745538,ground,2
-29.0,49.0,2.0,2.2729715951518528,2.2729715951518528,vegetation,1
-29.0,53.0,2.0,0.6835994783664735,0.6835994783664735,ground,1
-29.0,59.0,2.0,0.6519292716755699,0.6519292716755699,ground,1
-29.0,61.0,2.0,2.2891362962705384,1.2034330065688208,ground,3
-29.0,63.0,2.0,0.640724224721386,0.640724224721386,ground,1
-29.0,65.0,2.0,0.6692305110978177,0.6692305110978177,ground,1
-29.0,67.0,2.0,2.0729592126211807,1.148915146229414,ground,3
-29.0,73.0,2.0,2.8611119788986983,2.8611119788986983,vegetation,1
-29.0,75.0,2.0,3.306117884308227,2.026331348843631,ground,2
-29.0,77.0,2.0,0.7332323377958334,0.7329464343930965,ground,2
-29.0,79.0,2.0,0.7596381429149262,0.7596381429149262,ground,1
-29.0,83.0,2.0,0.7819097676524092,0.7651363123669369,ground,3
-29.0,87.0,2.0,2.633881873858112,1.694418845596533,ground,2
-29.0,95.0,2.0,0.7698390822488665,0.7698390822488665,ground,1
-27.0,-95.0,2.0,2.8561035317312986,1.4366708623293964,ground,2
-27.0,-93.0,2.0,0.1188968807518853,0.1188968807518853,ground,1
-27.0,-91.0,2.0,0.040650529673267245,0.040650529673267245,ground,1
-27.0,-89.0,2.0,0.020217415128714028,0.020217415128714028,ground,1
-27.0,-87.0,2.0,2.499846995022532,2.499846995022532,vegetation,1
-27.0,-85.0,2.0,0.07187214247897686,0.06591759324628131,ground,2
-27.0,-79.0,2.0,0.06919798638104331,0.06919798638104331,ground,1
-27.0,-71.0,2.0,1.7618964822442043,0.6555682137879938,ground,3
-27.0,-69.0,2.0,0.17062395904185026,0.17062395904185026,ground,1
-27.0,-65.0,2.0,0.12391444519034968,0.12026647533192059,ground,2
-27.0,-63.0,2.0,0.13641231827884678,0.13641231827884678,ground,1
-27.0,-61.0,2.0,2.276810107831314,2.0237639461137484,vegetation,3
-27.0,-55.0,2.0,1.898650731262459,1.898650731262459,vegetation,1
-27.0,-53.0,2.0,0.22621624663612308,0.20364253506092206,ground,4
-27.0,-47.0,2.0,2.344835747256589,2.344835747256589,vegetation,1
-27.0,-45.0,2.0,2.3930550829658315,2.3930550829658315,vegetation,1
-27.0,-41.0,2.0,0.25770574176108585,0.25770574176108585,ground,1
-27.0,-39.0,2.0,0.2271869257968929,0.2271869257968929,ground,1
-27.0,-37.0,2.0,2.767012179315352,1.4096867462685372,ground,4
-27.0,-35.0,2.0,0.30935301649407576,0.2919528840095103,ground,2
-27.0,-33.0,2.0,0.3243939035555197,0.3243939035555197,ground,1
-27.0,-31.0,2.0,3.1995198070816437,1.2497889128036814,ground,3
-27.0,-29.0,2.0,0.22801101143131117,0.22801101143131117,ground,1
-27.0,-27.0,2.0,2.0975821226337446,1.934789865901547,vegetation,3
-27.0,-25.0,2.0,2.2194583185854215,2.2194583185854215,vegetation,1
-27.0,-23.0,2.0,0.3171436134087272,0.3171436134087272,ground,1
-27.0,-21.0,2.0,0.30735642794335033,0.30735642794335033,ground,1
-27.0,-15.0,2.0,0.38107018697855977,0.3255314434595457,ground,3
-27.0,-13.0,2.0,0.38375388646482367,0.3656169569116364,ground,2
-27.0,13.0,2.0,0.47699813370023036,0.4701927304602925,ground,3
-27.0,15.0,2.0,0.49579616986375064,0.47722640840315805,ground,4
-27.0,17.0,2.0,0.46146020077690797,0.4579627940541015,ground,3
-27.0,19.0,2.0,0.4822246546879202,0.4808267457425922,ground,2
-27.0,21.0,2.0,0.5206372629795827,0.5144163693778554,ground,2
-27.0,23.0,2.0,0.46751708664556946,0.46751708664556946,ground,1
-27.0,29.0,2.0,3.355199130389356,3.355199130389356,vegetation,1
-27.0,31.0,2.0,2.5914776884634625,1.5398686452138404,ground,2
-27.0,35.0,2.0,3.2465242554790876,1.8830178205521375,ground,2
-27.0,37.0,2.0,2.050802007130347,1.8990910671499632,vegetation,2
-27.0,39.0,2.0,2.389846713907378,1.4876001516532518,ground,2
-27.0,41.0,2.0,0.5534054490786877,0.5534054490786877,ground,1
-27.0,47.0,2.0,0.6012023153730763,0.5769259182592571,ground,3
-27.0,49.0,2.0,0.5953574175602215,0.5953574175602215,ground,1
-27.0,53.0,2.0,0.6326127520579248,0.6326127520579248,ground,1
-27.0,55.0,2.0,0.6139081247106877,0.5975518417538251,ground,2
-27.0,59.0,2.0,0.6914737365832598,0.6914737365832598,ground,1
-27.0,63.0,2.0,0.688831528086045,0.6540338608395257,ground,2
-27.0,65.0,2.0,0.6864858571356239,0.6864858571356239,ground,1
-27.0,69.0,2.0,2.6786276173343024,1.6571719799624884,ground,2
-27.0,73.0,2.0,2.6330386526744496,2.6330386526744496,vegetation,1
-27.0,75.0,2.0,1.6075463270388535,1.1426044369334838,ground,2
-27.0,77.0,2.0,3.3282986749980212,1.7248382690197173,ground,4
-27.0,79.0,2.0,0.7344759534020509,0.7344759534020509,ground,1
-27.0,83.0,2.0,1.8019300142689727,1.8019300142689727,vegetation,1
-27.0,85.0,2.0,2.9056572127989932,1.7798161982566192,vegetation,3
-27.0,91.0,2.0,0.8006471576283753,0.8006471576283753,ground,1
-27.0,93.0,2.0,3.2536565431654436,2.011040122337608,ground,2
-27.0,97.0,2.0,2.1914602863703037,2.1914602863703037,vegetation,1
-25.0,-93.0,2.0,1.3222053213552374,0.6627389906590162,ground,2
-25.0,-91.0,2.0,0.011925255327709456,0.0036070397918648105,ground,3
-25.0,-89.0,2.0,0.046065279391423304,0.046065279391423304,ground,1
-25.0,-87.0,2.0,3.0147219420185123,1.0250916269974077,ground,3
-25.0,-85.0,2.0,2.6597907628503,1.34447358295426,ground,2
-25.0,-81.0,2.0,1.3404727223671709,1.3404727223671709,vegetation,1
-25.0,-77.0,2.0,0.04920535312514433,0.04920535312514433,ground,1
-25.0,-75.0,2.0,1.490120071766316,1.490120071766316,vegetation,1
-25.0,-71.0,2.0,0.06460008821318221,0.06460008821318221,ground,1
-25.0,-69.0,2.0,0.09698970671438907,0.09698970671438907,ground,1
-25.0,-67.0,2.0,0.135432767445619,0.135432767445619,ground,1
-25.0,-65.0,2.0,1.3603738194625512,0.7378735199636856,ground,2
-25.0,-63.0,2.0,0.18163346589323853,0.1632437673818612,ground,2
-25.0,-61.0,2.0,0.13263989941493623,0.13263989941493623,ground,1
-25.0,-59.0,2.0,2.9458750402939673,1.2283120433263424,ground,4
-25.0,-57.0,2.0,1.222538178133833,1.222538178133833,vegetation,1
-25.0,-55.0,2.0,0.13606249105688406,0.13606249105688406,ground,1
-25.0,-53.0,2.0,3.0105150637529308,2.08375997126909,vegetation,4
-25.0,-45.0,2.0,1.2083643756892541,0.6958382672199438,ground,2
-25.0,-43.0,2.0,0.1592445386514482,0.1592445386514482,ground,1
-25.0,-39.0,2.0,2.7173036861579773,1.9488910358069924,vegetation,3
-25.0,-37.0,2.0,0.25077937458241445,0.2338588251968192,ground,2
-25.0,-35.0,2.0,0.23246793886867967,0.22489380480676302,ground,3
-25.0,-33.0,2.0,3.216048273072868,3.216048273072868,vegetation,1
-25.0,-31.0,2.0,0.24954098024554608,0.24954098024554608,ground,1
-25.0,-29.0,2.0,3.2105730427552652,3.2105730427552652,vegetation,1
-25.0,-25.0,2.0,0.2603154543217641,0.2603154543217641,ground,1
-25.0,-23.0,2.0,0.30496662049347734,0.2785484733844089,ground,2
-25.0,-21.0,2.0,0.2885631708941134,0.2885631708941134,ground,1
-25.0,-19.0,2.0,0.33885612310536645,0.2976348811794619,ground,2
-25.0,-17.0,2.0,0.331658027862939,0.32375249093089503,ground,2
-25.0,19.0,2.0,0.4375571472876799,0.4375571472876799,ground,1
-25.0,21.0,2.0,0.5159524777694069,0.4693743381340324,ground,4
-25.0,23.0,2.0,0.4939844082725914,0.4641229594272992,ground,4
-25.0,25.0,2.0,0.49061443311481456,0.4610034683433628,ground,3
-25.0,27.0,2.0,3.4145169135883675,2.3643093626408214,vegetation,3
-25.0,29.0,2.0,0.5437206736973031,0.5206073841702742,ground,3
-25.0,33.0,2.0,0.4713642441497756,0.4713642441497756,ground,1
-25.0,37.0,2.0,1.6713666729743752,1.0942335426820224,ground,2
-25.0,39.0,2.0,2.7806653492875393,1.6514952021006999,ground,2
-25.0,41.0,2.0,0.49400710737064635,0.49400710737064635,ground,1
-25.0,43.0,2.0,2.955333876602724,2.955333876602724,vegetation,1
-25.0,45.0,2.0,0.5632719946715292,0.5632719946715292,ground,1
-25.0,47.0,2.0,0.5416410678056217,0.5416410678056217,ground,1
-25.0,49.0,2.0,0.5883866929269439,0.553651630746358,ground,3
-25.0,51.0,2.0,2.7540119775765404,1.326543638975036,ground,3
-25.0,53.0,2.0,0.5951855097238047,0.5693012518632319,ground,2
-25.0,55.0,2.0,3.027599339965231,2.4921817295515023,vegetation,2
-25.0,57.0,2.0,1.6440185084367753,1.6440185084367753,vegetation,1
-25.0,59.0,2.0,2.1736339562624556,2.1736339562624556,vegetation,1
-25.0,61.0,2.0,0.6501472202631388,0.6501472202631388,ground,1
-25.0,63.0,2.0,0.6732266186159779,0.6424119781390895,ground,5
-25.0,67.0,2.0,0.68833729425074,0.647941491000033,ground,2
-25.0,71.0,2.0,1.727086500086998,1.727086500086998,vegetation,1
-25.0,75.0,2.0,0.6686329811239093,0.6686329811239093,ground,1
-25.0,77.0,2.0,0.6756177551269765,0.6756177551269765,ground,1
-25.0,79.0,2.0,3.443833144464878,1.9301214947163643,vegetation,3
-25.0,83.0,2.0,2.928272991964702,1.4222838636290223,ground,5
-25.0,85.0,2.0,0.7413484746380632,0.7413484746380632,ground,1
-25.0,87.0,2.0,2.851007598651628,2.851007598651628,vegetation,1
-25.0,89.0,2.0,1.6292598818967312,1.1671395456779032,ground,2
-25.0,91.0,2.0,0.7393213690063648,0.7393213690063648,ground,1
-25.0,93.0,2.0,3.4255617619531415,3.4255617619531415,vegetation,1
-25.0,95.0,2.0,0.7361203559722133,0.7361203559722133,ground,1
-23.0,-93.0,2.0,1.471782973189398,0.7382528659282288,ground,2
-23.0,-91.0,2.0,2.066986416321586,1.0058481025387176,ground,2
-23.0,-89.0,2.0,-0.08471160275798291,-0.08471160275798291,ground,1
-23.0,-87.0,2.0,0.000893103554894227,0.000893103554894227,ground,1
-23.0,-83.0,2.0,1.1733673564502902,0.5940130934081367,ground,2
-23.0,-81.0,2.0,1.6689924641711267,0.8564758512377538,ground,2
-23.0,-77.0,2.0,1.6490788571526354,0.8445489367536902,ground,2
-23.0,-71.0,2.0,1.774117160466286,0.9106252739431346,ground,2
-23.0,-69.0,2.0,0.046228072991223196,0.046228072991223196,ground,1
-23.0,-67.0,2.0,2.4573686349913895,1.25917848001564,ground,2
-23.0,-65.0,2.0,0.08446403406439891,0.0744677564462231,ground,2
-23.0,-63.0,2.0,2.313704242282606,0.46289441036144546,ground,6
-23.0,-61.0,2.0,2.9207315663764133,1.0543511196157713,ground,3
-23.0,-59.0,2.0,0.14401911418207794,0.14401911418207794,ground,1
-23.0,-55.0,2.0,0.12446066423590522,0.12446066423590522,ground,1
-23.0,-53.0,2.0,3.134370156365509,1.2293176691869543,ground,5
-23.0,-51.0,2.0,0.119501642837458,0.119501642837458,ground,1
-23.0,-49.0,2.0,0.199568303963759,0.16239279657302683,ground,3
-23.0,-45.0,2.0,0.16086092800994597,0.1521829198797266,ground,2
-23.0,-43.0,2.0,1.0402474486972728,0.5858447353008015,ground,2
-23.0,-41.0,2.0,1.882180896748709,1.882180896748709,vegetation,1
-23.0,-39.0,2.0,0.18024087797416244,0.18024087797416244,ground,1
-23.0,-31.0,2.0,0.23817246510200407,0.23817246510200407,ground,1
-23.0,-29.0,2.0,0.22522374877482,0.19873740194661452,ground,3
-23.0,-27.0,2.0,2.074893225882128,1.1661185033842747,ground,2
-23.0,-25.0,2.0,2.4875015672236938,0.7862351092688462,ground,4
-23.0,-23.0,2.0,0.2584297989999137,0.22864944516671676,ground,2
-23.0,-21.0,2.0,0.2994203266664315,0.2700390514842977,ground,4
-23.0,19.0,2.0,0.44357385155668533,0.43791433953433134,ground,2
-23.0,21.0,2.0,0.418948911836126,0.39902587230533104,ground,2
-23.0,23.0,2.0,0.4511548118992322,0.4284541809116293,ground,5
-23.0,25.0,2.0,0.4417337339850912,0.42377214794568546,ground,2
-23.0,27.0,2.0,3.047044180760265,3.047044180760265,vegetation,1
-23.0,31.0,2.0,0.4513196799145946,0.4513196799145946,ground,1
-23.0,37.0,2.0,0.4860453886065749,0.4860453886065749,ground,1
-23.0,39.0,2.0,0.5016122948608338,0.49697416584106524,ground,2
-23.0,43.0,2.0,2.6028506494574497,1.1971111261133176,ground,3
-23.0,45.0,2.0,2.1470467950270837,2.1470467950270837,vegetation,1
-23.0,47.0,2.0,1.7765311563247814,0.9642268356871725,ground,3
-23.0,49.0,2.0,0.5477101861528899,0.5370175944955482,ground,4
-23.0,51.0,2.0,3.0480608888205376,1.6605940352177122,ground,4
-23.0,53.0,2.0,2.8823176766190786,1.747131279884394,vegetation,3
-23.0,55.0,2.0,2.3007316194120078,2.3007316194120078,vegetation,1
-23.0,57.0,2.0,0.5798317064279208,0.5741874896079302,ground,2
-23.0,59.0,2.0,0.5982540979205191,0.5590991411284747,ground,2
-23.0,61.0,2.0,3.4566892701450698,2.0349585984475094,ground,2
-23.0,63.0,2.0,3.2532917379713266,1.6759675285079818,ground,4
-23.0,67.0,2.0,0.6354381940312015,0.6107229428109712,ground,3
-23.0,69.0,2.0,2.227550733801463,2.227550733801463,vegetation,1
-23.0,71.0,2.0,0.6190935505737478,0.6190935505737478,ground,1
-23.0,77.0,2.0,2.2532651791798584,2.2532651791798584,vegetation,1
-23.0,81.0,2.0,0.6983760794484043,0.6983760794484043,ground,1
-23.0,83.0,2.0,0.6590417635006145,0.6590417635006145,ground,1
-23.0,89.0,2.0,2.136443638176624,2.136443638176624,vegetation,1
-23.0,91.0,2.0,0.670290786016783,0.670290786016783,ground,1
-23.0,97.0,2.0,0.7805419024981941,0.7719653203483345,ground,2
-21.0,-97.0,2.0,-0.039541368829777906,-0.039541368829777906,ground,1
-21.0,-95.0,2.0,-0.08652896564596252,-0.08652896564596252,ground,1
-21.0,-93.0,2.0,-0.023504542463311254,-0.03848566619987481,ground,2
-21.0,-89.0,2.0,1.974025638533969,1.974025638533969,vegetation,1
-21.0,-87.0,2.0,0.9753029721501649,0.4700700332150402,ground,2
-21.0,-81.0,2.0,1.0851332131813465,0.5562789977452833,ground,2
-21.0,-79.0,2.0,1.550114591821134,0.772882506766053,ground,2
-21.0,-77.0,2.0,3.025516430275488,1.0110441576046738,ground,3
-21.0,-73.0,2.0,3.0287796983192443,1.5485597125105492,ground,2
-21.0,-71.0,2.0,0.07512970352853385,0.035109216720767056,ground,4
-21.0,-69.0,2.0,0.04296188619678879,0.03554044011682756,ground,2
-21.0,-67.0,2.0,1.9155835462417588,1.9155835462417588,vegetation,1
-21.0,-65.0,2.0,0.11527505008284655,0.08342858096227648,ground,2
-21.0,-61.0,2.0,2.2624358324770673,1.170198840532129,ground,2
-21.0,-59.0,2.0,1.6381942290861207,1.6381942290861207,vegetation,1
-21.0,-57.0,2.0,0.08200627705972136,0.08200627705972136,ground,1
-21.0,-55.0,2.0,2.4848467966947876,2.4848467966947876,vegetation,1
-21.0,-51.0,2.0,0.06673090166327245,0.06673090166327245,ground,1
-21.0,-49.0,2.0,1.375787892115188,1.375787892115188,vegetation,1
-21.0,-47.0,2.0,1.6031902989301616,1.6031902989301616,vegetation,1
-21.0,-43.0,2.0,0.1401368550803023,0.1401368550803023,ground,1
-21.0,-41.0,2.0,1.1611009419301919,1.1611009419301919,vegetation,1
-21.0,-39.0,2.0,3.0664117339163712,2.5957661028137125,vegetation,3
-21.0,-37.0,2.0,3.153884583022932,1.1766500301401484,ground,3
-21.0,-35.0,2.0,0.19228612033815629,0.17732330015486988,ground,3
-21.0,-33.0,2.0,0.23487860545127212,0.20221970820014026,ground,2
-21.0,-29.0,2.0,0.21775626202855383,0.17831207142076433,ground,2
-21.0,-27.0,2.0,0.22164878923986156,0.20964443023096072,ground,3
-21.0,-25.0,2.0,0.19094129304925972,0.19094129304925972,ground,1
-21.0,-23.0,2.0,0.2170482859666807,0.20020488289235983,ground,2
-21.0,-21.0,2.0,0.2378843845879261,0.2378843845879261,ground,1
-21.0,25.0,2.0,2.8311511720295144,1.6323391286998632,ground,2
-21.0,27.0,2.0,0.41434150052019675,0.4100123848813648,ground,2
-21.0,29.0,2.0,0.4625019510908864,0.4625019510908864,ground,1
-21.0,31.0,2.0,1.8761622734390213,0.7862884784837819,ground,4
-21.0,35.0,2.0,0.47338467905873444,0.4621063067141322,ground,2
-21.0,37.0,2.0,0.4520741734908044,0.4450053088748697,ground,2
-21.0,39.0,2.0,0.5021117250148975,0.4706852691679119,ground,3
-21.0,43.0,2.0,2.675503332803176,2.675503332803176,vegetation,1
-21.0,47.0,2.0,0.501111925954638,0.49035472335756825,ground,2
-21.0,49.0,2.0,2.2861294519059046,2.2861294519059046,vegetation,1
-21.0,53.0,2.0,1.9294367513136672,1.2016865470180653,ground,4
-21.0,57.0,2.0,0.5386896514686195,0.5386896514686195,ground,1
-21.0,59.0,2.0,3.085053921789993,3.085053921789993,vegetation,1
-21.0,63.0,2.0,0.5858825444124216,0.5858825444124216,ground,1
-21.0,65.0,2.0,0.6076061766998543,0.6076061766998543,ground,1
-21.0,69.0,2.0,0.6023309062401522,0.6023309062401522,ground,1
-21.0,71.0,2.0,0.5962133967438218,0.5962133967438218,ground,1
-21.0,73.0,2.0,0.6601606933799853,0.6371631285450684,ground,3
-21.0,75.0,2.0,2.2284566908839736,1.40674618167224,ground,2
-21.0,81.0,2.0,0.6563286883855973,0.6418103932609736,ground,2
-21.0,83.0,2.0,0.6650733379227732,0.6504857541963096,ground,2
-21.0,85.0,2.0,0.6472260385356094,0.6472260385356094,ground,1
-21.0,89.0,2.0,2.9667064680240465,1.5767966769958897,ground,5
-21.0,93.0,2.0,0.6820256631138043,0.6820256631138043,ground,1
-21.0,95.0,2.0,0.6667957345299578,0.6667957345299578,ground,1
-21.0,97.0,2.0,0.7075669072580985,0.6929370653434069,ground,3
-19.0,-97.0,2.0,-0.10705659769970545,-0.10705659769970545,ground,1
-19.0,-93.0,2.0,1.059271160037709,0.49401808548982307,ground,2
-19.0,-91.0,2.0,-0.07394971597549739,-0.09123941752612577,ground,4
-19.0,-89.0,2.0,-0.07090941326196583,-0.07874613150901937,ground,2
-19.0,-87.0,2.0,0.8823182443202382,0.8823182443202382,vegetation,1
-19.0,-85.0,2.0,-0.09675911950604646,-0.09675911950604646,ground,1
-19.0,-83.0,2.0,1.9517593686580996,1.9517593686580996,vegetation,1
-19.0,-77.0,2.0,-0.004539045748583291,-0.010562041825432262,ground,2
-19.0,-75.0,2.0,1.9005660227513947,0.9461486144038904,ground,2
-19.0,-71.0,2.0,1.2601639566540015,1.2601639566540015,vegetation,1
-19.0,-69.0,2.0,2.4093744741830943,0.621559538020303,ground,4
-19.0,-67.0,2.0,0.00973398247836275,0.007663261509295643,ground,2
-19.0,-65.0,2.0,0.004273684310597523,0.004273684310597523,ground,1
-19.0,-63.0,2.0,-0.004057786215085901,-0.004057786215085901,ground,1
-19.0,-61.0,2.0,0.04511009410639785,0.04511009410639785,ground,1
-19.0,-59.0,2.0,2.439583549956697,1.3798126580565626,vegetation,3
-19.0,-55.0,2.0,0.11322727764441007,0.09925300346459616,ground,2
-19.0,-53.0,2.0,1.4436639522299464,1.432562910927891,vegetation,2
-19.0,-51.0,2.0,0.04649609272935337,0.04649609272935337,ground,1
-19.0,-49.0,2.0,0.07244639833420177,0.07244639833420177,ground,1
-19.0,-47.0,2.0,1.5751852693865716,0.8343081844270582,ground,2
-19.0,-39.0,2.0,1.392285206587621,0.529200337195947,ground,3
-19.0,-33.0,2.0,0.15744766080295378,0.14471232684271557,ground,2
-19.0,-31.0,2.0,2.2819787552353317,1.2020408758123977,ground,2
-19.0,-29.0,2.0,2.0690863421516257,1.0995635431143687,ground,4
-19.0,-27.0,2.0,0.19853981073804955,0.17917795395305663,ground,2
-19.0,-23.0,2.0,0.20763470081140314,0.20763470081140314,ground,1
-19.0,23.0,2.0,0.39681298576179896,0.3837676963380975,ground,2
-19.0,25.0,2.0,0.3624187766669833,0.3524488305253656,ground,2
-19.0,27.0,2.0,3.291250401397805,3.1765929760959253,vegetation,2
-19.0,29.0,2.0,0.39659722266442254,0.39550958375706946,ground,2
-19.0,31.0,2.0,2.6769041993636637,1.1626734251605633,ground,3
-19.0,37.0,2.0,1.7082989492394038,1.65150009630853,vegetation,2
-19.0,39.0,2.0,0.47522746136297445,0.455040087863229,ground,3
-19.0,41.0,2.0,3.0558006046418864,1.214146333852125,ground,5
-19.0,45.0,2.0,0.4742237234103138,0.4742237234103138,ground,1
-19.0,47.0,2.0,2.5184153710337682,1.9060156837465319,vegetation,2
-19.0,49.0,2.0,0.4492367318734956,0.4492367318734956,ground,1
-19.0,51.0,2.0,0.5070233951549298,0.49550694198733336,ground,2
-19.0,53.0,2.0,0.4719112922810002,0.4646662484397585,ground,2
-19.0,55.0,2.0,0.480308429137043,0.4768833226262135,ground,2
-19.0,57.0,2.0,2.4583093581688074,1.48071649361939,ground,2
-19.0,59.0,2.0,0.4784105609042599,0.4784105609042599,ground,1
-19.0,63.0,2.0,2.9737886621750667,1.5258583400761474,ground,4
-19.0,67.0,2.0,1.7711761512496829,0.9582757390275849,ground,3
-19.0,69.0,2.0,1.8340922536634214,1.2093052180668544,ground,2
-19.0,75.0,2.0,0.6074363634053963,0.6074363634053963,ground,1
-19.0,77.0,2.0,2.835180759737468,1.716344773624215,ground,2
-19.0,79.0,2.0,0.6053228374194098,0.6053228374194098,ground,1
-19.0,81.0,2.0,0.627526110791829,0.6238723370014543,ground,2
-19.0,83.0,2.0,0.6217273026256126,0.6217273026256126,ground,1
-19.0,87.0,2.0,3.5571036080634935,2.8993951434279888,vegetation,2
-19.0,93.0,2.0,2.0267667255155364,1.115423067275831,ground,3
-17.0,-97.0,2.0,1.2224326195548079,0.1986319702538247,ground,4
-17.0,-93.0,2.0,-0.07723505192459021,-0.11834888421315169,ground,4
-17.0,-89.0,2.0,-0.09755698222400176,-0.09755698222400176,ground,1
-17.0,-87.0,2.0,2.7399889050701858,1.6167647415112416,vegetation,3
-17.0,-85.0,2.0,-0.09035407294080457,-0.09392742727282184,ground,2
-17.0,-79.0,2.0,-0.07956326410389358,-0.07956326410389358,ground,1
-17.0,-77.0,2.0,-0.04099955315588026,-0.04099955315588026,ground,1
-17.0,-75.0,2.0,-0.06748441961134194,-0.06748441961134194,ground,1
-17.0,-73.0,2.0,-0.018025230126961566,-0.018025230126961566,ground,1
-17.0,-71.0,2.0,2.5044949250703388,0.8003874106275776,ground,3
-17.0,-69.0,2.0,-0.019089874189326693,-0.019089874189326693,ground,1
-17.0,-67.0,2.0,2.61573314191295,1.2817459374365356,ground,2
-17.0,-65.0,2.0,-0.0021692210073362174,-0.024537234407747112,ground,2
-17.0,-63.0,2.0,1.5559792003245612,0.4932733544980488,ground,3
-17.0,-61.0,2.0,0.03422588560323947,0.03422588560323947,ground,1
-17.0,-59.0,2.0,0.9628998999820177,0.9628998999820177,vegetation,1
-17.0,-57.0,2.0,0.0364576599681803,0.0364576599681803,ground,1
-17.0,-53.0,2.0,2.090386171907104,1.0687502984375619,ground,2
-17.0,-51.0,2.0,2.3248150331308515,0.5236703271383483,ground,5
-17.0,-49.0,2.0,1.9866975358042502,1.513349046140913,vegetation,3
-17.0,-47.0,2.0,0.0746237551242889,0.05909220535186841,ground,3
-17.0,-45.0,2.0,1.049347448595266,1.049347448595266,vegetation,1
-17.0,-43.0,2.0,0.12034554381664833,0.11200463292330004,ground,2
-17.0,-41.0,2.0,0.08581788896505292,0.07706944240007349,ground,2
-17.0,-39.0,2.0,1.8521011656472899,0.6914195891188063,ground,5
-17.0,-37.0,2.0,0.09816977877950954,0.09816977877950954,ground,1
-17.0,-35.0,2.0,1.7858908288731137,1.7858908288731137,vegetation,1
-17.0,-33.0,2.0,0.10989221446646355,0.107138169623859,ground,2
-17.0,-31.0,2.0,0.14600805137952588,0.13819864984457017,ground,2
-17.0,-29.0,2.0,3.160926183739276,1.0333448425513994,ground,6
-17.0,-27.0,2.0,0.12721788249469096,0.12721788249469096,ground,1
-17.0,-25.0,2.0,0.18146156437206395,0.1602521817917065,ground,2
-17.0,25.0,2.0,1.4947816131941953,0.727897919269361,ground,3
-17.0,27.0,2.0,0.324248157151733,0.324248157151733,ground,1
-17.0,29.0,2.0,2.6722020727699523,2.2577268994291217,vegetation,2
-17.0,31.0,2.0,0.3430190354294932,0.3430190354294932,ground,1
-17.0,33.0,2.0,0.42452413899138036,0.42452413899138036,ground,1
-17.0,35.0,2.0,3.2790003846577163,3.270459886490999,vegetation,2
-17.0,37.0,2.0,0.4078076530801259,0.4078076530801259,ground,1
-17.0,39.0,2.0,0.4304130570994468,0.4224375274453387,ground,2
-17.0,41.0,2.0,0.41188232715911455,0.41188232715911455,ground,1
-17.0,43.0,2.0,3.3237551246043364,1.7991224724367785,vegetation,4
-17.0,47.0,2.0,0.45333065747035484,0.45333065747035484,ground,1
-17.0,49.0,2.0,2.115377377193219,0.8904067602358763,ground,4
-17.0,51.0,2.0,0.4843976209139192,0.45639865666333207,ground,2
-17.0,53.0,2.0,3.192473197861961,1.821181396418949,ground,2
-17.0,55.0,2.0,3.0318211083949533,2.636462235256133,vegetation,2
-17.0,57.0,2.0,0.4949185971918033,0.4949185971918033,ground,1
-17.0,59.0,2.0,3.1285447658779395,1.3833413886599704,ground,3
-17.0,61.0,2.0,1.6444190377944372,1.0607839514596784,ground,2
-17.0,63.0,2.0,0.5190793728816148,0.5190793728816148,ground,1
-17.0,65.0,2.0,0.5081129561365971,0.5081129561365971,ground,1
-17.0,67.0,2.0,0.4726389014377193,0.4726389014377193,ground,1
-17.0,69.0,2.0,2.9351103093223982,2.623722299071245,vegetation,2
-17.0,71.0,2.0,1.8006506024535627,1.3757675123519544,vegetation,3
-17.0,73.0,2.0,0.5438673393536828,0.5334497231709853,ground,4
-17.0,75.0,2.0,0.527239717145561,0.527239717145561,ground,1
-17.0,77.0,2.0,0.5394414741294175,0.5394414741294175,ground,1
-17.0,79.0,2.0,2.7564202111936877,1.6894276797290226,ground,2
-17.0,85.0,2.0,3.228791823287107,3.228791823287107,vegetation,1
-17.0,91.0,2.0,0.631903204652568,0.6024508868160207,ground,3
-17.0,97.0,2.0,0.6718060651678968,0.6718060651678968,ground,1
-15.0,-91.0,2.0,-0.10250494858004441,-0.12111984809062402,ground,2
-15.0,-89.0,2.0,-0.135994986653711,-0.14505892210857357,ground,2
-15.0,-87.0,2.0,-0.09805510464687522,-0.11116325693672659,ground,3
-15.0,-85.0,2.0,2.8096763658915367,0.8546098933281989,ground,3
-15.0,-83.0,2.0,-0.11439826964940705,-0.11439826964940705,ground,1
-15.0,-81.0,2.0,1.0884970817595117,1.0884970817595117,vegetation,1
-15.0,-79.0,2.0,-0.10132882172647115,-0.10132882172647115,ground,1
-15.0,-75.0,2.0,2.8122234595696582,1.6655821838987774,vegetation,3
-15.0,-73.0,2.0,2.8202185186688995,1.378716587784614,ground,2
-15.0,-71.0,2.0,2.888609931325073,1.3694424524525948,vegetation,3
-15.0,-69.0,2.0,1.4537512488714774,0.2521300830529253,ground,5
-15.0,-67.0,2.0,-0.052871771324646884,-0.05502239777282901,ground,2
-15.0,-65.0,2.0,1.1902523009502937,1.177869127452884,vegetation,2
-15.0,-63.0,2.0,2.0159301173107123,0.9980716605172656,ground,2
-15.0,-59.0,2.0,0.035845823329848425,-0.0006828379199210546,ground,3
-15.0,-57.0,2.0,2.207069700518444,2.207069700518444,vegetation,1
-15.0,-51.0,2.0,0.05859504721375634,0.05859504721375634,ground,1
-15.0,-49.0,2.0,0.012263801767801293,0.012263801767801293,ground,1
-15.0,-45.0,2.0,1.816559533635385,0.9190810553802363,ground,2
-15.0,-43.0,2.0,0.08451163538273285,0.08451163538273285,ground,1
-15.0,-41.0,2.0,2.8877718482451713,1.4730354233755811,ground,2
-15.0,-39.0,2.0,2.989816749867586,2.989816749867586,vegetation,1
-15.0,-35.0,2.0,0.10088998074801678,0.09317919486138468,ground,2
-15.0,-33.0,2.0,0.12258619347239448,0.12258619347239448,ground,1
-15.0,-29.0,2.0,2.005444704982627,0.5831232106795585,ground,7
-15.0,-27.0,2.0,1.3257887453142205,1.3257887453142205,vegetation,1
-15.0,27.0,2.0,0.373853397953289,0.3336327017090314,ground,3
-15.0,29.0,2.0,0.34456803619744636,0.32034225292348945,ground,3
-15.0,31.0,2.0,2.2721083582056467,2.2721083582056467,vegetation,1
-15.0,33.0,2.0,0.34437436601749516,0.3417034479887344,ground,2
-15.0,37.0,2.0,2.8190355157139177,1.1867657128423765,ground,3
-15.0,39.0,2.0,0.3954968190103366,0.3954968190103366,ground,1
-15.0,41.0,2.0,2.251499890944883,0.9916498410171976,ground,3
-15.0,43.0,2.0,2.335026445036297,1.8533281220970967,vegetation,2
-15.0,45.0,2.0,0.38837988896491,0.38837988896491,ground,1
-15.0,47.0,2.0,0.4201975422245183,0.4105622669196716,ground,3
-15.0,49.0,2.0,0.40562204335973767,0.3904396247914431,ground,2
-15.0,51.0,2.0,0.43600456926570963,0.43600456926570963,ground,1
-15.0,55.0,2.0,2.08662319394041,1.2366045458544983,ground,2
-15.0,57.0,2.0,2.421432097500743,2.421432097500743,vegetation,1
-15.0,61.0,2.0,0.4779546769274058,0.4643411516527286,ground,2
-15.0,63.0,2.0,3.425237794328068,1.9542725592702601,ground,2
-15.0,65.0,2.0,0.483431458825641,0.4448985984090792,ground,4
-15.0,69.0,2.0,3.185934033338484,1.8505816580621957,ground,2
-15.0,81.0,2.0,0.5293967844071684,0.5204253941742365,ground,2
-15.0,85.0,2.0,3.047948513747552,2.9393782524163474,vegetation,2
-15.0,87.0,2.0,1.5017196546998124,1.049227169634875,ground,2
-15.0,89.0,2.0,2.6734037961180874,1.6331181633924918,ground,2
-15.0,93.0,2.0,0.59950714770915,0.59950714770915,ground,1
-15.0,95.0,2.0,0.6594207228636968,0.6594207228636968,ground,1
-13.0,-99.0,2.0,0.8137225726183122,0.8137225726183122,vegetation,1
-13.0,-97.0,2.0,0.9047263789475483,0.9047263789475483,vegetation,1
-13.0,-95.0,2.0,1.761062133394604,1.761062133394604,vegetation,1
-13.0,-93.0,2.0,2.0517221219462414,0.9529698295482181,ground,2
-13.0,-89.0,2.0,-0.19134760683964352,-0.19395796111026103,ground,2
-13.0,-87.0,2.0,-0.17308766006267146,-0.17308766006267146,ground,1
-13.0,-85.0,2.0,2.7044313500813315,2.1950680689090287,vegetation,2
-13.0,-81.0,2.0,2.5910131496686644,2.5910131496686644,vegetation,1
-13.0,-79.0,2.0,-0.08560870845068369,-0.09877549999021516,ground,2
-13.0,-77.0,2.0,2.535573792534213,1.2278540418195183,ground,2
-13.0,-75.0,2.0,-0.07098763614350038,-0.08627176091627542,ground,3
-13.0,-73.0,2.0,-0.10382475916743418,-0.10382475916743418,ground,1
-13.0,-71.0,2.0,-0.08323603306889807,-0.08323603306889807,ground,1
-13.0,-69.0,2.0,-0.057144095280217404,-0.057144095280217404,ground,1
-13.0,-67.0,2.0,1.8054357920805173,1.8054357920805173,vegetation,1
-13.0,-65.0,2.0,-0.0651720374956695,-0.0651720374956695,ground,1
-13.0,-63.0,2.0,-0.043057130634506696,-0.06191309760067057,ground,2
-13.0,-61.0,2.0,-0.025603401864991,-0.041113416947850034,ground,2
-13.0,-59.0,2.0,2.6589284472483787,2.4472411459189387,vegetation,2
-13.0,-57.0,2.0,-0.02963275786725813,-0.02963275786725813,ground,1
-13.0,-55.0,2.0,1.8421292202414747,1.4849467489123713,vegetation,3
-13.0,-51.0,2.0,1.1630800106631354,0.28564205296012646,ground,4
-13.0,-49.0,2.0,2.1347248902315483,1.0708469360379917,ground,2
-13.0,-47.0,2.0,0.0023470500860815046,0.0023470500860815046,ground,1
-13.0,-45.0,2.0,2.3991922540630557,1.1863581234705574,ground,2
-13.0,-43.0,2.0,1.3431428110633346,0.6812894316170856,ground,2
-13.0,-41.0,2.0,0.035550003426493795,0.035550003426493795,ground,1
-13.0,-39.0,2.0,0.062673680977601,0.062673680977601,ground,1
-13.0,-37.0,2.0,0.0886011635500242,0.07188468362599597,ground,2
-13.0,-35.0,2.0,0.07782292176601117,0.07782292176601117,ground,1
-13.0,-33.0,2.0,2.724325412515265,1.4034857564821375,ground,2
-13.0,-31.0,2.0,2.858239275022039,1.9926941114239,vegetation,5
-13.0,-29.0,2.0,2.3523213837730643,1.0234752898369701,ground,4
-13.0,-27.0,2.0,0.9634495896595039,0.5170210056378958,ground,2
-13.0,27.0,2.0,1.6114519676361159,0.9573925198971794,ground,2
-13.0,29.0,2.0,1.793894013375703,1.1481071438788668,vegetation,3
-13.0,31.0,2.0,2.454255708211798,2.454255708211798,vegetation,1
-13.0,33.0,2.0,2.1189688065440753,1.225286125194951,ground,2
-13.0,35.0,2.0,2.8723065502315155,2.8723065502315155,vegetation,1
-13.0,37.0,2.0,2.222894023175352,2.222894023175352,vegetation,1
-13.0,39.0,2.0,0.39638036474759447,0.3798539161967984,ground,2
-13.0,41.0,2.0,3.0584551491466816,1.2500187795798026,ground,6
-13.0,45.0,2.0,2.99925501324062,2.61817233643875,vegetation,2
-13.0,47.0,2.0,0.4147795896386567,0.38228430710540906,ground,2
-13.0,49.0,2.0,1.916857208102928,0.8813070285803124,ground,3
-13.0,51.0,2.0,1.6711733537901632,1.0430157564620457,ground,2
-13.0,55.0,2.0,1.2803156394697075,0.6931157887469072,ground,3
-13.0,59.0,2.0,2.2291941179779076,1.8586125096400876,vegetation,3
-13.0,61.0,2.0,0.40052986951273356,0.40052986951273356,ground,1
-13.0,65.0,2.0,0.47847400777361865,0.46709758528813256,ground,2
-13.0,69.0,2.0,3.150321225801751,2.335627662688199,vegetation,2
-13.0,71.0,2.0,0.47950526984262437,0.47950526984262437,ground,1
-13.0,73.0,2.0,0.5087057096006559,0.47968296785406395,ground,3
-13.0,77.0,2.0,0.5356296026384872,0.515539626648674,ground,2
-13.0,79.0,2.0,2.093840056057857,1.3042324084958543,ground,2
-13.0,81.0,2.0,0.5325871704474201,0.5289184465173596,ground,2
-13.0,87.0,2.0,0.5542328822953178,0.5438928611787408,ground,2
-13.0,89.0,2.0,0.5855639307926188,0.5855639307926188,ground,1
-13.0,93.0,2.0,0.573567791480812,0.573567791480812,ground,1
-13.0,95.0,2.0,0.5789480806914974,0.5789480806914974,ground,1
-11.0,-91.0,2.0,-0.18762721081955153,-0.18762721081955153,ground,1
-11.0,-89.0,2.0,2.407202651355976,2.407202651355976,vegetation,1
-11.0,-83.0,2.0,2.1207899801131402,0.9697461554980281,vegetation,3
-11.0,-81.0,2.0,1.4078002137093972,1.4078002137093972,vegetation,1
-11.0,-79.0,2.0,-0.16704765125604648,-0.18641469780618292,ground,3
-11.0,-77.0,2.0,-0.15200556993251052,-0.15200556993251052,ground,1
-11.0,-75.0,2.0,2.6424559236049516,1.4405620930550607,vegetation,3
-11.0,-73.0,2.0,2.7772927081678143,0.9886141625768984,ground,4
-11.0,-71.0,2.0,1.5003443174203115,0.8325985187936021,vegetation,3
-11.0,-69.0,2.0,-0.0919920991186682,-0.0919920991186682,ground,1
-11.0,-67.0,2.0,-0.1022169675594879,-0.1022169675594879,ground,1
-11.0,-63.0,2.0,-0.10441637001625731,-0.10441637001625731,ground,1
-11.0,-61.0,2.0,1.2474777833246433,0.36029973206057564,ground,6
-11.0,-59.0,2.0,1.7169766641068223,1.7169766641068223,vegetation,1
-11.0,-57.0,2.0,-0.05908022398763175,-0.08390520785474377,ground,3
-11.0,-55.0,2.0,2.514221425204065,2.514221425204065,vegetation,1
-11.0,-53.0,2.0,-0.08726119796205492,-0.08726119796205492,ground,1
-11.0,-51.0,2.0,1.1185864462769295,0.27224093316561354,ground,4
-11.0,-49.0,2.0,2.205552824276721,0.6996706660594106,ground,3
-11.0,-47.0,2.0,-0.01035120941593504,-0.01035120941593504,ground,1
-11.0,-45.0,2.0,0.012180201396122959,-0.0012521064005961708,ground,3
-11.0,-41.0,2.0,0.03592747195477572,0.03178794792332361,ground,2
-11.0,-39.0,2.0,0.005870946200174372,0.005870946200174372,ground,1
-11.0,-37.0,2.0,1.8410789991194445,1.8410789991194445,vegetation,1
-11.0,-33.0,2.0,2.411226651325056,2.411226651325056,vegetation,1
-11.0,-29.0,2.0,0.08046494727658192,0.04014060761073261,ground,2
-11.0,29.0,2.0,1.433904053626501,0.4631898198726366,ground,7
-11.0,31.0,2.0,2.5809048895299416,0.8870782708234728,ground,4
-11.0,33.0,2.0,2.3869974588593315,1.856158076792936,vegetation,3
-11.0,35.0,2.0,1.482052675532533,0.8811004033296138,ground,2
-11.0,37.0,2.0,1.8935273431852973,0.6345191987036769,ground,5
-11.0,39.0,2.0,0.32897173987096917,0.32897173987096917,ground,1
-11.0,41.0,2.0,0.32166226402636994,0.32166226402636994,ground,1
-11.0,43.0,2.0,2.106095468729508,1.2122116971960302,ground,2
-11.0,47.0,2.0,2.4056765617767195,2.4056765617767195,vegetation,1
-11.0,49.0,2.0,0.3494100963052038,0.3494100963052038,ground,1
-11.0,51.0,2.0,0.4319522873925995,0.38899223382367953,ground,2
-11.0,53.0,2.0,1.6820836174944738,1.0247161056697198,ground,2
-11.0,55.0,2.0,0.3942774323816619,0.38196864686308585,ground,2
-11.0,67.0,2.0,0.4629920885455454,0.4629920885455454,ground,1
-11.0,69.0,2.0,0.48979797118592394,0.445067034949004,ground,3
-11.0,75.0,2.0,0.47737073795010854,0.4547545169309014,ground,2
-11.0,77.0,2.0,0.4950278131241928,0.4942330546681419,ground,2
-11.0,79.0,2.0,0.4593974734192233,0.4593974734192233,ground,1
-11.0,81.0,2.0,2.2714434214411345,1.0711983841386197,ground,3
-11.0,83.0,2.0,0.5199140097078994,0.5199140097078994,ground,1
-11.0,85.0,2.0,3.1202172298831625,3.1202172298831625,vegetation,1
-11.0,87.0,2.0,3.3576976329546198,3.3576976329546198,vegetation,1
-11.0,89.0,2.0,0.4989821106032705,0.4989821106032705,ground,1
-11.0,91.0,2.0,0.49373276103709596,0.49373276103709596,ground,1
-11.0,93.0,2.0,0.5541996056660576,0.5541996056660576,ground,1
-11.0,95.0,2.0,0.5248452062430881,0.5248452062430881,ground,1
-9.0,-97.0,2.0,-0.22089513119491344,-0.2442646057741004,ground,2
-9.0,-91.0,2.0,-0.25303520370173666,-0.25303520370173666,ground,1
-9.0,-89.0,2.0,2.6742770463951215,1.2015818152809394,ground,2
-9.0,-85.0,2.0,-0.12756009605373375,-0.12756009605373375,ground,1
-9.0,-83.0,2.0,-0.19006369327654873,-0.19570441162397087,ground,2
-9.0,-81.0,2.0,-0.15757067189780344,-0.15757067189780344,ground,1
-9.0,-79.0,2.0,-0.18995998811665193,-0.18995998811665193,ground,1
-9.0,-75.0,2.0,1.1772357011048147,1.1772357011048147,vegetation,1
-9.0,-73.0,2.0,2.380557272478163,2.380557272478163,vegetation,1
-9.0,-69.0,2.0,0.9384366140514931,0.9384366140514931,vegetation,1
-9.0,-67.0,2.0,2.3825431492672893,2.3825431492672893,vegetation,1
-9.0,-65.0,2.0,-0.13465507564429327,-0.13465507564429327,ground,1
-9.0,-63.0,2.0,-0.06938785108933285,-0.06938785108933285,ground,1
-9.0,-61.0,2.0,2.8065416293030596,1.17461007824695,vegetation,5
-9.0,-59.0,2.0,1.6745113281272308,0.5061550015350939,ground,3
-9.0,-51.0,2.0,1.7944460596568912,0.5468943807340158,ground,3
-9.0,-49.0,2.0,-0.05486326828560252,-0.05486326828560252,ground,1
-9.0,-45.0,2.0,-0.019197971952521067,-0.019197971952521067,ground,1
-9.0,-43.0,2.0,-0.039654128812449035,-0.039654128812449035,ground,1
-9.0,-41.0,2.0,0.0014619093489750198,0.0014619093489750198,ground,1
-9.0,-39.0,2.0,-0.06565854612603222,-0.06565854612603222,ground,1
-9.0,-37.0,2.0,1.649499426616786,1.649499426616786,vegetation,1
-9.0,-35.0,2.0,0.0020899316127531084,0.0020899316127531084,ground,1
-9.0,-33.0,2.0,1.4164970794967116,1.4164970794967116,vegetation,1
-9.0,-31.0,2.0,2.060756493248435,1.0200287098163392,ground,2
-9.0,29.0,2.0,3.1204317905160863,1.672374058115964,ground,2
-9.0,31.0,2.0,2.251911711401046,0.9159957110841237,ground,5
-9.0,33.0,2.0,0.2619165329965165,0.2530147140186413,ground,2
-9.0,35.0,2.0,3.2646353915405046,1.7898819829701027,ground,2
-9.0,37.0,2.0,0.31671212146278105,0.31671212146278105,ground,1
-9.0,41.0,2.0,0.25775463463168086,0.25775463463168086,ground,1
-9.0,43.0,2.0,3.081586797398403,1.2818085620520734,ground,4
-9.0,45.0,2.0,0.34249542825795143,0.32950033937591294,ground,2
-9.0,51.0,2.0,0.3306798765620752,0.3306798765620752,ground,1
-9.0,53.0,2.0,0.41623008027782116,0.39347543828514286,ground,2
-9.0,55.0,2.0,1.1563328978568035,1.1563328978568035,vegetation,1
-9.0,57.0,2.0,2.4059259263268737,1.8699469372727064,vegetation,2
-9.0,59.0,2.0,1.9361784371102133,0.8925582942746383,ground,3
-9.0,61.0,2.0,0.3260468678068218,0.3260468678068218,ground,1
-9.0,63.0,2.0,2.6983788568532954,1.3260194626017945,ground,4
-9.0,65.0,2.0,2.4073894772362294,0.89810458696708,ground,4
-9.0,67.0,2.0,1.9193167830800726,0.9030780528975852,ground,3
-9.0,69.0,2.0,1.607960253447389,0.7869558203131461,ground,3
-9.0,71.0,2.0,0.4500825497095545,0.4416742412716689,ground,2
-9.0,73.0,2.0,1.6946958284034022,0.838208908682135,ground,3
-9.0,77.0,2.0,1.4024786571507897,0.6854170596843226,ground,4
-9.0,81.0,2.0,3.010970689039829,2.100971716482363,vegetation,3
-9.0,83.0,2.0,0.4681954828106466,0.4681954828106466,ground,1
-9.0,85.0,2.0,0.48333670450552324,0.48333670450552324,ground,1
-9.0,87.0,2.0,0.5045903158915958,0.49094708625421474,ground,2
-9.0,89.0,2.0,2.076212254821506,1.0211792348411286,ground,3
-9.0,91.0,2.0,0.508146737822596,0.508146737822596,ground,1
-9.0,93.0,2.0,0.530578517681566,0.4940672699614462,ground,2
-9.0,97.0,2.0,2.9189560608609986,2.158913484003337,vegetation,2
-7.0,-97.0,2.0,1.4760454404971028,0.2950583735599931,ground,3
-7.0,-95.0,2.0,2.096498891953054,0.8921665039532957,ground,2
-7.0,-93.0,2.0,1.1558257867251125,0.43476346188536147,ground,2
-7.0,-91.0,2.0,-0.2833235354381888,-0.2833235354381888,ground,1
-7.0,-89.0,2.0,-0.22562550192562938,-0.23712045205756774,ground,3
-7.0,-87.0,2.0,1.4601271286580992,1.4601271286580992,vegetation,1
-7.0,-85.0,2.0,-0.1677889917236386,-0.20777749325214587,ground,2
-7.0,-83.0,2.0,-0.22123060123796304,-0.2322827588923991,ground,3
-7.0,-81.0,2.0,-0.24400812527446825,-0.24400812527446825,ground,1
-7.0,-79.0,2.0,-0.19588616172888024,-0.20106534545331403,ground,3
-7.0,-77.0,2.0,-0.21844700754500765,-0.21844700754500765,ground,1
-7.0,-75.0,2.0,1.8456098393030171,1.8306925969341101,vegetation,2
-7.0,-73.0,2.0,1.0387701608625237,1.0387701608625237,vegetation,1
-7.0,-67.0,2.0,-0.1356104996850521,-0.15420980352671312,ground,2
-7.0,-65.0,2.0,-0.19316331745006493,-0.19316331745006493,ground,1
-7.0,-63.0,2.0,-0.12503212277107406,-0.12503212277107406,ground,1
-7.0,-61.0,2.0,-0.13625036598151824,-0.14488244333831815,ground,2
-7.0,-59.0,2.0,-0.18236570158804605,-0.18236570158804605,ground,1
-7.0,-57.0,2.0,-0.09549485807424891,-0.10587446330584138,ground,3
-7.0,-55.0,2.0,2.3226117604261898,2.3226117604261898,vegetation,1
-7.0,-53.0,2.0,2.580683684209075,1.4585824131323737,vegetation,3
-7.0,-51.0,2.0,2.7508900792441615,0.8557084611310599,ground,3
-7.0,-49.0,2.0,1.9685597382320417,0.9191307993028275,ground,2
-7.0,-47.0,2.0,-0.06102648098758712,-0.10211224772029825,ground,3
-7.0,-45.0,2.0,-0.05661980976625977,-0.05661980976625977,ground,1
-7.0,-43.0,2.0,2.193688847646553,2.193688847646553,vegetation,1
-7.0,-41.0,2.0,-0.03507255085858428,-0.03507255085858428,ground,1
-7.0,-39.0,2.0,2.0095885945655385,0.5703070292712551,ground,5
-7.0,-37.0,2.0,-0.03287660700579788,-0.03762388288951129,ground,2
-7.0,-35.0,2.0,1.819900987960036,0.5792666447270988,ground,3
-7.0,-33.0,2.0,2.0109264572973533,2.0109264572973533,vegetation,1
-7.0,-31.0,2.0,1.820657773042642,0.8785573404113979,vegetation,3
-7.0,-29.0,2.0,0.03591570063686946,-0.0029143463054175263,ground,2
-7.0,29.0,2.0,0.23986952867894273,0.23986952867894273,ground,1
-7.0,31.0,2.0,2.687993802902039,1.0431723325095255,ground,3
-7.0,33.0,2.0,0.27564203195872705,0.2509572119875552,ground,4
-7.0,35.0,2.0,2.9268203774755293,1.5731667106502807,ground,2
-7.0,37.0,2.0,2.992079838043917,1.8219724835628799,vegetation,3
-7.0,39.0,2.0,1.2160028842488693,1.2160028842488693,vegetation,1
-7.0,41.0,2.0,1.583177791529799,0.5750989296063692,ground,4
-7.0,43.0,2.0,0.2692995111166524,0.2692995111166524,ground,1
-7.0,45.0,2.0,1.869989015436734,1.869989015436734,vegetation,1
-7.0,49.0,2.0,0.23244900601891028,0.23244900601891028,ground,1
-7.0,51.0,2.0,2.6387220272425522,2.6387220272425522,vegetation,1
-7.0,55.0,2.0,0.3283284599405755,0.3283284599405755,ground,1
-7.0,57.0,2.0,0.3832080621518645,0.3832080621518645,ground,1
-7.0,59.0,2.0,3.1070226494299167,1.9386601188585413,vegetation,4
-7.0,61.0,2.0,1.808545130318532,1.0823632871067026,ground,2
-7.0,65.0,2.0,0.3864060984281381,0.3864060984281381,ground,1
-7.0,67.0,2.0,0.31034581748337675,0.31034581748337675,ground,1
-7.0,69.0,2.0,3.2780325242920583,3.2780325242920583,vegetation,1
-7.0,73.0,2.0,2.081581902921632,2.081581902921632,vegetation,1
-7.0,75.0,2.0,0.3985670483831359,0.3985670483831359,ground,1
-7.0,77.0,2.0,2.024616230803416,0.9579844831333565,ground,3
-7.0,81.0,2.0,1.2796268135848434,1.2796268135848434,vegetation,1
-7.0,83.0,2.0,0.4294524757761865,0.4193172668131938,ground,2
-7.0,85.0,2.0,2.947215253699733,1.6998590569874885,ground,2
-7.0,89.0,2.0,0.5146032574383407,0.49179404701531876,ground,2
-7.0,91.0,2.0,2.3784614078375705,2.3784614078375705,vegetation,1
-7.0,95.0,2.0,2.629477612790084,2.623439276627382,vegetation,2
-7.0,97.0,2.0,2.655906714488939,2.5901348013541323,vegetation,2
-5.0,-97.0,2.0,2.5439327385635853,1.1078666959037222,ground,2
-5.0,-93.0,2.0,1.4513527860346584,0.1473356791207981,ground,4
-5.0,-87.0,2.0,2.011123116293425,0.862978588585628,ground,2
-5.0,-83.0,2.0,1.7424998854140012,0.7473678759725163,ground,2
-5.0,-81.0,2.0,-0.20671290183378513,-0.2306107072343656,ground,2
-5.0,-77.0,2.0,1.0798791989462866,0.4149999411563289,ground,2
-5.0,-75.0,2.0,-0.23394850897149747,-0.23394850897149747,ground,1
-5.0,-71.0,2.0,1.531379085973143,0.6581181878277507,ground,2
-5.0,-69.0,2.0,-0.20067735635476536,-0.21647308130738532,ground,3
-5.0,-67.0,2.0,-0.1962849334770051,-0.1962849334770051,ground,1
-5.0,-61.0,2.0,-0.15112092889376127,-0.15112092889376127,ground,1
-5.0,-59.0,2.0,2.7724278868837944,1.3145652574285143,ground,2
-5.0,-57.0,2.0,2.0333877741250106,0.9522531360316986,ground,2
-5.0,-55.0,2.0,-0.10918985640143301,-0.14383622737125903,ground,2
-5.0,-53.0,2.0,0.8319760232659603,0.19493083176376755,ground,3
-5.0,-51.0,2.0,-0.09419866650081127,-0.11845809325915488,ground,2
-5.0,-47.0,2.0,-0.09762654739635496,-0.09762654739635496,ground,1
-5.0,-41.0,2.0,2.584365099948151,0.8204974297514237,ground,3
-5.0,-37.0,2.0,-0.04096635239406554,-0.051048197925772504,ground,2
-5.0,-35.0,2.0,-0.00942613314308556,-0.040744884226676444,ground,3
-5.0,-33.0,2.0,0.9387895191048798,0.43635673349896337,ground,2
-5.0,31.0,2.0,0.20543524454702333,0.19393823525711815,ground,3
-5.0,33.0,2.0,1.7321650665237511,0.9862825830648141,ground,2
-5.0,35.0,2.0,0.22043134404160383,0.19932590585487592,ground,2
-5.0,37.0,2.0,3.0998563611734555,3.0998563611734555,vegetation,1
-5.0,39.0,2.0,3.110322318495154,1.675701258947968,ground,2
-5.0,41.0,2.0,3.0929573247818176,1.660596748226839,ground,2
-5.0,43.0,2.0,0.2959794486925915,0.2603022968321196,ground,3
-5.0,45.0,2.0,0.24543419837565453,0.2301135509529449,ground,2
-5.0,47.0,2.0,0.26285803278254566,0.25869807777180553,ground,2
-5.0,49.0,2.0,0.29565042914770034,0.2880427948917652,ground,2
-5.0,51.0,2.0,0.25295285607278334,0.2384197824443183,ground,2
-5.0,53.0,2.0,0.29367830813965395,0.29367830813965395,ground,1
-5.0,55.0,2.0,0.29841685285937064,0.2935015675694356,ground,3
-5.0,57.0,2.0,0.32903365673846896,0.32903365673846896,ground,1
-5.0,61.0,2.0,2.626098644987669,2.626098644987669,vegetation,1
-5.0,63.0,2.0,2.5638026634018836,1.4310510917011205,ground,2
-5.0,65.0,2.0,0.37705082298628767,0.37705082298628767,ground,1
-5.0,67.0,2.0,0.3430958864259067,0.3246821756360822,ground,2
-5.0,69.0,2.0,2.3198901698811176,1.0651340330808812,ground,4
-5.0,71.0,2.0,3.047578239632816,3.047578239632816,vegetation,1
-5.0,73.0,2.0,0.3173145523376306,0.3173145523376306,ground,1
-5.0,75.0,2.0,0.4109674304839238,0.36286391058857315,ground,2
-5.0,77.0,2.0,1.6264491000892933,0.7950366649307826,ground,3
-5.0,79.0,2.0,2.1249225122220405,2.1249225122220405,vegetation,1
-5.0,85.0,2.0,0.4271123346307275,0.4271123346307275,ground,1
-5.0,91.0,2.0,0.4515280083442652,0.4328757904985392,ground,3
-5.0,93.0,2.0,1.7810084974032256,1.1182713518161191,ground,2
-5.0,95.0,2.0,2.5152500381226037,1.475759178247246,ground,2
-5.0,97.0,2.0,2.2189177845979158,1.346023696377735,ground,2
-3.0,-99.0,2.0,-0.3344672174974112,-0.3344672174974112,ground,1
-3.0,-97.0,2.0,2.287624024413183,2.287624024413183,vegetation,1
-3.0,-95.0,2.0,-0.3076670939429492,-0.3076670939429492,ground,1
-3.0,-91.0,2.0,2.6419614009228938,0.4165522606188205,ground,4
-3.0,-89.0,2.0,-0.2955721312719319,-0.33110591440774806,ground,2
-3.0,-87.0,2.0,2.4695978659893236,2.4695978659893236,vegetation,1
-3.0,-81.0,2.0,-0.29194176222764473,-0.29194176222764473,ground,1
-3.0,-79.0,2.0,-0.3025307697135294,-0.3025307697135294,ground,1
-3.0,-75.0,2.0,-0.26824199298765206,-0.26824199298765206,ground,1
-3.0,-71.0,2.0,-0.23587417197128321,-0.23587417197128321,ground,1
-3.0,-69.0,2.0,2.709594978737669,1.2505052322645138,ground,2
-3.0,-67.0,2.0,-0.20395136665778407,-0.20395136665778407,ground,1
-3.0,-59.0,2.0,-0.19650272487752016,-0.19650272487752016,ground,1
-3.0,-55.0,2.0,-0.1733456527209576,-0.1733456527209576,ground,1
-3.0,-53.0,2.0,2.4206843757301515,1.3835744059677795,vegetation,3
-3.0,-51.0,2.0,-0.10942429639820883,-0.10942429639820883,ground,1
-3.0,-49.0,2.0,-0.15848632005446664,-0.15848632005446664,ground,1
-3.0,-47.0,2.0,-0.1551700983648586,-0.1551700983648586,ground,1
-3.0,-45.0,2.0,2.4556742185726854,1.1782311940862877,ground,2
-3.0,-43.0,2.0,-0.17861405912188624,-0.17861405912188624,ground,1
-3.0,-41.0,2.0,2.0966689303805,0.4339474356885969,ground,4
-3.0,-39.0,2.0,-0.09589174110489684,-0.12103046472419754,ground,2
-3.0,-37.0,2.0,-0.09239493030224347,-0.09916704126459577,ground,2
-3.0,-35.0,2.0,2.484573752399006,0.4499964069059633,ground,7
-3.0,-33.0,2.0,-0.07746020702400015,-0.07746020702400015,ground,1
-3.0,-31.0,2.0,-0.0602294174174827,-0.0602294174174827,ground,1
-3.0,31.0,2.0,0.19298922274470148,0.19298922274470148,ground,1
-3.0,33.0,2.0,0.18368428735556652,0.18368428735556652,ground,1
-3.0,35.0,2.0,2.976139085002872,1.1367584183568542,ground,3
-3.0,39.0,2.0,0.25545985652525877,0.20732374155539732,ground,3
-3.0,41.0,2.0,0.20864831288341298,0.20864831288341298,ground,1
-3.0,43.0,2.0,2.4537171233594806,1.3381759356566354,vegetation,3
-3.0,45.0,2.0,3.048026389834694,1.178725984666683,ground,3
-3.0,47.0,2.0,0.2141062134288399,0.2141062134288399,ground,1
-3.0,49.0,2.0,1.8908919471931926,1.0735987173023536,ground,2
-3.0,55.0,2.0,2.5374149963235935,2.1475576450216396,vegetation,2
-3.0,59.0,2.0,3.041043424688905,2.1046249271744335,vegetation,3
-3.0,61.0,2.0,0.32315468687262416,0.29948437578787007,ground,3
-3.0,63.0,2.0,0.275994275902221,0.275994275902221,ground,1
-3.0,65.0,2.0,0.33590958822003214,0.31942627199565155,ground,2
-3.0,67.0,2.0,0.27945062079796745,0.27945062079796745,ground,1
-3.0,69.0,2.0,0.3197282963441887,0.29824860946817067,ground,2
-3.0,73.0,2.0,0.2939025053246649,0.2939025053246649,ground,1
-3.0,75.0,2.0,0.402215483286888,0.402215483286888,ground,1
-3.0,77.0,2.0,0.3389799586676616,0.3389799586676616,ground,1
-3.0,79.0,2.0,0.37348739523231356,0.3564145327404614,ground,2
-3.0,83.0,2.0,1.9968973699336667,1.9968973699336667,vegetation,1
-3.0,87.0,2.0,0.42365159308849515,0.4039877720571197,ground,2
-3.0,91.0,2.0,1.3550323886739617,0.8830072703953892,ground,2
-3.0,93.0,2.0,1.659652261172774,1.0442964605152858,ground,2
-3.0,95.0,2.0,0.3976335184436351,0.3976335184436351,ground,1
-3.0,97.0,2.0,0.45835454453193325,0.45835454453193325,ground,1
-1.0,-97.0,2.0,-0.3621811137186007,-0.3957800267620257,ground,2
-1.0,-95.0,2.0,1.2816058554159118,0.20047590243016566,ground,3
-1.0,-93.0,2.0,-0.3741652217729903,-0.3741652217729903,ground,1
-1.0,-91.0,2.0,-0.35753898902722425,-0.362634539995501,ground,2
-1.0,-89.0,2.0,2.3302169063495417,1.3824307730266223,vegetation,2
-1.0,-87.0,2.0,2.1468747999425064,0.8998656176543354,ground,2
-1.0,-85.0,2.0,-0.3387980223919771,-0.3387980223919771,ground,1
-1.0,-83.0,2.0,-0.25464017124411786,-0.25464017124411786,ground,1
-1.0,-81.0,2.0,1.3008458504586056,1.3008458504586056,vegetation,1
-1.0,-71.0,2.0,2.030151843402341,0.501774067850347,ground,3
-1.0,-67.0,2.0,2.4073986032849204,1.1009802526694854,ground,2
-1.0,-63.0,2.0,-0.23023467156718755,-0.23023467156718755,ground,1
-1.0,-61.0,2.0,1.5433239470572628,1.5433239470572628,vegetation,1
-1.0,-59.0,2.0,-0.19597893541391082,-0.20870553371618455,ground,2
-1.0,-57.0,2.0,-0.16682230798627368,-0.19162305770972987,ground,4
-1.0,-55.0,2.0,1.006131310255176,1.006131310255176,vegetation,1
-1.0,-53.0,2.0,0.817543899827744,0.817543899827744,vegetation,1
-1.0,-49.0,2.0,-0.1812897044324721,-0.18719725974828527,ground,2
-1.0,-47.0,2.0,-0.15654002576767512,-0.18404985948101515,ground,3
-1.0,-45.0,2.0,-0.1688968606547855,-0.1688968606547855,ground,1
-1.0,-41.0,2.0,-0.15486580744559286,-0.15486580744559286,ground,1
-1.0,-39.0,2.0,2.422392027798284,1.1201347312640608,ground,2
-1.0,-37.0,2.0,-0.13300073783998598,-0.1429903061331583,ground,3
-1.0,-35.0,2.0,-0.12458381130365585,-0.12458381130365585,ground,1
-1.0,-31.0,2.0,1.3447995707441442,0.23452660843566728,ground,4
-1.0,31.0,2.0,1.9092692070832324,1.0171299905418913,vegetation,3
-1.0,33.0,2.0,0.13013388399737633,0.13013388399737633,ground,1
-1.0,35.0,2.0,2.0157093663296437,1.0793847733256199,ground,2
-1.0,39.0,2.0,0.23328297185110158,0.23328297185110158,ground,1
-1.0,41.0,2.0,0.20679490435249928,0.20679490435249928,ground,1
-1.0,43.0,2.0,0.18090530944408517,0.17328396832352916,ground,2
-1.0,45.0,2.0,1.0589155625430444,0.4091079421327117,ground,4
-1.0,51.0,2.0,2.6590001638156933,1.4325495128150305,ground,2
-1.0,53.0,2.0,1.3159493183596769,0.8050226302158654,ground,2
-1.0,57.0,2.0,2.483352374015623,0.9869070771661006,ground,3
-1.0,59.0,2.0,0.27516258758301754,0.23738315534653856,ground,2
-1.0,61.0,2.0,1.6168982072360896,0.9379738717450316,ground,2
-1.0,65.0,2.0,2.33351838385801,1.3031286899199843,ground,2
-1.0,67.0,2.0,1.1591103590851424,0.7120689025897257,ground,2
-1.0,69.0,2.0,0.339963488925141,0.339963488925141,ground,1
-1.0,71.0,2.0,0.30611099613943743,0.30611099613943743,ground,1
-1.0,73.0,2.0,0.29808273568975024,0.29808273568975024,ground,1
-1.0,75.0,2.0,3.1731754769742055,1.3283324272586159,ground,4
-1.0,77.0,2.0,0.3136716734943073,0.30094691991745187,ground,2
-1.0,79.0,2.0,2.500853493380692,2.500853493380692,vegetation,1
-1.0,83.0,2.0,0.3587199160622554,0.3323097970566748,ground,3
-1.0,85.0,2.0,0.35321469589747023,0.35321469589747023,ground,1
-1.0,87.0,2.0,0.3614615592391289,0.3614615592391289,ground,1
-1.0,89.0,2.0,0.40412299835437376,0.381337915663183,ground,2
-1.0,95.0,2.0,0.4147016663848676,0.4147016663848676,ground,1
1.0,-99.0,2.0,-0.41633384033156806,-0.42006278108332173,ground,2
1.0,-97.0,2.0,1.9887340796591715,0.7751496837465843,ground,2
1.0,-93.0,2.0,2.31399752291001,2.31399752291001,vegetation,1
1.0,-91.0,2.0,-0.3765157946037025,-0.3765157946037025,ground,1
1.0,-87.0,2.0,-0.3089447963228821,-0.33899451931642494,ground,2
1.0,-85.0,2.0,-0.3818117711225762,-0.3818117711225762,ground,1
1.0,-83.0,2.0,-0.3633681065543217,-0.3714495111799636,ground,2
1.0,-81.0,2.0,-0.3307812730303408,-0.35761688112586265,ground,3
1.0,-79.0,2.0,-0.304340648573368,-0.304340648573368,ground,1
1.0,-75.0,2.0,-0.27848077490313594,-0.2961977748655257,ground,2
1.0,-73.0,2.0,2.579877591021761,1.7358792077031442,vegetation,2
1.0,-71.0,2.0,2.423229280545736,2.423229280545736,vegetation,1
1.0,-67.0,2.0,2.6613411448811934,1.2026927012984177,ground,2
1.0,-65.0,2.0,2.7133322485078626,0.7075059642860378,ground,3
1.0,-63.0,2.0,-0.25594293722339034,-0.25594293722339034,ground,1
1.0,-61.0,2.0,-0.26163198503790813,-0.27440088324104767,ground,3
1.0,-59.0,2.0,-0.19031722905217618,-0.19031722905217618,ground,1
1.0,-57.0,2.0,0.8785107749832946,0.8785107749832946,vegetation,1
1.0,-53.0,2.0,1.3691838725486396,0.3961311010644329,ground,4
1.0,-51.0,2.0,-0.19019626046833676,-0.21316858859514706,ground,4
1.0,-49.0,2.0,-0.23735820818079797,-0.23735820818079797,ground,1
1.0,-47.0,2.0,1.221222671583088,0.5166462883038478,ground,2
1.0,-45.0,2.0,2.3249851757136577,0.6420419949771159,ground,3
1.0,-43.0,2.0,-0.19819586053280858,-0.198557270656864,ground,2
1.0,-39.0,2.0,-0.2020543221311769,-0.2020543221311769,ground,1
1.0,-37.0,2.0,2.430269058941207,1.1307329032558322,vegetation,3
1.0,-35.0,2.0,-0.16315752290924823,-0.1789367082422531,ground,2
1.0,-33.0,2.0,-0.11739297630830284,-0.1382578071898031,ground,2
1.0,-31.0,2.0,-0.12210728919664186,-0.13248069423679046,ground,4
1.0,33.0,2.0,0.08791166115637403,0.06970662875604473,ground,2
1.0,35.0,2.0,2.376212073685969,2.376212073685969,vegetation,1
1.0,37.0,2.0,2.956936135111513,1.133307026557875,ground,7
1.0,41.0,2.0,0.14685609994503634,0.14685609994503634,ground,1
1.0,43.0,2.0,0.16105697509299033,0.16105697509299033,ground,1
1.0,45.0,2.0,0.20015701351641804,0.20015701351641804,ground,1
1.0,47.0,2.0,0.20271188842505072,0.19421291968253804,ground,3
1.0,49.0,2.0,3.0754542689856654,2.846273317679918,vegetation,2
1.0,51.0,2.0,2.287497918467656,1.22703164795071,ground,2
1.0,53.0,2.0,0.2062133754946918,0.19215521996033158,ground,2
1.0,57.0,2.0,0.224970804787025,0.21585583667137653,ground,3
1.0,59.0,2.0,0.21733423465339913,0.21733423465339913,ground,1
1.0,61.0,2.0,0.21711347847665746,0.21711347847665746,ground,1
1.0,63.0,2.0,3.023118065263648,1.166079015919336,ground,3
1.0,69.0,2.0,0.3039982764112181,0.3039982764112181,ground,1
1.0,73.0,2.0,2.875925540023591,1.146116696077208,ground,3
1.0,75.0,2.0,3.213761724899098,1.0112148793757887,ground,4
1.0,77.0,2.0,2.9355074660153884,1.9576254225262313,vegetation,4
1.0,79.0,2.0,1.387674107766232,1.387674107766232,vegetation,1
1.0,81.0,2.0,2.6644607252749175,1.086946408171962,ground,3
1.0,83.0,2.0,2.8222125671054887,1.5581053247740793,ground,2
1.0,91.0,2.0,0.36317853682714096,0.344872254598382,ground,3
1.0,93.0,2.0,1.797079450219279,1.797079450219279,vegetation,1
3.0,-97.0,2.0,2.462190113166232,2.462190113166232,vegetation,1
3.0,-93.0,2.0,1.6336991166046775,0.26480820140756106,ground,3
3.0,-89.0,2.0,-0.3567162251622631,-0.36846299600158783,ground,2
3.0,-87.0,2.0,-0.41354632565861693,-0.41354632565861693,ground,1
3.0,-85.0,2.0,1.5884890764473276,1.5884890764473276,vegetation,1
3.0,-79.0,2.0,-0.3606857379053719,-0.3606857379053719,ground,1
3.0,-77.0,2.0,0.8718802552285344,0.8718802552285344,vegetation,1
3.0,-75.0,2.0,-0.3619863193262244,-0.3619863193262244,ground,1
3.0,-73.0,2.0,-0.3414334156943419,-0.3414334156943419,ground,1
3.0,-71.0,2.0,-0.3314842713785417,-0.3314842713785417,ground,1
3.0,-67.0,2.0,-0.3421271222255196,-0.3421271222255196,ground,1
3.0,-65.0,2.0,0.6929204708101457,0.6929204708101457,vegetation,1
3.0,-63.0,2.0,1.4115118821632198,0.3998652768669061,ground,4
3.0,-61.0,2.0,-0.22833292481283404,-0.28456658939988594,ground,2
3.0,-59.0,2.0,2.1086058632995948,0.5101547259767709,ground,3
3.0,-57.0,2.0,-0.2870772594493459,-0.2870772594493459,ground,1
3.0,-55.0,2.0,2.211438194098174,0.5445622452698863,ground,3
3.0,-53.0,2.0,-0.26398317782244024,-0.26398317782244024,ground,1
3.0,-51.0,2.0,-0.2597798102596784,-0.2597798102596784,ground,1
3.0,-49.0,2.0,-0.23143818454663495,-0.238515872831909,ground,2
3.0,-43.0,2.0,-0.23893529816457293,-0.23893529816457293,ground,1
3.0,-39.0,2.0,-0.16276560303174742,-0.17610676386107046,ground,2
3.0,-37.0,2.0,2.3176287868326906,1.8117662507948677,vegetation,4
3.0,-35.0,2.0,-0.1943071090833462,-0.1943071090833462,ground,1
3.0,-33.0,2.0,2.013956504027408,0.2708251145969457,ground,5
3.0,-31.0,2.0,2.733486004945684,2.733486004945684,vegetation,1
3.0,31.0,2.0,1.83301608153538,1.038253441900885,vegetation,3
3.0,33.0,2.0,1.9392947121883646,0.7025432961860912,ground,3
3.0,35.0,2.0,1.0235303416138077,0.2768774916174015,ground,5
3.0,37.0,2.0,1.2445879805774318,0.4998347429559471,ground,3
3.0,39.0,2.0,2.5563738799509164,0.7128948923582102,ground,4
3.0,41.0,2.0,0.1232143430291893,0.10246087033519302,ground,2
3.0,43.0,2.0,2.6544052299345724,2.6544052299345724,vegetation,1
3.0,45.0,2.0,2.2020942529868592,1.1609113860624345,ground,2
3.0,49.0,2.0,0.12478507501531233,0.12168170076425688,ground,2
3.0,53.0,2.0,2.343834592879801,1.2524397573365262,ground,2
3.0,55.0,2.0,1.9954486946534273,1.9954486946534273,vegetation,1
3.0,57.0,2.0,1.950638866322263,1.950638866322263,vegetation,1
3.0,59.0,2.0,0.16477482689250336,0.16477482689250336,ground,1
3.0,61.0,2.0,0.2107273582486908,0.18474215717631837,ground,2
3.0,65.0,2.0,2.9645517573724187,2.3530935077465753,vegetation,2
3.0,67.0,2.0,2.472796947459797,0.9711568888380215,ground,3
3.0,71.0,2.0,3.214947277443095,3.214947277443095,vegetation,1
3.0,73.0,2.0,2.177396450416575,1.2108786425227809,ground,2
3.0,75.0,2.0,2.848073861838564,2.848073861838564,vegetation,1
3.0,77.0,2.0,1.635956934088906,1.635956934088906,vegetation,1
3.0,79.0,2.0,2.17700868535154,1.2207708896724874,ground,2
3.0,83.0,2.0,0.3243785550211616,0.31093922279676844,ground,3
3.0,85.0,2.0,3.1556355990290275,1.702989545607049,ground,2
3.0,87.0,2.0,0.31075431525207337,0.31075431525207337,ground,1
3.0,91.0,2.0,0.30911910924332264,0.30911910924332264,ground,1
3.0,93.0,2.0,2.476569005077705,0.8721767239989549,ground,4
3.0,95.0,2.0,0.33175551547412546,0.31897670363910435,ground,2
3.0,97.0,2.0,1.721689745413785,1.042527106653001,ground,2
3.0,99.0,2.0,0.3570436243117084,0.3570436243117084,ground,1
5.0,-99.0,2.0,-0.4789075009596683,-0.4789075009596683,ground,1
5.0,-97.0,2.0,-0.4677218237342253,-0.4677218237342253,ground,1
5.0,-93.0,2.0,0.6825527026789616,0.11490352794573844,ground,2
5.0,-91.0,2.0,2.4879938831107395,1.0245126856014153,ground,2
5.0,-89.0,2.0,2.0795636109654785,0.7998664146301222,ground,2
5.0,-85.0,2.0,-0.40818695169417973,-0.40818695169417973,ground,1
5.0,-83.0,2.0,1.9816377803482454,0.3939118441313892,ground,3
5.0,-81.0,2.0,1.9888735674322957,0.406618007974568,ground,3
5.0,-77.0,2.0,0.6815946156352469,0.1674755671667607,ground,2
5.0,-75.0,2.0,-0.368533293787483,-0.368533293787483,ground,1
5.0,-73.0,2.0,-0.3458670570287469,-0.3458670570287469,ground,1
5.0,-69.0,2.0,1.373093245314339,0.5117694512594301,ground,2
5.0,-63.0,2.0,2.379103387082508,2.379103387082508,vegetation,1
5.0,-61.0,2.0,2.3584183361693887,2.3584183361693887,vegetation,1
5.0,-59.0,2.0,1.5788243902513146,0.6413751234110948,ground,2
5.0,-57.0,2.0,-0.29721650982821174,-0.29853981282294073,ground,2
5.0,-55.0,2.0,-0.27808558227496255,-0.2996507557182896,ground,2
5.0,-53.0,2.0,-0.24652678971997732,-0.24652678971997732,ground,1
5.0,-51.0,2.0,-0.2766491587862454,-0.29171764486998275,ground,2
5.0,-49.0,2.0,-0.2834115993162333,-0.2834115993162333,ground,1
5.0,-47.0,2.0,-0.22291772584725356,-0.22291772584725356,ground,1
5.0,-45.0,2.0,-0.23817279782075368,-0.25990678012120966,ground,4
5.0,-43.0,2.0,2.5407842725747316,1.765359050852028,vegetation,2
5.0,-41.0,2.0,0.6422062415582206,-0.03413809970203463,ground,4
5.0,-39.0,2.0,0.8817688794366608,0.14919018887846372,ground,3
5.0,-35.0,2.0,-0.201843799264305,-0.22523072113533626,ground,3
5.0,-33.0,2.0,-0.15081342454667374,-0.2030310434545016,ground,5
5.0,-29.0,2.0,2.663588305568676,2.663588305568676,vegetation,1
5.0,29.0,2.0,0.04258016289097606,0.04258016289097606,ground,1
5.0,31.0,2.0,0.08964853303986503,0.059649269818543994,ground,3
5.0,35.0,2.0,0.09266113828910873,0.06571248951285263,ground,2
5.0,37.0,2.0,1.5658234010442142,0.56957901775423,ground,3
5.0,39.0,2.0,2.6567915356370246,2.2059137075963906,vegetation,3
5.0,41.0,2.0,0.10424785957402277,0.09019450470020121,ground,2
5.0,43.0,2.0,3.0216669888930436,2.9138773708587355,vegetation,2
5.0,45.0,2.0,0.06401011224004259,0.06401011224004259,ground,1
5.0,47.0,2.0,0.9483422776960289,0.5179569575623479,ground,2
5.0,51.0,2.0,0.15921263687819626,0.15921263687819626,ground,1
5.0,53.0,2.0,2.724761345109913,1.3925302898955996,ground,2
5.0,55.0,2.0,2.2724230282290656,1.6689652370399926,vegetation,2
5.0,57.0,2.0,0.20329817142748347,0.17038992825686963,ground,3
5.0,59.0,2.0,0.18849805451565246,0.15837803902660114,ground,4
5.0,61.0,2.0,0.14187790495003638,0.14187790495003638,ground,1
5.0,63.0,2.0,0.20025318433029027,0.18832006525542389,ground,2
5.0,65.0,2.0,2.593398284212361,2.593398284212361,vegetation,1
5.0,71.0,2.0,0.22056335195441323,0.188297746887445,ground,2
5.0,75.0,2.0,0.25036141297219366,0.25036141297219366,ground,1
5.0,77.0,2.0,0.23313979718380334,0.20900799690493022,ground,2
5.0,79.0,2.0,1.8078218661828251,1.0067343619874507,ground,2
5.0,81.0,2.0,0.23445387457956174,0.23445387457956174,ground,1
5.0,83.0,2.0,1.531521711276118,0.8763292349450023,ground,2
5.0,85.0,2.0,0.2592814577912861,0.24925119419611463,ground,2
5.0,87.0,2.0,0.2064857221048107,0.2064857221048107,ground,1
5.0,89.0,2.0,0.32261572730504456,0.2886367963696548,ground,2
5.0,95.0,2.0,1.5343241248312798,1.5343241248312798,vegetation,1
5.0,97.0,2.0,0.281994150097716,0.281994150097716,ground,1
7.0,-97.0,2.0,-0.4624460381211676,-0.4624460381211676,ground,1
7.0,-93.0,2.0,-0.48450421464609933,-0.48450421464609933,ground,1
7.0,-87.0,2.0,2.2133486311317476,0.8717687270740389,ground,2
7.0,-85.0,2.0,1.3399412742327534,1.3399412742327534,vegetation,1
7.0,-79.0,2.0,1.5970978702109928,0.07833575254673639,ground,4
7.0,-77.0,2.0,-0.4294261787873367,-0.4294261787873367,ground,1
7.0,-75.0,2.0,1.6603245307950605,0.7049770029979725,vegetation,3
7.0,-73.0,2.0,-0.34404256415180073,-0.34404256415180073,ground,1
7.0,-71.0,2.0,2.1011198997199307,1.1411923722566601,vegetation,4
7.0,-69.0,2.0,1.3560713461777283,0.732340176724661,vegetation,3
7.0,-67.0,2.0,-0.3540593303422276,-0.38935091173682457,ground,3
7.0,-65.0,2.0,-0.3606174301296302,-0.38165237529720614,ground,2
7.0,-59.0,2.0,-0.38001583353558577,-0.38001583353558577,ground,1
7.0,-55.0,2.0,-0.28712925266490025,-0.28712925266490025,ground,1
7.0,-53.0,2.0,1.1313940667330207,0.5051696158471893,vegetation,3
7.0,-51.0,2.0,0.7464005723513238,0.7464005723513238,vegetation,1
7.0,-49.0,2.0,0.5764256293608295,0.15933349339851235,ground,2
7.0,-47.0,2.0,2.470545452492144,1.086509059799857,ground,2
7.0,-45.0,2.0,2.5733276654648547,2.343303010037536,vegetation,2
7.0,-41.0,2.0,-0.23813153228327083,-0.25547601210416904,ground,2
7.0,-37.0,2.0,-0.2744005755357841,-0.28576784699693236,ground,2
7.0,-33.0,2.0,-0.2286581945748957,-0.24961184564568545,ground,4
7.0,-31.0,2.0,-0.27082844037636783,-0.27082844037636783,ground,1
7.0,-29.0,2.0,-0.22610070918576058,-0.22610070918576058,ground,1
7.0,31.0,2.0,1.0919332015777492,0.5530716031222778,ground,2
7.0,33.0,2.0,1.8891164165713135,0.6134234894381759,ground,3
7.0,35.0,2.0,1.7484488289354108,1.7484488289354108,vegetation,1
7.0,37.0,2.0,1.4161072067923341,0.7391317718795632,ground,2
7.0,39.0,2.0,2.9011559141206282,1.0023499405668557,ground,3
7.0,41.0,2.0,0.06848443313492295,0.050471346053974575,ground,2
7.0,43.0,2.0,0.09026963757573986,0.08649862073587691,ground,2
7.0,45.0,2.0,0.07379175130968234,0.07379175130968234,ground,1
7.0,49.0,2.0,2.1309761715243565,0.9233987666326243,ground,4
7.0,51.0,2.0,2.804654405540117,1.0021525565812215,ground,3
7.0,55.0,2.0,0.13756245150903185,0.12979034835652922,ground,2
7.0,59.0,2.0,1.4660556352966077,0.7854959685921263,ground,2
7.0,61.0,2.0,0.2285833884646888,0.18401001225707236,ground,2
7.0,65.0,2.0,3.1525614954204086,1.945481197708448,vegetation,4
7.0,67.0,2.0,0.1399234965077859,0.13074405047716742,ground,2
7.0,69.0,2.0,0.20124906294961273,0.18803606925770086,ground,3
7.0,71.0,2.0,0.15819279013134346,0.15819279013134346,ground,1
7.0,73.0,2.0,2.286818648174173,2.286818648174173,vegetation,1
7.0,75.0,2.0,1.2074624335433257,0.5245971242807683,ground,3
7.0,79.0,2.0,2.161632650182566,0.8709972619186517,ground,3
7.0,81.0,2.0,1.2402636982776465,0.73008277934509,ground,2
7.0,89.0,2.0,0.2705504146122133,0.2705504146122133,ground,1
7.0,91.0,2.0,0.2501591147597308,0.2444390965374161,ground,2
7.0,93.0,2.0,2.5159662604983133,1.0124376774105952,ground,3
7.0,95.0,2.0,2.2911102046467957,0.9676110892039792,ground,3
7.0,97.0,2.0,0.29829994833476947,0.29829994833476947,ground,1
9.0,-99.0,2.0,-0.567506462081226,-0.567506462081226,ground,1
9.0,-93.0,2.0,-0.5684405797362571,-0.5684405797362571,ground,1
9.0,-91.0,2.0,1.4969886572488407,0.48906214118728425,ground,2
9.0,-89.0,2.0,-0.4800762151876342,-0.4882416064524635,ground,2
9.0,-87.0,2.0,-0.4560950230997509,-0.4560950230997509,ground,1
9.0,-83.0,2.0,-0.46827102034727036,-0.46827102034727036,ground,1
9.0,-79.0,2.0,2.539528964072397,1.1456612172441532,vegetation,3
9.0,-77.0,2.0,2.492242028082731,0.8922650074151921,vegetation,3
9.0,-73.0,2.0,0.5077330896909903,-0.1220399594560355,ground,3
9.0,-71.0,2.0,1.5737677046327732,0.24241965455229872,ground,3
9.0,-65.0,2.0,-0.4208805318379061,-0.4208805318379061,ground,1
9.0,-63.0,2.0,-0.345065009445965,-0.345065009445965,ground,1
9.0,-61.0,2.0,-0.3691513204880264,-0.3691513204880264,ground,1
9.0,-59.0,2.0,-0.3894999970466441,-0.3894999970466441,ground,1
9.0,-55.0,2.0,0.547138867631193,0.547138867631193,vegetation,1
9.0,-53.0,2.0,2.2074311619968503,1.8516963424845683,vegetation,2
9.0,-51.0,2.0,2.5352981644386716,0.6296628483881096,ground,3
9.0,-49.0,2.0,-0.30297056234744885,-0.33103864730199195,ground,3
9.0,-47.0,2.0,-0.33842521957512217,-0.33842521957512217,ground,1
9.0,-45.0,2.0,-0.3146439738933449,-0.3188228676919168,ground,2
9.0,-43.0,2.0,-0.2666585866396491,-0.2984969130581172,ground,2
9.0,-37.0,2.0,-0.3052464629109129,-0.3311146001033467,ground,2
9.0,-35.0,2.0,-0.23085749502612887,-0.2505446828617226,ground,2
9.0,-33.0,2.0,2.4643769800512603,2.4643769800512603,vegetation,1
9.0,-31.0,2.0,0.9117009867515763,0.1381692650390086,ground,3
9.0,-29.0,2.0,-0.2514346333966769,-0.2514346333966769,ground,1
9.0,29.0,2.0,-0.01664351163103893,-0.027408328240338797,ground,2
9.0,31.0,2.0,2.5840585730502514,1.2722141015222863,ground,2
9.0,33.0,2.0,0.04550108310396983,0.04550108310396983,ground,1
9.0,35.0,2.0,-0.010567669790074802,-0.010567669790074802,ground,1
9.0,37.0,2.0,2.448921123303515,1.2281568694032976,ground,2
9.0,39.0,2.0,0.028135121513817855,0.022553100204580345,ground,2
9.0,41.0,2.0,1.9147952070267449,0.6524460959798803,ground,3
9.0,43.0,2.0,0.08591688159927754,0.06833560704013533,ground,2
9.0,45.0,2.0,0.08737997831214595,0.04930586616201758,ground,3
9.0,49.0,2.0,0.0961775988846912,0.062449043776540133,ground,4
9.0,51.0,2.0,0.10935403519983927,0.08991418026881592,ground,2
9.0,53.0,2.0,0.07860797289787642,0.07813280626206157,ground,2
9.0,55.0,2.0,0.11191319855722891,0.11191319855722891,ground,1
9.0,57.0,2.0,3.0194141711625164,1.550946943294816,ground,2
9.0,61.0,2.0,0.12124392362674756,0.10888395875249125,ground,2
9.0,63.0,2.0,0.11556257996858646,0.11443848582603268,ground,2
9.0,65.0,2.0,1.2118989023805904,1.1228320438041866,vegetation,2
9.0,69.0,2.0,0.14994805065986352,0.14526363077786264,ground,2
9.0,71.0,2.0,0.16211300052742167,0.14407003718779213,ground,3
9.0,73.0,2.0,1.6073174597592375,1.6073174597592375,vegetation,1
9.0,77.0,2.0,2.9796210257177482,1.5793623258625595,ground,2
9.0,81.0,2.0,0.14052344634378025,0.14052344634378025,ground,1
9.0,85.0,2.0,0.2135537921849498,0.2135537921849498,ground,1
9.0,87.0,2.0,1.2987738023825726,1.2987738023825726,vegetation,1
9.0,91.0,2.0,1.5483592788376708,0.8896101525941329,ground,2
9.0,93.0,2.0,1.9399063925150841,1.0860302062872735,ground,2
9.0,95.0,2.0,2.876921318987348,2.876921318987348,vegetation,1
9.0,97.0,2.0,2.1738830341430564,2.1528534931612606,vegetation,2
9.0,99.0,2.0,0.3069078841962477,0.2822508959163227,ground,2
11.0,-95.0,2.0,2.299294603410329,2.299294603410329,vegetation,1
11.0,-93.0,2.0,-0.5141928309863604,-0.5207872875311802,ground,2
11.0,-91.0,2.0,-0.5541560182598773,-0.561430562438996,ground,2
11.0,-87.0,2.0,-0.5273112662943908,-0.5273112662943908,ground,1
11.0,-81.0,2.0,0.6942257496021785,0.6942257496021785,vegetation,1
11.0,-79.0,2.0,-0.49545303831369686,-0.49545303831369686,ground,1
11.0,-77.0,2.0,1.7726512688176905,-0.007662800375554802,ground,5
11.0,-75.0,2.0,1.586070856199043,0.5860479754284004,ground,2
11.0,-73.0,2.0,0.34312151283603126,-0.05929990297520554,ground,2
11.0,-69.0,2.0,-0.4460789993349954,-0.4525687186240521,ground,2
11.0,-67.0,2.0,-0.43027614475200765,-0.4455179413613989,ground,2
11.0,-65.0,2.0,-0.45303509723313684,-0.45303509723313684,ground,1
11.0,-63.0,2.0,-0.4465441366902088,-0.4465441366902088,ground,1
11.0,-59.0,2.0,-0.36782166724158777,-0.36782166724158777,ground,1
11.0,-57.0,2.0,-0.36701948492529224,-0.37716566506486326,ground,2
11.0,-55.0,2.0,1.7297220031673584,1.7297220031673584,vegetation,1
11.0,-53.0,2.0,-0.3901995442610566,-0.3901995442610566,ground,1
11.0,-51.0,2.0,1.9855740504062611,0.21450454033394153,ground,4
11.0,-49.0,2.0,-0.3919887599226254,-0.3919887599226254,ground,1
11.0,-45.0,2.0,1.9210766859047739,0.8225489099277029,vegetation,3
11.0,-43.0,2.0,-0.27059686635467334,-0.30074098716110315,ground,2
11.0,-41.0,2.0,-0.28946339323191694,-0.28946339323191694,ground,1
11.0,-39.0,2.0,2.3997709030805736,1.2440441601961574,vegetation,4
11.0,-37.0,2.0,2.041985915444733,2.041985915444733,vegetation,1
11.0,-35.0,2.0,2.1052940357799317,0.919581612382083,ground,2
11.0,-33.0,2.0,1.724153641431504,0.6855772614344486,ground,2
11.0,-31.0,2.0,2.454547372327837,1.0851836036087494,ground,2
11.0,-29.0,2.0,1.352519676925093,1.0147588509726948,vegetation,2
11.0,27.0,2.0,2.803642414721557,2.803642414721557,vegetation,1
11.0,29.0,2.0,-0.04665706832633971,-0.04665706832633971,ground,1
11.0,31.0,2.0,2.4164682908210837,2.4164682908210837,vegetation,1
11.0,33.0,2.0,2.8561445996534216,2.8561445996534216,vegetation,1
11.0,35.0,2.0,2.890474861494685,2.890474861494685,vegetation,1
11.0,37.0,2.0,0.8894806568029936,0.287349728527275,ground,3
11.0,39.0,2.0,-0.03793250205939484,-0.03793250205939484,ground,1
11.0,41.0,2.0,-0.05891620901714473,-0.05891620901714473,ground,1
11.0,43.0,2.0,2.923198618574351,1.411077694332195,vegetation,3
11.0,45.0,2.0,0.038744604531291874,0.033759851645701514,ground,2
11.0,49.0,2.0,2.2199996898878602,0.8352318127705584,ground,5
11.0,51.0,2.0,0.10145509010006568,0.0676119844577977,ground,2
11.0,53.0,2.0,0.06192466413418805,0.06192466413418805,ground,1
11.0,55.0,2.0,2.585036128293053,2.3661378853970954,vegetation,2
11.0,57.0,2.0,1.7234289726302612,0.8792536667194024,ground,2
11.0,61.0,2.0,2.5074721145773364,1.3124789795077518,ground,2
11.0,63.0,2.0,1.1889988697980876,0.45373355787653996,ground,3
11.0,65.0,2.0,2.5253051194198157,0.9035659626670646,ground,3
11.0,67.0,2.0,0.11325851711868815,0.10422120237371128,ground,3
11.0,71.0,2.0,0.1167261094976266,0.10820589947452801,ground,3
11.0,73.0,2.0,0.11103765759212833,0.10118313165552845,ground,2
11.0,75.0,2.0,2.609317571659356,1.3876745471705618,ground,2
11.0,77.0,2.0,0.11860004218592168,0.11860004218592168,ground,1
11.0,81.0,2.0,0.21074813979904947,0.21074813979904947,ground,1
11.0,89.0,2.0,0.1851506990773874,0.17213664321648622,ground,2
11.0,91.0,2.0,0.2500708758048924,0.22897034872270994,ground,2
11.0,93.0,2.0,0.22169604866649437,0.20862303274519683,ground,2
11.0,95.0,2.0,0.24524371378432158,0.24524371378432158,ground,1
11.0,97.0,2.0,3.101493949364473,1.0452223538110408,ground,5
13.0,-99.0,2.0,1.5352880207249293,1.1385665567847163,vegetation,2
13.0,-97.0,2.0,-0.572396666962993,-0.572396666962993,ground,1
13.0,-95.0,2.0,2.001561303333231,1.9212346310629733,vegetation,2
13.0,-93.0,2.0,-0.5428171596343401,-0.5428171596343401,ground,1
13.0,-91.0,2.0,-0.5576540538831657,-0.5679256218539024,ground,2
13.0,-89.0,2.0,-0.5528816750448584,-0.5528816750448584,ground,1
13.0,-87.0,2.0,1.4783630812429962,1.4783630812429962,vegetation,1
13.0,-83.0,2.0,-0.5418556784872752,-0.5418556784872752,ground,1
13.0,-81.0,2.0,-0.5130893270106376,-0.5130893270106376,ground,1
13.0,-79.0,2.0,0.8874396980096119,0.8874396980096119,vegetation,1
13.0,-77.0,2.0,2.2603530508284932,1.3596776048404033,vegetation,2
13.0,-75.0,2.0,-0.5179552384980937,-0.5179552384980937,ground,1
13.0,-71.0,2.0,-0.4827402990874706,-0.4827402990874706,ground,1
13.0,-69.0,2.0,1.6491646598475591,1.6491646598475591,vegetation,1
13.0,-67.0,2.0,1.6618308590647048,0.2320600368580539,ground,3
13.0,-65.0,2.0,-0.4117806290656395,-0.45233156688471016,ground,5
13.0,-63.0,2.0,2.063064600182396,0.3788448195127921,ground,3
13.0,-57.0,2.0,-0.41845853203446526,-0.44019198489636246,ground,2
13.0,-53.0,2.0,2.54985695284528,1.7172016596575443,vegetation,2
13.0,-51.0,2.0,-0.39467062792012136,-0.39467062792012136,ground,1
13.0,-49.0,2.0,-0.39542664648172643,-0.39542664648172643,ground,1
13.0,-47.0,2.0,-0.40162004552607283,-0.41630825033572283,ground,4
13.0,-45.0,2.0,2.2790688674155066,0.5342751052965803,ground,3
13.0,-43.0,2.0,-0.361235988635386,-0.361235988635386,ground,1
13.0,-41.0,2.0,1.6916761835021676,0.39101340368243376,ground,4
13.0,-39.0,2.0,-0.3284427578635604,-0.3284427578635604,ground,1
13.0,-37.0,2.0,-0.3112217621585908,-0.34851081185397487,ground,6
13.0,-35.0,2.0,-0.3069093221564925,-0.31496049563533474,ground,3
13.0,-33.0,2.0,1.3178425890782306,0.573978926375299,vegetation,3
13.0,-31.0,2.0,-0.2818828821689813,-0.3000374175538296,ground,3
13.0,-29.0,2.0,1.920398820677927,0.7172844010708169,vegetation,3
13.0,-27.0,2.0,-0.3616733873946363,-0.3616733873946363,ground,1
13.0,27.0,2.0,-0.08119433826530109,-0.08119433826530109,ground,1
13.0,31.0,2.0,-0.027660798107863024,-0.06829994606850415,ground,7
13.0,33.0,2.0,-0.02547938003928793,-0.03941031610358703,ground,2
13.0,35.0,2.0,1.419398524467632,0.439580721126396,ground,3
13.0,37.0,2.0,-0.04284327741271307,-0.05240626192031959,ground,2
13.0,41.0,2.0,2.9604131400715272,0.9875502934680436,ground,5
13.0,43.0,2.0,1.9885094938946617,1.0615330244480863,vegetation,4
13.0,45.0,2.0,-0.016760581045206932,-0.016760581045206932,ground,1
13.0,47.0,2.0,-0.05966061204801946,-0.05966061204801946,ground,1
13.0,49.0,2.0,-0.030185543797448977,-0.030185543797448977,ground,1
13.0,53.0,2.0,-0.028802088352737856,-0.028802088352737856,ground,1
13.0,55.0,2.0,0.024034635905939187,0.012129900774592724,ground,2
13.0,57.0,2.0,0.047805171021802456,0.01863475392436975,ground,2
13.0,59.0,2.0,0.05357836698804767,0.047352280094219816,ground,2
13.0,65.0,2.0,0.05952320930429122,0.05952320930429122,ground,1
13.0,67.0,2.0,0.06773137428547718,0.05998541038226337,ground,3
13.0,69.0,2.0,0.0625442380199209,0.0625442380199209,ground,1
13.0,71.0,2.0,0.0979979112626442,0.09329693060791155,ground,2
13.0,73.0,2.0,2.9840965842754894,1.5444349080513695,ground,2
13.0,75.0,2.0,0.055754675671977616,0.055754675671977616,ground,1
13.0,77.0,2.0,1.560695749562238,0.6231174266084581,ground,3
13.0,79.0,2.0,2.3382444760023318,2.3382444760023318,vegetation,1
13.0,81.0,2.0,0.18084285478512946,0.18084285478512946,ground,1
13.0,83.0,2.0,0.13053231733070092,0.13053231733070092,ground,1
13.0,85.0,2.0,0.10527251849900252,0.10527251849900252,ground,1
13.0,89.0,2.0,2.414920109633476,1.3058997539584047,ground,2
13.0,93.0,2.0,2.789055241214867,0.8200645843131158,ground,4
13.0,95.0,2.0,2.799982645884949,2.799982645884949,vegetation,1
13.0,97.0,2.0,0.1830204017005162,0.16943747516409313,ground,2
15.0,-97.0,2.0,-0.58747099983874,-0.58747099983874,ground,1
15.0,-95.0,2.0,-0.5772186515762702,-0.5772186515762702,ground,1
15.0,-91.0,2.0,2.0413625864899934,1.7425185760601893,vegetation,2
15.0,-85.0,2.0,0.6097073801948283,0.012540972242289006,ground,2
15.0,-83.0,2.0,-0.5607936600691834,-0.5717839151971922,ground,2
15.0,-81.0,2.0,-0.5687365487202449,-0.5838733366507035,ground,3
15.0,-77.0,2.0,-0.5285715255812332,-0.5285715255812332,ground,1
15.0,-75.0,2.0,0.7797736298216915,0.12086524239450414,ground,2
15.0,-73.0,2.0,-0.48856222968607266,-0.4933603041169729,ground,2
15.0,-71.0,2.0,-0.5156105361163624,-0.5156105361163624,ground,1
15.0,-69.0,2.0,-0.5012850509793442,-0.5012850509793442,ground,1
15.0,-65.0,2.0,1.6082430635885983,1.6082430635885983,vegetation,1
15.0,-63.0,2.0,1.263398939471505,0.9899700460259636,vegetation,3
15.0,-59.0,2.0,2.395315424089912,1.2334178975789398,vegetation,3
15.0,-57.0,2.0,2.272864520430136,0.818731692599369,vegetation,3
15.0,-55.0,2.0,1.6112503425165576,0.6792772007950559,vegetation,3
15.0,-53.0,2.0,-0.46146727168276824,-0.46146727168276824,ground,1
15.0,-49.0,2.0,1.2728573295632795,0.419387218072115,ground,2
15.0,-45.0,2.0,1.9462493894870667,1.095965696991533,vegetation,3
15.0,-43.0,2.0,2.097926466512727,0.8739086425177987,ground,2
15.0,-41.0,2.0,1.3334710665435006,0.48521289032864773,ground,2
15.0,-39.0,2.0,2.2280883214886402,0.3658889617944226,ground,5
15.0,-37.0,2.0,-0.3865878824708426,-0.39309991342226575,ground,3
15.0,-33.0,2.0,-0.36031817615637945,-0.36031817615637945,ground,1
15.0,-31.0,2.0,2.606100489013937,0.3836272558937975,ground,4
15.0,-29.0,2.0,-0.3523738386241274,-0.3656210032577104,ground,2
15.0,-27.0,2.0,-0.30593448273205237,-0.30593448273205237,ground,1
15.0,27.0,2.0,-0.06446611417868985,-0.07677045450037015,ground,2
15.0,29.0,2.0,-0.11533792370528535,-0.1293659238937456,ground,2
15.0,33.0,2.0,2.2382625700357246,1.0084804914113974,ground,4
15.0,35.0,2.0,0.8696161864504579,0.4139063531806529,ground,2
15.0,37.0,2.0,2.478898387264099,2.478898387264099,vegetation,1
15.0,41.0,2.0,-0.032373476339557526,-0.053113355636453696,ground,2
15.0,43.0,2.0,2.496416778436025,2.496416778436025,vegetation,1
15.0,47.0,2.0,-0.021899154399566193,-0.04459608578071012,ground,4
15.0,49.0,2.0,2.1645284672836698,1.0670522230202633,ground,2
15.0,51.0,2.0,2.8173712136786744,2.8173712136786744,vegetation,1
15.0,53.0,2.0,-0.0232129296300311,-0.0232129296300311,ground,1
15.0,55.0,2.0,-0.044143875327774,-0.044143875327774,ground,1
15.0,57.0,2.0,2.421373854788948,1.1971916792422113,ground,2
15.0,59.0,2.0,2.9714535239553332,1.0110860265935264,ground,3
15.0,61.0,2.0,0.033791692939411644,0.033791692939411644,ground,1
15.0,63.0,2.0,0.00787120226912753,0.00787120226912753,ground,1
15.0,65.0,2.0,0.07327444139336953,0.07327444139336953,ground,1
15.0,67.0,2.0,0.03301860643822774,0.03187389671728601,ground,2
15.0,69.0,2.0,2.935862140085278,0.7638219492096564,ground,4
15.0,71.0,2.0,2.1338550902522284,2.1338550902522284,vegetation,1
15.0,73.0,2.0,0.08043775597632197,0.07913106484722324,ground,2
15.0,75.0,2.0,0.05010383863140038,0.05010383863140038,ground,1
15.0,77.0,2.0,3.0937850916300986,2.0245089074252443,vegetation,2
15.0,79.0,2.0,2.1684996133655927,1.118294741086886,ground,2
15.0,83.0,2.0,0.10171982304235531,0.10171982304235531,ground,1
15.0,87.0,2.0,0.12996111994164306,0.12996111994164306,ground,1
15.0,89.0,2.0,0.12425894059758252,0.12425894059758252,ground,1
15.0,91.0,2.0,0.1604291255104275,0.1604291255104275,ground,1
15.0,95.0,2.0,0.1304159688281763,0.12586579839163192,ground,2
17.0,-97.0,2.0,-0.6664140294155114,-0.6664140294155114,ground,1
17.0,-95.0,2.0,0.4018056418393837,-0.09777782153826275,ground,2
17.0,-91.0,2.0,-0.6169310389453119,-0.6169310389453119,ground,1
17.0,-87.0,2.0,1.8781742057138713,0.6437409861963688,ground,2
17.0,-85.0,2.0,0.4050537631191786,-0.24819891778637249,ground,3
17.0,-83.0,2.0,1.4451896258596681,0.08544185340145945,ground,3
17.0,-81.0,2.0,1.037541362538997,0.23266853728432485,ground,2
17.0,-79.0,2.0,2.107023855209539,2.107023855209539,vegetation,1
17.0,-77.0,2.0,-0.5020221319580601,-0.5355753087528827,ground,2
17.0,-73.0,2.0,2.374649661303,2.374649661303,vegetation,1
17.0,-71.0,2.0,-0.5694337596208853,-0.5745964430440285,ground,2
17.0,-69.0,2.0,-0.5115968321018001,-0.5366335426785204,ground,3
17.0,-67.0,2.0,0.31179465833319264,0.31179465833319264,vegetation,1
17.0,-65.0,2.0,1.649353881110808,0.2373068761146476,ground,3
17.0,-61.0,2.0,-0.47844534543031414,-0.5007335083773353,ground,2
17.0,-59.0,2.0,-0.5038439105593807,-0.5038439105593807,ground,1
17.0,-57.0,2.0,0.982202417502635,0.0034512005436628246,ground,3
17.0,-53.0,2.0,0.42028213556054295,0.42028213556054295,vegetation,1
17.0,-51.0,2.0,1.769938869576783,1.769938869576783,vegetation,1
17.0,-47.0,2.0,1.7660786703977172,0.23009963813836634,ground,5
17.0,-45.0,2.0,-0.42702267555788087,-0.43499761259924885,ground,2
17.0,-43.0,2.0,-0.42042576616675564,-0.43221936042296416,ground,2
17.0,-41.0,2.0,2.3206053211261057,1.1427133960925175,vegetation,3
17.0,-39.0,2.0,1.6897871174153045,0.6326214230274245,ground,2
17.0,-37.0,2.0,2.535933884587631,0.6038021376031254,ground,3
17.0,-35.0,2.0,-0.36990571806506073,-0.37593029908930753,ground,2
17.0,-33.0,2.0,-0.3407146215813211,-0.40169170189795056,ground,4
17.0,-29.0,2.0,-0.3357695079926413,-0.36931275550369996,ground,4
17.0,-27.0,2.0,0.8307709466593786,0.09178610001162925,ground,5
17.0,-25.0,2.0,-0.32331319229584693,-0.32331319229584693,ground,1
17.0,27.0,2.0,-0.06906642380728675,-0.12847312740701322,ground,3
17.0,29.0,2.0,2.54244657369772,1.193864017210266,ground,2
17.0,31.0,2.0,1.9193169029289985,0.5017127807657531,ground,5
17.0,33.0,2.0,1.8007091255879137,0.8410329386351117,ground,2
17.0,35.0,2.0,1.1385013140318998,0.30840635451327336,ground,3
17.0,39.0,2.0,-0.08249259321948607,-0.11171352106294004,ground,4
17.0,41.0,2.0,-0.07617067002533073,-0.07617067002533073,ground,1
17.0,43.0,2.0,2.2477775033798455,1.3444990827904464,vegetation,3
17.0,45.0,2.0,-0.040403384562161415,-0.07633131894787089,ground,3
17.0,47.0,2.0,-0.07264168436580531,-0.07264168436580531,ground,1
17.0,51.0,2.0,-0.024302586405208958,-0.048249053138185435,ground,2
17.0,53.0,2.0,2.6830042509968024,0.8688132133123748,ground,3
17.0,57.0,2.0,-0.023662881595100965,-0.023662881595100965,ground,1
17.0,59.0,2.0,2.5382112155090066,1.7504456719844348,vegetation,2
17.0,61.0,2.0,1.6257094750157017,0.8192463820017787,ground,2
17.0,63.0,2.0,1.3428665720063768,0.6832936360213124,ground,2
17.0,65.0,2.0,1.3963840487220294,0.43995308943651484,ground,3
17.0,67.0,2.0,0.006701803206183576,0.006701803206183576,ground,1
17.0,69.0,2.0,1.3845213875049502,1.3845213875049502,vegetation,1
17.0,71.0,2.0,0.09378179968722765,0.05758330619405341,ground,3
17.0,77.0,2.0,1.4193648105345742,0.5114766393361473,ground,3
17.0,79.0,2.0,0.07171115437036775,0.059743930157780685,ground,2
17.0,85.0,2.0,0.07151651402120825,0.07151651402120825,ground,1
17.0,89.0,2.0,0.1262448669600457,0.12475841934824984,ground,2
17.0,91.0,2.0,2.005445664640433,1.493076899546207,vegetation,2
19.0,-97.0,2.0,-0.661373410429467,-0.661373410429467,ground,1
19.0,-95.0,2.0,0.7923130176210333,0.7923130176210333,vegetation,1
19.0,-93.0,2.0,2.184458700721643,2.063685958076711,vegetation,2
19.0,-87.0,2.0,-0.618254645578122,-0.6280409954075109,ground,3
19.0,-85.0,2.0,1.261686843158868,0.3061612919510441,ground,2
19.0,-79.0,2.0,1.544406937543902,1.544406937543902,vegetation,1
19.0,-75.0,2.0,0.49837408572540975,0.49837408572540975,vegetation,1
19.0,-69.0,2.0,-0.5577655801505751,-0.5577655801505751,ground,1
19.0,-67.0,2.0,-0.5380658582713747,-0.5380658582713747,ground,1
19.0,-65.0,2.0,-0.5648332720437881,-0.5648332720437881,ground,1
19.0,-61.0,2.0,-0.5207556592422238,-0.5275121668230942,ground,3
19.0,-59.0,2.0,1.0077007320291775,-0.14797814633909645,ground,4
19.0,-57.0,2.0,2.225745596436601,2.225745596436601,vegetation,1
19.0,-55.0,2.0,2.1947097148959616,0.7515274060377202,vegetation,6
19.0,-53.0,2.0,0.37778561591709325,-0.058796119670816716,ground,2
19.0,-51.0,2.0,1.8880936127182841,0.33246593926923046,ground,4
19.0,-49.0,2.0,-0.4851454889587218,-0.4851454889587218,ground,1
19.0,-47.0,2.0,0.8234450236552253,0.1837965511987967,ground,2
19.0,-43.0,2.0,0.6311313683432924,0.07719850502414932,ground,2
19.0,-41.0,2.0,2.1727041006259027,0.21598052492459513,ground,4
19.0,-39.0,2.0,1.113274779590361,-0.128762470668383,ground,5
19.0,-37.0,2.0,-0.43052626853588427,-0.43052626853588427,ground,1
19.0,-35.0,2.0,-0.3828258713279191,-0.41219307709959496,ground,3
19.0,-31.0,2.0,0.6715882807927129,-0.02304160393302342,ground,3
19.0,-29.0,2.0,0.8832510403363166,0.8832510403363166,vegetation,1
19.0,-27.0,2.0,1.1878687301629134,1.1878687301629134,vegetation,1
19.0,-25.0,2.0,-0.3890932076816726,-0.3890932076816726,ground,1
19.0,27.0,2.0,2.7275004959938918,1.1242778518700698,vegetation,3
19.0,31.0,2.0,-0.16337598464353353,-0.16337598464353353,ground,1
19.0,33.0,2.0,-0.1474630642387695,-0.1554465169638238,ground,3
19.0,35.0,2.0,-0.10215049567056603,-0.12923201112037652,ground,2
19.0,37.0,2.0,-0.12336839255681065,-0.15515680619750907,ground,3
19.0,39.0,2.0,-0.12585755570886803,-0.12585755570886803,ground,1
19.0,41.0,2.0,-0.15844445818195202,-0.15844445818195202,ground,1
19.0,43.0,2.0,-0.08759558695366297,-0.11896527257351959,ground,3
19.0,45.0,2.0,-0.1009702785428301,-0.1009702785428301,ground,1
19.0,47.0,2.0,1.2632326830282636,0.16926998820884315,ground,5
19.0,49.0,2.0,-0.09741788734004722,-0.09974730843811558,ground,2
19.0,51.0,2.0,-0.08251572284711874,-0.08251572284711874,ground,1
19.0,53.0,2.0,2.0538144093066792,0.9800827324571062,ground,2
19.0,55.0,2.0,1.2543055331673116,0.35363641443669863,ground,3
19.0,59.0,2.0,1.2276427565978274,0.3888650243507458,ground,3
19.0,61.0,2.0,-0.020495275878799603,-0.020495275878799603,ground,1
19.0,63.0,2.0,-0.02108563995135551,-0.02758953208779147,ground,2
19.0,65.0,2.0,-0.0028473853291498194,-0.01701732882457303,ground,3
19.0,69.0,2.0,-0.03509197491282498,-0.03509197491282498,ground,1
19.0,71.0,2.0,-0.010225302525504916,-0.017808651208745963,ground,2
19.0,73.0,2.0,0.05796979602478302,0.05796979602478302,ground,1
19.0,75.0,2.0,1.265175343098932,1.265175343098932,vegetation,1
19.0,77.0,2.0,1.7935403442587174,0.9292515399873633,ground,2
19.0,79.0,2.0,1.7122223478794543,1.7122223478794543,vegetation,1
19.0,81.0,2.0,0.017618814368233177,0.017618814368233177,ground,1
19.0,83.0,2.0,1.6992689729150778,1.6992689729150778,vegetation,1
19.0,85.0,2.0,0.0542907718927194,0.05208545073950037,ground,2
19.0,87.0,2.0,0.007127133355558625,0.007127133355558625,ground,1
19.0,89.0,2.0,0.07165990953114833,0.07165990953114833,ground,1
19.0,95.0,2.0,0.0480059714144653,0.0480059714144653,ground,1
19.0,97.0,2.0,2.781193668539025,2.781193668539025,vegetation,1
21.0,-97.0,2.0,1.0761234734046896,0.14122394479875974,vegetation,3
21.0,-95.0,2.0,-0.7224398762074106,-0.7224398762074106,ground,1
21.0,-93.0,2.0,-0.6977062684685302,-0.6977062684685302,ground,1
21.0,-91.0,2.0,-0.7307337325877303,-0.7307337325877303,ground,1
21.0,-89.0,2.0,2.039870692743286,2.039870692743286,vegetation,1
21.0,-85.0,2.0,-0.6406925562945087,-0.6535124101866683,ground,2
21.0,-81.0,2.0,1.1280589593542973,0.8678189139213586,vegetation,2
21.0,-79.0,2.0,2.1029550080172514,0.26285480341540757,ground,3
21.0,-77.0,2.0,2.2728786343864384,2.2728786343864384,vegetation,1
21.0,-75.0,2.0,1.3448999974325337,0.7642256959940074,vegetation,3
21.0,-73.0,2.0,-0.607820826977923,-0.607820826977923,ground,1
21.0,-69.0,2.0,2.1499856828688197,2.1499856828688197,vegetation,1
21.0,-65.0,2.0,-0.5553945777811298,-0.581468760960784,ground,2
21.0,-61.0,2.0,1.3779473619835056,0.25339138908185865,ground,4
21.0,-59.0,2.0,-0.5316689448798846,-0.569894858308468,ground,2
21.0,-55.0,2.0,-0.5052222142354073,-0.5052222142354073,ground,1
21.0,-51.0,2.0,1.562972500398449,0.15080137913610117,ground,3
21.0,-49.0,2.0,0.7073995512133389,-0.21140904110430211,ground,4
21.0,-47.0,2.0,2.035776259476812,2.035776259476812,vegetation,1
21.0,-45.0,2.0,-0.4773893710200101,-0.495821791935188,ground,3
21.0,-43.0,2.0,2.4426049126778753,0.7244563183989255,vegetation,5
21.0,-41.0,2.0,-0.45587131429266325,-0.4672050147198419,ground,3
21.0,-39.0,2.0,1.2857850820692929,0.08408953985254793,ground,3
21.0,-33.0,2.0,1.7566406837718067,1.192793924968956,vegetation,2
21.0,-31.0,2.0,1.3923117532573024,0.1484443620170232,ground,3
21.0,-29.0,2.0,0.896416274022751,0.004213563412391541,ground,5
21.0,-27.0,2.0,0.9475315662551849,0.9475315662551849,vegetation,1
21.0,-25.0,2.0,-0.42467724550768143,-0.42467724550768143,ground,1
21.0,-21.0,2.0,-0.40187176968190397,-0.40187176968190397,ground,1
21.0,25.0,2.0,-0.22808026511318083,-0.22808026511318083,ground,1
21.0,27.0,2.0,-0.20671106972034028,-0.20671106972034028,ground,1
21.0,29.0,2.0,2.302454261420079,2.1254399773857964,vegetation,2
21.0,33.0,2.0,-0.14472831812438186,-0.1735311419689428,ground,3
21.0,35.0,2.0,1.9656408940232404,0.35726283303138645,ground,4
21.0,39.0,2.0,-0.13061237413381688,-0.1457003457459476,ground,2
21.0,41.0,2.0,1.7291108927957164,1.7291108927957164,vegetation,1
21.0,43.0,2.0,-0.15334426960052328,-0.16044333062572289,ground,2
21.0,45.0,2.0,1.106797624740847,0.28703299068483806,ground,3
21.0,47.0,2.0,-0.09012142663865598,-0.09012142663865598,ground,1
21.0,51.0,2.0,2.7112915355501572,2.1375028965758673,vegetation,2
21.0,53.0,2.0,1.9826498561427337,1.7282329524791638,vegetation,2
21.0,55.0,2.0,-0.05984809517413058,-0.09151003685720885,ground,2
21.0,57.0,2.0,2.0650285723093424,0.9942655369839596,ground,2
21.0,59.0,2.0,-0.10985452531846196,-0.11901301524093824,ground,2
21.0,61.0,2.0,2.3547162032406352,1.1427284662744563,ground,2
21.0,63.0,2.0,-0.047398341496983326,-0.047398341496983326,ground,1
21.0,65.0,2.0,-0.020623111375019126,-0.026302142226225456,ground,2
21.0,67.0,2.0,-0.014606291443687639,-0.014606291443687639,ground,1
21.0,69.0,2.0,1.4453668643652962,0.7077587307962495,ground,2
21.0,75.0,2.0,1.268236922238389,1.2036164566407805,vegetation,2
21.0,81.0,2.0,2.0286834625705596,2.0286834625705596,vegetation,1
21.0,85.0,2.0,1.8370901208853967,1.1446381315699352,vegetation,3
21.0,89.0,2.0,1.266208740099854,1.266208740099854,vegetation,1
21.0,97.0,2.0,0.06563893206702578,0.06563893206702578,ground,1
23.0,-97.0,2.0,0.8947789609385411,0.6701997999146065,vegetation,2
23.0,-95.0,2.0,-0.7669798307329152,-0.7669798307329152,ground,1
23.0,-93.0,2.0,-0.7120430449971402,-0.7176792838372729,ground,2
23.0,-91.0,2.0,-0.7407522548227139,-0.7407522548227139,ground,1
23.0,-89.0,2.0,-0.6908517857810621,-0.6908517857810621,ground,1
23.0,-87.0,2.0,-0.7083469050954886,-0.7083469050954886,ground,1
23.0,-85.0,2.0,-0.6876171517001549,-0.6876171517001549,ground,1
23.0,-83.0,2.0,-0.6631966440892184,-0.6789791285258022,ground,2
23.0,-81.0,2.0,-0.6526040767815264,-0.683507436461491,ground,4
23.0,-79.0,2.0,1.9993180332931204,0.012997923632790703,ground,4
23.0,-73.0,2.0,-0.6084610436237733,-0.634532479997891,ground,3
23.0,-71.0,2.0,-0.6228608450423128,-0.6231996573763672,ground,2
23.0,-69.0,2.0,-0.6425338914489163,-0.6460155534098627,ground,2
23.0,-67.0,2.0,1.0067909277731188,1.0067909277731188,vegetation,1
23.0,-65.0,2.0,1.209624634557969,1.209624634557969,vegetation,1
23.0,-63.0,2.0,-0.6316152486011981,-0.6316152486011981,ground,1
23.0,-61.0,2.0,-0.5497860350264401,-0.5696356881976464,ground,3
23.0,-59.0,2.0,2.146460127511517,0.09271526870530666,ground,4
23.0,-57.0,2.0,1.6332421117505436,1.6332421117505436,vegetation,1
23.0,-55.0,2.0,2.007818228016225,0.734861486336444,ground,2
23.0,-51.0,2.0,-0.5417430558179172,-0.5461633732966895,ground,2
23.0,-49.0,2.0,1.2939944657037825,0.0821946995307457,ground,3
23.0,-47.0,2.0,-0.5008606318982024,-0.5336856686441644,ground,2
23.0,-45.0,2.0,1.5174622873283004,1.3434298072760655,vegetation,2
23.0,-41.0,2.0,1.7789149928277206,0.1048965733795532,ground,7
23.0,-39.0,2.0,2.4169533646571306,2.1890632119201627,vegetation,3
23.0,-37.0,2.0,2.1249639626560635,0.8365169776665157,ground,2
23.0,-35.0,2.0,0.7580513979888964,-0.044368015031238474,ground,5
23.0,-33.0,2.0,-0.44589543967845374,-0.44589543967845374,ground,1
23.0,-31.0,2.0,1.814746984646817,0.10651077209637201,ground,4
23.0,-27.0,2.0,1.2179698434721058,-0.12528373389649305,ground,5
23.0,-25.0,2.0,-0.4631146368874294,-0.4631146368874294,ground,1
23.0,-23.0,2.0,-0.44377385379355416,-0.44377385379355416,ground,1
23.0,-21.0,2.0,-0.3837636960981735,-0.3837636960981735,ground,1
23.0,21.0,2.0,-0.22140017568635278,-0.250478993677601,ground,4
23.0,23.0,2.0,-0.2986436851363649,-0.2986436851363649,ground,1
23.0,25.0,2.0,1.1313717976432631,0.09116071974809131,ground,4
23.0,27.0,2.0,2.08930563027104,0.8286274915134318,ground,4
23.0,29.0,2.0,1.7173112340192842,0.41030158790948495,ground,3
23.0,31.0,2.0,-0.17354206991598886,-0.19945674326461632,ground,2
23.0,33.0,2.0,2.0040667842022413,2.0040667842022413,vegetation,1
23.0,35.0,2.0,-0.1603027502396921,-0.1603027502396921,ground,1
23.0,37.0,2.0,2.1835234612148358,1.3761791738070432,vegetation,3
23.0,39.0,2.0,0.9137710121905142,0.37119431595041885,ground,2
23.0,41.0,2.0,-0.2086377239501189,-0.2086377239501189,ground,1
23.0,43.0,2.0,-0.18305835019274258,-0.20192035734465874,ground,2
23.0,45.0,2.0,-0.20431166955302846,-0.20431166955302846,ground,1
23.0,47.0,2.0,-0.15155748077543377,-0.15155748077543377,ground,1
23.0,49.0,2.0,1.6568718065607517,0.9052076630595925,vegetation,3
23.0,53.0,2.0,1.7642190704872638,1.4661523156825975,vegetation,2
23.0,55.0,2.0,2.884172404752759,0.8541623072609316,ground,3
23.0,57.0,2.0,2.8862203999080522,0.8725617111197378,ground,3
23.0,61.0,2.0,-0.08277858643238593,-0.08277858643238593,ground,1
23.0,63.0,2.0,2.8647280031722797,0.8820880387927291,ground,3
23.0,65.0,2.0,2.6364757561960617,1.2645096932892324,ground,2
23.0,67.0,2.0,2.2880460211643183,2.2880460211643183,vegetation,1
23.0,73.0,2.0,-0.0056126621652480765,-0.04340544899151882,ground,3
23.0,75.0,2.0,-0.015024263446481723,-0.05400211782321684,ground,2
23.0,79.0,2.0,1.597065715740486,0.5224688483997666,ground,3
23.0,81.0,2.0,-0.03739685319854483,-0.03739685319854483,ground,1
23.0,85.0,2.0,1.4230647707645718,0.6928341597145313,ground,2
23.0,91.0,2.0,0.007357296990435365,0.007357296990435365,ground,1
23.0,95.0,2.0,0.06237778755203063,0.04473713081818291,ground,2
25.0,-95.0,2.0,1.7993178585198328,0.5407375600969164,ground,2
25.0,-91.0,2.0,-0.762137887779266,-0.762137887779266,ground,1
25.0,-89.0,2.0,-0.7079340612507036,-0.7079340612507036,ground,1
25.0,-85.0,2.0,-0.6686345547702351,-0.6904351073991757,ground,3
25.0,-81.0,2.0,-0.6813400080690533,-0.6931468252050044,ground,3
25.0,-77.0,2.0,1.551492927910938,1.2798110831052565,vegetation,2
25.0,-73.0,2.0,0.7896133179172863,0.7896133179172863,vegetation,1
25.0,-71.0,2.0,-0.6392328353758117,-0.6392328353758117,ground,1
25.0,-69.0,2.0,0.3455545307767851,-0.13220152703013177,ground,2
25.0,-67.0,2.0,-0.6189854366484545,-0.6189854366484545,ground,1
25.0,-65.0,2.0,2.2449867437975204,0.9566608825316384,vegetation,3
25.0,-61.0,2.0,0.8004804247194697,0.8004804247194697,vegetation,1
25.0,-59.0,2.0,-0.562480852457713,-0.562480852457713,ground,1
25.0,-57.0,2.0,1.3569367667249272,0.3874831129877975,ground,2
25.0,-55.0,2.0,-0.5950831398403069,-0.5950831398403069,ground,1
25.0,-53.0,2.0,2.101705465675022,2.101705465675022,vegetation,1
25.0,-51.0,2.0,-0.618441567706055,-0.618441567706055,ground,1
25.0,-49.0,2.0,1.1740653829201366,0.29877716860702974,ground,2
25.0,-45.0,2.0,-0.5430387296619094,-0.5707851933769393,ground,3
25.0,-43.0,2.0,1.0854637423857598,0.2690523725435151,ground,2
25.0,-39.0,2.0,0.78075806309405,0.78075806309405,vegetation,1
25.0,-37.0,2.0,-0.5031201920794536,-0.5098222693320009,ground,4
25.0,-35.0,2.0,1.2512218113735927,0.38368720904967185,ground,2
25.0,-31.0,2.0,2.2858118737897093,1.9393376876200596,vegetation,2
25.0,-29.0,2.0,-0.47270248657801645,-0.47270248657801645,ground,1
25.0,-27.0,2.0,-0.48058363691743555,-0.5072881902103008,ground,2
25.0,-25.0,2.0,-0.4701263982331879,-0.4701263982331879,ground,1
25.0,-23.0,2.0,-0.44022560812734407,-0.45791074917872787,ground,2
25.0,-21.0,2.0,-0.4028742492048725,-0.4028742492048725,ground,1
25.0,-19.0,2.0,-0.3840203269859822,-0.4439992098927287,ground,5
25.0,15.0,2.0,-0.3183534722899632,-0.3183534722899632,ground,1
25.0,17.0,2.0,-0.34200087119848255,-0.34254089176405156,ground,2
25.0,21.0,2.0,-0.30011636796550806,-0.30424260439087425,ground,2
25.0,23.0,2.0,-0.24452672323032748,-0.2858953299016872,ground,5
25.0,25.0,2.0,-0.2543779988858154,-0.2695255488953523,ground,2
25.0,29.0,2.0,1.6588235809548526,1.6588235809548526,vegetation,1
25.0,31.0,2.0,2.431540521429815,2.431540521429815,vegetation,1
25.0,33.0,2.0,2.5050307040174298,0.6580125649937879,ground,3
25.0,35.0,2.0,-0.20037571177294627,-0.2163931098086557,ground,2
25.0,37.0,2.0,2.2702183688517437,0.8647667304283109,ground,4
25.0,41.0,2.0,0.9180851912415767,0.15925183619376204,ground,3
25.0,43.0,2.0,-0.2162343334819437,-0.2162343334819437,ground,1
25.0,45.0,2.0,-0.15316598394709918,-0.18571578841307707,ground,2
25.0,47.0,2.0,-0.1682744258003994,-0.1682744258003994,ground,1
25.0,49.0,2.0,-0.1986798911591406,-0.1986798911591406,ground,1
25.0,55.0,2.0,2.6324345566375724,1.2507980450151857,ground,2
25.0,57.0,2.0,1.6339446341403867,0.7083633079308477,ground,2
25.0,59.0,2.0,1.3521741424255045,0.35588680421804364,ground,3
25.0,61.0,2.0,1.063096907149577,0.46479090705335613,ground,2
25.0,63.0,2.0,2.1990680895392822,2.1990680895392822,vegetation,1
25.0,67.0,2.0,-0.09425513114386697,-0.09425513114386697,ground,1
25.0,69.0,2.0,2.5012433739030144,2.5012433739030144,vegetation,1
25.0,71.0,2.0,-0.12217698074682093,-0.12217698074682093,ground,1
25.0,73.0,2.0,-0.10579473540306054,-0.10579473540306054,ground,1
25.0,75.0,2.0,1.1147169404470807,1.1147169404470807,vegetation,1
25.0,77.0,2.0,-0.03366132696345124,-0.03366132696345124,ground,1
25.0,79.0,2.0,-0.08086048300548462,-0.0841348724280627,ground,2
25.0,81.0,2.0,-0.09035581320169167,-0.09035581320169167,ground,1
25.0,83.0,2.0,0.004713153090216138,0.004713153090216138,ground,1
25.0,85.0,2.0,-0.025841267811525334,-0.025841267811525334,ground,1
25.0,87.0,2.0,-0.07692403682722145,-0.07692403682722145,ground,1
25.0,89.0,2.0,-0.023771181194344303,-0.045498658271847674,ground,2
27.0,-93.0,2.0,-0.7891900192635056,-0.7891900192635056,ground,1
27.0,-91.0,2.0,0.3902196628270824,0.3902196628270824,vegetation,1
27.0,-85.0,2.0,1.57302291352303,0.03733447266671108,ground,3
27.0,-83.0,2.0,-0.7055208919372776,-0.7055208919372776,ground,1
27.0,-81.0,2.0,1.7676894049058602,0.5243652068432634,ground,2
27.0,-75.0,2.0,-0.6930953806926392,-0.7106169759649107,ground,2
27.0,-71.0,2.0,-0.689889487084043,-0.689889487084043,ground,1
27.0,-69.0,2.0,-0.6254677813229057,-0.6710233973118301,ground,3
27.0,-67.0,2.0,1.3601734130588055,0.5770717323121921,vegetation,3
27.0,-61.0,2.0,1.2053696764280422,1.2053696764280422,vegetation,1
27.0,-59.0,2.0,0.7930249519364403,0.7930249519364403,vegetation,1
27.0,-57.0,2.0,0.511709316086115,-0.2684392090869872,ground,3
27.0,-55.0,2.0,1.1721628294222284,0.2570624373589224,ground,2
27.0,-53.0,2.0,1.7355972332745742,1.7355972332745742,vegetation,1
27.0,-51.0,2.0,-0.6431356801663821,-0.6431356801663821,ground,1
27.0,-47.0,2.0,1.5077575102320795,0.11063235980247088,ground,3
27.0,-45.0,2.0,0.7511086328444767,-0.1404603373123788,ground,3
27.0,-41.0,2.0,1.718196140209201,0.3958860658040957,ground,4
27.0,-39.0,2.0,0.32124093686174704,0.32124093686174704,vegetation,1
27.0,-37.0,2.0,-0.6028799208035956,-0.6028799208035956,ground,1
27.0,-31.0,2.0,-0.5801677684134937,-0.583510589029774,ground,2
27.0,-29.0,2.0,1.7896773691563075,0.06142648759296078,ground,4
27.0,-27.0,2.0,0.8049840913885299,-0.055507156324106265,ground,3
27.0,-23.0,2.0,-0.5132641740610162,-0.535308214232481,ground,2
27.0,-19.0,2.0,-0.47859107951252405,-0.5089090607319099,ground,2
27.0,-17.0,2.0,-0.46348647827759504,-0.49098054830313614,ground,3
27.0,-13.0,2.0,-0.4419538042309831,-0.4610494823891324,ground,6
27.0,13.0,2.0,-0.3208313306658106,-0.3208313306658106,ground,1
27.0,15.0,2.0,-0.3648368087733189,-0.3666293858720241,ground,2
27.0,19.0,2.0,-0.2912926248646402,-0.3258291897432064,ground,2
27.0,21.0,2.0,-0.3339250722561834,-0.3339250722561834,ground,1
27.0,23.0,2.0,-0.28320041005775587,-0.28740695017283424,ground,2
27.0,25.0,2.0,1.4096704294158569,0.12699226639604427,ground,4
27.0,29.0,2.0,-0.26358030860578563,-0.26358030860578563,ground,1
27.0,31.0,2.0,-0.2624920438597006,-0.2624920438597006,ground,1
27.0,33.0,2.0,-0.3008317853271215,-0.3008317853271215,ground,1
27.0,39.0,2.0,-0.21013283535680052,-0.2284521085945195,ground,2
27.0,41.0,2.0,-0.22316062349497684,-0.23046266747289074,ground,2
27.0,43.0,2.0,-0.227384491587851,-0.227384491587851,ground,1
27.0,45.0,2.0,1.912849464908361,0.8290168347173625,ground,2
27.0,47.0,2.0,-0.24333335458217115,-0.2454046890754532,ground,2
27.0,49.0,2.0,-0.208288514623552,-0.208288514623552,ground,1
27.0,51.0,2.0,-0.17520806833619912,-0.20507291002819894,ground,2
27.0,53.0,2.0,-0.20275271900707292,-0.20507041382681407,ground,2
27.0,57.0,2.0,-0.2048596484970568,-0.2048596484970568,ground,1
27.0,59.0,2.0,-0.14560127636227538,-0.16316123980100192,ground,3
27.0,61.0,2.0,-0.20947754667720755,-0.20947754667720755,ground,1
27.0,63.0,2.0,-0.16856996876481176,-0.18101541366636043,ground,2
27.0,65.0,2.0,-0.16439384580398153,-0.16439384580398153,ground,1
27.0,67.0,2.0,-0.13485762232529647,-0.13485762232529647,ground,1
27.0,69.0,2.0,-0.08032259423074692,-0.09642092728662305,ground,2
27.0,73.0,2.0,-0.09571374278657652,-0.09571374278657652,ground,1
27.0,75.0,2.0,-0.10045664733315121,-0.10045664733315121,ground,1
27.0,77.0,2.0,1.9781715682686882,1.9781715682686882,vegetation,1
27.0,79.0,2.0,2.695268830494544,1.306654191592911,ground,2
27.0,83.0,2.0,-0.045228341814465375,-0.0527157847137539,ground,2
27.0,85.0,2.0,1.2505773353511045,1.2505773353511045,vegetation,1
27.0,93.0,2.0,1.723912833954542,1.723912833954542,vegetation,1
27.0,95.0,2.0,-0.001149755932820462,-0.004572835119762369,ground,2
29.0,-93.0,2.0,-0.8002754999879114,-0.8002754999879114,ground,1
29.0,-91.0,2.0,-0.7949119745697011,-0.7949119745697011,ground,1
29.0,-89.0,2.0,-0.783627116141145,-0.7872273580122391,ground,2
29.0,-85.0,2.0,1.704967733737368,0.046821732710863984,ground,3
29.0,-83.0,2.0,1.5223342044378012,0.3864960517234027,ground,2
29.0,-79.0,2.0,1.6532144169593934,0.029633956681651807,ground,3
29.0,-77.0,2.0,1.8937039777075146,0.5801429020462237,ground,2
29.0,-73.0,2.0,0.5340554024662999,0.5340554024662999,vegetation,1
29.0,-71.0,2.0,-0.7040782525518605,-0.7040782525518605,ground,1
29.0,-69.0,2.0,-0.694267745602682,-0.694267745602682,ground,1
29.0,-67.0,2.0,2.119633998745932,0.23450785584519396,ground,3
29.0,-65.0,2.0,-0.6855491978720795,-0.6888530487334279,ground,2
29.0,-63.0,2.0,-0.7438209241976352,-0.7438209241976352,ground,1
29.0,-61.0,2.0,-0.6503736108914413,-0.6681780887474341,ground,3
29.0,-59.0,2.0,2.216471897031091,2.216471897031091,vegetation,1
29.0,-57.0,2.0,2.1973822221467025,1.3347092811077823,vegetation,3
29.0,-53.0,2.0,-0.6200317576781345,-0.6200317576781345,ground,1
29.0,-49.0,2.0,1.6321263060443951,1.6321263060443951,vegetation,1
29.0,-45.0,2.0,-0.6382729349255519,-0.6382729349255519,ground,1
29.0,-43.0,2.0,-0.6213570790498946,-0.6213570790498946,ground,1
29.0,-41.0,2.0,-0.6231042983492541,-0.6231042983492541,ground,1
29.0,-39.0,2.0,-0.6192760664048301,-0.6192760664048301,ground,1
29.0,-37.0,2.0,1.8136383827391045,0.6441637078664197,ground,2
29.0,-35.0,2.0,-0.5370777280461019,-0.5370777280461019,ground,1
29.0,-31.0,2.0,0.7280860897995466,0.06799737684809665,ground,4
29.0,-29.0,2.0,-0.5746219174032389,-0.5746219174032389,ground,1
29.0,-27.0,2.0,-0.5370258552563606,-0.5370258552563606,ground,1
29.0,-25.0,2.0,-0.5271187397378148,-0.5281880880270183,ground,3
29.0,-23.0,2.0,-0.46041700070764446,-0.4869861679079644,ground,2
29.0,-21.0,2.0,-0.5012053944814897,-0.5112185453306322,ground,2
29.0,-17.0,2.0,-0.4770381815610007,-0.49980802375559513,ground,4
29.0,-15.0,2.0,-0.4657241885956232,-0.48209418933008275,ground,3
29.0,-13.0,2.0,-0.5465861403732634,-0.5465861403732634,ground,1
29.0,-11.0,2.0,-0.5065000279311366,-0.5065000279311366,ground,1
29.0,-9.0,2.0,-0.4471670605975472,-0.45086550720472385,ground,3
29.0,-5.0,2.0,-0.46745741438633076,-0.46745741438633076,ground,1
29.0,9.0,2.0,-0.3630201595543464,-0.3630201595543464,ground,1
29.0,11.0,2.0,-0.383812578078129,-0.383812578078129,ground,1
29.0,15.0,2.0,-0.3916976373980119,-0.3965550072420954,ground,4
29.0,19.0,2.0,-0.35542145947176973,-0.3738238545891479,ground,2
29.0,21.0,2.0,-0.31854650613987123,-0.3288477256350828,ground,2
29.0,23.0,2.0,-0.33403819408930835,-0.34106784623002195,ground,2
29.0,27.0,2.0,-0.3642192199372188,-0.3642192199372188,ground,1
29.0,29.0,2.0,1.9620271011746877,0.8256658500102447,ground,2
29.0,37.0,2.0,-0.2886605740783803,-0.2920065170165651,ground,2
29.0,39.0,2.0,-0.28036684654845045,-0.30602146632806976,ground,2
29.0,41.0,2.0,1.77663457199708,0.7560912571088063,ground,2
29.0,43.0,2.0,1.2348544521871552,0.49867793292264434,ground,2
29.0,45.0,2.0,1.3215092148104293,0.5321343566938271,ground,2
29.0,47.0,2.0,-0.21403508854807787,-0.21403508854807787,ground,1
29.0,49.0,2.0,-0.24988249233422727,-0.24988249233422727,ground,1
29.0,51.0,2.0,1.5331193479731093,0.6293223809671968,ground,2
29.0,53.0,2.0,2.546638090445434,2.546638090445434,vegetation,1
29.0,55.0,2.0,-0.25754934735770424,-0.25823823380643074,ground,2
29.0,57.0,2.0,-0.22897718319180246,-0.22897718319180246,ground,1
29.0,59.0,2.0,2.774044797664821,0.8002920317103346,ground,3
29.0,61.0,2.0,2.4699157679624264,2.1334759290894594,vegetation,2
29.0,63.0,2.0,-0.18359005304503875,-0.18359005304503875,ground,1
29.0,65.0,2.0,0.9373626679183783,0.9373626679183783,vegetation,1
29.0,67.0,2.0,-0.12693016037242452,-0.13397745160571972,ground,2
29.0,69.0,2.0,2.7124127766154245,1.1527217263378522,vegetation,3
29.0,71.0,2.0,-0.13239951055562457,-0.13239951055562457,ground,1
29.0,75.0,2.0,-0.14903088099230188,-0.15621745595365652,ground,2
29.0,77.0,2.0,2.7201208427970136,2.7201208427970136,vegetation,1
29.0,79.0,2.0,1.836991699368215,1.836991699368215,vegetation,1
29.0,81.0,2.0,2.537136751966042,1.2044700630426772,ground,2
29.0,83.0,2.0,-0.07569480014550149,-0.07569480014550149,ground,1
29.0,85.0,2.0,-0.12907892879448613,-0.12907892879448613,ground,1
29.0,87.0,2.0,2.2582284808540476,2.2582284808540476,vegetation,1
29.0,89.0,2.0,-0.07017590847593863,-0.07017590847593863,ground,1
29.0,93.0,2.0,0.9006581675970292,0.41109467848373554,ground,2
31.0,-93.0,2.0,-0.8524324526218476,-0.8524324526218476,ground,1
31.0,-89.0,2.0,-0.8084339268758689,-0.8159451581822369,ground,3
31.0,-85.0,2.0,0.1654807667660605,-0.47992231141261915,ground,3
31.0,-83.0,2.0,0.6688682515876646,0.6688682515876646,vegetation,1
31.0,-81.0,2.0,-0.8215111122300865,-0.8215111122300865,ground,1
31.0,-79.0,2.0,2.010728932337745,0.15803042892896169,ground,3
31.0,-75.0,2.0,2.0372056436394814,0.7690912278759146,vegetation,3
31.0,-73.0,2.0,-0.76990279731832,-0.76990279731832,ground,1
31.0,-71.0,2.0,0.7165997437912829,-0.01837407974111016,ground,2
31.0,-67.0,2.0,1.6991428219713467,0.4723750735361775,ground,2
31.0,-63.0,2.0,-0.7514929484997867,-0.7531043840656594,ground,2
31.0,-61.0,2.0,1.0862082028113926,1.0862082028113926,vegetation,1
31.0,-59.0,2.0,0.5727247798541258,0.5727247798541258,vegetation,1
31.0,-57.0,2.0,0.25323502401252224,0.25323502401252224,vegetation,1
31.0,-55.0,2.0,-0.6782365481258305,-0.6782365481258305,ground,1
31.0,-53.0,2.0,0.42820920223357506,0.2955740489110521,vegetation,2
31.0,-49.0,2.0,1.9215854328675217,1.9215854328675217,vegetation,1
31.0,-47.0,2.0,1.0938759215362963,-0.07182127801873357,ground,3
31.0,-45.0,2.0,0.6293581331619926,-0.004585037300679662,ground,2
31.0,-43.0,2.0,-0.6187735519500553,-0.6187735519500553,ground,1
31.0,-41.0,2.0,-0.6641417148682985,-0.6651401451032839,ground,2
31.0,-39.0,2.0,-0.6063217333169162,-0.6063217333169162,ground,1
31.0,-37.0,2.0,-0.6330956076593719,-0.6330956076593719,ground,1
31.0,-35.0,2.0,1.4004630112569179,1.4004630112569179,vegetation,1
31.0,-33.0,2.0,-0.5574672309462627,-0.5919867949285229,ground,2
31.0,-31.0,2.0,0.9382441993784143,-0.07078328071626531,ground,3
31.0,-29.0,2.0,-0.5516491677145215,-0.5793195737756237,ground,2
31.0,-23.0,2.0,-0.5690998774995222,-0.5812846733543199,ground,2
31.0,-21.0,2.0,-0.5373797661532365,-0.5430301761732134,ground,3
31.0,-19.0,2.0,-0.5001976822594583,-0.5346456414031912,ground,3
31.0,-17.0,2.0,-0.5169703421336269,-0.547699181058018,ground,3
31.0,-13.0,2.0,-0.4639400814928387,-0.5208761835602875,ground,3
31.0,-11.0,2.0,-0.5509378238866884,-0.5509378238866884,ground,1
31.0,-9.0,2.0,-0.4829540621642388,-0.5069363384951076,ground,4
31.0,-7.0,2.0,-0.45749055837021474,-0.4850907323445955,ground,3
31.0,-5.0,2.0,-0.4205743537984008,-0.46413791255936887,ground,4
31.0,-3.0,2.0,-0.5282933783877,-0.5282933783877,ground,1
31.0,-1.0,2.0,-0.48187460493644574,-0.48187460493644574,ground,1
31.0,1.0,2.0,-0.41120536159119625,-0.45372631054768864,ground,2
31.0,3.0,2.0,-0.48682174765145847,-0.48682174765145847,ground,1
31.0,5.0,2.0,-0.4609210721367249,-0.4609210721367249,ground,1
31.0,7.0,2.0,-0.41633157054548886,-0.41633157054548886,ground,1
31.0,9.0,2.0,-0.39906544784407805,-0.4286290938575043,ground,4
31.0,11.0,2.0,-0.39213892276201967,-0.39213892276201967,ground,1
31.0,13.0,2.0,-0.42254059129808563,-0.42254059129808563,ground,1
31.0,15.0,2.0,-0.35499227881476814,-0.39197344371612597,ground,2
31.0,17.0,2.0,-0.3678686819545041,-0.40096432225215617,ground,4
31.0,19.0,2.0,-0.33693840526976904,-0.38963206252379573,ground,4
31.0,21.0,2.0,-0.3771390106815514,-0.3910419905619051,ground,3
31.0,23.0,2.0,-0.3821226304814809,-0.39299833246434823,ground,2
31.0,27.0,2.0,-0.3800853452645964,-0.3800853452645964,ground,1
31.0,29.0,2.0,-0.2962787538581455,-0.2962787538581455,ground,1
31.0,33.0,2.0,-0.35005472054115994,-0.35005472054115994,ground,1
31.0,35.0,2.0,-0.29289130479728265,-0.29289130479728265,ground,1
31.0,37.0,2.0,-0.31790970896120896,-0.31790970896120896,ground,1
31.0,39.0,2.0,-0.33110105763278563,-0.33246603744693237,ground,2
31.0,43.0,2.0,2.311232701374999,1.0196990796027787,ground,2
31.0,45.0,2.0,-0.2428461718893466,-0.2816087279633579,ground,4
31.0,47.0,2.0,-0.2598953819723071,-0.267625295933865,ground,3
31.0,49.0,2.0,-0.23413955231312547,-0.23413955231312547,ground,1
31.0,51.0,2.0,-0.29171940476009883,-0.29171940476009883,ground,1
31.0,53.0,2.0,1.844460730276619,1.844460730276619,vegetation,1
31.0,59.0,2.0,-0.18963855713194802,-0.18963855713194802,ground,1
31.0,61.0,2.0,-0.24061017198660692,-0.24061017198660692,ground,1
31.0,65.0,2.0,1.7290328659354885,1.7290328659354885,vegetation,1
31.0,67.0,2.0,-0.18441908772234403,-0.19349748489230506,ground,2
31.0,69.0,2.0,1.8833632515050163,0.8718291324401418,vegetation,3
31.0,73.0,2.0,-0.2142020460618133,-0.2142020460618133,ground,1
31.0,75.0,2.0,1.9955207821015595,0.9082171515756783,ground,2
31.0,83.0,2.0,2.183315220404265,1.6083661330525922,vegetation,2
31.0,85.0,2.0,1.4824149880074695,1.4824149880074695,vegetation,1
31.0,87.0,2.0,-0.11398842478135594,-0.11398842478135594,ground,1
31.0,89.0,2.0,-0.0969019353707979,-0.10056334567891277,ground,2
31.0,93.0,2.0,-0.0746127231233503,-0.0746127231233503,ground,1
31.0,95.0,2.0,-0.06369591514169809,-0.06369591514169809,ground,1
33.0,-93.0,2.0,1.7640084333549018,1.1452041950169158,vegetation,2
33.0,-91.0,2.0,1.2764905898781813,1.050632819415891,vegetation,2
33.0,-89.0,2.0,1.8015882431428984,1.8015882431428984,vegetation,1
33.0,-85.0,2.0,-0.8498809014960741,-0.8498809014960741,ground,1
33.0,-79.0,2.0,-0.8118513164020114,-0.8118513164020114,ground,1
33.0,-73.0,2.0,1.149175782262399,0.8785621854299993,vegetation,2
33.0,-71.0,2.0,-0.7685929046727459,-0.7813920404156072,ground,2
33.0,-69.0,2.0,-0.7557267884961049,-0.7557267884961049,ground,1
33.0,-65.0,2.0,-0.7447921192805802,-0.7447921192805802,ground,1
33.0,-61.0,2.0,0.3420115731275353,-0.38876101575918365,ground,3
33.0,-59.0,2.0,-0.6911207181696315,-0.7247638222547004,ground,2
33.0,-57.0,2.0,-0.656637016647594,-0.656637016647594,ground,1
33.0,-53.0,2.0,-0.670441065872054,-0.6743944034522089,ground,3
33.0,-51.0,2.0,-0.6685960380790852,-0.6685960380790852,ground,1
33.0,-47.0,2.0,-0.6549500738698443,-0.6549500738698443,ground,1
33.0,-45.0,2.0,-0.6673724957378003,-0.6673724957378003,ground,1
33.0,-43.0,2.0,-0.6199876666583279,-0.6199876666583279,ground,1
33.0,-41.0,2.0,1.4456736074688097,0.060859688688418435,ground,3
33.0,-39.0,2.0,-0.6572212095989658,-0.6799068414034319,ground,2
33.0,-35.0,2.0,1.5068933442311363,0.45646924795683846,ground,2
33.0,-33.0,2.0,-0.6390413070558212,-0.6427116094470703,ground,2
33.0,-31.0,2.0,0.8776624966849588,-0.13377340077454683,ground,3
33.0,-29.0,2.0,-0.6183691989030656,-0.6183691989030656,ground,1
33.0,-27.0,2.0,-0.5944688134658633,-0.5961438824343963,ground,2
33.0,-25.0,2.0,-0.5886917646380333,-0.6052957744534249,ground,2
33.0,-21.0,2.0,-0.5423800879963488,-0.5779562390684951,ground,4
33.0,-19.0,2.0,-0.5379956754179204,-0.5379956754179204,ground,1
33.0,-17.0,2.0,-0.5353167039114872,-0.5647416031451432,ground,3
33.0,-15.0,2.0,-0.5193141883914418,-0.5498888813995265,ground,3
33.0,-13.0,2.0,-0.5021940463825841,-0.5414390052833349,ground,4
33.0,-11.0,2.0,-0.5086694239406467,-0.5206826867173124,ground,2
33.0,-9.0,2.0,-0.544029500049301,-0.544029500049301,ground,1
33.0,-7.0,2.0,-0.514264605432372,-0.5228956103730128,ground,2
33.0,-3.0,2.0,-0.5154736037030893,-0.5154736037030893,ground,1
33.0,-1.0,2.0,-0.4736740593826779,-0.4736740593826779,ground,1
33.0,1.0,2.0,-0.4654893595716687,-0.47701609836026587,ground,3
33.0,5.0,2.0,-0.4224676858251971,-0.44549308553476946,ground,4
33.0,7.0,2.0,-0.4385529209860386,-0.4531410782519469,ground,2
33.0,11.0,2.0,-0.4502936489683754,-0.46486720149882127,ground,5
33.0,15.0,2.0,-0.4344236734695953,-0.4462649979205692,ground,2
33.0,17.0,2.0,-0.38973542093788754,-0.42247127277440183,ground,5
33.0,19.0,2.0,-0.4194447467955825,-0.44765209903642955,ground,2
33.0,21.0,2.0,-0.374109722305199,-0.39112237146039863,ground,3
33.0,23.0,2.0,-0.37124594821239687,-0.3911151268622797,ground,3
33.0,25.0,2.0,-0.33437668038187796,-0.3985614886550428,ground,3
33.0,31.0,2.0,2.191735087328948,2.191735087328948,vegetation,1
33.0,33.0,2.0,-0.39401111624235136,-0.39401111624235136,ground,1
33.0,35.0,2.0,-0.31805698570383995,-0.3462147271473406,ground,4
33.0,37.0,2.0,2.0258175246320507,1.2219883454114904,vegetation,3
33.0,39.0,2.0,-0.3226164643781007,-0.3226164643781007,ground,1
33.0,41.0,2.0,0.9309511950707466,0.3084006061240477,ground,2
33.0,43.0,2.0,-0.29003711509170504,-0.29003711509170504,ground,1
33.0,45.0,2.0,2.4763572418516704,1.773390868493652,vegetation,2
33.0,47.0,2.0,1.9656169163307835,0.13809184249827564,ground,5
33.0,49.0,2.0,0.6152255581767484,0.010944478782215439,ground,3
33.0,53.0,2.0,-0.27497079632680793,-0.28255078169797065,ground,2
33.0,55.0,2.0,-0.27609073219390223,-0.288631023150075,ground,2
33.0,57.0,2.0,-0.2698064939618417,-0.27561111007161043,ground,2
33.0,59.0,2.0,-0.20537845929281798,-0.20537845929281798,ground,1
33.0,61.0,2.0,2.0842339555431293,0.5331684285827208,ground,3
33.0,65.0,2.0,2.598373885222345,0.2248497202181067,ground,6
33.0,67.0,2.0,-0.22592784678181474,-0.22592784678181474,ground,1
33.0,71.0,2.0,-0.2015530126284608,-0.2201557399624277,ground,2
33.0,73.0,2.0,-0.23451695512445378,-0.23451695512445378,ground,1
33.0,75.0,2.0,0.8359765063181115,0.3352960091273435,ground,2
33.0,77.0,2.0,-0.16076073967157495,-0.17113330949253908,ground,2
33.0,79.0,2.0,-0.17266153131372475,-0.17266153131372475,ground,1
33.0,81.0,2.0,-0.14086432250071407,-0.14971840768504108,ground,2
33.0,83.0,2.0,1.2172865429060713,0.5057139345700987,ground,2
33.0,87.0,2.0,-0.13849833492053062,-0.14818507007862733,ground,2
33.0,91.0,2.0,-0.11656105211181625,-0.11676956080862298,ground,2
33.0,93.0,2.0,-0.09795704647494113,-0.12918664948224595,ground,2
33.0,95.0,2.0,1.5834808679002523,1.5834808679002523,vegetation,1
35.0,-91.0,2.0,1.9753498154008613,1.9753498154008613,vegetation,1
35.0,-89.0,2.0,1.8475603594450531,1.8475603594450531,vegetation,1
35.0,-87.0,2.0,0.4534150240399968,-0.4282946743813456,ground,3
35.0,-85.0,2.0,-0.851708799486916,-0.851708799486916,ground,1
35.0,-83.0,2.0,0.2653109046309799,-0.5015970558702412,ground,3
35.0,-81.0,2.0,1.0173353226392499,1.0173353226392499,vegetation,1
35.0,-79.0,2.0,-0.8356600657547025,-0.8356600657547025,ground,1
35.0,-77.0,2.0,-0.8302304703221537,-0.8302304703221537,ground,1
35.0,-71.0,2.0,0.6670578973280473,-0.32438300961797023,ground,3
35.0,-69.0,2.0,-0.8190245362293234,-0.8254600455112382,ground,2
35.0,-65.0,2.0,-0.8105403568758546,-0.8105403568758546,ground,1
35.0,-63.0,2.0,1.3403538712149592,0.2695634052378779,ground,2
35.0,-61.0,2.0,1.1360280330590746,0.6676399690581948,vegetation,4
35.0,-59.0,2.0,-0.7662734622761486,-0.7662734622761486,ground,1
35.0,-57.0,2.0,-0.7466965837054523,-0.7466965837054523,ground,1
35.0,-55.0,2.0,-0.795270630039542,-0.795270630039542,ground,1
35.0,-53.0,2.0,-0.6943581061876184,-0.7255221169266037,ground,2
35.0,-51.0,2.0,-0.7217106851783816,-0.742405819675481,ground,3
35.0,-49.0,2.0,-0.6671543740055862,-0.6671543740055862,ground,1
35.0,-47.0,2.0,-0.6926869866480583,-0.7149770929467514,ground,3
35.0,-45.0,2.0,0.6801091494937743,0.6801091494937743,vegetation,1
35.0,-43.0,2.0,-0.6902431750150144,-0.7080977626780054,ground,2
35.0,-41.0,2.0,-0.6446712721184334,-0.657774846198117,ground,2
35.0,-37.0,2.0,-0.6508587004875183,-0.6508587004875183,ground,1
35.0,-35.0,2.0,1.9325712643946007,0.4429537129624983,ground,4
35.0,-31.0,2.0,-0.614619351776177,-0.6261765064574604,ground,2
35.0,-29.0,2.0,1.3696070689368989,0.1425239575294105,ground,4
35.0,-23.0,2.0,-0.5707759854932581,-0.6054585395583404,ground,3
35.0,-21.0,2.0,-0.6033210399991957,-0.6033210399991957,ground,1
35.0,-17.0,2.0,-0.5676482301569956,-0.5676482301569956,ground,1
35.0,-15.0,2.0,-0.5792549771238996,-0.5948021819536667,ground,2
35.0,-13.0,2.0,-0.6027297297038483,-0.6027297297038483,ground,1
35.0,-11.0,2.0,-0.5621154501498432,-0.5634643607660695,ground,2
35.0,-7.0,2.0,-0.5370106423199824,-0.5466411319426033,ground,3
35.0,-5.0,2.0,-0.551877100863085,-0.5543747974691269,ground,2
35.0,-3.0,2.0,-0.5293213505968108,-0.5386730029764256,ground,3
35.0,-1.0,2.0,-0.5151579720964237,-0.5151579720964237,ground,1
35.0,1.0,2.0,-0.514305367828293,-0.5190182896767619,ground,2
35.0,3.0,2.0,-0.49945700709912716,-0.515129686628431,ground,4
35.0,7.0,2.0,-0.472708816623883,-0.4891815986957723,ground,2
35.0,9.0,2.0,-0.48458611935687523,-0.48458611935687523,ground,1
35.0,11.0,2.0,-0.4626756567133393,-0.48388885303786733,ground,2
35.0,15.0,2.0,-0.4285836209746526,-0.44777280620721116,ground,2
35.0,17.0,2.0,-0.47482907981555394,-0.47482907981555394,ground,1
35.0,19.0,2.0,-0.39448460133022367,-0.4480741289919795,ground,5
35.0,25.0,2.0,-0.4071037466035394,-0.420298502875295,ground,2
35.0,27.0,2.0,-0.40662056716437894,-0.4319170426907783,ground,3
35.0,29.0,2.0,2.3112639680476783,1.8908579062384963,vegetation,2
35.0,33.0,2.0,-0.390135002978172,-0.3986780956318397,ground,3
35.0,35.0,2.0,-0.40627136869679176,-0.40627136869679176,ground,1
35.0,39.0,2.0,-0.3844286432133328,-0.3844286432133328,ground,1
35.0,41.0,2.0,0.5255608777469195,0.08499066455668597,ground,2
35.0,43.0,2.0,1.400714929400579,0.5137629323800961,ground,2
35.0,49.0,2.0,-0.3159064937019809,-0.3451213287453445,ground,3
35.0,51.0,2.0,-0.3414099892684141,-0.3414099892684141,ground,1
35.0,53.0,2.0,1.1354951802647806,1.1354951802647806,vegetation,1
35.0,55.0,2.0,1.3376405614214881,1.3376405614214881,vegetation,1
35.0,57.0,2.0,2.198509051354815,2.198509051354815,vegetation,1
35.0,59.0,2.0,2.676671544784024,1.5854813292541907,vegetation,3
35.0,61.0,2.0,-0.22522925006276742,-0.22522925006276742,ground,1
35.0,63.0,2.0,2.0305055163364076,0.49764055536685997,ground,3
35.0,67.0,2.0,1.0867635939662437,0.1980162054702899,ground,3
35.0,69.0,2.0,-0.23065308771596993,-0.2469115378322822,ground,2
35.0,71.0,2.0,0.9778986091635855,0.9778986091635855,vegetation,1
35.0,73.0,2.0,-0.25985861088232537,-0.25985861088232537,ground,1
35.0,75.0,2.0,0.9391457499865492,0.1559483929211921,ground,3
35.0,81.0,2.0,-0.17031624560839684,-0.17031624560839684,ground,1
35.0,83.0,2.0,-0.20602381875445266,-0.2063971921774387,ground,2
35.0,85.0,2.0,0.6070054989906417,0.6070054989906417,vegetation,1
35.0,87.0,2.0,-0.1799405219732339,-0.1799405219732339,ground,1
35.0,89.0,2.0,2.112447950048291,0.970154154530284,ground,2
35.0,91.0,2.0,0.9823576891147059,0.42179963081981336,ground,2
35.0,93.0,2.0,1.847243342670601,0.8581772233140216,ground,2
37.0,-91.0,2.0,-0.9278240922778006,-0.9278240922778006,ground,1
37.0,-89.0,2.0,1.721288088459552,1.721288088459552,vegetation,1
37.0,-87.0,2.0,1.055810791389657,1.055810791389657,vegetation,1
37.0,-81.0,2.0,1.483221486817274,-0.09610571357693261,ground,3
37.0,-79.0,2.0,1.0795749114565334,-0.21605606563697896,ground,3
37.0,-75.0,2.0,-0.8757318384261626,-0.8757318384261626,ground,1
37.0,-71.0,2.0,-0.8229814501373776,-0.8229814501373776,ground,1
37.0,-69.0,2.0,-0.8639149187896338,-0.8639149187896338,ground,1
37.0,-65.0,2.0,1.2691109988494857,-0.10092899299682345,ground,3
37.0,-63.0,2.0,-0.805174210840152,-0.819503496178958,ground,3
37.0,-57.0,2.0,-0.7454995168921629,-0.7628411102539572,ground,2
37.0,-55.0,2.0,2.0124868714374418,1.9588263062681814,vegetation,2
37.0,-53.0,2.0,0.6268341150352615,-0.10659468722969895,ground,2
37.0,-51.0,2.0,-0.7032795116735754,-0.7032795116735754,ground,1
37.0,-49.0,2.0,0.9127668089508577,-0.1953506607923048,ground,3
37.0,-47.0,2.0,1.3551236126776869,-0.09912033866064089,ground,5
37.0,-45.0,2.0,-0.6826994494136847,-0.7105068850663508,ground,3
37.0,-43.0,2.0,1.7914123614929318,0.5482018620120404,ground,2
37.0,-39.0,2.0,0.9109096360650736,-0.31191443742517044,ground,4
37.0,-37.0,2.0,1.164043483810227,-0.2565665969192526,ground,4
37.0,-35.0,2.0,-0.6207608527629408,-0.6207608527629408,ground,1
37.0,-33.0,2.0,0.5859115638545205,-0.033728161653346134,ground,2
37.0,-31.0,2.0,1.7485100080513514,0.9428002269225273,vegetation,2
37.0,-29.0,2.0,0.4364320377618013,-0.4082347726218645,ground,4
37.0,-27.0,2.0,1.8047453255603365,0.5739417164378455,ground,2
37.0,-23.0,2.0,-0.6401605198585636,-0.6401605198585636,ground,1
37.0,-21.0,2.0,-0.6459642519540105,-0.6723284087102139,ground,2
37.0,-19.0,2.0,-0.6302869149371644,-0.6461452160225312,ground,3
37.0,-17.0,2.0,-0.5895089450536276,-0.6146518909384797,ground,2
37.0,-15.0,2.0,-0.6232743367253899,-0.6356150333635611,ground,2
37.0,-13.0,2.0,-0.6442969595326876,-0.6442969595326876,ground,1
37.0,-9.0,2.0,-0.5815424337319485,-0.6013777674183867,ground,4
37.0,-7.0,2.0,-0.5396732162881298,-0.5524664842423175,ground,2
37.0,-5.0,2.0,-0.5591083627173675,-0.5666132617734334,ground,5
37.0,-3.0,2.0,-0.5289589615780695,-0.5289589615780695,ground,1
37.0,-1.0,2.0,-0.5633361682492014,-0.5684402051127098,ground,2
37.0,1.0,2.0,-0.5593073095185503,-0.5593073095185503,ground,1
37.0,3.0,2.0,-0.5077844623126663,-0.5077844623126663,ground,1
37.0,5.0,2.0,-0.5220343940108743,-0.5380440867076776,ground,2
37.0,7.0,2.0,-0.5063779859010302,-0.5257106693894287,ground,4
37.0,9.0,2.0,-0.472001647943133,-0.4961968233693965,ground,3
37.0,13.0,2.0,-0.47577290886631085,-0.4858613693091732,ground,3
37.0,15.0,2.0,-0.4472439190354516,-0.4472439190354516,ground,1
37.0,17.0,2.0,-0.4530372831002567,-0.47771787707326896,ground,5
37.0,19.0,2.0,-0.41716665100214767,-0.47936174578425944,ground,4
37.0,21.0,2.0,-0.45674004270671725,-0.4723345366820516,ground,5
37.0,23.0,2.0,-0.401357293893852,-0.4139702420456627,ground,2
37.0,25.0,2.0,0.7878830349166612,0.1533721729153516,ground,2
37.0,27.0,2.0,2.146167294144406,0.8615373882684488,ground,2
37.0,29.0,2.0,1.8384421202576018,0.7902190135792414,vegetation,3
37.0,31.0,2.0,2.429151619964182,1.0100973621478158,ground,2
37.0,33.0,2.0,1.1346872217241575,1.1346872217241575,vegetation,1
37.0,35.0,2.0,-0.39427004312685454,-0.39427004312685454,ground,1
37.0,37.0,2.0,-0.3790296261484697,-0.38234442021016324,ground,2
37.0,39.0,2.0,2.334962294839557,0.9680582499798643,ground,2
37.0,41.0,2.0,-0.3778191159222357,-0.3778191159222357,ground,1
37.0,43.0,2.0,1.0095433946760095,0.28859599903089656,ground,2
37.0,45.0,2.0,0.5866998965000731,-0.04200544218674416,ground,3
37.0,47.0,2.0,0.6107841116467075,0.6107841116467075,vegetation,1
37.0,51.0,2.0,1.0721314877774517,0.1316819826791985,ground,3
37.0,55.0,2.0,1.9193332296650767,1.9193332296650767,vegetation,1
37.0,57.0,2.0,-0.3730388323720465,-0.3730388323720465,ground,1
37.0,59.0,2.0,-0.3106744382233491,-0.3187717512331737,ground,2
37.0,61.0,2.0,1.6866452177857294,1.6866452177857294,vegetation,1
37.0,63.0,2.0,-0.3201131714644056,-0.3201131714644056,ground,1
37.0,65.0,2.0,2.1145484047666727,0.9157946793382974,ground,2
37.0,67.0,2.0,-0.3541852740558517,-0.3541852740558517,ground,1
37.0,71.0,2.0,-0.28525407589600515,-0.28525407589600515,ground,1
37.0,73.0,2.0,1.083588493815715,1.083588493815715,vegetation,1
37.0,77.0,2.0,1.1081414861541388,1.1081414861541388,vegetation,1
37.0,81.0,2.0,-0.1732456115724009,-0.20149773926252104,ground,2
37.0,83.0,2.0,-0.14618623741037867,-0.21559102012684042,ground,3
37.0,85.0,2.0,1.4492901192526473,0.3458067285544202,ground,3
37.0,87.0,2.0,-0.247786718230087,-0.247786718230087,ground,1
37.0,89.0,2.0,-0.19777797329198732,-0.19777797329198732,ground,1
39.0,-91.0,2.0,0.8776278295318297,0.8776278295318297,vegetation,1
39.0,-89.0,2.0,-0.9247022038246756,-0.9453674704807461,ground,2
39.0,-87.0,2.0,0.8308918228611575,0.681174999911792,vegetation,2
39.0,-85.0,2.0,1.5828741602257907,1.5828741602257907,vegetation,1
39.0,-81.0,2.0,-0.91247101679391,-0.91247101679391,ground,1
39.0,-79.0,2.0,1.8018564476888135,0.4835728502019635,ground,2
39.0,-77.0,2.0,1.298735521598938,1.298735521598938,vegetation,1
39.0,-73.0,2.0,-0.866474969702574,-0.866474969702574,ground,1
39.0,-71.0,2.0,1.255840745109303,-0.16528424270935613,ground,3
39.0,-67.0,2.0,1.3346594324535006,1.3346594324535006,vegetation,1
39.0,-65.0,2.0,-0.8242367677865804,-0.8242367677865804,ground,1
39.0,-63.0,2.0,-0.8123427821757989,-0.8468167739414159,ground,2
39.0,-61.0,2.0,-0.8333296471802343,-0.8333296471802343,ground,1
39.0,-59.0,2.0,0.7502634626419589,-0.1899730855361457,ground,4
39.0,-55.0,2.0,1.9104538565023232,1.2227192889474807,vegetation,2
39.0,-51.0,2.0,-0.7933982957741446,-0.7933982957741446,ground,1
39.0,-49.0,2.0,2.1756693525480415,1.0955678070872723,vegetation,3
39.0,-47.0,2.0,-0.7305487776539175,-0.7305487776539175,ground,1
39.0,-45.0,2.0,-0.7240463399240394,-0.7445037424969664,ground,3
39.0,-43.0,2.0,-0.7179227735366087,-0.7426264973613963,ground,4
39.0,-41.0,2.0,0.5897771420580497,-0.115031707313839,ground,2
39.0,-39.0,2.0,-0.7257668898258708,-0.7462448962397725,ground,3
39.0,-37.0,2.0,-0.6952676870091705,-0.7092560859622825,ground,2
39.0,-33.0,2.0,-0.6563097621264432,-0.6563097621264432,ground,1
39.0,-27.0,2.0,0.7885218448757403,-0.20075634332443748,ground,3
39.0,-25.0,2.0,-0.6963908377445325,-0.6963908377445325,ground,1
39.0,-23.0,2.0,-0.6643894856514864,-0.6643894856514864,ground,1
39.0,-21.0,2.0,-0.6567830517022327,-0.6648198702495349,ground,2
39.0,-19.0,2.0,-0.6388635427450433,-0.6555256945411561,ground,3
39.0,-17.0,2.0,-0.6569970345467354,-0.6713064503605901,ground,3
39.0,-15.0,2.0,-0.6309694834071813,-0.6309694834071813,ground,1
39.0,-13.0,2.0,-0.6030167631732486,-0.6389253273532126,ground,5
39.0,-11.0,2.0,-0.6217980421465353,-0.6266063166311023,ground,3
39.0,-9.0,2.0,-0.6068189106007994,-0.6118944491158035,ground,2
39.0,-7.0,2.0,-0.5520310121037724,-0.5520310121037724,ground,1
39.0,-5.0,2.0,-0.5991352882696086,-0.5991352882696086,ground,1
39.0,-3.0,2.0,-0.5789868033396547,-0.5789868033396547,ground,1
39.0,-1.0,2.0,-0.5528429713619991,-0.5528429713619991,ground,1
39.0,1.0,2.0,-0.5807483103321198,-0.5891216734001743,ground,2
39.0,3.0,2.0,-0.5848736760793173,-0.5848736760793173,ground,1
39.0,5.0,2.0,-0.5468211959843376,-0.5528435531053891,ground,4
39.0,7.0,2.0,-0.533069069540038,-0.5456782780310971,ground,4
39.0,11.0,2.0,-0.5364409217237276,-0.5364409217237276,ground,1
39.0,13.0,2.0,-0.5138355989635902,-0.5138355989635902,ground,1
39.0,15.0,2.0,-0.5067159108607343,-0.5166170503116885,ground,2
39.0,17.0,2.0,-0.4712646229331766,-0.4712646229331766,ground,1
39.0,19.0,2.0,-0.4447248954470836,-0.5001954307571005,ground,3
39.0,21.0,2.0,-0.547731256783086,-0.547731256783086,ground,1
39.0,23.0,2.0,-0.4544170319402403,-0.4820089546571725,ground,3
39.0,25.0,2.0,1.7570432209447104,-0.037214860267647996,ground,5
39.0,27.0,2.0,1.9477474748682333,1.3523292420258075,vegetation,2
39.0,35.0,2.0,-0.416976146292185,-0.416976146292185,ground,1
39.0,37.0,2.0,2.0821190418074584,2.0821190418074584,vegetation,1
39.0,41.0,2.0,-0.37736808376105957,-0.41887089334497346,ground,3
39.0,43.0,2.0,2.4888655221631835,1.0410889285941347,ground,2
39.0,47.0,2.0,-0.3611174830747134,-0.3611174830747134,ground,1
39.0,49.0,2.0,1.816565799571019,1.816565799571019,vegetation,1
39.0,51.0,2.0,-0.3826586830538651,-0.3826586830538651,ground,1
39.0,53.0,2.0,-0.33102547879617433,-0.33102547879617433,ground,1
39.0,59.0,2.0,2.3741465970551747,1.1532148254746675,vegetation,4
39.0,63.0,2.0,-0.2720667825800893,-0.2720667825800893,ground,1
39.0,65.0,2.0,-0.29790015408120174,-0.3053603997280626,ground,2
39.0,67.0,2.0,-0.2898157669479345,-0.2898157669479345,ground,1
39.0,71.0,2.0,-0.3039455820029522,-0.3039455820029522,ground,1
39.0,73.0,2.0,-0.2815722724646042,-0.2815722724646042,ground,1
39.0,75.0,2.0,-0.29302236242808444,-0.29302236242808444,ground,1
39.0,77.0,2.0,-0.32405367399632756,-0.32405367399632756,ground,1
39.0,79.0,2.0,0.6309632478227072,0.6309632478227072,vegetation,1
39.0,83.0,2.0,1.7637150663179728,1.7637150663179728,vegetation,1
39.0,85.0,2.0,1.3394818299856568,1.3394818299856568,vegetation,1
39.0,87.0,2.0,-0.21102941366474873,-0.2176656754709859,ground,2
39.0,89.0,2.0,-0.2633073620042639,-0.2633073620042639,ground,1
39.0,91.0,2.0,-0.22488507740484232,-0.22488507740484232,ground,1
41.0,-89.0,2.0,1.1745558553655087,1.1745558553655087,vegetation,1
41.0,-87.0,2.0,-0.13341001933592125,-0.13341001933592125,vegetation,1
41.0,-85.0,2.0,-0.9746714009333654,-0.9746714009333654,ground,1
41.0,-83.0,2.0,1.3264004445546695,-0.17393382500194196,ground,3
41.0,-81.0,2.0,-0.9126454358223234,-0.9153752616344762,ground,2
41.0,-79.0,2.0,-0.9534191212706961,-0.9534191212706961,ground,1
41.0,-77.0,2.0,-0.9162988723987844,-0.9435311516882307,ground,3
41.0,-75.0,2.0,-0.9126389523871552,-0.9126389523871552,ground,1
41.0,-73.0,2.0,1.3931258824861579,-0.14784375571459127,ground,3
41.0,-71.0,2.0,1.4443088747059116,0.8713012647932624,vegetation,2
41.0,-69.0,2.0,0.2655575876406661,-0.319059561651045,ground,2
41.0,-67.0,2.0,1.4581641757954047,1.4581641757954047,vegetation,1
41.0,-65.0,2.0,-0.8904895656919243,-0.8904895656919243,ground,1
41.0,-63.0,2.0,0.4420643164425393,-0.24162516855554136,ground,4
41.0,-61.0,2.0,1.2583023465786694,0.825710675833667,vegetation,2
41.0,-57.0,2.0,-0.8418246142419343,-0.8418246142419343,ground,1
41.0,-53.0,2.0,0.6366002952503415,-0.3535124315585378,ground,3
41.0,-51.0,2.0,1.687802017811967,1.687802017811967,vegetation,1
41.0,-49.0,2.0,-0.8379171461342642,-0.8379171461342642,ground,1
41.0,-47.0,2.0,2.0122590350641723,2.0122590350641723,vegetation,1
41.0,-45.0,2.0,-0.7822657279526676,-0.804539486887418,ground,4
41.0,-39.0,2.0,1.413090669321996,1.413090669321996,vegetation,1
41.0,-37.0,2.0,-0.7560910948548776,-0.7560910948548776,ground,1
41.0,-35.0,2.0,1.7874243175620044,-0.14143791423587232,ground,4
41.0,-33.0,2.0,-0.7696481913715898,-0.7894767690108783,ground,2
41.0,-31.0,2.0,2.198900739483926,1.3647229841471642,vegetation,2
41.0,-25.0,2.0,1.537303966641457,-0.28136798373574934,ground,5
41.0,-23.0,2.0,-0.6748452893623867,-0.6748452893623867,ground,1
41.0,-21.0,2.0,-0.7075887069541148,-0.7075887069541148,ground,1
41.0,-19.0,2.0,-0.7262898315856824,-0.7262898315856824,ground,1
41.0,-17.0,2.0,-0.7076188775274928,-0.7076188775274928,ground,1
41.0,-13.0,2.0,-0.6352685492900301,-0.6578110874069065,ground,2
41.0,-11.0,2.0,-0.6429385279599326,-0.6536867128999045,ground,3
41.0,-9.0,2.0,-0.6730701791488767,-0.6730701791488767,ground,1
41.0,-7.0,2.0,-0.6286188994951099,-0.6286188994951099,ground,1
41.0,-5.0,2.0,-0.6193491001319023,-0.6256759060609177,ground,2
41.0,-3.0,2.0,-0.580627617898472,-0.6076477036219401,ground,4
41.0,-1.0,2.0,-0.6053299239235247,-0.6320478938540947,ground,3
41.0,1.0,2.0,-0.6437356059414477,-0.66405876528223,ground,3
41.0,3.0,2.0,-0.5731874547353701,-0.5731874547353701,ground,1
41.0,5.0,2.0,-0.5995949714179558,-0.5995949714179558,ground,1
41.0,7.0,2.0,-0.584499510817583,-0.6124570640468261,ground,2
41.0,9.0,2.0,-0.5853547239866623,-0.5853547239866623,ground,1
41.0,13.0,2.0,-0.5525469879584148,-0.5699477019866287,ground,3
41.0,15.0,2.0,-0.5355107472746281,-0.5545911991992412,ground,2
41.0,19.0,2.0,-0.5033993244988539,-0.5267826834780382,ground,3
41.0,21.0,2.0,-0.5178933924870138,-0.5250390803145669,ground,3
41.0,23.0,2.0,-0.49897313185484277,-0.5242117668420574,ground,4
41.0,25.0,2.0,-0.5521552637941511,-0.5521552637941511,ground,1
41.0,27.0,2.0,0.9125847969487139,0.18846676704835075,ground,2
41.0,29.0,2.0,-0.4923897570222818,-0.4923897570222818,ground,1
41.0,31.0,2.0,2.3152959802830146,2.3152959802830146,vegetation,1
41.0,33.0,2.0,2.531479475865253,0.750666654541495,vegetation,5
41.0,35.0,2.0,1.0116192784444098,-0.10388268881541307,ground,4
41.0,37.0,2.0,-0.47950571090698607,-0.47950571090698607,ground,1
41.0,39.0,2.0,-0.4035060093576084,-0.42784914164245275,ground,2
41.0,43.0,2.0,0.7451039009200842,0.11438278732730423,ground,2
41.0,45.0,2.0,0.6464342849455633,0.6464342849455633,vegetation,1
41.0,47.0,2.0,-0.41010595248929843,-0.41010595248929843,ground,1
41.0,51.0,2.0,-0.4158191239671038,-0.4158191239671038,ground,1
41.0,53.0,2.0,-0.34944295295988903,-0.3733653845048388,ground,2
41.0,57.0,2.0,1.6271248818304116,0.35858696717674776,ground,4
41.0,59.0,2.0,-0.3570788119980028,-0.3570788119980028,ground,1
41.0,63.0,2.0,-0.3416705416355197,-0.3416705416355197,ground,1
41.0,67.0,2.0,1.9515752926909398,0.40465922878725546,ground,3
41.0,69.0,2.0,-0.3260920518871757,-0.3260920518871757,ground,1
41.0,71.0,2.0,1.294367958587721,0.4732874770280229,ground,2
41.0,73.0,2.0,-0.2882437444147183,-0.2882437444147183,ground,1
41.0,75.0,2.0,2.068651694477315,2.068651694477315,vegetation,1
41.0,77.0,2.0,-0.30613438555643424,-0.30613438555643424,ground,1
41.0,79.0,2.0,-0.28342640224082644,-0.28342640224082644,ground,1
41.0,81.0,2.0,-0.3191366828321385,-0.3191366828321385,ground,1
41.0,85.0,2.0,2.4062224979186997,1.7529654602611306,vegetation,2
41.0,87.0,2.0,-0.2922750351865315,-0.2922750351865315,ground,1
41.0,89.0,2.0,-0.28094309778954507,-0.28094309778954507,ground,1
41.0,91.0,2.0,-0.26583785894570056,-0.26583785894570056,ground,1
43.0,-89.0,2.0,-0.9913763142588611,-1.0238755413206757,ground,3
43.0,-87.0,2.0,0.31720923393556905,-0.3357249604340765,ground,2
43.0,-83.0,2.0,-0.9336754345316636,-0.9336754345316636,ground,1
43.0,-81.0,2.0,0.48728746858870464,0.48728746858870464,vegetation,1
43.0,-79.0,2.0,1.2280401861377424,-0.2075113919269502,ground,3
43.0,-77.0,2.0,1.951320068572262,0.5062276506630978,ground,2
43.0,-75.0,2.0,1.0893141481689015,-0.5463435510864436,ground,5
43.0,-73.0,2.0,-0.9453462670977256,-0.9453462670977256,ground,1
43.0,-71.0,2.0,1.3558793871731543,0.2136082689069464,ground,2
43.0,-69.0,2.0,-0.9185121510024875,-0.9388611197474341,ground,2
43.0,-67.0,2.0,0.5789008877021039,0.5789008877021039,vegetation,1
43.0,-65.0,2.0,-0.8963779022432744,-0.8963779022432744,ground,1
43.0,-63.0,2.0,-0.8555451088151937,-0.861939558401188,ground,2
43.0,-59.0,2.0,1.2567252264766702,0.182411171748729,ground,2
43.0,-57.0,2.0,1.6628962168974784,0.3910722165671426,ground,2
43.0,-53.0,2.0,-0.02641871407408447,-0.02641871407408447,vegetation,1
43.0,-51.0,2.0,-0.8446708014480974,-0.8513208853742424,ground,2
43.0,-47.0,2.0,-0.8217881098048614,-0.8337081544808096,ground,2
43.0,-45.0,2.0,-0.8320182829556614,-0.8320182829556614,ground,1
43.0,-43.0,2.0,-0.8505398503891419,-0.8505398503891419,ground,1
43.0,-41.0,2.0,-0.7924266692523962,-0.7924266692523962,ground,1
43.0,-39.0,2.0,0.2842932630349935,0.2842932630349935,vegetation,1
43.0,-37.0,2.0,1.7151134352258752,1.176141794576867,vegetation,2
43.0,-33.0,2.0,2.017250666545464,-0.058658971009778654,ground,4
43.0,-31.0,2.0,-0.8012035837110895,-0.8012035837110895,ground,1
43.0,-29.0,2.0,-0.7529712066925466,-0.7529712066925466,ground,1
43.0,-27.0,2.0,1.3415559344343388,1.3415559344343388,vegetation,1
43.0,-25.0,2.0,-0.7421666084886706,-0.7421666084886706,ground,1
43.0,-17.0,2.0,-0.7235596104357186,-0.7235596104357186,ground,1
43.0,-15.0,2.0,-0.6592080631157292,-0.6921776805537209,ground,3
43.0,-13.0,2.0,-0.666874563399337,-0.6757398558195813,ground,2
43.0,-11.0,2.0,-0.6261576211079258,-0.660443442263582,ground,4
43.0,-9.0,2.0,-0.6859362797935535,-0.6928490966486678,ground,2
43.0,-7.0,2.0,-0.6646415043866971,-0.6646415043866971,ground,1
43.0,-5.0,2.0,-0.6247950772245882,-0.6247950772245882,ground,1
43.0,-3.0,2.0,-0.6081481407560695,-0.6276682321758957,ground,5
43.0,-1.0,2.0,-0.6149499118020664,-0.6340553348658142,ground,3
43.0,1.0,2.0,-0.6279362051664897,-0.6358656351256334,ground,3
43.0,3.0,2.0,-0.5709737035387038,-0.6040164769618757,ground,6
43.0,5.0,2.0,-0.6248103375069707,-0.6384656852423515,ground,3
43.0,9.0,2.0,-0.593838311759839,-0.6212094704351414,ground,3
43.0,13.0,2.0,-0.5584765817396923,-0.6008956744062318,ground,3
43.0,15.0,2.0,-0.5554246092871329,-0.5739541231431923,ground,3
43.0,17.0,2.0,-0.5292879655557532,-0.5791324993751701,ground,3
43.0,19.0,2.0,-0.5646707303969261,-0.5701535946473812,ground,2
43.0,25.0,2.0,-0.5393805347437944,-0.5393805347437944,ground,1
43.0,27.0,2.0,-0.520215460655509,-0.520215460655509,ground,1
43.0,29.0,2.0,-0.5202776218925832,-0.5329319241544087,ground,2
43.0,31.0,2.0,-0.4793685747310668,-0.4947266567497811,ground,2
43.0,33.0,2.0,-0.5389098518477892,-0.5389098518477892,ground,1
43.0,35.0,2.0,2.133814112781856,0.7938512746196988,ground,2
43.0,37.0,2.0,1.4445087512130312,-0.007234710524567645,ground,4
43.0,41.0,2.0,0.4856069247585178,-0.1500731924459913,ground,3
43.0,43.0,2.0,1.7536975394072902,1.5437686512719946,vegetation,3
43.0,51.0,2.0,-0.4280690388142744,-0.4280690388142744,ground,1
43.0,53.0,2.0,2.1935154594251443,0.8801768755708119,ground,2
43.0,55.0,2.0,-0.3860446485623502,-0.4136434782195283,ground,2
43.0,57.0,2.0,-0.3932026096308229,-0.3932026096308229,ground,1
43.0,59.0,2.0,1.0284763246919657,0.31163580154164794,ground,2
43.0,63.0,2.0,0.6294833090831811,-0.1333646297275689,ground,4
43.0,73.0,2.0,2.5678365811590775,1.9865835472175608,vegetation,2
43.0,75.0,2.0,0.6151173989979836,0.5791886501634254,vegetation,2
43.0,79.0,2.0,1.4295024955162603,1.4295024955162603,vegetation,1
43.0,81.0,2.0,1.6943844799030308,1.5824455131814257,vegetation,2
43.0,83.0,2.0,-0.3311832974370172,-0.3311832974370172,ground,1
45.0,-85.0,2.0,-0.974495386357925,-0.974495386357925,ground,1
45.0,-81.0,2.0,1.2805837461777227,0.15876747517632656,ground,2
45.0,-79.0,2.0,-0.9925466246937074,-0.9925466246937074,ground,1
45.0,-77.0,2.0,-0.9360711324946401,-0.965381416824675,ground,2
45.0,-75.0,2.0,-0.9383411606679756,-0.9883281228039473,ground,5
45.0,-73.0,2.0,1.949787536646315,0.48545860120029927,ground,2
45.0,-71.0,2.0,-0.9115922424061147,-0.9193911331285806,ground,2
45.0,-69.0,2.0,-0.965681351765298,-0.965681351765298,ground,1
45.0,-67.0,2.0,-0.8897479446360677,-0.8897479446360677,ground,1
45.0,-65.0,2.0,1.1435199707075183,-0.22977108219558515,ground,3
45.0,-63.0,2.0,0.4423842575488358,-0.22977070613103157,ground,2
45.0,-59.0,2.0,0.5464186895806634,0.5464186895806634,vegetation,1
45.0,-57.0,2.0,0.9264019023076074,0.9264019023076074,vegetation,1
45.0,-55.0,2.0,0.29801601509579845,0.29801601509579845,vegetation,1
45.0,-53.0,2.0,1.858561322604415,-0.33836805900555916,ground,5
45.0,-47.0,2.0,2.035749946977694,1.5521551801471967,vegetation,2
45.0,-45.0,2.0,-0.8305929669350103,-0.8381825086035024,ground,2
45.0,-43.0,2.0,0.2602559357806883,0.2602559357806883,vegetation,1
45.0,-41.0,2.0,0.4150917182016066,-0.2050767151434953,ground,2
45.0,-39.0,2.0,-0.7994194757760075,-0.7994194757760075,ground,1
45.0,-33.0,2.0,-0.8236376971379183,-0.8236376971379183,ground,1
45.0,-29.0,2.0,0.6858937533092269,-0.4099780457464585,ground,4
45.0,-27.0,2.0,-0.7371882113908559,-0.7809951246908641,ground,2
45.0,-25.0,2.0,1.4604943065451421,0.3521938553121717,ground,2
45.0,-23.0,2.0,-0.7216063102272073,-0.746284844215466,ground,4
45.0,-21.0,2.0,-0.7668289936557086,-0.7668289936557086,ground,1
45.0,-19.0,2.0,-0.716929811395346,-0.7380113078088643,ground,3
45.0,-17.0,2.0,-0.6949366917377134,-0.7218366048963334,ground,5
45.0,-15.0,2.0,-0.7297479457949044,-0.7297479457949044,ground,1
45.0,-13.0,2.0,-0.6767471899408749,-0.7212484131717757,ground,2
45.0,-11.0,2.0,-0.6770426960777945,-0.7034889108659477,ground,2
45.0,-9.0,2.0,-0.6852426952736498,-0.6879327683592473,ground,2
45.0,-7.0,2.0,-0.6771898279078711,-0.6871076034082625,ground,3
45.0,-5.0,2.0,-0.6737585528365102,-0.6737585528365102,ground,1
45.0,-1.0,2.0,-0.6470670814746033,-0.6530318522559853,ground,2
45.0,1.0,2.0,-0.6619651510219338,-0.6710527569285429,ground,2
45.0,3.0,2.0,-0.6781639684517035,-0.6781639684517035,ground,1
45.0,5.0,2.0,-0.6628622932554127,-0.6628622932554127,ground,1
45.0,9.0,2.0,-0.6440642639314202,-0.6440642639314202,ground,1
45.0,11.0,2.0,-0.6396576565341904,-0.6396576565341904,ground,1
45.0,15.0,2.0,-0.6422769241077682,-0.6422769241077682,ground,1
45.0,17.0,2.0,-0.5719452849026123,-0.5719452849026123,ground,1
45.0,19.0,2.0,-0.5907100433899349,-0.5907100433899349,ground,1
45.0,23.0,2.0,-0.6062729185038752,-0.6165465348073652,ground,2
45.0,25.0,2.0,1.5391256468098065,0.12212038519772302,ground,3
45.0,27.0,2.0,-0.5449700959945629,-0.5449700959945629,ground,1
45.0,33.0,2.0,-0.5451661163914017,-0.5464077958440615,ground,2
45.0,35.0,2.0,-0.5189188628778455,-0.5426064436969735,ground,2
45.0,37.0,2.0,2.3285257452562433,0.7829677086215151,ground,4
45.0,39.0,2.0,-0.5121789997436794,-0.5254015688037371,ground,3
45.0,43.0,2.0,1.4767155391718345,0.376432517350319,ground,4
45.0,45.0,2.0,0.7847175907280804,0.7847175907280804,vegetation,1
45.0,47.0,2.0,-0.4818672852384903,-0.4818672852384903,ground,1
45.0,49.0,2.0,2.0262945533969923,2.0262945533969923,vegetation,1
45.0,51.0,2.0,-0.4389673205393595,-0.44899235429108486,ground,2
45.0,53.0,2.0,-0.4440083778869318,-0.4630088126737373,ground,3
45.0,59.0,2.0,2.4672419697324335,1.0148862986809621,ground,2
45.0,61.0,2.0,-0.4521097507670731,-0.46796890016534687,ground,3
45.0,63.0,2.0,1.3050377444655008,0.45236208289225344,ground,2
45.0,65.0,2.0,0.900439671215427,0.900439671215427,vegetation,1
45.0,67.0,2.0,-0.338205772486089,-0.37848628445238813,ground,3
45.0,69.0,2.0,-0.3881037954928439,-0.3986511934823162,ground,3
45.0,71.0,2.0,-0.44831619928965083,-0.44831619928965083,ground,1
45.0,73.0,2.0,1.2087325175699637,0.4245195565724589,ground,2
45.0,77.0,2.0,-0.34618628984367,-0.34618628984367,ground,1
45.0,81.0,2.0,2.4523771200006097,2.4523771200006097,vegetation,1
45.0,83.0,2.0,-0.33767172584787974,-0.3413020317244003,ground,2
45.0,85.0,2.0,1.0208056839834612,0.42356674043175063,vegetation,3
47.0,-87.0,2.0,-1.0545003942635267,-1.0545003942635267,ground,1
47.0,-85.0,2.0,-1.045803215045907,-1.045803215045907,ground,1
47.0,-83.0,2.0,-1.0431481987745468,-1.0431481987745468,ground,1
47.0,-75.0,2.0,0.4189258816171023,0.4189258816171023,vegetation,1
47.0,-73.0,2.0,-0.9869679320406186,-0.9869679320406186,ground,1
47.0,-71.0,2.0,0.18685578793254115,-0.39625200785753534,ground,2
47.0,-69.0,2.0,0.5919781907802041,-0.46424800803227956,ground,3
47.0,-67.0,2.0,-0.9374991188482794,-0.9374991188482794,ground,1
47.0,-65.0,2.0,-0.94814530193878,-0.9495957409828049,ground,2
47.0,-63.0,2.0,0.7685727196325127,0.7685727196325127,vegetation,1
47.0,-61.0,2.0,-0.8975384861330076,-0.8975384861330076,ground,1
47.0,-59.0,2.0,-0.8999584877733046,-0.8999584877733046,ground,1
47.0,-57.0,2.0,0.5189507444486656,0.5189507444486656,vegetation,1
47.0,-55.0,2.0,-0.899433121831888,-0.899433121831888,ground,1
47.0,-51.0,2.0,-0.8998019669456461,-0.8998019669456461,ground,1
47.0,-49.0,2.0,1.8568811112328087,0.47260372304963205,ground,2
47.0,-45.0,2.0,2.0540650144730224,1.6805858464903776,vegetation,2
47.0,-43.0,2.0,2.130094252904769,1.3131304876267595,vegetation,2
47.0,-41.0,2.0,0.11124136410021035,-0.5965033644893494,ground,4
47.0,-39.0,2.0,0.9423350560527938,-0.01583268191048348,ground,4
47.0,-37.0,2.0,-0.817071503984102,-0.8513670089401407,ground,2
47.0,-35.0,2.0,0.7394665580081187,-0.44353851573574343,ground,4
47.0,-33.0,2.0,-0.8245750086461273,-0.8245750086461273,ground,1
47.0,-31.0,2.0,-0.8366470292976912,-0.8366470292976912,ground,1
47.0,-29.0,2.0,-0.8141481385754034,-0.8141481385754034,ground,1
47.0,-27.0,2.0,1.5687075061691722,0.3837363452350952,ground,2
47.0,-25.0,2.0,-0.7783213227414334,-0.8005320464109797,ground,2
47.0,-23.0,2.0,-0.7543769301842504,-0.7622022624292122,ground,2
47.0,-17.0,2.0,-0.7479135117962633,-0.7479135117962633,ground,1
47.0,-13.0,2.0,-0.7496898780594025,-0.7768558862329993,ground,3
47.0,-11.0,2.0,-0.7087262690884032,-0.7119984306704101,ground,2
47.0,-7.0,2.0,-0.6968774754521762,-0.6968774754521762,ground,1
47.0,-5.0,2.0,-0.7317048831134323,-0.7317048831134323,ground,1
47.0,-3.0,2.0,-0.690262418257172,-0.690262418257172,ground,1
47.0,-1.0,2.0,-0.6953063103085273,-0.7127368354594131,ground,4
47.0,1.0,2.0,-0.6650990223686515,-0.6650990223686515,ground,1
47.0,7.0,2.0,-0.6723725318208087,-0.6723725318208087,ground,1
47.0,9.0,2.0,-0.6750686418387822,-0.6771525788345443,ground,2
47.0,11.0,2.0,-0.6553538497345389,-0.6553538497345389,ground,1
47.0,15.0,2.0,-0.640181348667264,-0.6862302258486023,ground,3
47.0,17.0,2.0,-0.6465271977603085,-0.6512940052406401,ground,3
47.0,19.0,2.0,-0.6377655747002683,-0.6377655747002683,ground,1
47.0,23.0,2.0,-0.5991525911815383,-0.6196265611948528,ground,2
47.0,27.0,2.0,0.504741214720295,-0.2341380578758779,ground,3
47.0,29.0,2.0,-0.5968232171108098,-0.5968232171108098,ground,1
47.0,31.0,2.0,-0.5941752837379524,-0.5941752837379524,ground,1
47.0,35.0,2.0,1.2411394241200897,0.050718382771532955,ground,3
47.0,37.0,2.0,-0.5280340490243987,-0.5536098079709341,ground,3
47.0,39.0,2.0,1.8504324665833531,1.8504324665833531,vegetation,1
47.0,43.0,2.0,0.3017509910497528,-0.2499169073430669,ground,3
47.0,45.0,2.0,2.0757708173178195,0.7736827583402399,ground,2
47.0,47.0,2.0,-0.5386484073807533,-0.5386484073807533,ground,1
47.0,51.0,2.0,-0.4852192457938376,-0.5072045962041529,ground,3
47.0,53.0,2.0,-0.46318209806789845,-0.48069932762372625,ground,2
47.0,55.0,2.0,1.128353839457537,0.049332307182071856,ground,3
47.0,57.0,2.0,-0.4252019947015386,-0.4604604220505075,ground,3
47.0,59.0,2.0,1.415712719676188,0.47851801239941405,ground,2
47.0,63.0,2.0,-0.43339636006504106,-0.43339636006504106,ground,1
47.0,65.0,2.0,2.3960362663946917,2.3960362663946917,vegetation,1
47.0,69.0,2.0,2.14489158778526,2.14489158778526,vegetation,1
47.0,71.0,2.0,-0.4016955397379561,-0.4016955397379561,ground,1
47.0,73.0,2.0,2.3725772086497097,0.5301680437625625,ground,3
47.0,75.0,2.0,2.084161108185738,0.8382459359141285,ground,2
47.0,77.0,2.0,-0.4049508226210155,-0.41238288324883243,ground,2
47.0,79.0,2.0,0.7942734536951936,0.005593667128130253,ground,3
47.0,87.0,2.0,-0.3748349561425703,-0.3748349561425703,ground,1
49.0,-81.0,2.0,0.912188728317813,0.912188728317813,vegetation,1
49.0,-79.0,2.0,0.530414337933229,-0.5331393215215319,ground,3
49.0,-75.0,2.0,0.21854711376254582,-0.4031771076834807,ground,2
49.0,-73.0,2.0,1.4860520713083107,1.4860520713083107,vegetation,1
49.0,-71.0,2.0,0.7826450941921487,-0.11945499058297687,ground,2
49.0,-69.0,2.0,-0.968802453813507,-0.968802453813507,ground,1
49.0,-67.0,2.0,-1.043036975768109,-1.043036975768109,ground,1
49.0,-65.0,2.0,-1.0066174710098053,-1.0233293203853473,ground,3
49.0,-63.0,2.0,1.779481032784279,1.779481032784279,vegetation,1
49.0,-61.0,2.0,-0.9687231255124452,-0.9705475675977567,ground,2
49.0,-55.0,2.0,-0.9379976841874215,-0.9379976841874215,ground,1
49.0,-51.0,2.0,1.1988551020473486,0.12160091826811131,ground,2
49.0,-47.0,2.0,1.9439410696830055,0.3847857623657818,vegetation,3
49.0,-43.0,2.0,-0.9111098639429104,-0.9250654863566585,ground,4
49.0,-41.0,2.0,0.16021827212613238,0.10258973052743679,vegetation,2
49.0,-39.0,2.0,-0.8850501989626242,-0.9042156798731862,ground,2
49.0,-35.0,2.0,1.8660507503150456,0.5108303373460699,ground,2
49.0,-33.0,2.0,-0.8465673232353924,-0.8465673232353924,ground,1
49.0,-29.0,2.0,-0.9044120917146439,-0.9044120917146439,ground,1
49.0,-27.0,2.0,1.3472138588045715,0.23514943837661045,ground,2
49.0,-25.0,2.0,-0.8058309194516045,-0.8278154595118276,ground,3
49.0,-23.0,2.0,-0.8109526463409472,-0.8333513849929192,ground,3
49.0,-21.0,2.0,-0.8522620216915129,-0.8522620216915129,ground,1
49.0,-19.0,2.0,-0.7675854433360145,-0.8028504493807328,ground,3
49.0,-15.0,2.0,-0.796182419375851,-0.796182419375851,ground,1
49.0,-13.0,2.0,-0.7946608732052849,-0.7946608732052849,ground,1
49.0,-11.0,2.0,-0.72930047586746,-0.7777723728290902,ground,5
49.0,-9.0,2.0,-0.7847704700619985,-0.7847704700619985,ground,1
49.0,-7.0,2.0,-0.7317669541321161,-0.7409959776839917,ground,3
49.0,-3.0,2.0,-0.753423724337845,-0.7550804496800729,ground,2
49.0,1.0,2.0,-0.7174692670900263,-0.7402457261217202,ground,3
49.0,3.0,2.0,-0.7015515149114002,-0.7015515149114002,ground,1
49.0,5.0,2.0,-0.7191662079200419,-0.7191662079200419,ground,1
49.0,7.0,2.0,-0.6961385726198611,-0.69963041690211,ground,3
49.0,9.0,2.0,-0.6855928353408264,-0.7092770803180728,ground,3
49.0,11.0,2.0,-0.6574851469030336,-0.687276761331691,ground,2
49.0,15.0,2.0,-0.6380039647568654,-0.6484047773872734,ground,2
49.0,17.0,2.0,-0.6438955673985838,-0.6933206149232651,ground,3
49.0,23.0,2.0,-0.6825193265839844,-0.687400873634407,ground,2
49.0,25.0,2.0,-0.6374376757300316,-0.6374376757300316,ground,1
49.0,27.0,2.0,2.3101031009164075,0.15137143257575236,ground,6
49.0,29.0,2.0,-0.658666796432114,-0.658666796432114,ground,1
49.0,31.0,2.0,0.9406944032767659,0.9406944032767659,vegetation,1
49.0,33.0,2.0,-0.5563303266973983,-0.5563303266973983,ground,1
49.0,35.0,2.0,1.2004909995269246,0.4118590355943863,vegetation,3
49.0,37.0,2.0,2.001021000646536,0.7167633442478205,ground,2
49.0,39.0,2.0,-0.5817203489107883,-0.5817203489107883,ground,1
49.0,41.0,2.0,-0.5062771111417814,-0.5341721350661881,ground,2
49.0,43.0,2.0,-0.5392275329560002,-0.5470866491012027,ground,2
49.0,47.0,2.0,-0.5262089970062533,-0.5262089970062533,ground,1
49.0,51.0,2.0,-0.5626024534161044,-0.5626024534161044,ground,1
49.0,53.0,2.0,0.3186845447613823,0.3186845447613823,vegetation,1
49.0,55.0,2.0,-0.5560915675017049,-0.5560915675017049,ground,1
49.0,57.0,2.0,0.9268470972113299,0.2507836444106533,vegetation,3
49.0,59.0,2.0,2.302570245880812,0.9071736342188688,ground,2
49.0,65.0,2.0,-0.45865083552443064,-0.45865083552443064,ground,1
49.0,67.0,2.0,-0.45520723351147974,-0.4697066443157273,ground,2
49.0,69.0,2.0,-0.4244492532158487,-0.4398936807009446,ground,2
49.0,73.0,2.0,1.9000540558952252,0.7117145870117297,ground,2
49.0,75.0,2.0,1.065201626558772,0.31998809458042293,ground,2
49.0,77.0,2.0,0.47529429187954186,0.045570852227248715,ground,2
49.0,79.0,2.0,-0.4004264105843016,-0.4004264105843016,ground,1
49.0,83.0,2.0,-0.3625479603938309,-0.3798291561757583,ground,2
49.0,87.0,2.0,-0.39300132602242277,-0.39300132602242277,ground,1
51.0,-85.0,2.0,1.6982629979654162,-0.31471223109303786,ground,5
51.0,-83.0,2.0,-1.05851562516627,-1.0745978940075696,ground,2
51.0,-81.0,2.0,-1.0860498928479345,-1.0860498928479345,ground,1
51.0,-79.0,2.0,1.6414952326580727,0.3969187440202437,vegetation,3
51.0,-77.0,2.0,-1.0254817948379105,-1.0508546954684768,ground,2
51.0,-75.0,2.0,1.9439597614441346,1.9439597614441346,vegetation,1
51.0,-67.0,2.0,0.3692626890709715,-0.3526107548021293,ground,2
51.0,-65.0,2.0,-1.018351882661563,-1.018351882661563,ground,1
51.0,-63.0,2.0,1.4143131639241735,0.9878326314255288,vegetation,3
51.0,-61.0,2.0,-0.9932295219757725,-0.9932295219757725,ground,1
51.0,-59.0,2.0,-1.0181163561695326,-1.0181163561695326,ground,1
51.0,-55.0,2.0,-0.9351908930081055,-0.9636336765610634,ground,2
51.0,-51.0,2.0,0.8947410779865026,-0.15944150325912335,vegetation,5
51.0,-49.0,2.0,-0.9638360019514093,-0.9638360019514093,ground,1
51.0,-47.0,2.0,-0.9230916963185481,-0.9230916963185481,ground,1
51.0,-45.0,2.0,-0.9484305900102765,-0.9484305900102765,ground,1
51.0,-37.0,2.0,-0.8683019426189168,-0.9017453774217968,ground,2
51.0,-35.0,2.0,1.3119202071346807,-0.14463168509047064,ground,3
51.0,-31.0,2.0,-0.8406719234121354,-0.8779235120730845,ground,2
51.0,-29.0,2.0,-0.8217254238421735,-0.8384453044912422,ground,2
51.0,-25.0,2.0,-0.8539980363600904,-0.8539980363600904,ground,1
51.0,-21.0,2.0,-0.8084958822834417,-0.8350791332604521,ground,2
51.0,-19.0,2.0,-0.8553325983044716,-0.872261310733133,ground,3
51.0,-17.0,2.0,-0.8235597093829693,-0.8235597093829693,ground,1
51.0,-15.0,2.0,-0.8076502642804965,-0.8076502642804965,ground,1
51.0,-13.0,2.0,-0.8177164740040562,-0.8177164740040562,ground,1
51.0,-7.0,2.0,-0.7608650087268681,-0.7608650087268681,ground,1
51.0,-5.0,2.0,-0.7709359821690192,-0.7714280097942465,ground,2
51.0,-3.0,2.0,-0.763876866129451,-0.7646338086579916,ground,2
51.0,1.0,2.0,-0.7352896239642535,-0.7352896239642535,ground,1
51.0,3.0,2.0,-0.723268365562258,-0.7320041057872817,ground,2
51.0,5.0,2.0,-0.71778086581542,-0.717988402235644,ground,2
51.0,7.0,2.0,-0.7713503812285326,-0.7713503812285326,ground,1
51.0,9.0,2.0,-0.7331300525443499,-0.7446279815246581,ground,2
51.0,11.0,2.0,-0.6819773949396866,-0.7206400794473544,ground,2
51.0,13.0,2.0,-0.6942161747519955,-0.6942161747519955,ground,1
51.0,17.0,2.0,-0.6695798056548439,-0.7021126824589861,ground,2
51.0,19.0,2.0,-0.7015948167795697,-0.7015948167795697,ground,1
51.0,21.0,2.0,-0.6477961536213289,-0.6812295598148643,ground,2
51.0,23.0,2.0,-0.6598711490186564,-0.6598711490186564,ground,1
51.0,25.0,2.0,-0.6401614526740287,-0.6476229765163056,ground,2
51.0,29.0,2.0,-0.6321034045701688,-0.6455694067233579,ground,2
51.0,31.0,2.0,1.2917830455406971,1.2917830455406971,vegetation,1
51.0,33.0,2.0,-0.6198447728750238,-0.6198447728750238,ground,1
51.0,35.0,2.0,-0.6262766463192752,-0.6262766463192752,ground,1
51.0,37.0,2.0,0.4720792991770478,-0.0713700693823667,ground,2
51.0,39.0,2.0,2.2208021103775715,1.287422674290021,vegetation,3
51.0,43.0,2.0,1.439367625494898,1.439367625494898,vegetation,1
51.0,45.0,2.0,-0.5803381491386368,-0.5803381491386368,ground,1
51.0,47.0,2.0,1.3387885653185605,1.0012356804897382,vegetation,2
51.0,49.0,2.0,2.441146101333867,0.9250926786015965,vegetation,3
51.0,53.0,2.0,2.1506527090773435,0.5622060922827734,ground,4
51.0,55.0,2.0,1.021657684052736,1.021657684052736,vegetation,1
51.0,57.0,2.0,-0.5241898972993172,-0.5520424937661713,ground,2
51.0,61.0,2.0,2.1565286352150284,0.3977819990093205,ground,4
51.0,63.0,2.0,-0.5094123304537063,-0.5094123304537063,ground,1
51.0,65.0,2.0,1.309018700720196,1.309018700720196,vegetation,1
51.0,71.0,2.0,-0.47497777932466845,-0.49740935891711024,ground,2
51.0,73.0,2.0,-0.45528175364090695,-0.45863178210773703,ground,2
51.0,75.0,2.0,1.9690449132624177,0.3331756127403213,ground,3
51.0,77.0,2.0,-0.4530240174303621,-0.4530240174303621,ground,1
51.0,79.0,2.0,1.2892180292566253,0.4105353626338399,ground,2
51.0,81.0,2.0,-0.41377520789849415,-0.41377520789849415,ground,1
51.0,85.0,2.0,-0.4235989183304696,-0.4420213487080342,ground,2
53.0,-85.0,2.0,0.40434578853498215,0.40434578853498215,vegetation,1
53.0,-81.0,2.0,-1.1466293557442975,-1.1466293557442975,ground,1
53.0,-73.0,2.0,-0.24847057954269447,-0.8174071263156272,ground,3
53.0,-67.0,2.0,-0.19261185372119624,-0.6268091216827725,ground,2
53.0,-61.0,2.0,1.1912730867397887,0.08006653624312865,ground,2
53.0,-59.0,2.0,0.2989543165428413,0.2989543165428413,vegetation,1
53.0,-53.0,2.0,-0.9686232674583591,-0.9686232674583591,ground,1
53.0,-51.0,2.0,-0.9940004756398471,-0.9940004756398471,ground,1
53.0,-47.0,2.0,-0.9197518243661693,-0.9197518243661693,ground,1
53.0,-45.0,2.0,1.0352954670127361,1.0352954670127361,vegetation,1
53.0,-39.0,2.0,0.9148723693816962,-0.0322811695194562,ground,2
53.0,-37.0,2.0,-0.9617950126247277,-0.9617950126247277,ground,1
53.0,-35.0,2.0,1.9874959641247179,-0.35873428607342384,ground,5
53.0,-33.0,2.0,-0.8996009903124805,-0.9248512461001646,ground,2
53.0,-31.0,2.0,-0.86433010002136,-0.9093679280079853,ground,4
53.0,-29.0,2.0,0.3423442537768649,-0.2593950230624301,ground,2
53.0,-27.0,2.0,-0.06318929393586085,-0.6843339825092856,ground,4
53.0,-25.0,2.0,-0.8658350880490878,-0.8712589510165631,ground,2
53.0,-23.0,2.0,-0.9040244932977496,-0.9040244932977496,ground,1
53.0,-21.0,2.0,-0.8901385720701793,-0.8901385720701793,ground,1
53.0,-19.0,2.0,-0.8507931040177915,-0.8741786775492291,ground,5
53.0,-17.0,2.0,-0.8509284020829845,-0.8574447099779792,ground,2
53.0,-13.0,2.0,-0.7868932298411402,-0.7868932298411402,ground,1
53.0,-11.0,2.0,-0.8716833844322276,-0.8716833844322276,ground,1
53.0,-9.0,2.0,-0.8270579155670411,-0.8270579155670411,ground,1
53.0,-7.0,2.0,-0.7665543234148399,-0.7900326742239215,ground,3
53.0,-5.0,2.0,-0.8069299034779229,-0.8152547338450488,ground,3
53.0,-3.0,2.0,-0.7613742030162689,-0.8061740732654089,ground,3
53.0,-1.0,2.0,-0.7756851905586943,-0.7879063461846054,ground,2
53.0,1.0,2.0,-0.7859586557298159,-0.8276808176967668,ground,2
53.0,3.0,2.0,-0.7521653856946574,-0.7770221659902389,ground,3
53.0,5.0,2.0,-0.7530665169795487,-0.7795397947558411,ground,4
53.0,11.0,2.0,-0.7490553122285022,-0.7608240457026187,ground,2
53.0,15.0,2.0,-0.7303007166760119,-0.7303007166760119,ground,1
53.0,17.0,2.0,-0.7055502183762772,-0.7055502183762772,ground,1
53.0,19.0,2.0,-0.7244958306847783,-0.7244958306847783,ground,1
53.0,21.0,2.0,-0.6959497492192968,-0.7104670933828927,ground,2
53.0,23.0,2.0,-0.6569471165512065,-0.6832976555217494,ground,3
53.0,25.0,2.0,1.9344381917784288,-0.04504191576193817,ground,4
53.0,27.0,2.0,1.7998730176222746,0.559081621298625,ground,2
53.0,31.0,2.0,0.594954656690412,0.594954656690412,vegetation,1
53.0,33.0,2.0,-0.6482649843978753,-0.6482649843978753,ground,1
53.0,35.0,2.0,-0.6422696086970224,-0.6490727900309616,ground,2
53.0,39.0,2.0,2.0839822853175436,0.7259210481690204,ground,2
53.0,41.0,2.0,1.3606434580199416,0.3578340039542383,ground,2
53.0,43.0,2.0,0.9374394424866167,0.16298494815521303,ground,2
53.0,47.0,2.0,-0.6089676315725053,-0.6089676315725053,ground,1
53.0,49.0,2.0,1.1328090007202074,1.1328090007202074,vegetation,1
53.0,51.0,2.0,1.3335360309506865,1.3335360309506865,vegetation,1
53.0,53.0,2.0,-0.570504280405464,-0.570504280405464,ground,1
53.0,55.0,2.0,-0.6139065875225355,-0.6139065875225355,ground,1
53.0,57.0,2.0,0.5612386858606784,-0.2886048308814705,ground,4
53.0,59.0,2.0,-0.503087692817796,-0.5598033826121691,ground,2
53.0,61.0,2.0,1.1799367216963912,0.3999932693645694,vegetation,3
53.0,63.0,2.0,-0.5491423399014796,-0.5491423399014796,ground,1
53.0,65.0,2.0,-0.5844618240457407,-0.5844618240457407,ground,1
53.0,71.0,2.0,0.9234898737221798,0.9234898737221798,vegetation,1
53.0,73.0,2.0,0.951097129802187,0.951097129802187,vegetation,1
53.0,77.0,2.0,-0.49180105065552676,-0.49180105065552676,ground,1
53.0,81.0,2.0,2.21423760294381,2.21423760294381,vegetation,1
53.0,83.0,2.0,-0.4505604467640548,-0.4505604467640548,ground,1
55.0,-81.0,2.0,-1.1704208126044064,-1.1704208126044064,ground,1
55.0,-79.0,2.0,0.9767610516686882,0.9767610516686882,vegetation,1
55.0,-77.0,2.0,0.22630210487068436,0.22630210487068436,vegetation,1
55.0,-73.0,2.0,-0.14401453081284923,-0.6583136705311207,ground,2
55.0,-71.0,2.0,-1.1163251237553553,-1.1163251237553553,ground,1
55.0,-69.0,2.0,-1.1367095589568104,-1.1376242031008355,ground,2
55.0,-65.0,2.0,-1.0930041226295402,-1.0930041226295402,ground,1
55.0,-57.0,2.0,-1.034255576063651,-1.0423753603570263,ground,2
55.0,-55.0,2.0,1.3650500799199856,1.3650500799199856,vegetation,1
55.0,-53.0,2.0,-1.064240311216894,-1.064240311216894,ground,1
55.0,-51.0,2.0,1.3580094062911774,0.7248839487551771,vegetation,2
55.0,-47.0,2.0,-1.00987555321179,-1.0220610307104983,ground,2
55.0,-43.0,2.0,1.6548175416248716,-0.1300529113953366,ground,3
55.0,-39.0,2.0,-0.9516152193290244,-0.9516152193290244,ground,1
55.0,-37.0,2.0,-0.9851433944378873,-0.9914093003853462,ground,2
55.0,-35.0,2.0,0.3760321592544932,-0.5260606419060556,ground,3
55.0,-33.0,2.0,-0.9805938034907206,-0.9805938034907206,ground,1
55.0,-31.0,2.0,-0.9323925205567023,-0.9323925205567023,ground,1
55.0,-29.0,2.0,0.02359291088141177,-0.4464409226052345,ground,2
55.0,-27.0,2.0,-0.9484444640961194,-0.9484444640961194,ground,1
55.0,-25.0,2.0,0.4174678351033757,-0.48381863067843,ground,3
55.0,-23.0,2.0,-0.9109826150663722,-0.9230802806489556,ground,2
55.0,-19.0,2.0,-0.8823579838896456,-0.9046523529930434,ground,2
55.0,-17.0,2.0,-0.8741437607310297,-0.882207616097826,ground,2
55.0,-15.0,2.0,-0.8580806790605343,-0.8580806790605343,ground,1
55.0,-13.0,2.0,-0.8452008265667588,-0.852900828973532,ground,2
55.0,-11.0,2.0,-0.9132985806545708,-0.9132985806545708,ground,1
55.0,-9.0,2.0,-0.8041747037925828,-0.8041747037925828,ground,1
55.0,-7.0,2.0,-0.8472241724956691,-0.8652805647032782,ground,2
55.0,-5.0,2.0,-0.8113749108724277,-0.8310578272164841,ground,3
55.0,-3.0,2.0,-0.8417841320979885,-0.8532397061506525,ground,2
55.0,-1.0,2.0,-0.8396864180066126,-0.852988810830603,ground,2
55.0,1.0,2.0,-0.7751554043106206,-0.8197739815563609,ground,5
55.0,3.0,2.0,-0.792440911546719,-0.792440911546719,ground,1
55.0,5.0,2.0,-0.8204925839095383,-0.8204925839095383,ground,1
55.0,7.0,2.0,-0.851645006389836,-0.851645006389836,ground,1
55.0,9.0,2.0,-0.7643027844216989,-0.7643027844216989,ground,1
55.0,11.0,2.0,-0.7594414400187564,-0.7820032970104781,ground,2
55.0,15.0,2.0,-0.725553595583816,-0.7618086245797584,ground,4
55.0,17.0,2.0,-0.7622856324000674,-0.7684878488820499,ground,2
55.0,19.0,2.0,-0.7497872690280907,-0.763126320610549,ground,2
55.0,21.0,2.0,-0.7372416676090132,-0.7372416676090132,ground,1
55.0,23.0,2.0,-0.7074814546995593,-0.7400211921384032,ground,4
55.0,25.0,2.0,-0.7480077948959818,-0.7480077948959818,ground,1
55.0,29.0,2.0,0.272051708116156,-0.1914460847877753,ground,2
55.0,33.0,2.0,1.917643599632851,1.917643599632851,vegetation,1
55.0,37.0,2.0,0.963680951265879,0.963680951265879,vegetation,1
55.0,39.0,2.0,-0.6203351671826182,-0.6203351671826182,ground,1
55.0,41.0,2.0,-0.655288301384203,-0.6559950296001069,ground,2
55.0,43.0,2.0,-0.5946277088665134,-0.5946277088665134,ground,1
55.0,47.0,2.0,1.864628830063685,1.864628830063685,vegetation,1
55.0,51.0,2.0,-0.6173910020221515,-0.6218237247009177,ground,2
55.0,53.0,2.0,-0.5669713269154079,-0.5669713269154079,ground,1
55.0,55.0,2.0,-0.5746783832434734,-0.5916157371917661,ground,5
55.0,57.0,2.0,-0.6215028247361383,-0.6215028247361383,ground,1
55.0,59.0,2.0,-0.5602482184663089,-0.5746113745245496,ground,2
55.0,61.0,2.0,-0.5553330850969542,-0.5627157714808259,ground,2
55.0,63.0,2.0,1.7593622340118924,1.7593622340118924,vegetation,1
55.0,69.0,2.0,2.243639528135407,2.243639528135407,vegetation,1
55.0,73.0,2.0,-0.5173209585355429,-0.5269434989769579,ground,2
55.0,77.0,2.0,-0.5081577818738284,-0.5081577818738284,ground,1
55.0,79.0,2.0,0.4564692352625762,-0.17581362807273623,ground,3
55.0,81.0,2.0,1.1320341214326748,1.1320341214326748,vegetation,1
57.0,-81.0,2.0,-1.1851970866892265,-1.1851970866892265,ground,1
57.0,-77.0,2.0,-1.159196218759278,-1.159196218759278,ground,1
57.0,-75.0,2.0,0.8317080760152953,-0.5001299629318576,ground,3
57.0,-73.0,2.0,1.2284530889706282,1.2284530889706282,vegetation,1
57.0,-71.0,2.0,-1.1204302894968976,-1.1330271535157912,ground,2
57.0,-69.0,2.0,-1.123221662410982,-1.138646974839438,ground,2
57.0,-67.0,2.0,-1.123546832587213,-1.1277579253671308,ground,2
57.0,-61.0,2.0,-1.1084024876189997,-1.1112847296835096,ground,2
57.0,-59.0,2.0,1.8073723542714364,1.8073723542714364,vegetation,1
57.0,-57.0,2.0,-1.0905245486087842,-1.0905245486087842,ground,1
57.0,-55.0,2.0,-1.0754729089131345,-1.0754729089131345,ground,1
57.0,-53.0,2.0,-1.0526125999201674,-1.0526125999201674,ground,1
57.0,-51.0,2.0,-1.0963064035158485,-1.0963064035158485,ground,1
57.0,-49.0,2.0,1.1579574366009928,1.1579574366009928,vegetation,1
57.0,-47.0,2.0,-1.0266896730184871,-1.0364916752271256,ground,3
57.0,-45.0,2.0,0.47435441151703317,0.33069554171889526,vegetation,2
57.0,-41.0,2.0,-1.0304598217848828,-1.0304598217848828,ground,1
57.0,-39.0,2.0,-1.0098848983646376,-1.0098848983646376,ground,1
57.0,-37.0,2.0,-0.9907476818650914,-0.9907476818650914,ground,1
57.0,-35.0,2.0,1.8535496244919778,1.8535496244919778,vegetation,1
57.0,-33.0,2.0,-0.9811468678736794,-0.9811468678736794,ground,1
57.0,-31.0,2.0,-0.9582677992121776,-0.9855228247877044,ground,2
57.0,-29.0,2.0,0.8936774411195189,-0.056608409524172267,vegetation,3
57.0,-27.0,2.0,1.655584758502548,1.655584758502548,vegetation,1
57.0,-25.0,2.0,1.5727901854511699,0.3235568690032635,ground,2
57.0,-23.0,2.0,-0.9400339527839484,-0.9613076662924707,ground,4
57.0,-19.0,2.0,-0.922559227277071,-0.9346266230623759,ground,2
57.0,-17.0,2.0,-0.910870752246355,-0.9320940033235637,ground,2
57.0,-15.0,2.0,-0.8748913201141524,-0.9179653203288122,ground,2
57.0,-13.0,2.0,-0.8627619303732152,-0.8874979382272495,ground,4
57.0,-9.0,2.0,-0.8889583120513178,-0.8974202261303327,ground,3
57.0,-7.0,2.0,-0.9175092488320268,-0.9175092488320268,ground,1
57.0,-5.0,2.0,-0.8393232602117431,-0.8727390805446792,ground,3
57.0,-3.0,2.0,-0.8558843495630404,-0.8637451119232131,ground,2
57.0,-1.0,2.0,-0.8297603938263312,-0.8535612484300665,ground,5
57.0,3.0,2.0,-0.84044611785771,-0.841587847635149,ground,2
57.0,5.0,2.0,-0.7898157459193453,-0.7898157459193453,ground,1
57.0,7.0,2.0,-0.8305121644824401,-0.8305121644824401,ground,1
57.0,9.0,2.0,-0.7947727415107068,-0.8126376148247991,ground,4
57.0,11.0,2.0,-0.7523499598102863,-0.7865297952884653,ground,2
57.0,13.0,2.0,-0.8100942069198483,-0.8282834298830436,ground,3
57.0,15.0,2.0,-0.7903632025947278,-0.7903632025947278,ground,1
57.0,17.0,2.0,-0.7947653989524919,-0.8003705286590642,ground,2
57.0,19.0,2.0,-0.7466579735094385,-0.7703754886264564,ground,4
57.0,21.0,2.0,-0.7814426229892015,-0.7814426229892015,ground,1
57.0,23.0,2.0,-0.7430993961233023,-0.7545726735028121,ground,2
57.0,25.0,2.0,2.2691757874506946,0.24876967546431242,ground,3
57.0,27.0,2.0,-0.7052064319104485,-0.7208780390430377,ground,2
57.0,29.0,2.0,2.0095893201600346,0.6238209168051243,ground,2
57.0,33.0,2.0,-0.7496148943226665,-0.7496148943226665,ground,1
57.0,35.0,2.0,0.20436669756633863,-0.4959988607017991,ground,4
57.0,37.0,2.0,-0.6802452691915346,-0.6802452691915346,ground,1
57.0,39.0,2.0,-0.757668522867099,-0.757668522867099,ground,1
57.0,41.0,2.0,0.22716791691998484,-0.3888286237750916,ground,3
57.0,43.0,2.0,2.2965071458257746,1.1553056962709687,vegetation,4
57.0,45.0,2.0,-0.6283377614692188,-0.6739598910736901,ground,2
57.0,47.0,2.0,-0.6898123548192188,-0.6898123548192188,ground,1
57.0,51.0,2.0,1.5016288758229317,0.06383247708882885,ground,3
57.0,53.0,2.0,-0.636405176982459,-0.6460607465746377,ground,2
57.0,57.0,2.0,1.3121308515337256,0.3410840513724636,ground,2
57.0,61.0,2.0,-0.612645220558034,-0.6137738287440685,ground,2
57.0,63.0,2.0,-0.5979491397026355,-0.6107132089507247,ground,3
57.0,65.0,2.0,1.2414013383922984,0.8023917179532453,vegetation,2
57.0,67.0,2.0,-0.5562928509887252,-0.5987909319624092,ground,3
57.0,69.0,2.0,1.9009837322943055,1.9009837322943055,vegetation,1
57.0,71.0,2.0,2.3935671068322684,0.42662994665258336,ground,3
57.0,73.0,2.0,-0.5824328835284458,-0.5824328835284458,ground,1
57.0,75.0,2.0,-0.5191312662060653,-0.5191312662060653,ground,1
57.0,77.0,2.0,1.9302910543650624,0.271026210496078,ground,4
57.0,79.0,2.0,-0.5689794211139801,-0.5689794211139801,ground,1
57.0,83.0,2.0,2.1647646045204914,2.1647646045204914,vegetation,1
59.0,-81.0,2.0,-1.1805817778401966,-1.1805817778401966,ground,1
59.0,-79.0,2.0,1.7274917263884904,0.4084781935902095,vegetation,3
59.0,-77.0,2.0,0.3244473645075353,0.3244473645075353,vegetation,1
59.0,-75.0,2.0,1.4018556221970915,1.089282943652915,vegetation,2
59.0,-73.0,2.0,-0.1981945305125146,-0.1981945305125146,vegetation,1
59.0,-71.0,2.0,0.6598174878561615,-0.2490359701618174,ground,2
59.0,-69.0,2.0,1.2212712546658893,1.2212712546658893,vegetation,1
59.0,-65.0,2.0,-0.11305842916562589,-0.6336112669816337,ground,2
59.0,-63.0,2.0,-1.1115874966986734,-1.1266298694107524,ground,2
59.0,-61.0,2.0,-0.01935037386382399,-0.01935037386382399,vegetation,1
59.0,-59.0,2.0,-1.1107973857607156,-1.1107973857607156,ground,1
59.0,-57.0,2.0,-1.096290198085417,-1.096290198085417,ground,1
59.0,-55.0,2.0,-1.1097987747843603,-1.1097987747843603,ground,1
59.0,-53.0,2.0,0.16050051898008955,0.16050051898008955,vegetation,1
59.0,-51.0,2.0,-1.0884655472683895,-1.0884655472683895,ground,1
59.0,-49.0,2.0,-1.08188691912141,-1.087986111484037,ground,2
59.0,-47.0,2.0,0.726647193503511,0.726647193503511,vegetation,1
59.0,-45.0,2.0,-1.072503598662039,-1.072503598662039,ground,1
59.0,-43.0,2.0,-1.0395699021228335,-1.050582315026914,ground,2
59.0,-39.0,2.0,-1.0721876241224733,-1.0721876241224733,ground,1
59.0,-37.0,2.0,-0.13116054923087583,-0.7940968164606718,ground,4
59.0,-33.0,2.0,1.7893995870359214,1.7893995870359214,vegetation,1
59.0,-31.0,2.0,-1.0278866160188649,-1.0336259462302189,ground,2
59.0,-29.0,2.0,0.987609403436463,-0.01754255347706518,ground,2
59.0,-21.0,2.0,-0.956806020523911,-0.9639666019969887,ground,3
59.0,-19.0,2.0,-0.9727076001556969,-0.996002487200847,ground,2
59.0,-17.0,2.0,-0.9658999673266737,-0.9658999673266737,ground,1
59.0,-11.0,2.0,-0.9022867596700136,-0.9223091302870482,ground,3
59.0,-3.0,2.0,-0.9328916788833999,-0.9328916788833999,ground,1
59.0,1.0,2.0,-0.8680529358044753,-0.8680529358044753,ground,1
59.0,7.0,2.0,-0.8360664781712878,-0.8486512070747617,ground,4
59.0,9.0,2.0,-0.8638026991205319,-0.8638026991205319,ground,1
59.0,15.0,2.0,-0.8105158313539791,-0.8217662979698894,ground,3
59.0,17.0,2.0,-0.7763772853213265,-0.7765999202226122,ground,2
59.0,23.0,2.0,-0.8056956570381826,-0.8179957484724403,ground,2
59.0,27.0,2.0,0.26344293413672254,-0.26626539616999567,ground,2
59.0,29.0,2.0,0.15476193947552003,-0.31738443237664227,ground,2
59.0,31.0,2.0,-0.766069017721819,-0.7836895305785192,ground,3
59.0,33.0,2.0,0.3230221223590049,-0.19052213969735785,vegetation,5
59.0,37.0,2.0,-0.7340470955689813,-0.7340470955689813,ground,1
59.0,41.0,2.0,-0.7144219219566617,-0.7144219219566617,ground,1
59.0,47.0,2.0,-0.7055730474377584,-0.705595373670444,ground,2
59.0,49.0,2.0,-0.7230448369392245,-0.7230448369392245,ground,1
59.0,53.0,2.0,-0.665628261121461,-0.665628261121461,ground,1
59.0,57.0,2.0,1.9649630181412037,1.9649630181412037,vegetation,1
59.0,59.0,2.0,1.2222221645768019,0.29634800561955865,ground,2
59.0,61.0,2.0,0.7355193517801893,0.03983094729414727,ground,2
59.0,63.0,2.0,-0.6270407834548045,-0.6270407834548045,ground,1
59.0,65.0,2.0,2.273824440872593,0.932572412905802,vegetation,3
59.0,67.0,2.0,2.3281946897128623,2.3281946897128623,vegetation,1
59.0,69.0,2.0,-0.5953886567748573,-0.5953886567748573,ground,1
59.0,71.0,2.0,-0.6446038818535779,-0.6446038818535779,ground,1
59.0,73.0,2.0,0.6258774441484947,0.6258774441484947,vegetation,1
59.0,75.0,2.0,-0.5843554644600313,-0.5926536329800751,ground,2
59.0,77.0,2.0,1.0447988686475824,1.0447988686475824,vegetation,1
59.0,79.0,2.0,-0.586484684374609,-0.586484684374609,ground,1
61.0,-79.0,2.0,-1.1780185529538907,-1.1780185529538907,ground,1
61.0,-77.0,2.0,-1.234658163758704,-1.234658163758704,ground,1
61.0,-75.0,2.0,-1.1973429717985142,-1.208636304218786,ground,2
61.0,-73.0,2.0,-1.205625628640842,-1.205625628640842,ground,1
61.0,-71.0,2.0,1.13399268717539,-0.020288681319148405,ground,2
61.0,-69.0,2.0,-1.1926674502162067,-1.1926674502162067,ground,1
61.0,-67.0,2.0,0.24880016883983735,0.24880016883983735,vegetation,1
61.0,-65.0,2.0,-1.1573717399903805,-1.1573717399903805,ground,1
61.0,-63.0,2.0,0.06710849834953359,0.06710849834953359,vegetation,1
61.0,-61.0,2.0,1.5230027576687555,1.4147717626981342,vegetation,2
61.0,-57.0,2.0,-1.1099493494537003,-1.1099493494537003,ground,1
61.0,-51.0,2.0,-1.0647325439904727,-1.0647325439904727,ground,1
61.0,-43.0,2.0,-1.0142244758236236,-1.0142244758236236,ground,1
61.0,-41.0,2.0,-1.0568607651158795,-1.0568607651158795,ground,1
61.0,-39.0,2.0,1.6955178867238807,0.6899770079229216,vegetation,4
61.0,-37.0,2.0,-1.0307595722138323,-1.0307595722138323,ground,1
61.0,-35.0,2.0,0.559121132276706,-0.2709227723221801,ground,2
61.0,-33.0,2.0,-1.0175723223587658,-1.0347008700179852,ground,2
61.0,-29.0,2.0,-1.0210508809800831,-1.0210508809800831,ground,1
61.0,-27.0,2.0,-1.0166579836785392,-1.0166579836785392,ground,1
61.0,-25.0,2.0,-1.0132904877301727,-1.0132904877301727,ground,1
61.0,-23.0,2.0,-1.0180090914066051,-1.0180090914066051,ground,1
61.0,-21.0,2.0,-0.9856947397751962,-0.9856947397751962,ground,1
61.0,-17.0,2.0,-0.9282952589586482,-0.9624123413978796,ground,4
61.0,-11.0,2.0,-0.9601522697763755,-0.9692888304973893,ground,2
61.0,-7.0,2.0,-0.9737364458491603,-0.9826437328854563,ground,2
61.0,-5.0,2.0,-0.9563574215852277,-0.9738751867464724,ground,2
61.0,-1.0,2.0,-0.8716978055328896,-0.9109968458738102,ground,4
61.0,1.0,2.0,-0.8663467268514986,-0.8663467268514986,ground,1
61.0,3.0,2.0,-0.8873883294569547,-0.8873883294569547,ground,1
61.0,5.0,2.0,-0.8921098826709378,-0.8958962203944896,ground,4
61.0,7.0,2.0,-0.8356811655342152,-0.8588113104120817,ground,2
61.0,9.0,2.0,-0.8497040184388315,-0.8883032686355457,ground,2
61.0,11.0,2.0,-0.838249884384557,-0.881350381960471,ground,3
61.0,13.0,2.0,-0.8271139976188091,-0.8562554651137111,ground,3
61.0,15.0,2.0,-0.7994912719866029,-0.849436307771129,ground,3
61.0,17.0,2.0,-0.8128529673945922,-0.8675900753949707,ground,3
61.0,19.0,2.0,-0.8198391648005646,-0.836109328853814,ground,3
61.0,21.0,2.0,-0.8958695846037698,-0.8958695846037698,ground,1
61.0,23.0,2.0,-0.7703836040596217,-0.7988994318226291,ground,2
61.0,25.0,2.0,-0.8133977745457441,-0.8133977745457441,ground,1
61.0,27.0,2.0,-0.7723441097554778,-0.8045327640608383,ground,3
61.0,29.0,2.0,0.6540190532654264,0.6540190532654264,vegetation,1
61.0,33.0,2.0,-0.7757400737024912,-0.807130737804914,ground,3
61.0,37.0,2.0,1.2605442992215754,1.2605442992215754,vegetation,1
61.0,39.0,2.0,1.9339224573714757,1.347829199857465,vegetation,2
61.0,41.0,2.0,-0.8240888434959717,-0.8240888434959717,ground,1
61.0,43.0,2.0,-0.7667987512327551,-0.7667987512327551,ground,1
61.0,45.0,2.0,-0.7466626543728713,-0.7466626543728713,ground,1
61.0,47.0,2.0,-0.7143793262928197,-0.726141755175289,ground,3
61.0,49.0,2.0,0.8547180578407574,-0.32826790414289275,ground,4
61.0,51.0,2.0,2.232705014525022,0.25849637035682155,ground,3
61.0,55.0,2.0,-0.6523727268154567,-0.6523727268154567,ground,1
61.0,59.0,2.0,2.2129317262782506,0.28507477646519547,ground,3
61.0,63.0,2.0,-0.6459664364868926,-0.6480284856954578,ground,2
61.0,65.0,2.0,-0.6427507707240785,-0.6427507707240785,ground,1
61.0,69.0,2.0,0.39207318171872774,-0.11943924506971015,ground,2
61.0,71.0,2.0,-0.6561412712162435,-0.6561412712162435,ground,1
61.0,73.0,2.0,-0.6332696342608697,-0.6332696342608697,ground,1
61.0,75.0,2.0,1.6619450833252771,0.8536197593455636,vegetation,4
61.0,77.0,2.0,-0.6073321414556795,-0.6073321414556795,ground,1
63.0,-77.0,2.0,1.178655176081757,-0.040803573786985625,ground,2
63.0,-75.0,2.0,-1.2098130936407685,-1.2471550193728975,ground,3
63.0,-73.0,2.0,1.186517699115597,-0.04444708182663848,ground,2
63.0,-71.0,2.0,-1.2195810289805615,-1.2195810289805615,ground,1
63.0,-63.0,2.0,1.242686362857393,0.014577714620925941,ground,2
63.0,-59.0,2.0,-0.044256289446789276,-0.8107546416525108,ground,3
63.0,-57.0,2.0,-1.1706255732254724,-1.1706255732254724,ground,1
63.0,-55.0,2.0,-1.1186863885671912,-1.1186863885671912,ground,1
63.0,-53.0,2.0,-1.1512721649217599,-1.1512721649217599,ground,1
63.0,-51.0,2.0,0.7991476832716466,-0.16327671679307965,ground,2
63.0,-49.0,2.0,-1.137781875325412,-1.137781875325412,ground,1
63.0,-47.0,2.0,-1.1145189620815046,-1.1145189620815046,ground,1
63.0,-45.0,2.0,-1.1281631570799266,-1.1281631570799266,ground,1
63.0,-41.0,2.0,0.7408302723402664,-0.5136265413848563,ground,3
63.0,-39.0,2.0,-1.112893711349447,-1.112893711349447,ground,1
63.0,-37.0,2.0,-1.0602995430843174,-1.0602995430843174,ground,1
63.0,-35.0,2.0,-1.0571357160908192,-1.0838699728816026,ground,3
63.0,-33.0,2.0,-1.0235544648830108,-1.045897194175807,ground,2
63.0,-31.0,2.0,1.5914754837280738,0.24413644596524553,ground,2
63.0,-29.0,2.0,-1.0444602105099174,-1.0444602105099174,ground,1
63.0,-27.0,2.0,-1.0261299904606358,-1.0261299904606358,ground,1
63.0,-25.0,2.0,-1.0594863706204345,-1.071188297149889,ground,2
63.0,-23.0,2.0,-1.0102487181385853,-1.021354134030748,ground,4
63.0,-21.0,2.0,-1.0068658668748784,-1.0073274491269992,ground,2
63.0,-19.0,2.0,-0.987843629098658,-0.987843629098658,ground,1
63.0,-17.0,2.0,-0.966563876002592,-0.9837466149207446,ground,2
63.0,-15.0,2.0,-0.9899237989529116,-1.0105733698349395,ground,3
63.0,-13.0,2.0,-0.9706225045290725,-0.9706225045290725,ground,1
63.0,-9.0,2.0,-0.9910970794953443,-0.9910970794953443,ground,1
63.0,-7.0,2.0,-0.9741834353643916,-0.9741834353643916,ground,1
63.0,-5.0,2.0,-1.0475251219987474,-1.0475251219987474,ground,1
63.0,-1.0,2.0,-0.9959560488240329,-0.9959560488240329,ground,1
63.0,1.0,2.0,-0.9175600735840761,-0.9197802116585727,ground,2
63.0,3.0,2.0,-0.9505906997992791,-0.9505906997992791,ground,1
63.0,5.0,2.0,-0.9746301316018391,-0.9746301316018391,ground,1
63.0,7.0,2.0,-0.9127782695081776,-0.9195051881553318,ground,3
63.0,9.0,2.0,-0.8889260787997307,-0.9050635231040927,ground,3
63.0,11.0,2.0,-0.9363716915433148,-0.9363716915433148,ground,1
63.0,13.0,2.0,-0.9053784173536106,-0.9053784173536106,ground,1
63.0,15.0,2.0,-0.8628412209156333,-0.8729845048256768,ground,2
63.0,17.0,2.0,-0.9216145930005837,-0.9216145930005837,ground,1
63.0,19.0,2.0,-0.8027554105017567,-0.8757105585457111,ground,3
63.0,21.0,2.0,-0.8947543447345521,-0.8965579520466553,ground,2
63.0,23.0,2.0,-0.8573786565135956,-0.8677965196017396,ground,2
63.0,25.0,2.0,1.3801062769335486,0.20467414362944972,vegetation,3
63.0,27.0,2.0,-0.8434547404800428,-0.8434547404800428,ground,1
63.0,31.0,2.0,-0.8090956004235317,-0.8090956004235317,ground,1
63.0,35.0,2.0,-0.8017685807673138,-0.8066136827668723,ground,3
63.0,37.0,2.0,-0.7750760481401872,-0.7913023118583701,ground,3
63.0,43.0,2.0,-0.7457045574700073,-0.7457045574700073,ground,1
63.0,45.0,2.0,-0.7519831440154765,-0.7597545582414454,ground,2
63.0,47.0,2.0,0.495128014675785,0.495128014675785,vegetation,1
63.0,49.0,2.0,1.5526606874871591,1.5526606874871591,vegetation,1
63.0,53.0,2.0,-0.7141759652329119,-0.7275866904624707,ground,2
63.0,55.0,2.0,-0.7876219860580184,-0.7876219860580184,ground,1
63.0,57.0,2.0,1.3287403476163642,1.3287403476163642,vegetation,1
63.0,59.0,2.0,0.2321346432111807,-0.2320126838684452,ground,2
63.0,61.0,2.0,1.1169401667115983,0.5162204069352707,vegetation,3
63.0,63.0,2.0,-0.6792199900906771,-0.684225990930497,ground,3
63.0,65.0,2.0,1.2548231126503715,0.2741199701245256,ground,2
63.0,69.0,2.0,1.9505081541413574,1.9505081541413574,vegetation,1
63.0,73.0,2.0,1.5282942485763438,1.5282942485763438,vegetation,1
65.0,-75.0,2.0,-1.2730034157685264,-1.2741016874061715,ground,2
65.0,-73.0,2.0,1.599189191775755,0.1622300991654274,ground,2
65.0,-71.0,2.0,-1.2802723047352795,-1.3040649816542986,ground,2
65.0,-69.0,2.0,0.9414969888116094,-0.7099066131345424,ground,4
65.0,-67.0,2.0,-1.2153746065566235,-1.2153746065566235,ground,1
65.0,-65.0,2.0,-1.1640964003052072,-1.1947093349788025,ground,2
65.0,-63.0,2.0,0.4850700594509586,0.4850700594509586,vegetation,1
65.0,-57.0,2.0,0.7351462412219614,0.7351462412219614,vegetation,1
65.0,-53.0,2.0,1.3579649821465678,0.09820289950389438,ground,2
65.0,-51.0,2.0,1.0165767409839281,-0.07375671691772223,ground,2
65.0,-47.0,2.0,1.7563820369712364,0.710877533474835,vegetation,3
65.0,-41.0,2.0,-1.1077055228935415,-1.1077055228935415,ground,1
65.0,-39.0,2.0,0.5974949283946634,0.4060525550383319,vegetation,2
65.0,-35.0,2.0,-0.060233655008167575,-0.060233655008167575,vegetation,1
65.0,-31.0,2.0,-1.134716133774467,-1.134716133774467,ground,1
65.0,-29.0,2.0,-1.0416566913672383,-1.0640244640015006,ground,4
65.0,-27.0,2.0,1.4215742430681573,1.1771103603252493,vegetation,2
65.0,-25.0,2.0,1.7358199452969658,-0.505046172145641,ground,5
65.0,-23.0,2.0,-1.046208416913414,-1.046208416913414,ground,1
65.0,-21.0,2.0,-1.0388004838841638,-1.0388004838841638,ground,1
65.0,-19.0,2.0,-1.0065862857631611,-1.04529632123959,ground,2
65.0,-17.0,2.0,-1.0364784243737333,-1.0364784243737333,ground,1
65.0,-9.0,2.0,-0.9944065786887796,-1.008630880568047,ground,3
65.0,-5.0,2.0,-0.9548122871232536,-0.9548122871232536,ground,1
65.0,-1.0,2.0,-0.9941507462643236,-1.002799712195974,ground,2
65.0,1.0,2.0,-0.987896261635073,-0.987896261635073,ground,1
65.0,3.0,2.0,-0.9956253117162643,-1.0033092206460763,ground,2
65.0,5.0,2.0,-0.9245724727097875,-0.9333167288771113,ground,2
65.0,7.0,2.0,-0.9838343415651797,-0.9838343415651797,ground,1
65.0,11.0,2.0,-0.8945991930633959,-0.9492882999293096,ground,3
65.0,13.0,2.0,-0.9209445419786509,-0.9352688402224265,ground,3
65.0,17.0,2.0,-0.8894688320229703,-0.9274732442782195,ground,5
65.0,19.0,2.0,-0.9359885380804895,-0.9359885380804895,ground,1
65.0,21.0,2.0,-0.9053273469219766,-0.9053273469219766,ground,1
65.0,23.0,2.0,-0.8539955460026394,-0.8705979025856557,ground,3
65.0,25.0,2.0,1.3421578380892099,-0.13630537252578945,ground,3
65.0,27.0,2.0,-0.8477833664307192,-0.8477833664307192,ground,1
65.0,29.0,2.0,-0.05326459760874491,-0.45010918075539796,ground,2
65.0,31.0,2.0,-0.820243663958763,-0.8467551395299736,ground,3
65.0,33.0,2.0,-0.792857749740033,-0.8007330478132684,ground,2
65.0,37.0,2.0,0.58568277693929,0.58568277693929,vegetation,1
65.0,39.0,2.0,-0.7955732059787504,-0.8145090812234447,ground,3
65.0,43.0,2.0,-0.774938479817486,-0.774938479817486,ground,1
65.0,45.0,2.0,1.6352877549127447,0.044000892449313475,ground,4
65.0,47.0,2.0,-0.8054394852318084,-0.8054394852318084,ground,1
65.0,51.0,2.0,-0.751708242596235,-0.751708242596235,ground,1
65.0,57.0,2.0,0.14757109917912933,-0.4536481647295667,ground,3
65.0,59.0,2.0,-0.7482997496831197,-0.7482997496831197,ground,1
65.0,61.0,2.0,1.561346088586169,1.561346088586169,vegetation,1
65.0,63.0,2.0,1.3260419053712127,1.3260419053712127,vegetation,1
65.0,65.0,2.0,-0.6845426948017713,-0.7080729504451876,ground,3
65.0,67.0,2.0,-0.7065461500958053,-0.7065461500958053,ground,1
65.0,69.0,2.0,-0.6870311089292263,-0.6870311089292263,ground,1
65.0,71.0,2.0,-0.6671613162026186,-0.6671613162026186,ground,1
65.0,75.0,2.0,-0.7009501485373757,-0.7009501485373757,ground,1
67.0,-73.0,2.0,1.5460047965811012,1.4572793662221581,vegetation,2
67.0,-71.0,2.0,0.23578807833233972,0.23578807833233972,vegetation,1
67.0,-69.0,2.0,-1.2862945134906103,-1.2892865697766651,ground,2
67.0,-63.0,2.0,1.6308354842126502,1.6308354842126502,vegetation,1
67.0,-61.0,2.0,-1.2471909218936208,-1.263918703648378,ground,2
67.0,-59.0,2.0,1.075459558790479,-0.5392841740700263,ground,5
67.0,-57.0,2.0,0.11542374856830928,-0.5620149468797029,ground,2
67.0,-53.0,2.0,-0.11339383202247211,-0.11339383202247211,vegetation,1
67.0,-47.0,2.0,1.5598843820808053,-0.258319545849564,ground,3
67.0,-45.0,2.0,-1.203606147184181,-1.203606147184181,ground,1
67.0,-41.0,2.0,1.5635000309378742,0.21130869759555504,ground,2
67.0,-37.0,2.0,1.029553329558567,0.09033838792342826,vegetation,3
67.0,-35.0,2.0,1.7578969734344563,0.5813287372160179,vegetation,3
67.0,-33.0,2.0,-1.1346077887079604,-1.1346077887079604,ground,1
67.0,-27.0,2.0,-1.1083160524680142,-1.1218933744554709,ground,3
67.0,-25.0,2.0,-1.0405760032119133,-1.0769709886853427,ground,2
67.0,-23.0,2.0,-1.070044394679645,-1.0895911366525375,ground,4
67.0,-15.0,2.0,-1.048302210009207,-1.048302210009207,ground,1
67.0,-13.0,2.0,-1.0365260204024542,-1.0400268651179432,ground,2
67.0,-9.0,2.0,-1.051602448717187,-1.051602448717187,ground,1
67.0,-7.0,2.0,-1.030348380201222,-1.046379393140984,ground,3
67.0,-5.0,2.0,-0.9706040062831056,-1.016554773610074,ground,5
67.0,-1.0,2.0,-0.9959017212594637,-0.9959017212594637,ground,1
67.0,1.0,2.0,-1.0424920781933404,-1.0424920781933404,ground,1
67.0,3.0,2.0,-0.9493009945935528,-0.9493009945935528,ground,1
67.0,7.0,2.0,-0.9538349269159399,-0.9587952881526788,ground,2
67.0,11.0,2.0,-0.9418361212707494,-0.9569000921806126,ground,2
67.0,15.0,2.0,-0.9344708616316171,-0.9344708616316171,ground,1
67.0,17.0,2.0,-0.9000445286324434,-0.9314280461439931,ground,7
67.0,23.0,2.0,-0.8797070594998009,-0.8797070594998009,ground,1
67.0,25.0,2.0,-0.9087026583435753,-0.9225198174094249,ground,2
67.0,27.0,2.0,-0.8708401320260162,-0.8796517820687253,ground,2
67.0,29.0,2.0,-0.8983408086821737,-0.9198574123266021,ground,2
67.0,31.0,2.0,-0.8837276530679825,-0.8924260936050153,ground,2
67.0,33.0,2.0,1.5187352159366765,-0.26949009742597063,ground,4
67.0,35.0,2.0,-0.8955816854472523,-0.8955816854472523,ground,1
67.0,37.0,2.0,-0.8584826490351415,-0.8664199578962932,ground,2
67.0,39.0,2.0,-0.838086091900554,-0.8381426878141541,ground,2
67.0,41.0,2.0,-0.8560038583387117,-0.8633759488458937,ground,2
67.0,43.0,2.0,-0.764735895312395,-0.7946632877551228,ground,2
67.0,45.0,2.0,-0.7995316860578486,-0.8195247956657702,ground,2
67.0,47.0,2.0,1.5934143658504207,-0.020105513311914087,ground,3
67.0,49.0,2.0,-0.7699641218187099,-0.7699641218187099,ground,1
67.0,53.0,2.0,0.9261063510121385,0.9261063510121385,vegetation,1
67.0,55.0,2.0,-0.7918483347964576,-0.7918483347964576,ground,1
67.0,57.0,2.0,-0.8109394313854565,-0.8109394313854565,ground,1
67.0,59.0,2.0,1.234544821692218,0.2396130463413042,ground,2
67.0,61.0,2.0,-0.7724114734221302,-0.7724114734221302,ground,1
67.0,63.0,2.0,1.470880378166413,0.3500863819834746,ground,2
67.0,67.0,2.0,-0.7244721354405499,-0.7244721354405499,ground,1
67.0,69.0,2.0,1.0289778578702136,0.11415302730971033,vegetation,3
67.0,73.0,2.0,0.587152005446367,0.587152005446367,vegetation,1
69.0,-73.0,2.0,0.8436033073699469,-0.21502887536742554,ground,2
69.0,-69.0,2.0,0.9483045132194023,0.9483045132194023,vegetation,1
69.0,-67.0,2.0,-1.3001887009890536,-1.3001887009890536,ground,1
69.0,-65.0,2.0,-1.2780037112225289,-1.2780037112225289,ground,1
69.0,-63.0,2.0,1.658053056298771,0.16314068971964968,ground,2
69.0,-61.0,2.0,-1.2200433862078757,-1.2551288139603822,ground,2
69.0,-59.0,2.0,-1.280444574731227,-1.280444574731227,ground,1
69.0,-57.0,2.0,0.386663705340603,-0.7154479241876178,ground,3
69.0,-55.0,2.0,1.7385291943628542,1.7385291943628542,vegetation,1
69.0,-53.0,2.0,-1.2434307234591067,-1.2434307234591067,ground,1
69.0,-51.0,2.0,-1.2248506930977252,-1.2258807293592144,ground,2
69.0,-49.0,2.0,0.9460501981487024,0.6676146155019749,vegetation,2
69.0,-47.0,2.0,-0.11750660860757606,-0.6748302549109102,ground,2
69.0,-41.0,2.0,-1.1661095399917145,-1.1661095399917145,ground,1
69.0,-39.0,2.0,0.1871837839034135,-0.7541510003963762,ground,3
69.0,-37.0,2.0,0.19503868377528544,0.19503868377528544,vegetation,1
69.0,-35.0,2.0,0.34652437560781457,-0.4434885129432203,ground,2
69.0,-31.0,2.0,-1.1632485617359596,-1.174630951450941,ground,3
69.0,-27.0,2.0,1.7890151466058852,0.33601638426680225,ground,2
69.0,-25.0,2.0,-1.1117587479419702,-1.143777415623946,ground,2
69.0,-23.0,2.0,-1.0874506154236168,-1.1143664290482524,ground,2
69.0,-21.0,2.0,-1.0981406266294338,-1.1398593062040119,ground,3
69.0,-17.0,2.0,-1.1244793458338993,-1.1244793458338993,ground,1
69.0,-15.0,2.0,-1.0630412835333507,-1.0894879724140536,ground,3
69.0,-13.0,2.0,-1.1081225695916217,-1.1090923673930635,ground,2
69.0,-11.0,2.0,-1.0444783645766202,-1.0722213215370484,ground,2
69.0,-7.0,2.0,-1.094138150304102,-1.094138150304102,ground,1
69.0,-5.0,2.0,-1.0836855394843004,-1.0943483710314568,ground,2
69.0,-3.0,2.0,-1.0019255972029302,-1.0019255972029302,ground,1
69.0,-1.0,2.0,-1.0293741512770194,-1.0464311267884314,ground,3
69.0,1.0,2.0,-1.0308900955981164,-1.0308900955981164,ground,1
69.0,3.0,2.0,-0.9905268506960804,-0.9905268506960804,ground,1
69.0,9.0,2.0,-0.9770601831629545,-0.9915247910916647,ground,4
69.0,15.0,2.0,-0.9749317970884278,-0.9749317970884278,ground,1
69.0,17.0,2.0,-0.9137818027744485,-0.9616674109211767,ground,2
69.0,19.0,2.0,-0.9593208445139779,-0.9593208445139779,ground,1
69.0,21.0,2.0,-0.9151988208714519,-0.9386103377813765,ground,5
69.0,23.0,2.0,-0.9202836372095704,-0.9571818674730076,ground,3
69.0,25.0,2.0,-0.9605294168438367,-0.9605294168438367,ground,1
69.0,29.0,2.0,-0.9305260152379135,-0.9305260152379135,ground,1
69.0,33.0,2.0,-0.9252627765459782,-0.9252627765459782,ground,1
69.0,35.0,2.0,1.8929109575489607,0.36929663217510805,vegetation,3
69.0,37.0,2.0,-0.8596515564711525,-0.8596515564711525,ground,1
69.0,41.0,2.0,-0.0014491358710813917,-0.0014491358710813917,vegetation,1
69.0,45.0,2.0,-0.8903494306970807,-0.8903494306970807,ground,1
69.0,47.0,2.0,-0.8961803185301535,-0.8961803185301535,ground,1
69.0,51.0,2.0,1.6938438203545574,0.4907540205934244,vegetation,3
69.0,55.0,2.0,-0.8152280069087373,-0.8152280069087373,ground,1
69.0,63.0,2.0,-0.7869105685822501,-0.7869105685822501,ground,1
69.0,69.0,2.0,1.9699108708377686,0.7986132613853223,vegetation,3
69.0,71.0,2.0,1.3682075404564453,1.3682075404564453,vegetation,1
71.0,-69.0,2.0,-1.3382441110727477,-1.3382441110727477,ground,1
71.0,-67.0,2.0,-1.3139743655099945,-1.3157467113899664,ground,2
71.0,-55.0,2.0,0.5912170840316204,0.5912170840316204,vegetation,1
71.0,-53.0,2.0,-1.3091221899986973,-1.3091221899986973,ground,1
71.0,-51.0,2.0,1.4607482941757604,0.10530399138234425,ground,2
71.0,-49.0,2.0,1.607994112367217,-0.3151525731207485,ground,3
71.0,-47.0,2.0,-1.2805856089499816,-1.2805856089499816,ground,1
71.0,-45.0,2.0,0.8075340790930248,-0.19603200770038742,ground,2
71.0,-41.0,2.0,0.49325155198160975,-0.6758370364162963,ground,3
71.0,-37.0,2.0,-1.1654636014640525,-1.1820155242020252,ground,2
71.0,-35.0,2.0,1.0429106393936878,-0.45081608083256414,ground,3
71.0,-33.0,2.0,-1.1902372420490537,-1.2127890474850473,ground,2
71.0,-31.0,2.0,0.8210061635637855,0.8210061635637855,vegetation,1
71.0,-27.0,2.0,-1.156363147030997,-1.1854363132085974,ground,2
71.0,-25.0,2.0,0.4746645530940302,0.4746645530940302,vegetation,1
71.0,-23.0,2.0,-1.1779309832839908,-1.1779309832839908,ground,1
71.0,-21.0,2.0,-1.0841750295007224,-1.1167342534348914,ground,2
71.0,-15.0,2.0,-1.097335276076549,-1.1038041761251915,ground,2
71.0,-13.0,2.0,-1.1551550116891516,-1.1551550116891516,ground,1
71.0,-9.0,2.0,-1.054896789296753,-1.0720355327346944,ground,2
71.0,-5.0,2.0,-1.0176457002956747,-1.0176457002956747,ground,1
71.0,-3.0,2.0,-1.0393100250036946,-1.0579225696414487,ground,2
71.0,-1.0,2.0,-1.0335482301987011,-1.0562733660712451,ground,2
71.0,1.0,2.0,-1.074034029519276,-1.074034029519276,ground,1
71.0,3.0,2.0,-0.9487524047317881,-0.9721497083341792,ground,2
71.0,7.0,2.0,-1.0053704542628459,-1.0053704542628459,ground,1
71.0,9.0,2.0,-1.0153546812132106,-1.0243610317479626,ground,2
71.0,11.0,2.0,-1.0085129878511534,-1.0262422745829034,ground,4
71.0,17.0,2.0,-0.9696378186875008,-0.9891981263610159,ground,2
71.0,21.0,2.0,-0.9411196451977926,-0.9431686524399046,ground,2
71.0,23.0,2.0,-0.9583175613213474,-0.9710164008474645,ground,2
71.0,25.0,2.0,-0.9845440562059794,-0.9845440562059794,ground,1
71.0,29.0,2.0,0.18930630440481888,0.18930630440481888,vegetation,1
71.0,37.0,2.0,1.7302844888024826,0.577951566304899,vegetation,3
71.0,39.0,2.0,-0.8268209341326924,-0.8268209341326924,ground,1
71.0,41.0,2.0,-0.9212539998732606,-0.9212539998732606,ground,1
71.0,43.0,2.0,-0.8935205663480522,-0.8935205663480522,ground,1
71.0,45.0,2.0,0.7529408240677308,0.12227770448790838,vegetation,3
71.0,47.0,2.0,-0.8556879763970647,-0.8570291648273471,ground,2
71.0,49.0,2.0,-0.8584230598535877,-0.8584230598535877,ground,1
71.0,51.0,2.0,0.40924646117564095,0.40924646117564095,vegetation,1
71.0,53.0,2.0,-0.8656979544326409,-0.8656979544326409,ground,1
71.0,55.0,2.0,-0.8265359950356658,-0.8265359950356658,ground,1
71.0,57.0,2.0,-0.8560625617679685,-0.8560625617679685,ground,1
71.0,61.0,2.0,-0.8294842431549075,-0.8294842431549075,ground,1
71.0,63.0,2.0,1.7257862838540095,0.07215715332830408,ground,3
71.0,65.0,2.0,1.077542133569941,-0.19869836243594188,ground,3
71.0,69.0,2.0,-0.7607246813675432,-0.797315394403601,ground,3
73.0,-63.0,2.0,0.37822316794189015,-0.6778030449518746,ground,5
73.0,-59.0,2.0,-1.2862536453396536,-1.2862536453396536,ground,1
73.0,-55.0,2.0,0.1258036958742439,0.1258036958742439,vegetation,1
73.0,-53.0,2.0,-0.023013086580738973,-0.8809863342702249,ground,3
73.0,-49.0,2.0,-0.4073845289162857,-0.4073845289162857,vegetation,1
73.0,-45.0,2.0,-1.2430153005276425,-1.2430153005276425,ground,1
73.0,-43.0,2.0,0.14933707248827388,-0.566594564706787,ground,2
73.0,-39.0,2.0,-1.2349115412520475,-1.2349115412520475,ground,1
73.0,-37.0,2.0,0.18808603426789883,0.18808603426789883,vegetation,1
73.0,-35.0,2.0,-1.2506631655223668,-1.2506631655223668,ground,1
73.0,-33.0,2.0,0.1563834196943944,-0.5496906982548608,ground,2
73.0,-29.0,2.0,0.44464935276773865,-0.36265277001606666,ground,2
73.0,-27.0,2.0,-1.202633001703174,-1.2186208155101297,ground,2
73.0,-25.0,2.0,-0.2552474127427502,-0.881479362451549,ground,3
73.0,-23.0,2.0,-1.1583497694042293,-1.1778734364656849,ground,2
73.0,-21.0,2.0,-1.1316319697561887,-1.1316319697561887,ground,1
73.0,-19.0,2.0,-1.1071386669404444,-1.1071386669404444,ground,1
73.0,-17.0,2.0,-1.1434994039400854,-1.1434994039400854,ground,1
73.0,-11.0,2.0,-1.1554326486889406,-1.1554326486889406,ground,1
73.0,-7.0,2.0,-1.0663796845096065,-1.1268650372793825,ground,4
73.0,-5.0,2.0,-1.0877890488146276,-1.0877890488146276,ground,1
73.0,-3.0,2.0,-1.0517874077880682,-1.0543659900900884,ground,2
73.0,-1.0,2.0,-1.1043331993290495,-1.1043331993290495,ground,1
73.0,1.0,2.0,-1.0619561094774728,-1.0619561094774728,ground,1
73.0,3.0,2.0,-1.0790497327503235,-1.0809321312649827,ground,2
73.0,9.0,2.0,-1.0826966561987366,-1.0826966561987366,ground,1
73.0,11.0,2.0,-1.0616264783598264,-1.063062560223318,ground,2
73.0,13.0,2.0,-1.035933890825496,-1.03801480558642,ground,2
73.0,15.0,2.0,-1.0229573054910683,-1.032198228340123,ground,2
73.0,17.0,2.0,-1.0120059349295452,-1.0120059349295452,ground,1
73.0,19.0,2.0,-1.0004208669079189,-1.0054301097311287,ground,2
73.0,21.0,2.0,-1.003538144777093,-1.0246672347661776,ground,2
73.0,23.0,2.0,-1.0156047172709082,-1.0156047172709082,ground,1
73.0,25.0,2.0,-1.021951219192075,-1.0478414747055187,ground,2
73.0,27.0,2.0,-0.9942213108726404,-0.9942213108726404,ground,1
73.0,33.0,2.0,0.943071522656236,0.943071522656236,vegetation,1
73.0,35.0,2.0,0.8001036091369447,0.6129390732223228,vegetation,2
73.0,39.0,2.0,-0.8829575142649645,-0.8829575142649645,ground,1
73.0,41.0,2.0,-0.8626480574979255,-0.8626480574979255,ground,1
73.0,43.0,2.0,-0.9175934011617891,-0.9282927176532735,ground,3
73.0,47.0,2.0,2.127987391810979,2.127987391810979,vegetation,1
73.0,49.0,2.0,-0.8809063104822484,-0.8809063104822484,ground,1
73.0,51.0,2.0,1.4571207236035293,0.2659018607292434,ground,2
73.0,53.0,2.0,-0.8714633027762114,-0.8714633027762114,ground,1
73.0,55.0,2.0,0.8939180306369015,0.013126782174686158,ground,2
73.0,57.0,2.0,-0.8563122845187067,-0.8777248044054132,ground,2
73.0,61.0,2.0,-0.8880174576951525,-0.8880174576951525,ground,1
73.0,63.0,2.0,0.4864125765366212,-0.4003370152427941,ground,3
73.0,65.0,2.0,1.783047469632332,0.03736596866480124,ground,3
75.0,-67.0,2.0,-1.377895940314519,-1.377895940314519,ground,1
75.0,-65.0,2.0,-1.374177323441105,-1.3793905781103737,ground,2
75.0,-63.0,2.0,-0.24609510368310855,-0.24609510368310855,vegetation,1
75.0,-61.0,2.0,0.4680601962162303,0.4680601962162303,vegetation,1
75.0,-51.0,2.0,0.623076942281551,0.623076942281551,vegetation,1
75.0,-41.0,2.0,-1.2566559641800672,-1.2566559641800672,ground,1
75.0,-39.0,2.0,-1.294312383274826,-1.294312383274826,ground,1
75.0,-37.0,2.0,1.4158052339993463,0.06145508018369372,ground,2
75.0,-33.0,2.0,-0.3590713397847883,-0.808317893293977,ground,2
75.0,-25.0,2.0,-1.203393182090553,-1.2188601741178973,ground,2
75.0,-23.0,2.0,-1.174361737387805,-1.174361737387805,ground,1
75.0,-21.0,2.0,-1.1908475690642455,-1.1908475690642455,ground,1
75.0,-19.0,2.0,-1.1811106665214333,-1.1813217865569081,ground,2
75.0,-17.0,2.0,-1.2156315333959369,-1.227387472703936,ground,2
75.0,-15.0,2.0,-1.1546026045242992,-1.1823482690776375,ground,3
75.0,-13.0,2.0,-1.1580913491290687,-1.1580913491290687,ground,1
75.0,-9.0,2.0,-1.141770469018618,-1.141770469018618,ground,1
75.0,-3.0,2.0,-1.1358001965817488,-1.1408810133419753,ground,2
75.0,-1.0,2.0,-1.146977505294751,-1.146977505294751,ground,1
75.0,1.0,2.0,-1.1338282615553572,-1.139225336107077,ground,2
75.0,3.0,2.0,-1.058941309472798,-1.079180909163093,ground,3
75.0,5.0,2.0,-1.1281860135807475,-1.1281860135807475,ground,1
75.0,7.0,2.0,-1.0707393421320597,-1.1035941380978882,ground,3
75.0,9.0,2.0,-1.0496724414392473,-1.0763921815622797,ground,3
75.0,11.0,2.0,-1.0494835891543355,-1.0494835891543355,ground,1
75.0,13.0,2.0,-1.047280320150143,-1.0873529115498826,ground,3
75.0,15.0,2.0,-1.07489402875252,-1.07489402875252,ground,1
75.0,17.0,2.0,-1.0884038285119428,-1.0884038285119428,ground,1
75.0,19.0,2.0,-1.044574063165435,-1.048411281409547,ground,2
75.0,21.0,2.0,-1.0295039751234005,-1.0295039751234005,ground,1
75.0,25.0,2.0,-1.0681142315511511,-1.0681142315511511,ground,1
75.0,27.0,2.0,1.0061809050334976,1.0061809050334976,vegetation,1
75.0,29.0,2.0,1.730556342411898,0.3818025476315956,vegetation,3
75.0,31.0,2.0,1.046200802843719,0.816303217441801,vegetation,2
75.0,33.0,2.0,-1.0189173385305192,-1.0189173385305192,ground,1
75.0,37.0,2.0,0.45258467550611603,0.45258467550611603,vegetation,1
75.0,39.0,2.0,0.5099895244883057,0.5099895244883057,vegetation,1
75.0,41.0,2.0,-0.9228231463582913,-0.9228231463582913,ground,1
75.0,43.0,2.0,1.785980630027527,1.785980630027527,vegetation,1
75.0,45.0,2.0,0.2788477724072221,-0.33686554211832354,ground,2
75.0,49.0,2.0,-0.9398108326218657,-0.9398108326218657,ground,1
75.0,53.0,2.0,0.9576677127094952,-0.2718391370691307,ground,5
75.0,57.0,2.0,1.8769222962906125,1.8769222962906125,vegetation,1
75.0,59.0,2.0,1.0139837261193647,-0.2606995918423592,ground,3
75.0,67.0,2.0,-0.8583673598666371,-0.8583673598666371,ground,1
77.0,-65.0,2.0,-1.3613155999078195,-1.3613155999078195,ground,1
77.0,-63.0,2.0,1.0960548727617656,-0.14180701803949447,ground,2
77.0,-61.0,2.0,-1.4187379186857232,-1.4197661489061835,ground,2
77.0,-55.0,2.0,0.47415317149732616,-0.458643694642624,ground,2
77.0,-45.0,2.0,-1.3225609489997117,-1.3437074175300197,ground,2
77.0,-43.0,2.0,-0.19155297454244197,-0.9590457582679438,ground,3
77.0,-41.0,2.0,-1.3080304032257681,-1.3080304032257681,ground,1
77.0,-37.0,2.0,-1.3520949894792063,-1.3572231912715504,ground,2
77.0,-35.0,2.0,-0.23409747684164495,-0.9244903920768411,ground,3
77.0,-31.0,2.0,0.02274425833694982,0.02274425833694982,vegetation,1
77.0,-29.0,2.0,-1.3012524796235891,-1.3012524796235891,ground,1
77.0,-25.0,2.0,-1.2297550996808726,-1.2550726661179965,ground,2
77.0,-23.0,2.0,-1.210032148656273,-1.249912976370536,ground,3
77.0,-19.0,2.0,-1.202366652233877,-1.2238410838922469,ground,3
77.0,-17.0,2.0,-1.2022626312884694,-1.228217289543042,ground,4
77.0,-15.0,2.0,-1.1940321334001338,-1.1940321334001338,ground,1
77.0,-11.0,2.0,-1.2757968069203602,-1.2757968069203602,ground,1
77.0,-9.0,2.0,-1.18782282292537,-1.1958370897413637,ground,2
77.0,-7.0,2.0,-1.1609357841162828,-1.1609357841162828,ground,1
77.0,-5.0,2.0,-1.1524521649239383,-1.1742353313681293,ground,2
77.0,-3.0,2.0,-1.1334154968077141,-1.1597220292997523,ground,4
77.0,3.0,2.0,-1.1784117918597765,-1.1784117918597765,ground,1
77.0,5.0,2.0,-1.1377219328268047,-1.1377219328268047,ground,1
77.0,7.0,2.0,-1.1035423613958064,-1.1035423613958064,ground,1
77.0,9.0,2.0,-1.123340892971026,-1.1277300089113727,ground,2
77.0,13.0,2.0,-1.0977622892997774,-1.0977622892997774,ground,1
77.0,15.0,2.0,-1.1076473820652901,-1.1138502510946735,ground,2
77.0,17.0,2.0,-1.0789670856705975,-1.0789670856705975,ground,1
77.0,19.0,2.0,-1.0296425638032904,-1.0564358059516024,ground,2
77.0,23.0,2.0,-1.0574504869155124,-1.0574504869155124,ground,1
77.0,25.0,2.0,-0.9917550396004317,-1.0437000389243796,ground,3
77.0,27.0,2.0,1.7911234763402655,1.0261629263785919,vegetation,2
77.0,29.0,2.0,-0.9614079358328911,-1.0005978376340983,ground,2
77.0,33.0,2.0,-1.0361952803395267,-1.0361952803395267,ground,1
77.0,35.0,2.0,-0.9701030735851129,-0.9701030735851129,ground,1
77.0,37.0,2.0,-0.9718533543278385,-1.002109727260166,ground,4
77.0,43.0,2.0,-0.936110527236303,-0.9474742495053905,ground,2
77.0,45.0,2.0,0.32874330770766497,0.32874330770766497,vegetation,1
77.0,47.0,2.0,0.23763097127647698,0.23763097127647698,vegetation,1
77.0,49.0,2.0,1.6963148997600594,-0.0832834773245762,ground,3
77.0,55.0,2.0,0.7813537983072487,-0.08428239074401905,ground,2
77.0,59.0,2.0,-0.9149357739029119,-0.9149357739029119,ground,1
77.0,61.0,2.0,0.8185002812355944,-0.05683577670468892,ground,2
79.0,-59.0,2.0,-1.4116203438140664,-1.4116203438140664,ground,1
79.0,-57.0,2.0,1.3806839046035142,-0.012369080000764532,ground,2
79.0,-55.0,2.0,-1.4073851511013977,-1.4126801823178086,ground,2
79.0,-53.0,2.0,-1.3882394170101853,-1.3882394170101853,ground,1
79.0,-47.0,2.0,-1.3363094872793664,-1.3363094872793664,ground,1
79.0,-45.0,2.0,-1.33662361314153,-1.33662361314153,ground,1
79.0,-43.0,2.0,0.5283031072076247,0.5283031072076247,vegetation,1
79.0,-37.0,2.0,-1.3029812213079064,-1.3125371098202328,ground,2
79.0,-33.0,2.0,0.10988878647748346,-0.5846780306664807,ground,2
79.0,-31.0,2.0,1.0993784298496714,0.042773987898110155,vegetation,3
79.0,-27.0,2.0,0.23610897380020068,-0.5381434746788236,ground,2
79.0,-25.0,2.0,-1.281990309061117,-1.281990309061117,ground,1
79.0,-23.0,2.0,-1.2162916609769188,-1.2412802154601654,ground,2
79.0,-21.0,2.0,-1.2395806110877126,-1.2713235592275434,ground,3
79.0,-19.0,2.0,-1.2730724066347145,-1.2730724066347145,ground,1
79.0,-17.0,2.0,-1.2505802056563853,-1.265327912300588,ground,2
79.0,-15.0,2.0,-1.229297372766378,-1.2454600696864395,ground,3
79.0,-13.0,2.0,-1.2500038548173296,-1.2544725570252329,ground,2
79.0,-11.0,2.0,-1.226448580209896,-1.226448580209896,ground,1
79.0,-9.0,2.0,-1.2149028864693163,-1.2348270339950027,ground,2
79.0,-7.0,2.0,-1.201010738849021,-1.2063511801752507,ground,3
79.0,1.0,2.0,-1.1583734817784397,-1.1583734817784397,ground,1
79.0,5.0,2.0,-1.151193253368195,-1.1702433327352724,ground,2
79.0,7.0,2.0,-1.144973959211816,-1.144973959211816,ground,1
79.0,9.0,2.0,-1.1072115741917326,-1.1261640599385105,ground,2
79.0,11.0,2.0,-1.1740666600470202,-1.1760182942950048,ground,2
79.0,13.0,2.0,-1.1587520133842941,-1.1587520133842941,ground,1
79.0,15.0,2.0,-1.1240208938077072,-1.1252636488726542,ground,2
79.0,17.0,2.0,-1.1268220280289645,-1.1268220280289645,ground,1
79.0,19.0,2.0,-1.0789717344800478,-1.0906786778414717,ground,2
79.0,21.0,2.0,-1.1269462466447357,-1.1269462466447357,ground,1
79.0,27.0,2.0,-1.1178054917190015,-1.1178054917190015,ground,1
79.0,31.0,2.0,1.3785053474562232,0.16792678320282728,ground,2
79.0,35.0,2.0,0.9091085731128958,0.9091085731128958,vegetation,1
79.0,39.0,2.0,-1.0157613059817856,-1.0157613059817856,ground,1
79.0,45.0,2.0,-0.9577264394116681,-0.9577264394116681,ground,1
79.0,47.0,2.0,-1.0268196942045686,-1.0268196942045686,ground,1
79.0,49.0,2.0,-0.9720456665469833,-0.9835541365435578,ground,2
79.0,53.0,2.0,0.6762353500292297,-0.41151274401996824,ground,3
79.0,55.0,2.0,1.1975507806203016,0.10716809013573136,ground,2
79.0,57.0,2.0,-0.935466925915654,-0.9420112625790519,ground,2
79.0,59.0,2.0,1.1441130332374054,-0.26036399142435845,ground,3
79.0,61.0,2.0,0.8448066383027052,0.8448066383027052,vegetation,1
81.0,-53.0,2.0,-1.4630831837142504,-1.4630831837142504,ground,1
81.0,-49.0,2.0,-1.3943710134429694,-1.3943710134429694,ground,1
81.0,-47.0,2.0,-1.3892586994630054,-1.4143179796775907,ground,2
81.0,-37.0,2.0,-0.09681553454292241,-0.7250548277390774,ground,2
81.0,-35.0,2.0,-1.3832376494347347,-1.3832376494347347,ground,1
81.0,-33.0,2.0,-0.4576188225623924,-0.9128556458537653,ground,2
81.0,-31.0,2.0,1.6667266622981531,-0.34389215543687074,ground,3
81.0,-27.0,2.0,1.1004404132253227,1.1004404132253227,vegetation,1
81.0,-25.0,2.0,-1.2805751793031488,-1.3058442336124862,ground,3
81.0,-23.0,2.0,-1.351631286513365,-1.351631286513365,ground,1
81.0,-19.0,2.0,-1.2891972285372952,-1.2965110894792549,ground,2
81.0,-17.0,2.0,-1.285398056155909,-1.285398056155909,ground,1
81.0,-15.0,2.0,-1.2963102856872548,-1.300523305311618,ground,2
81.0,-11.0,2.0,-1.2612206792318073,-1.2612206792318073,ground,1
81.0,-7.0,2.0,-1.1975901767314863,-1.1975901767314863,ground,1
81.0,-3.0,2.0,-1.1730950827034679,-1.1730950827034679,ground,1
81.0,-1.0,2.0,-1.168582516819843,-1.2317190633814348,ground,5
81.0,1.0,2.0,-1.2058340106220038,-1.2058340106220038,ground,1
81.0,3.0,2.0,-1.245281439682907,-1.245281439682907,ground,1
81.0,5.0,2.0,-1.204882063428726,-1.204882063428726,ground,1
81.0,7.0,2.0,-1.1786563607709188,-1.1948368487764445,ground,4
81.0,9.0,2.0,-1.149431326854471,-1.149431326854471,ground,1
81.0,13.0,2.0,-1.2056860263602593,-1.2056860263602593,ground,1
81.0,17.0,2.0,-1.146148027010921,-1.146148027010921,ground,1
81.0,21.0,2.0,-1.1317915211611287,-1.1317915211611287,ground,1
81.0,25.0,2.0,-0.30214175550791306,-0.30214175550791306,vegetation,1
81.0,29.0,2.0,-1.1196299204829256,-1.143524302374776,ground,2
81.0,31.0,2.0,-1.1210456227485388,-1.1210456227485388,ground,1
81.0,33.0,2.0,-1.0577067079345712,-1.0670062901240494,ground,2
81.0,35.0,2.0,-1.0640454343446768,-1.072626114876794,ground,2
81.0,43.0,2.0,-1.0572102184594947,-1.0572102184594947,ground,1
81.0,45.0,2.0,1.1663409930668767,1.1663409930668767,vegetation,1
81.0,47.0,2.0,-1.0488038515515747,-1.0500887045431484,ground,2
81.0,53.0,2.0,1.501037691370005,0.2454588238147023,ground,2
81.0,55.0,2.0,-0.9839139081093619,-0.9839139081093619,ground,1
83.0,-53.0,2.0,-1.436617416255003,-1.4614802807827885,ground,4
83.0,-51.0,2.0,-1.5006251640242942,-1.5006251640242942,ground,1
83.0,-49.0,2.0,-1.4172103497038544,-1.426653998345401,ground,2
83.0,-47.0,2.0,-1.4577160070441146,-1.4577160070441146,ground,1
83.0,-43.0,2.0,-1.402199965290082,-1.4097688897841585,ground,2
83.0,-39.0,2.0,0.04684006039331534,-0.023879542373009877,vegetation,2
83.0,-37.0,2.0,0.4197177730882704,0.4197177730882704,vegetation,1
83.0,-35.0,2.0,-0.14510961661395716,-0.7532388600030637,ground,2
83.0,-33.0,2.0,-1.3898473125690605,-1.3898473125690605,ground,1
83.0,-31.0,2.0,1.3689756996562912,1.3689756996562912,vegetation,1
83.0,-27.0,2.0,-1.3433522147861068,-1.3433522147861068,ground,1
83.0,-25.0,2.0,-1.3115107761073639,-1.3115107761073639,ground,1
83.0,-21.0,2.0,-1.326948794711417,-1.326948794711417,ground,1
83.0,-19.0,2.0,-1.3176545945914655,-1.3176545945914655,ground,1
83.0,-17.0,2.0,-1.3054422390212324,-1.3054422390212324,ground,1
83.0,-15.0,2.0,-1.275056172527464,-1.307626209046554,ground,3
83.0,-11.0,2.0,-1.25641934515364,-1.25641934515364,ground,1
83.0,-9.0,2.0,-1.2441945715933658,-1.2441945715933658,ground,1
83.0,-7.0,2.0,-1.297524627979206,-1.3104486479886137,ground,2
83.0,-5.0,2.0,-1.2396788577349942,-1.2678562063286485,ground,2
83.0,-1.0,2.0,-1.2128844249967026,-1.230733957947537,ground,3
83.0,1.0,2.0,-1.2891889182322516,-1.2891889182322516,ground,1
83.0,3.0,2.0,-1.2373073548761706,-1.26429542139333,ground,2
83.0,5.0,2.0,-1.1809039725767918,-1.214251617391641,ground,3
83.0,7.0,2.0,-1.2152276330450824,-1.239041910780646,ground,3
83.0,11.0,2.0,-1.1527425999898082,-1.1527425999898082,ground,1
83.0,13.0,2.0,-1.1555829388643317,-1.1555829388643317,ground,1
83.0,15.0,2.0,-1.2030653449972928,-1.205347532031161,ground,2
83.0,17.0,2.0,-1.1427389736172873,-1.1482723865254942,ground,2
83.0,21.0,2.0,-1.1961606512866605,-1.1961606512866605,ground,1
83.0,23.0,2.0,-1.1686974319335812,-1.1686974319335812,ground,1
83.0,29.0,2.0,-1.1313760427220096,-1.137346082472591,ground,2
83.0,33.0,2.0,-1.098707519617765,-1.098707519617765,ground,1
83.0,35.0,2.0,-0.08292971520227357,-0.6000737890429066,ground,2
83.0,37.0,2.0,0.7790258395313767,-0.21403950019913104,vegetation,5
83.0,43.0,2.0,0.13830637114054606,0.13830637114054606,vegetation,1
83.0,45.0,2.0,-1.0310153967695443,-1.0310153967695443,ground,1
83.0,47.0,2.0,-1.0257978907629863,-1.0536736587435076,ground,2
83.0,49.0,2.0,-1.0287547731515603,-1.0287547731515603,ground,1
83.0,51.0,2.0,1.906252933523519,0.43788160000046195,ground,2
83.0,55.0,2.0,0.6441330529892497,0.6441330529892497,vegetation,1
85.0,-53.0,2.0,-1.489003165974681,-1.489003165974681,ground,1
85.0,-51.0,2.0,-1.5042756859231154,-1.5061042606410633,ground,2
85.0,-49.0,2.0,-1.4700305041251749,-1.4707370822744679,ground,2
85.0,-47.0,2.0,1.4873524266297333,1.4873524266297333,vegetation,1
85.0,-37.0,2.0,-1.4175574019650312,-1.4175574019650312,ground,1
85.0,-35.0,2.0,-1.4173925610630997,-1.4173925610630997,ground,1
85.0,-31.0,2.0,0.23990476852012743,0.23990476852012743,vegetation,1
85.0,-29.0,2.0,-1.3857599858509482,-1.3857599858509482,ground,1
85.0,-27.0,2.0,0.19733361543301775,0.19733361543301775,vegetation,1
85.0,-25.0,2.0,-1.3662584510351032,-1.3662584510351032,ground,1
85.0,-19.0,2.0,-1.3158574226935325,-1.3158574226935325,ground,1
85.0,-17.0,2.0,-1.3385181819489411,-1.3530701181719542,ground,2
85.0,-15.0,2.0,-1.3531017965013739,-1.3531017965013739,ground,1
85.0,-13.0,2.0,-1.2945344254431397,-1.2945344254431397,ground,1
85.0,-9.0,2.0,-1.3432845855049673,-1.3432845855049673,ground,1
85.0,-3.0,2.0,-1.2900397315663403,-1.2900397315663403,ground,1
85.0,-1.0,2.0,-1.262226563478679,-1.262226563478679,ground,1
85.0,1.0,2.0,-1.2913352604599015,-1.2913352604599015,ground,1
85.0,3.0,2.0,-1.2534179980142,-1.2534179980142,ground,1
85.0,9.0,2.0,-1.2569745248261357,-1.2613454891736662,ground,2
85.0,11.0,2.0,-1.1996922103812213,-1.2178639196669492,ground,2
85.0,13.0,2.0,-1.2180479386647933,-1.2444668667897818,ground,2
85.0,15.0,2.0,-1.1576563008110665,-1.1888942966304776,ground,3
85.0,19.0,2.0,-1.2003083517576771,-1.2003083517576771,ground,1
85.0,21.0,2.0,-1.1954842899436426,-1.2004419089746141,ground,2
85.0,25.0,2.0,-1.1448713360678806,-1.1448713360678806,ground,1
85.0,27.0,2.0,-1.1389976049232697,-1.1389976049232697,ground,1
85.0,35.0,2.0,0.6456576541448709,0.23791511038431956,vegetation,3
85.0,37.0,2.0,-1.0916948593749527,-1.1305145495465343,ground,2
85.0,41.0,2.0,1.4219551992387498,0.7215886872348312,vegetation,2
85.0,45.0,2.0,-1.092686539320835,-1.103676952609782,ground,2
85.0,49.0,2.0,-1.0666215571558102,-1.0666215571558102,ground,1
85.0,53.0,2.0,1.309607555824315,1.309607555824315,vegetation,1
87.0,-49.0,2.0,-1.5439221020762088,-1.5439221020762088,ground,1
87.0,-47.0,2.0,0.3528847739825878,-0.5885438171205365,ground,2
87.0,-45.0,2.0,-0.384687143625361,-0.384687143625361,vegetation,1
87.0,-43.0,2.0,-1.4236393491230648,-1.4236393491230648,ground,1
87.0,-41.0,2.0,0.4341841534217876,0.4341841534217876,vegetation,1
87.0,-37.0,2.0,0.47561660657584026,-0.47849552777178594,ground,2
87.0,-35.0,2.0,-1.4516837017919981,-1.4616736365839573,ground,2
87.0,-33.0,2.0,-1.4407741677041213,-1.4407741677041213,ground,1
87.0,-29.0,2.0,-1.409377882691691,-1.409377882691691,ground,1
87.0,-27.0,2.0,1.1272052782755226,-0.2167625631314467,ground,4
87.0,-25.0,2.0,-1.3733462980865643,-1.3733462980865643,ground,1
87.0,-23.0,2.0,-1.3879532375839747,-1.3879532375839747,ground,1
87.0,-21.0,2.0,-1.3643177015220123,-1.3647283783037163,ground,2
87.0,-17.0,2.0,-1.3689866994824607,-1.3689866994824607,ground,1
87.0,-15.0,2.0,-1.3863663748261006,-1.3863663748261006,ground,1
87.0,-13.0,2.0,-1.3436269079049494,-1.3436269079049494,ground,1
87.0,-11.0,2.0,-1.3099557309300387,-1.3208454445526927,ground,2
87.0,-3.0,2.0,-1.3684674698192292,-1.3684674698192292,ground,1
87.0,5.0,2.0,-1.2532840611158904,-1.2984483324407317,ground,3
87.0,9.0,2.0,-1.2603966675987477,-1.2603966675987477,ground,1
87.0,11.0,2.0,-1.2578638829735056,-1.267933050140746,ground,2
87.0,13.0,2.0,-1.2087238400735383,-1.2087238400735383,ground,1
87.0,15.0,2.0,-1.2105818432035989,-1.2396882204252042,ground,3
87.0,17.0,2.0,-1.211971527471095,-1.211971527471095,ground,1
87.0,21.0,2.0,-1.2041144886539894,-1.2225419343477288,ground,4
87.0,23.0,2.0,-1.1858909115237615,-1.214190304965872,ground,2
87.0,27.0,2.0,-1.1890610654144533,-1.1890610654144533,ground,1
87.0,29.0,2.0,-1.2007883466990614,-1.2007883466990614,ground,1
87.0,31.0,2.0,1.0478587612353636,1.0478587612353636,vegetation,1
87.0,33.0,2.0,-1.1554602634381697,-1.1554602634381697,ground,1
87.0,35.0,2.0,0.8793574915307418,-0.13147062139439247,ground,2
87.0,39.0,2.0,-1.1792126869794952,-1.1792126869794952,ground,1
87.0,41.0,2.0,0.9875197943731329,0.22066387531494253,vegetation,4
87.0,43.0,2.0,1.0215206347258954,-0.42357360847603914,ground,3
87.0,45.0,2.0,-1.0825057257633648,-1.0825057257633648,ground,1
87.0,47.0,2.0,-1.0925193025497355,-1.0925193025497355,ground,1
87.0,49.0,2.0,-0.20546780740249843,-0.6470826086338314,ground,2
89.0,-43.0,2.0,-1.5102284888599795,-1.5102284888599795,ground,1
89.0,-41.0,2.0,-0.684543870971438,-0.684543870971438,vegetation,1
89.0,-35.0,2.0,-1.471575311195044,-1.471575311195044,ground,1
89.0,-33.0,2.0,-1.4130510147125022,-1.4462268021720925,ground,2
89.0,-31.0,2.0,-1.45783406548343,-1.4626862172267525,ground,3
89.0,-29.0,2.0,-1.4175733962879233,-1.4175733962879233,ground,1
89.0,-25.0,2.0,0.5764660399772539,-0.7705494805518786,ground,3
89.0,-21.0,2.0,-1.4114997944281533,-1.4141720094876444,ground,2
89.0,-19.0,2.0,-1.3525244120515136,-1.3966256020537369,ground,3
89.0,-15.0,2.0,-1.3680108296246627,-1.385826915192428,ground,2
89.0,-13.0,2.0,-1.3489584217517847,-1.3489584217517847,ground,1
89.0,-7.0,2.0,-1.3324254310798962,-1.3708916656136156,ground,4
89.0,-5.0,2.0,-1.389153131857726,-1.389153131857726,ground,1
89.0,-1.0,2.0,-1.3077738104881327,-1.3077738104881327,ground,1
89.0,3.0,2.0,-1.3209930173524942,-1.327314840606267,ground,2
89.0,7.0,2.0,-1.2957041994517322,-1.3176791790511673,ground,2
89.0,9.0,2.0,-1.292088005986165,-1.3053235153933453,ground,2
89.0,11.0,2.0,-1.2753173153173107,-1.2818039199516031,ground,3
89.0,17.0,2.0,-1.3076619731879942,-1.3076619731879942,ground,1
89.0,19.0,2.0,-1.2154314616584887,-1.2154314616584887,ground,1
89.0,21.0,2.0,-1.2336695205614685,-1.2349533763209695,ground,2
89.0,23.0,2.0,-1.2431537919902258,-1.2431537919902258,ground,1
89.0,33.0,2.0,1.5428068966787092,0.1679290134742103,ground,2
89.0,35.0,2.0,-1.1971314001054862,-1.1971314001054862,ground,1
89.0,37.0,2.0,1.5408292450621948,0.18461792671830468,ground,2
89.0,39.0,2.0,0.7032203219008129,0.7032203219008129,vegetation,1
89.0,41.0,2.0,-1.161759218722664,-1.1662361782652046,ground,2
89.0,45.0,2.0,-1.195116153346182,-1.195116153346182,ground,1
91.0,-35.0,2.0,-1.4643609661026324,-1.4643609661026324,ground,1
91.0,-33.0,2.0,0.5797397070655701,0.16913099627662148,vegetation,2
91.0,-29.0,2.0,-0.23954260332964433,-0.8651813993865706,ground,2
91.0,-27.0,2.0,-0.432574498483294,-0.432574498483294,vegetation,1
91.0,-25.0,2.0,-1.471637109837677,-1.471637109837677,ground,1
91.0,-23.0,2.0,-1.4476700623276044,-1.4476700623276044,ground,1
91.0,-21.0,2.0,-1.423670427978373,-1.441211541799793,ground,4
91.0,-19.0,2.0,-1.4690016929454959,-1.4690016929454959,ground,1
91.0,-17.0,2.0,-1.4229953037751415,-1.4576620004728005,ground,2
91.0,-13.0,2.0,-1.3862244473259506,-1.4256028674724728,ground,4
91.0,-11.0,2.0,-1.414028152459474,-1.414028152459474,ground,1
91.0,-7.0,2.0,-1.365937985340512,-1.394074342793708,ground,3
91.0,-5.0,2.0,-1.372941436335946,-1.398344239071766,ground,3
91.0,-3.0,2.0,-1.3747287523658442,-1.3747287523658442,ground,1
91.0,-1.0,2.0,-1.3646275996440624,-1.3646275996440624,ground,1
91.0,1.0,2.0,-1.3592501553197052,-1.3592501553197052,ground,1
91.0,3.0,2.0,-1.3627578011032655,-1.3627578011032655,ground,1
91.0,5.0,2.0,-1.3238011384398527,-1.3238011384398527,ground,1
91.0,11.0,2.0,-1.3217441945088533,-1.3268755810752977,ground,3
91.0,13.0,2.0,-1.3319226295460216,-1.3319226295460216,ground,1
91.0,15.0,2.0,-1.2840130854195195,-1.2840130854195195,ground,1
91.0,17.0,2.0,-1.2548100264680362,-1.2548100264680362,ground,1
91.0,19.0,2.0,-1.2807855780874762,-1.3165798345594408,ground,3
91.0,21.0,2.0,-1.2634921123617204,-1.2634921123617204,ground,1
91.0,23.0,2.0,-1.2544633640545113,-1.26014434184356,ground,3
91.0,25.0,2.0,-1.2755072288666305,-1.2755072288666305,ground,1
91.0,29.0,2.0,-1.274135102540692,-1.274135102540692,ground,1
91.0,33.0,2.0,-1.264086795309486,-1.264086795309486,ground,1
91.0,35.0,2.0,-1.2231724678646287,-1.23765682318479,ground,2
91.0,39.0,2.0,-1.2079523139735626,-1.2079523139735626,ground,1
91.0,41.0,2.0,0.9431480521189399,0.9431480521189399,vegetation,1
93.0,-37.0,2.0,0.3896722753809341,-0.8931642255194716,ground,3
93.0,-31.0,2.0,-1.5512990181891477,-1.5512990181891477,ground,1
93.0,-29.0,2.0,-1.5033337576638484,-1.5033337576638484,ground,1
93.0,-27.0,2.0,-1.4957929890377386,-1.4957929890377386,ground,1
93.0,-23.0,2.0,-1.4787470374647,-1.5222448399129103,ground,5
93.0,-21.0,2.0,-1.5314107337185672,-1.5314107337185672,ground,1
93.0,-19.0,2.0,-1.4621662234217738,-1.4941370158851983,ground,2
93.0,-17.0,2.0,-1.4767856904307561,-1.4767856904307561,ground,1
93.0,-11.0,2.0,-1.4367970933551824,-1.440673126524969,ground,2
93.0,-9.0,2.0,-1.4262513534205985,-1.4392332474139606,ground,2
93.0,-7.0,2.0,-1.4436681622610348,-1.4446631233505407,ground,2
93.0,-5.0,2.0,-1.4273848252782388,-1.4506879789063754,ground,2
93.0,-3.0,2.0,-1.36747414606154,-1.3813884312644455,ground,3
93.0,1.0,2.0,-1.3693469014421125,-1.3693469014421125,ground,1
93.0,3.0,2.0,-1.3450422537796016,-1.377385543081461,ground,3
93.0,7.0,2.0,-1.3584347665461254,-1.3786264239552972,ground,3
93.0,9.0,2.0,-1.3450027185891806,-1.3762818701675978,ground,3
93.0,11.0,2.0,-1.3648215691629833,-1.3786200964214665,ground,2
93.0,13.0,2.0,-1.2826423892064414,-1.3028422788061127,ground,2
93.0,15.0,2.0,-1.3136460343704603,-1.32789566083025,ground,2
93.0,17.0,2.0,-1.3340400459231696,-1.3340400459231696,ground,1
93.0,19.0,2.0,-1.3209019497880456,-1.3386599539221917,ground,3
93.0,21.0,2.0,-1.2711981452483685,-1.2711981452483685,ground,1
93.0,25.0,2.0,0.6892925535204917,-0.31517972874815936,ground,2
93.0,27.0,2.0,-0.1908288794926632,-0.7350110679840053,ground,2
93.0,29.0,2.0,-1.2604044942057937,-1.2641854396936618,ground,3
93.0,31.0,2.0,-0.1432438247641763,-0.1432438247641763,vegetation,1
93.0,33.0,2.0,1.1184873913424997,-0.07302350900324017,ground,2
93.0,37.0,2.0,-1.232547582597356,-1.2447955527631787,ground,2
95.0,-33.0,2.0,0.13281008411911632,0.13281008411911632,vegetation,1
95.0,-31.0,2.0,1.464616717515812,1.464616717515812,vegetation,1
95.0,-29.0,2.0,-0.3286571031185423,-0.9383531537642559,ground,2
95.0,-27.0,2.0,-1.5079410129307862,-1.5079410129307862,ground,1
95.0,-25.0,2.0,1.12666822538315,-0.21366541836080388,ground,2
95.0,-23.0,2.0,-1.4681556619053848,-1.4681556619053848,ground,1
95.0,-21.0,2.0,-1.5087910046529733,-1.5186800839107069,ground,3
95.0,-17.0,2.0,-1.4922177614130911,-1.493294711143657,ground,2
95.0,-15.0,2.0,-1.4605735455966238,-1.4605735455966238,ground,1
95.0,-13.0,2.0,-1.5008258402808923,-1.5008258402808923,ground,1
95.0,-11.0,2.0,-1.4693456619280372,-1.4936636446479774,ground,2
95.0,-9.0,2.0,-1.4389964447296644,-1.4396433674602802,ground,2
95.0,-7.0,2.0,-1.430028918365672,-1.450407840852706,ground,2
95.0,-5.0,2.0,-1.4243700143385942,-1.4243700143385942,ground,1
95.0,-3.0,2.0,-1.433624416317276,-1.433624416317276,ground,1
95.0,-1.0,2.0,-1.3911495088526464,-1.395690209063032,ground,2
95.0,5.0,2.0,-1.4053676613798785,-1.4053676613798785,ground,1
95.0,7.0,2.0,-1.3900442926390337,-1.3966494593182734,ground,3
95.0,9.0,2.0,-1.3909438767234825,-1.3978515532120532,ground,2
95.0,17.0,2.0,-1.315429858794413,-1.315429858794413,ground,1
95.0,23.0,2.0,-1.3332049630399192,-1.3332049630399192,ground,1
95.0,25.0,2.0,-1.3588423595899013,-1.3588423595899013,ground,1
95.0,27.0,2.0,-1.2991811116405074,-1.2991811116405074,ground,1
95.0,29.0,2.0,-1.2891962301876918,-1.319503439521992,ground,2
95.0,31.0,2.0,-1.286056136498978,-1.286056136498978,ground,1
97.0,-25.0,2.0,-1.5523120907443193,-1.5523120907443193,ground,1
97.0,-23.0,2.0,-1.554269199211982,-1.5609009657078334,ground,2
97.0,-21.0,2.0,-1.4939223984277126,-1.5283029615458588,ground,3
97.0,-19.0,2.0,-1.5032862714766466,-1.5124494744268002,ground,2
97.0,-17.0,2.0,-1.5647119034196522,-1.5647119034196522,ground,1
97.0,-15.0,2.0,-1.500670559356771,-1.520896186844098,ground,2
97.0,-11.0,2.0,-1.4362780428088475,-1.4688607540096434,ground,3
97.0,-9.0,2.0,-1.4805767562938181,-1.4805767562938181,ground,1
97.0,-7.0,2.0,-1.4362836013689815,-1.4362836013689815,ground,1
97.0,-5.0,2.0,-1.4987710411316173,-1.4987710411316173,ground,1
97.0,-3.0,2.0,-1.463936374000414,-1.4684688828253654,ground,2
97.0,-1.0,2.0,-1.4334351411123787,-1.4334351411123787,ground,1
97.0,1.0,2.0,-1.4506768929215355,-1.4506768929215355,ground,1
97.0,3.0,2.0,-1.4864711399712363,-1.4864711399712363,ground,1
97.0,7.0,2.0,-1.4552873461792575,-1.4641319151667063,ground,2
97.0,9.0,2.0,-1.4020001086691194,-1.41100869881679,ground,2
97.0,11.0,2.0,-1.393540426403146,-1.394367720857051,ground,2
97.0,13.0,2.0,-1.3945473006888618,-1.3945473006888618,ground,1
97.0,15.0,2.0,-1.3543477680204872,-1.378349849589485,ground,3
97.0,19.0,2.0,-1.376903570541776,-1.376903570541776,ground,1
97.0,23.0,2.0,-1.4063515822485586,-1.4063515822485586,ground,1
99.0,-13.0,2.0,-1.580027918970278,-1.580027918970278,ground,1
99.0,-11.0,2.0,-1.495648900203477,-1.495648900203477,ground,1
99.0,-7.0,2.0,-1.5136514865613016,-1.5308061715946568,ground,2
99.0,3.0,2.0,-1.4763148892226268,-1.4841527513972035,ground,2
