x,y,resolution,elevation,mean_elevation,semantic_class,point_count
-99.625,-4.125,0.25,1.4521248169379013,1.4521248169379013,ground,1
-99.625,-3.875,0.25,1.478789214901824,1.478789214901824,ground,1
-99.625,5.625,0.25,1.4826965178003997,1.4826965178003997,ground,1
-99.375,-9.625,0.25,1.4538134107267968,1.4538134107267968,ground,1
-99.375,11.125,0.25,1.5429407081054651,1.5429407081054651,ground,1
-99.125,5.625,0.25,1.4996588889432607,1.4996588889432607,ground,1
-99.125,9.375,0.25,1.527445616208971,1.527445616208971,ground,1
-98.875,-7.125,0.25,1.4127088700993777,1.4127088700993777,ground,1
-98.625,-3.875,0.25,1.422041894214889,1.422041894214889,ground,1
-98.625,7.625,0.25,1.5100638581723336,1.5100638581723336,ground,1
-98.625,11.125,0.25,1.53076841978557,1.53076841978557,ground,1
-98.375,-17.375,0.25,1.4724088885542406,1.4724088885542406,ground,1
-98.375,-10.875,0.25,1.3863574990711642,1.3863574990711642,ground,1
-98.375,-2.125,0.25,1.4713911367201002,1.4713911367201002,ground,1
-98.375,4.125,0.25,1.4715371689917662,1.4715371689917662,ground,1
-98.375,16.125,0.25,1.5409738982772971,1.5409738982772971,ground,1
-98.125,-10.375,0.25,1.4566229467970808,1.4566229467970808,ground,1
-98.125,2.125,0.25,1.5074727839071218,1.5074727839071218,ground,1
-98.125,4.625,0.25,1.4774257610864858,1.4774257610864858,ground,1
-97.875,-7.125,0.25,1.4772065258632423,1.4772065258632423,ground,1
-97.875,-3.625,0.25,1.5065052600416409,1.5065052600416409,ground,1
-97.625,-16.375,0.25,1.4309643760243487,1.4309643760243487,ground,1
-97.625,-11.125,0.25,1.402307872190044,1.402307872190044,ground,1
-97.625,10.375,0.25,1.4651232458270358,1.4651232458270358,ground,1
-97.625,17.125,0.25,1.556157987295786,1.556157987295786,ground,1
-97.625,17.625,0.25,1.5510585148825147,1.5510585148825147,ground,1
-97.375,12.875,0.25,1.5150786237678537,1.5150786237678537,ground,1
-97.125,19.375,0.25,1.5118209453950304,1.5118209453950304,ground,1
-96.875,-20.625,0.25,1.385570350295047,1.385570350295047,ground,1
-96.875,-10.375,0.25,1.360832279030372,1.360832279030372,ground,1
-96.625,-14.375,0.25,1.3896185595540074,1.3896185595540074,ground,1
-96.375,-25.625,0.25,2.283178117298373,2.283178117298373,vegetation,1
-96.375,9.125,0.25,1.5062173142380313,1.5062173142380313,ground,1
-96.125,-26.125,0.25,1.3134946403523668,1.3134946403523668,ground,1
-96.125,-1.875,0.25,1.451234139925485,1.451234139925485,ground,1
-96.125,11.375,0.25,1.4964194707752658,1.4964194707752658,ground,1
-96.125,14.125,0.25,1.5122773809742445,1.5122773809742445,ground,1
-95.875,-11.375,0.25,1.374672568147422,1.374672568147422,ground,1
-95.875,2.625,0.25,1.4886213221056033,1.4886213221056033,ground,1
-95.625,-19.375,0.25,1.3970292348180082,1.3970292348180082,ground,1
-95.625,-1.125,0.25,1.458834628047069,1.458834628047069,ground,1
-95.625,22.125,0.25,1.4927186265912207,1.4927186265912207,ground,1
-95.375,4.625,0.25,1.4353250645007933,1.4353250645007933,ground,1
-95.375,8.875,0.25,1.452285373535426,1.452285373535426,ground,1
-95.375,10.375,0.25,1.4733554270836495,1.4733554270836495,ground,1
-95.375,26.625,0.25,1.5442808988358785,1.5442808988358785,ground,1
-95.375,26.875,0.25,1.5164495821950201,1.5164495821950201,ground,1
-95.125,-29.875,0.25,4.241730254968688,4.241730254968688,vegetation,1
-95.125,-28.125,0.25,4.166946181273081,4.166946181273081,vegetation,1
-95.125,1.875,0.25,1.4738085038047053,1.4738085038047053,ground,1
-95.125,17.875,0.25,1.5357216897870205,1.5357216897870205,ground,1
-94.875,-19.375,0.25,1.2589303225234,1.2589303225234,ground,1
-94.875,-19.125,0.25,1.3628244999813055,1.3628244999813055,ground,1
-94.875,-16.125,0.25,1.3818339956451617,1.3818339956451617,ground,1
-94.875,-13.375,0.25,1.3692150662247506,1.3692150662247506,ground,1
-94.875,2.125,0.25,1.4480946784372468,1.4480946784372468,ground,1
-94.875,9.875,0.25,1.4496968672487032,1.4496968672487032,ground,1
-94.625,-24.625,0.25,1.3449206655085617,1.3449206655085617,ground,1
-94.625,-22.125,0.25,1.313179599678607,1.313179599678607,ground,1
-94.375,-13.375,0.25,1.3542341631038,1.3542341631038,ground,1
-94.375,14.375,0.25,1.5324186498439063,1.5324186498439063,ground,1
-94.375,15.375,0.25,1.448366858486796,1.448366858486796,ground,1
-94.125,-30.375,0.25,3.6022178737397006,3.6022178737397006,vegetation,1
-94.125,-21.125,0.25,1.3090207326170569,1.3090207326170569,ground,1
-94.125,-20.125,0.25,1.3337979841101573,1.3337979841101573,ground,1
-94.125,-19.875,0.25,1.3268383648913542,1.3268383648913542,ground,1
-94.125,-10.625,0.25,1.351167235264315,1.351167235264315,ground,1
-94.125,15.375,0.25,1.5063065084697655,1.5063065084697655,ground,1
-94.125,21.125,0.25,1.4951623074262297,1.4951623074262297,ground,1
-94.125,31.125,0.25,3.9774678872068177,3.9774678872068177,vegetation,1
-93.875,-21.625,0.25,1.3065998485130152,1.3065998485130152,ground,1
-93.625,-15.125,0.25,1.3401710545055143,1.3401710545055143,ground,1
-93.625,-7.875,0.25,1.346756601016252,1.346756601016252,ground,1
-93.625,-0.875,0.25,1.4052307942032218,1.4052307942032218,ground,1
-93.625,12.625,0.25,1.4220628521972596,1.4220628521972596,ground,1
-93.625,17.125,0.25,1.5228163285153296,1.5228163285153296,ground,1
-93.625,19.375,0.25,1.4962674367376094,1.4962674367376094,ground,1
-93.375,-19.125,0.25,1.2872375045602142,1.2872375045602142,ground,1
-93.125,-26.375,0.25,1.2964697648341048,1.2964697648341048,ground,1
-93.125,-20.625,0.25,1.265943261519816,1.265943261519816,ground,1
-93.125,12.375,0.25,1.425410490475416,1.425410490475416,ground,1
-93.125,27.375,0.25,1.4608834049848798,1.4608834049848798,ground,1
-93.125,29.125,0.25,1.5158062047408754,1.5158062047408754,ground,1
-93.125,34.375,0.25,1.5346342915231836,1.5346342915231836,ground,1
-92.875,-34.875,0.25,1.3117372283241822,1.3117372283241822,ground,1
-92.875,-32.875,0.25,1.3175813713712954,1.3175813713712954,ground,1
-92.875,-8.375,0.25,1.37876551317612,1.37876551317612,ground,1
-92.875,-4.375,0.25,1.3399816579048194,1.3399816579048194,ground,1
-92.875,-3.625,0.25,1.4020639381800903,1.4020639381800903,ground,1
-92.875,4.875,0.25,1.4271054441066933,1.4271054441066933,ground,1
-92.875,9.125,0.25,1.4397605472216415,1.4397605472216415,ground,1
-92.625,-28.625,0.25,1.2894690368993398,1.2894690368993398,ground,1
-92.625,-11.625,0.25,1.3217532819544493,1.3217532819544493,ground,1
-92.625,2.625,0.25,1.444968487137717,1.444968487137717,ground,1
-92.625,11.875,0.25,1.4497357565862377,1.4497357565862377,ground,1
-92.625,20.375,0.25,1.4488436444470016,1.4488436444470016,ground,1
-92.625,23.625,0.25,1.5097784573628719,1.5097784573628719,ground,1
-92.625,32.875,0.25,2.9424094949102253,2.9424094949102253,vegetation,1
-92.375,-31.625,0.25,4.155810710554663,4.155810710554663,vegetation,1
-92.125,-23.875,0.25,1.298513524158839,1.298513524158839,ground,1
-92.125,-12.875,0.25,1.3352935637845444,1.3352935637845444,ground,1
-92.125,-5.625,0.25,1.3677973779418382,1.3677973779418382,ground,1
-92.125,1.375,0.25,1.4059978164857694,1.4059978164857694,ground,1
-92.125,9.875,0.25,1.3929340486881043,1.3929340486881043,ground,1
-92.125,34.125,0.25,1.4979118744411042,1.4979118744411042,ground,1
-91.875,-20.125,0.25,1.284856583688239,1.284856583688239,ground,1
-91.875,17.875,0.25,1.4384467639550942,1.4384467639550942,ground,1
-91.875,30.625,0.25,1.5161940843851032,1.5161940843851032,ground,1
-91.625,-27.875,0.25,3.5575716878441694,3.5575716878441694,vegetation,1
-91.625,-8.875,0.25,1.3633919603260938,1.3633919603260938,ground,1
-91.625,-5.875,0.25,1.3530993776950189,1.3530993776950189,ground,1
-91.625,-4.625,0.25,1.3169744219684076,1.3169744219684076,ground,1
-91.625,15.625,0.25,1.4587343921030849,1.4587343921030849,ground,1
-91.625,17.125,0.25,1.446875904993754,1.446875904993754,ground,1
-91.625,20.125,0.25,1.465497258025337,1.465497258025337,ground,1
-91.375,-30.625,0.25,3.5342089748919685,3.5342089748919685,vegetation,1
-91.375,-12.625,0.25,1.3345650870614323,1.3345650870614323,ground,1
-91.375,3.625,0.25,1.369411142386657,1.369411142386657,ground,1
-91.375,8.375,0.25,1.3924463820457413,1.3924463820457413,ground,1
-91.375,23.625,0.25,1.4871798058307755,1.4714681113257395,ground,2
-91.375,24.375,0.25,1.465385554076182,1.465385554076182,ground,1
-91.375,32.625,0.25,1.5245663955555915,1.5245663955555915,ground,1
-91.125,-28.875,0.25,1.24465417207898,1.24465417207898,ground,1
-91.125,-11.875,0.25,1.286687713951978,1.286687713951978,ground,1
-91.125,20.375,0.25,1.4342852994487412,1.4342852994487412,ground,1
-90.875,-34.875,0.25,1.273298313552567,1.273298313552567,ground,1
-90.875,-30.375,0.25,1.2498743760708424,1.2498743760708424,ground,1
-90.875,-13.875,0.25,1.3095623778458032,1.3095623778458032,ground,1
-90.875,-8.625,0.25,1.3437671228244523,1.3437671228244523,ground,1
-90.875,-8.125,0.25,1.3237734743718412,1.3237734743718412,ground,1
-90.875,-7.875,0.25,1.322759932013928,1.322759932013928,ground,1
-90.875,2.625,0.25,1.4075145020036481,1.4075145020036481,ground,1
-90.875,4.125,0.25,1.3614441724094408,1.3614441724094408,ground,1
-90.875,14.875,0.25,1.4346691736015191,1.4346691736015191,ground,1
-90.875,24.375,0.25,1.4302001039917138,1.4302001039917138,ground,1
-90.875,32.875,0.25,3.430756471579314,3.430756471579314,vegetation,1
-90.625,-27.125,0.25,1.2397403796125488,1.2397403796125488,ground,1
-90.625,-23.125,0.25,1.2599111673078212,1.2599111673078212,ground,1
-90.625,-14.625,0.25,1.280727947145289,1.280727947145289,ground,1
-90.625,-12.125,0.25,1.334482460517958,1.334482460517958,ground,1
-90.625,-0.125,0.25,1.3805936717519423,1.3805936717519423,ground,1
-90.625,16.625,0.25,1.4131170966062572,1.4131170966062572,ground,1
-90.625,29.375,0.25,1.4481826332280885,1.4481826332280885,ground,1
-90.625,37.875,0.25,1.4917373331995274,1.4917373331995274,ground,1
-90.375,-42.625,0.25,2.815072383545311,2.815072383545311,vegetation,1
-90.375,-20.625,0.25,1.329072737099734,1.329072737099734,ground,1
-90.375,9.375,0.25,1.4193763821992877,1.4193763821992877,ground,1
-90.375,11.875,0.25,1.4310982702083666,1.4310982702083666,ground,1
-90.375,30.875,0.25,3.781078512397615,3.781078512397615,vegetation,1
-90.125,-42.875,0.25,1.1715838228218276,1.1715838228218276,ground,1
-90.125,-32.125,0.25,1.1770882982688073,1.1770882982688073,ground,1
-90.125,-19.875,0.25,1.2452269666846136,1.2452269666846136,ground,1
-90.125,-0.375,0.25,1.3549046168243668,1.3549046168243668,ground,1
-90.125,29.375,0.25,1.4549409231022348,1.4549409231022348,ground,1
-90.125,30.375,0.25,1.4514421279774072,1.4514421279774072,ground,1
-90.125,40.875,0.25,1.5202055640263032,1.5202055640263032,ground,1
-89.875,-36.125,0.25,1.2567890821846839,1.2567890821846839,ground,1
-89.875,-29.375,0.25,1.2221168462206637,1.2221168462206637,ground,1
-89.875,-27.875,0.25,3.72942844603174,3.72942844603174,vegetation,1
-89.875,-9.125,0.25,1.3185530355314212,1.3185530355314212,ground,1
-89.875,5.125,0.25,1.3661174317495004,1.3661174317495004,ground,1
-89.875,6.125,0.25,1.3482293668276542,1.3482293668276542,ground,1
-89.625,-32.125,0.25,1.2156599947964228,1.2156599947964228,ground,1
-89.625,-28.875,0.25,1.220699064044069,1.220699064044069,ground,1
-89.625,-25.375,0.25,1.2815643000643477,1.2815643000643477,ground,1
-89.625,-13.375,0.25,1.306030622821937,1.306030622821937,ground,1
-89.625,-3.625,0.25,1.3140404820295568,1.3140404820295568,ground,1
-89.625,19.875,0.25,1.406429259082978,1.406429259082978,ground,1
-89.625,31.625,0.25,1.481963969291308,1.481963969291308,ground,1
-89.625,34.875,0.25,1.4501355116683126,1.4501355116683126,ground,1
-89.375,-38.375,0.25,3.6720472620588547,3.6720472620588547,vegetation,1
-89.375,15.875,0.25,1.4054366148723416,1.4054366148723416,ground,1
-89.375,33.625,0.25,3.6555667392591507,3.6555667392591507,vegetation,1
-89.375,34.125,0.25,1.4605342943861146,1.4605342943861146,ground,1
-89.375,38.875,0.25,4.092565309144816,4.092565309144816,vegetation,1
-89.375,41.875,0.25,1.4603643185345008,1.4603643185345008,ground,1
-89.125,-31.125,0.25,3.6818452186628736,3.6818452186628736,vegetation,1
-89.125,-30.375,0.25,1.2419909453100393,1.2419909453100393,ground,1
-89.125,-2.625,0.25,1.3104876454346652,1.3104876454346652,ground,1
-89.125,-0.625,0.25,1.3413759150989273,1.3413759150989273,ground,1
-89.125,14.125,0.25,1.3600592259364943,1.3600592259364943,ground,1
-89.125,24.125,0.25,1.4488180177023373,1.4488180177023373,ground,1
-89.125,30.875,0.25,1.4996904465462408,1.4996904465462408,ground,1
-89.125,35.625,0.25,1.4605455621183336,1.4605455621183336,ground,1
-88.875,-43.125,0.25,1.1333064363618137,1.1333064363618137,ground,1
-88.875,-35.375,0.25,1.1781960634558453,1.1781960634558453,ground,1
-88.875,-19.125,0.25,1.2524359642034093,1.2524359642034093,ground,1
-88.875,16.625,0.25,1.4319699473491037,1.4319699473491037,ground,1
-88.625,-39.125,0.25,1.1805872811503841,1.1805872811503841,ground,1
-88.625,-35.625,0.25,2.608042191348793,2.608042191348793,vegetation,1
-88.625,-28.125,0.25,1.2384058242419014,1.2384058242419014,ground,1
-88.625,-26.125,0.25,1.215400903325529,1.215400903325529,ground,1
-88.625,-23.625,0.25,1.2514896828576734,1.2408708135054947,ground,2
-88.625,-7.375,0.25,1.293274829182781,1.293274829182781,ground,1
-88.625,-7.125,0.25,1.3665964946498932,1.3665964946498932,ground,1
-88.625,-3.125,0.25,1.2979407160504968,1.2979407160504968,ground,1
-88.625,23.125,0.25,1.3923143214101616,1.3923143214101616,ground,1
-88.625,25.125,0.25,1.4211038247955345,1.4211038247955345,ground,1
-88.625,46.375,0.25,2.895084892308085,2.895084892308085,vegetation,1
-88.375,-29.125,0.25,1.2130327072876577,1.2130327072876577,ground,1
-88.375,42.375,0.25,1.4664180818379131,1.4664180818379131,ground,1
-88.125,-34.875,0.25,1.1561815700604336,1.1561815700604336,ground,1
-88.125,-26.625,0.25,1.253947630884884,1.253947630884884,ground,1
-88.125,-4.125,0.25,1.2875259179017078,1.2875259179017078,ground,1
-88.125,3.875,0.25,1.2897405943340512,1.2897405943340512,ground,1
-88.125,30.125,0.25,1.4071036189325532,1.4071036189325532,ground,1
-87.875,-44.125,0.25,1.1178465294470743,1.1178465294470743,ground,1
-87.875,-32.125,0.25,2.1818806576084837,2.1818806576084837,vegetation,1
-87.875,-25.125,0.25,4.008701318414042,4.008701318414042,vegetation,1
-87.875,-18.875,0.25,1.2303366638313182,1.2303366638313182,ground,1
-87.875,-13.125,0.25,1.2940629214244557,1.2940629214244557,ground,1
-87.875,-10.375,0.25,1.26902486263001,1.26902486263001,ground,1
-87.875,4.875,0.25,1.3299064601067707,1.3299064601067707,ground,1
-87.875,14.625,0.25,1.3698470661984792,1.3698470661984792,ground,1
-87.875,20.875,0.25,1.403644493662427,1.403644493662427,ground,1
-87.875,34.875,0.25,1.450454542093877,1.450454542093877,ground,1
-87.625,-31.875,0.25,2.9209357762474393,2.9209357762474393,vegetation,1
-87.625,31.875,0.25,2.650842216692131,2.650842216692131,vegetation,1
-87.625,39.125,0.25,1.4494404828606027,1.4494404828606027,ground,1
-87.375,-22.375,0.25,1.2239413750163048,1.2239413750163048,ground,1
-87.375,-10.375,0.25,1.26583958728194,1.26583958728194,ground,1
-87.375,-5.375,0.25,1.29030741666307,1.29030741666307,ground,1
-87.375,-2.875,0.25,1.2844714905166492,1.2844714905166492,ground,1
-87.375,-2.375,0.25,1.2704578134813935,1.2704578134813935,ground,1
-87.375,10.875,0.25,1.405863988951329,1.405863988951329,ground,1
-87.375,14.625,0.25,1.3518069394274843,1.3518069394274843,ground,1
-87.375,36.375,0.25,1.4643805172453204,1.4643805172453204,ground,1
-87.125,-42.125,0.25,1.146520772866755,1.146520772866755,ground,1
-87.125,-28.625,0.25,2.1809825270050816,2.1809825270050816,vegetation,1
-87.125,-23.375,0.25,1.2946257461959187,1.2946257461959187,ground,1
-87.125,-22.375,0.25,1.2428658014583633,1.2428658014583633,ground,1
-87.125,-15.625,0.25,1.2423590821283708,1.2423590821283708,ground,1
-87.125,-10.125,0.25,1.246535304365909,1.246535304365909,ground,1
-87.125,12.375,0.25,1.376022434354894,1.376022434354894,ground,1
-87.125,13.875,0.25,1.3549825004038478,1.3549825004038478,ground,1
-87.125,15.625,0.25,1.3772525875348924,1.3772525875348924,ground,1
-87.125,25.625,0.25,1.4080083486651116,1.4080083486651116,ground,1
-87.125,26.375,0.25,1.3721991608994133,1.3721991608994133,ground,1
-87.125,32.625,0.25,1.4046106671772507,1.4046106671772507,ground,1
-86.875,-27.375,0.25,1.1919241802738345,1.1919241802738345,ground,1
-86.875,-12.125,0.25,1.266869835289182,1.266869835289182,ground,1
-86.875,-2.375,0.25,1.2483896633542146,1.2483896633542146,ground,1
-86.875,22.125,0.25,1.4459463809024975,1.4459463809024975,ground,1
-86.875,28.375,0.25,2.767265681546613,2.767265681546613,vegetation,1
-86.625,-23.125,0.25,1.268021753094155,1.268021753094155,ground,1
-86.625,-6.625,0.25,1.2665935162300541,1.2665935162300541,ground,1
-86.625,2.625,0.25,1.314392855156745,1.314392855156745,ground,1
-86.625,7.125,0.25,1.3236931222124482,1.3236931222124482,ground,1
-86.625,35.375,0.25,1.4665501941645611,1.4665501941645611,ground,1
-86.625,48.375,0.25,1.518076001677136,1.518076001677136,ground,1
-86.375,-41.375,0.25,1.1381081797298995,1.1381081797298995,ground,1
-86.375,-37.625,0.25,4.06098742725612,4.06098742725612,vegetation,1
-86.375,-5.875,0.25,1.2753315395042557,1.2753315395042557,ground,1
-86.375,-3.125,0.25,1.2920970158231087,1.2920970158231087,ground,1
-86.375,4.625,0.25,1.319685215843171,1.319685215843171,ground,1
-86.375,9.125,0.25,1.3339735174120555,1.3339735174120555,ground,1
-86.375,25.625,0.25,3.318667642716467,3.318667642716467,vegetation,1
-86.375,26.125,0.25,1.4017570767823075,1.4017570767823075,ground,1
-86.375,39.125,0.25,1.3914939733348743,1.3914939733348743,ground,1
-86.125,-50.125,0.25,1.0759590884109083,1.0759590884109083,ground,1
-86.125,-36.125,0.25,1.1478175405718467,1.1478175405718467,ground,1
-86.125,-16.375,0.25,1.1895702563614654,1.1895702563614654,ground,1
-86.125,-13.625,0.25,1.2802071393113967,1.2802071393113967,ground,1
-86.125,-2.875,0.25,1.3290586082924998,1.3290586082924998,ground,1
-86.125,12.625,0.25,1.3117937573383518,1.3117937573383518,ground,1
-86.125,15.125,0.25,1.2885096860327714,1.2885096860327714,ground,1
-85.875,-19.125,0.25,1.2183908037765585,1.2183908037765585,ground,1
-85.875,-9.375,0.25,1.2397243165351617,1.2397243165351617,ground,1
-85.875,-8.875,0.25,1.2621517796025838,1.2621517796025838,ground,1
-85.875,-5.375,0.25,1.2882396356099717,1.2882396356099717,ground,1
-85.875,7.625,0.25,1.2918212773776474,1.2918212773776474,ground,1
-85.875,28.125,0.25,1.408562851486953,1.408562851486953,ground,1
-85.625,-18.875,0.25,1.2116402783836868,1.2116402783836868,ground,1
-85.625,-17.875,0.25,1.2169903873025318,1.2169903873025318,ground,1
-85.625,-16.375,0.25,1.251985209703668,1.251985209703668,ground,1
-85.625,-11.625,0.25,1.2516897252178123,1.2516897252178123,ground,1
-85.625,-11.375,0.25,1.2565221177629908,1.2565221177629908,ground,1
-85.625,-11.125,0.25,1.1998965028320634,1.1998965028320634,ground,1
-85.625,7.125,0.25,1.3399089787788914,1.3399089787788914,ground,1
-85.375,-46.375,0.25,1.1119769636751677,1.1119769636751677,ground,1
-85.375,-30.625,0.25,1.1417292748207557,1.1417292748207557,ground,1
-85.375,-18.875,0.25,1.2595960398756127,1.2595960398756127,ground,1
-85.375,-8.125,0.25,1.1787609385872075,1.1787609385872075,ground,1
-85.375,14.625,0.25,1.3633370959498061,1.3633370959498061,ground,1
-85.375,19.875,0.25,1.3332507407632268,1.3332507407632268,ground,1
-85.375,20.875,0.25,1.3865604942230962,1.3865604942230962,ground,1
-85.375,33.375,0.25,4.000554898957942,4.000554898957942,vegetation,1
-85.375,36.375,0.25,1.4490985300984938,1.4490985300984938,ground,1
-85.125,-39.625,0.25,1.1074667576130703,1.1074667576130703,ground,1
-85.125,-36.375,0.25,2.425871204008274,2.425871204008274,vegetation,1
-85.125,-30.375,0.25,1.1310000160558071,1.1310000160558071,ground,1
-85.125,-25.625,0.25,1.2177467073994266,1.2177467073994266,ground,1
-85.125,-16.625,0.25,1.1591404633372127,1.1591404633372127,ground,1
-85.125,-16.375,0.25,1.195418725227109,1.195418725227109,ground,1
-85.125,14.125,0.25,1.3041956307810973,1.3041956307810973,ground,1
-85.125,16.625,0.25,1.3963442721476125,1.3963442721476125,ground,1
-85.125,38.625,0.25,1.4606737105236012,1.4606737105236012,ground,1
-84.875,-37.625,0.25,3.6021264189976714,3.6021264189976714,vegetation,1
-84.875,-21.875,0.25,1.2053538034963311,1.2053538034963311,ground,1
-84.875,-20.875,0.25,1.1988297182451397,1.1988297182451397,ground,1
-84.875,-5.625,0.25,1.2340337231133134,1.2340337231133134,ground,1
-84.875,9.125,0.25,1.3267758944174788,1.3267758944174788,ground,1
-84.875,36.375,0.25,1.423508880116587,1.423508880116587,ground,1
-84.625,-51.625,0.25,2.735075441997311,2.735075441997311,vegetation,1
-84.625,-48.125,0.25,1.0638204117890502,1.0638204117890502,ground,1
-84.625,-26.875,0.25,3.423759228524974,3.423759228524974,vegetation,1
-84.625,7.875,0.25,1.3140433066175847,1.3140433066175847,ground,1
-84.625,11.375,0.25,1.3031523992622063,1.3031523992622063,ground,1
-84.625,20.625,0.25,1.3389476044105877,1.3389476044105877,ground,1
-84.625,34.625,0.25,2.3802240915166077,2.3802240915166077,vegetation,1
-84.625,50.375,0.25,1.5391866816024387,1.5391866816024387,ground,1
-84.625,51.625,0.25,3.4321621161174214,3.4321621161174214,vegetation,1
-84.375,-41.375,0.25,1.110946882143435,1.110946882143435,ground,1
-84.375,-32.625,0.25,3.2587732303957155,3.2587732303957155,vegetation,1
-84.375,-15.625,0.25,1.225101713881576,1.225101713881576,ground,1
-84.375,11.875,0.25,1.3243969923493162,1.3243969923493162,ground,1
-84.125,-46.375,0.25,1.0907265441394893,1.0907265441394893,ground,1
-84.125,4.125,0.25,1.304086703534904,1.304086703534904,ground,1
-84.125,6.625,0.25,1.3046287677571642,1.3046287677571642,ground,1
-84.125,23.875,0.25,1.356751169394402,1.356751169394402,ground,1
-84.125,33.375,0.25,1.4214426020870845,1.4214426020870845,ground,1
-84.125,40.875,0.25,3.9280195324334155,3.9280195324334155,vegetation,1
-83.875,-42.125,0.25,0.9943531730685488,0.9943531730685488,ground,1
-83.875,-39.875,0.25,1.1034424647701409,1.1034424647701409,ground,1
-83.875,-31.875,0.25,2.3576170560603216,2.3576170560603216,vegetation,1
-83.875,-31.375,0.25,4.09420228604565,4.09420228604565,vegetation,1
-83.875,7.625,0.25,1.282467373616725,1.282467373616725,ground,1
-83.875,10.875,0.25,1.3497279199839347,1.3497279199839347,ground,1
-83.875,18.625,0.25,1.3414242193556254,1.3414242193556254,ground,1
-83.875,32.125,0.25,1.3640659574068228,1.3640659574068228,ground,1
-83.875,41.125,0.25,1.4279260861788963,1.4279260861788963,ground,1
-83.875,50.625,0.25,2.441319032394714,2.441319032394714,vegetation,1
-83.625,-25.125,0.25,1.145727359260768,1.145727359260768,ground,1
-83.625,-20.875,0.25,1.1601288980805646,1.1601288980805646,ground,1
-83.625,-16.125,0.25,1.2261197362761134,1.2261197362761134,ground,1
-83.625,-11.375,0.25,1.2385342948714788,1.2385342948714788,ground,1
-83.625,-10.125,0.25,1.2342234891442796,1.2342234891442796,ground,1
-83.625,-7.375,0.25,1.2033892711479452,1.2033892711479452,ground,1
-83.625,-1.875,0.25,1.2326339625107678,1.2326339625107678,ground,1
-83.625,1.625,0.25,1.259261620347097,1.2405921806941707,ground,2
-83.625,32.125,0.25,1.3930962697345293,1.3930962697345293,ground,1
-83.375,-52.625,0.25,2.046492458230797,2.046492458230797,vegetation,1
-83.375,-41.125,0.25,3.3769538748734735,3.3769538748734735,vegetation,1
-83.375,-22.375,0.25,1.1561870053066015,1.1561870053066015,ground,1
-83.375,-10.375,0.25,1.1676856060404333,1.1676856060404333,ground,1
-83.375,-7.875,0.25,1.2200140666134918,1.2200140666134918,ground,1
-83.375,2.125,0.25,1.2625630743342953,1.2625630743342953,ground,1
-83.375,12.375,0.25,1.3441867450453011,1.3441867450453011,ground,1
-83.375,14.125,0.25,1.3310986906350004,1.3310986906350004,ground,1
-83.375,14.625,0.25,1.3161900215261801,1.3161900215261801,ground,1
-83.375,38.375,0.25,1.4214983778370174,1.4214983778370174,ground,1
-83.375,45.375,0.25,3.1746963609501866,3.1746963609501866,vegetation,1
-83.375,47.875,0.25,3.9996174402454856,3.9996174402454856,vegetation,1
-83.375,50.875,0.25,1.4523654764717346,1.4523654764717346,ground,1
-83.125,-44.125,0.25,3.446263328789642,3.446263328789642,vegetation,1
-83.125,-42.875,0.25,1.0772067528396603,1.0772067528396603,ground,1
-83.125,-37.875,0.25,1.0703699516614666,1.0703699516614666,ground,1
-83.125,-6.125,0.25,1.1922185270117531,1.1922185270117531,ground,1
-83.125,3.375,0.25,1.2439997244872358,1.2439997244872358,ground,1
-83.125,4.875,0.25,1.3067789488109298,1.3067789488109298,ground,1
-83.125,9.625,0.25,1.3062855769620443,1.3062855769620443,ground,1
-83.125,16.875,0.25,1.3150903363091768,1.3150903363091768,ground,1
-83.125,25.125,0.25,3.429560767828992,3.429560767828992,vegetation,1
-83.125,27.375,0.25,2.9944374903239024,2.9944374903239024,vegetation,1
-83.125,31.875,0.25,1.3511154771535303,1.3511154771535303,ground,1
-83.125,44.875,0.25,3.5045202404866735,3.5045202404866735,vegetation,1
-83.125,49.125,0.25,2.5251637286222506,2.5251637286222506,vegetation,1
-82.875,-36.875,0.25,1.0658195085892708,1.0658195085892708,ground,1
-82.875,-21.625,0.25,1.1720929979853212,1.1720929979853212,ground,1
-82.875,29.125,0.25,1.3567480620600048,1.3567480620600048,ground,1
-82.875,37.375,0.25,2.8945622604153978,2.8945622604153978,vegetation,1
-82.875,44.125,0.25,1.4400215525917361,1.4400215525917361,ground,1
-82.875,47.375,0.25,1.4331584545272504,1.4331584545272504,ground,1
-82.625,-42.625,0.25,1.074461436804554,1.074461436804554,ground,1
-82.625,-31.875,0.25,1.1138843724620517,1.1138843724620517,ground,1
-82.625,-15.625,0.25,1.200623571925262,1.200623571925262,ground,1
-82.625,26.125,0.25,1.3188769427288178,1.3188769427288178,ground,1
-82.625,39.125,0.25,2.865215490279608,2.865215490279608,vegetation,1
-82.375,-47.375,0.25,1.0372098486066619,1.0372098486066619,ground,1
-82.375,-34.875,0.25,1.0887986315943716,1.0887986315943716,ground,1
-82.375,-32.375,0.25,2.973414691768165,2.973414691768165,vegetation,1
-82.375,-25.125,0.25,1.1690494543850523,1.1690494543850523,ground,1
-82.375,-21.625,0.25,1.108892996301807,1.108892996301807,ground,1
-82.375,-1.625,0.25,1.2426544128942332,1.2426544128942332,ground,1
-82.375,6.375,0.25,1.265999572791634,1.265999572791634,ground,1
-82.375,17.625,0.25,1.2917679855270323,1.2917679855270323,ground,1
-82.375,32.375,0.25,1.3537169585467117,1.3537169585467117,ground,1
-82.125,-38.875,0.25,1.0647841769683066,1.0647841769683066,ground,1
-82.125,-36.625,0.25,1.088831576721806,1.088831576721806,ground,1
-82.125,-35.125,0.25,1.1172005534047318,1.1172005534047318,ground,1
-82.125,-29.875,0.25,1.119564872592755,1.119564872592755,ground,1
-82.125,-23.375,0.25,1.160482780416834,1.160482780416834,ground,1
-82.125,-2.375,0.25,1.198334916178597,1.198334916178597,ground,1
-82.125,-0.875,0.25,1.238743206016388,1.238743206016388,ground,1
-82.125,2.375,0.25,1.2612744614619944,1.2612744614619944,ground,1
-82.125,5.625,0.25,1.2463619282192757,1.2463619282192757,ground,1
-82.125,18.625,0.25,1.3015256655772107,1.3015256655772107,ground,1
-82.125,36.625,0.25,1.366386138749425,1.365587528736763,ground,2
-81.875,-49.875,0.25,1.045772996660571,1.045772996660571,ground,1
-81.875,-49.375,0.25,1.0238443290702957,1.0238443290702957,ground,1
-81.875,-34.375,0.25,1.0795986069153245,1.0795986069153245,ground,1
-81.875,-33.625,0.25,1.0943260537009585,1.0943260537009585,ground,1
-81.875,-31.875,0.25,1.084906932357588,1.084906932357588,ground,1
-81.875,-29.625,0.25,1.084044993224281,1.084044993224281,ground,1
-81.875,-23.125,0.25,1.1028193421377164,1.1028193421377164,ground,1
-81.875,17.875,0.25,1.299896618335441,1.299896618335441,ground,1
-81.875,21.125,0.25,1.2777121367022248,1.2777121367022248,ground,1
-81.875,37.375,0.25,2.433868284893678,2.433868284893678,vegetation,1
-81.625,-36.375,0.25,1.1108531287014378,1.1108531287014378,ground,1
-81.625,-27.875,0.25,1.1361644761478518,1.1361644761478518,ground,1
-81.625,-19.875,0.25,1.11878774095365,1.11878774095365,ground,1
-81.625,-12.125,0.25,1.1791271857149839,1.1791271857149839,ground,1
-81.625,0.375,0.25,1.2092421985793012,1.2092421985793012,ground,1
-81.625,0.625,0.25,1.2434548476899416,1.2434548476899416,ground,1
-81.625,6.625,0.25,1.287943204207711,1.287943204207711,ground,1
-81.625,56.875,0.25,1.4524089975611059,1.4524089975611059,ground,1
-81.375,-41.625,0.25,1.0657429996243755,1.0657429996243755,ground,1
-81.375,-20.625,0.25,1.1502295644630918,1.1502295644630918,ground,1
-81.375,-10.875,0.25,1.1633225037541643,1.1633225037541643,ground,1
-81.375,-4.125,0.25,1.2024351219445149,1.2024351219445149,ground,1
-81.375,9.625,0.25,1.2775881306013745,1.2775881306013745,ground,1
-81.375,13.125,0.25,1.2881520398440154,1.2881520398440154,ground,1
-81.375,23.875,0.25,1.3290402984605882,1.3290402984605882,ground,1
-81.375,38.875,0.25,1.3630486789542267,1.3630486789542267,ground,1
-81.375,39.625,0.25,4.364238994551499,4.364238994551499,vegetation,1
-81.375,50.625,0.25,1.4233768301265803,1.4233768301265803,ground,1
-81.125,-53.125,0.25,0.992329703106171,0.992329703106171,ground,1
-81.125,-43.625,0.25,1.0527129935612236,1.0527129935612236,ground,1
-81.125,-29.875,0.25,1.1222515013548455,1.1222515013548455,ground,1
-81.125,-12.625,0.25,1.1562838740319958,1.1562838740319958,ground,1
-81.125,-8.875,0.25,1.1640631345495467,1.1640631345495467,ground,1
-81.125,-6.125,0.25,1.2129933949977252,1.2129933949977252,ground,1
-81.125,7.125,0.25,1.2358472631354682,1.2358472631354682,ground,1
-81.125,13.125,0.25,1.2587164459845488,1.2587164459845488,ground,1
-81.125,33.625,0.25,1.3248849063361463,1.3248849063361463,ground,1
-81.125,36.875,0.25,2.8699138817658105,2.8699138817658105,vegetation,1
-81.125,42.875,0.25,1.381415429110496,1.381415429110496,ground,1
-81.125,45.375,0.25,1.3727708476890748,1.3727708476890748,ground,1
-81.125,46.375,0.25,1.3794478577650386,1.3794478577650386,ground,1
-80.875,-26.125,0.25,1.0826497361502825,1.0826497361502825,ground,1
-80.875,-22.875,0.25,1.1422077947461737,1.1422077947461737,ground,1
-80.875,-18.875,0.25,1.1072226017118774,1.1072226017118774,ground,1
-80.875,-1.875,0.25,1.2116698149622354,1.2116698149622354,ground,1
-80.875,2.375,0.25,1.1982762210987115,1.1982762210987115,ground,1
-80.875,9.375,0.25,1.2614781052851198,1.2614781052851198,ground,1
-80.875,41.375,0.25,2.21398928985467,2.21398928985467,vegetation,1
-80.875,45.125,0.25,1.3817500560252247,1.3817500560252247,ground,1
-80.875,46.125,0.25,2.5091718541146495,2.5091718541146495,vegetation,1
-80.625,-58.375,0.25,0.9808457381676183,0.9808457381676183,ground,1
-80.625,-56.875,0.25,0.9980393287159033,0.9980393287159033,ground,1
-80.625,-43.625,0.25,1.07659427347636,1.07659427347636,ground,1
-80.625,-18.875,0.25,1.137758311200077,1.137758311200077,ground,1
-80.625,-3.375,0.25,1.1997596680812863,1.1855517204906203,ground,2
-80.625,6.375,0.25,1.2499014860043451,1.2499014860043451,ground,1
-80.625,22.625,0.25,1.2619919869727383,1.2619919869727383,ground,1
-80.625,26.125,0.25,4.102806501370612,4.102806501370612,vegetation,1
-80.375,-59.125,0.25,0.9983374283137221,0.9983374283137221,ground,1
-80.375,-46.375,0.25,2.486770829860309,2.486770829860309,vegetation,1
-80.375,-35.125,0.25,1.8997862952838642,1.8997862952838642,vegetation,1
-80.375,-4.125,0.25,1.1589184344432615,1.1589184344432615,ground,1
-80.375,9.875,0.25,1.2801699617301316,1.2801699617301316,ground,1
-80.375,16.875,0.25,1.2310807608238261,1.2310807608238261,ground,1
-80.375,49.625,0.25,1.4132806232701247,1.4132806232701247,ground,1
-80.375,55.125,0.25,1.4048643810074677,1.4048643810074677,ground,1
-80.125,-12.875,0.25,1.1243649955983226,1.1243649955983226,ground,1
-80.125,-5.125,0.25,1.203399528605492,1.203399528605492,ground,1
-80.125,49.625,0.25,1.3940366762749967,1.3940366762749967,ground,1
-80.125,53.875,0.25,4.077547249781336,4.077547249781336,vegetation,1
-79.875,-37.625,0.25,1.0828546750787877,1.0828546750787877,ground,1
-79.875,-26.875,0.25,3.4883666563212117,3.4883666563212117,vegetation,1
-79.875,-12.375,0.25,1.1516386220329506,1.1516386220329506,ground,1
-79.875,-4.625,0.25,1.2075003622348486,1.2075003622348486,ground,1
-79.875,5.625,0.25,1.18543716844114,1.18543716844114,ground,1
-79.875,25.875,0.25,1.3248822000061573,1.3248822000061573,ground,1
-79.875,39.875,0.25,1.336092852451557,1.336092852451557,ground,1
-79.875,46.875,0.25,1.4150491441035513,1.4150491441035513,ground,1
-79.625,-57.125,0.25,0.9322081220621597,0.9322081220621597,ground,1
-79.625,32.375,0.25,2.419473617882119,2.419473617882119,vegetation,1
-79.375,-35.375,0.25,1.0182268728525243,1.0182268728525243,ground,1
-79.375,10.375,0.25,1.1986308389940492,1.1986308389940492,ground,1
-79.375,12.875,0.25,1.21565868710168,1.21565868710168,ground,1
-79.375,30.125,0.25,1.3333143833154124,1.3141741990617892,ground,2
-79.375,41.375,0.25,1.3779956340676414,1.3779956340676414,ground,1
-79.375,49.625,0.25,1.377743858941381,1.377743858941381,ground,1
-79.125,-14.125,0.25,1.1107829550918533,1.1107829550918533,ground,1
-79.125,20.375,0.25,1.326877515199072,1.326877515199072,ground,1
-79.125,46.625,0.25,1.4418513510011988,1.4418513510011988,ground,1
-78.875,-57.875,0.25,0.9501275535192648,0.9501275535192648,ground,1
-78.875,-38.375,0.25,2.480679945570133,2.480679945570133,vegetation,1
-78.875,-3.125,0.25,1.2001777200803778,1.2001777200803778,ground,1
-78.875,-1.125,0.25,1.2243729675584132,1.2243729675584132,ground,1
-78.875,16.875,0.25,1.2665296867044897,1.2665296867044897,ground,1
-78.875,18.875,0.25,1.2666429754157014,1.2666429754157014,ground,1
-78.875,26.375,0.25,1.2945349170077403,1.2945349170077403,ground,1
-78.875,33.125,0.25,1.3357655579845868,1.3357655579845868,ground,1
-78.875,52.125,0.25,1.4129601194311392,1.4129601194311392,ground,1
-78.875,56.875,0.25,1.4220525697986386,1.4220525697986386,ground,1
-78.625,-59.375,0.25,0.9209533198620804,0.9209533198620804,ground,1
-78.625,-55.125,0.25,0.9939362072058324,0.9939362072058324,ground,1
-78.625,-33.125,0.25,1.0512603884123783,1.0512603884123783,ground,1
-78.625,-29.125,0.25,3.0780351507467865,3.0780351507467865,vegetation,1
-78.625,-23.375,0.25,1.0724020760290744,1.0724020760290744,ground,1
-78.625,-21.875,0.25,1.1056853855419144,1.1056853855419144,ground,1
-78.625,-20.375,0.25,1.0960113294276768,1.0960113294276768,ground,1
-78.625,-17.625,0.25,1.1019294659104104,1.1019294659104104,ground,1
-78.375,-58.625,0.25,2.7945443176631413,2.7945443176631413,vegetation,1
-78.375,-53.875,0.25,0.9897568529922302,0.9897568529922302,ground,1
-78.375,-35.125,0.25,1.0659002002928344,1.0659002002928344,ground,1
-78.375,-33.875,0.25,1.0833743983104145,1.0833743983104145,ground,1
-78.375,-27.875,0.25,3.921855178653037,3.921855178653037,vegetation,1
-78.375,-22.125,0.25,1.117870852372541,1.117870852372541,ground,1
-78.375,0.625,0.25,1.177584942627713,1.177584942627713,ground,1
-78.375,19.625,0.25,1.2379720554247,1.2379720554247,ground,1
-78.375,21.625,0.25,1.2556734198224329,1.2556734198224329,ground,1
-78.375,29.625,0.25,4.1783494882479815,4.1783494882479815,vegetation,1
-78.375,36.875,0.25,3.185986699121979,3.185986699121979,vegetation,1
-78.125,-19.625,0.25,1.139380545391922,1.139380545391922,ground,1
-78.125,-1.875,0.25,1.1217512511300918,1.1217512511300918,ground,1
-78.125,7.375,0.25,1.238728743864766,1.238728743864766,ground,1
-78.125,7.875,0.25,1.2193624243011498,1.2193624243011498,ground,1
-78.125,27.875,0.25,3.400740466509049,3.400740466509049,vegetation,1
-78.125,36.875,0.25,2.197921556415783,2.197921556415783,vegetation,1
-78.125,40.125,0.25,1.382348729383212,1.382348729383212,ground,1
-78.125,43.125,0.25,1.3719344362180512,1.3719344362180512,ground,1
-77.875,-30.625,0.25,3.2721696589283993,3.2721696589283993,vegetation,1
-77.875,-13.375,0.25,1.1488670830321028,1.1488670830321028,ground,1
-77.875,-11.375,0.25,1.1413449296976486,1.1413449296976486,ground,1
-77.875,-3.625,0.25,1.1719625709258132,1.1719625709258132,ground,1
-77.875,25.125,0.25,3.8309125663477603,3.8309125663477603,vegetation,1
-77.875,30.625,0.25,1.2952919776822516,1.2952919776822516,ground,1
-77.875,48.375,0.25,1.3264995698828856,1.3264995698828856,ground,1
-77.625,-38.625,0.25,1.044906865839149,1.044906865839149,ground,1
-77.625,-27.625,0.25,1.0869384945572205,1.0869384945572205,ground,1
-77.625,-23.375,0.25,1.078046866276842,1.078046866276842,ground,1
-77.625,-18.375,0.25,1.0751886500517012,1.0751886500517012,ground,1
-77.625,6.625,0.25,1.1611181040721525,1.1611181040721525,ground,1
-77.625,49.375,0.25,1.3503291649109612,1.3503291649109612,ground,1
-77.375,-51.125,0.25,0.9703828630462499,0.9703828630462499,ground,1
-77.375,-48.875,0.25,0.9442307440751543,0.9442307440751543,ground,1
-77.375,-28.375,0.25,3.218737981429979,3.218737981429979,vegetation,1
-77.375,-18.875,0.25,1.1115617290536446,1.1115617290536446,ground,1
-77.375,-12.375,0.25,1.1258308763606089,1.1258308763606089,ground,1
-77.375,3.875,0.25,1.1778062729415812,1.1778062729415812,ground,1
-77.375,17.375,0.25,1.228456782214225,1.228456782214225,ground,1
-77.375,52.375,0.25,1.379959521673429,1.379959521673429,ground,1
-77.375,58.625,0.25,1.381901934114843,1.381901934114843,ground,1
-77.125,-62.125,0.25,0.8858547295308341,0.8858547295308341,ground,1
-77.125,-48.875,0.25,0.9316388939013642,0.9316388939013642,ground,1
-77.125,-47.625,0.25,0.9755930379483577,0.9755930379483577,ground,1
-77.125,-47.125,0.25,0.9732839520735982,0.9732839520735982,ground,1
-77.125,-1.875,0.25,1.1545559370115892,1.1545559370115892,ground,1
-77.125,22.125,0.25,1.252904196868048,1.252904196868048,ground,1
-76.875,-59.125,0.25,2.509770222101868,2.509770222101868,vegetation,1
-76.875,-50.375,0.25,3.8716963019680044,3.8716963019680044,vegetation,1
-76.875,-49.875,0.25,0.9460515699783683,0.9460515699783683,ground,1
-76.875,-28.875,0.25,1.0012308133836534,1.0012308133836534,ground,1
-76.875,-20.375,0.25,1.1114834124929769,1.1114834124929769,ground,1
-76.875,-17.875,0.25,1.0720410064854802,1.0720410064854802,ground,1
-76.875,-12.625,0.25,1.0892107996802571,1.0892107996802571,ground,1
-76.875,-8.625,0.25,1.1188395326848912,1.1188395326848912,ground,1
-76.875,2.625,0.25,1.1619940983092083,1.1619940983092083,ground,1
-76.875,14.125,0.25,1.2242800304193324,1.2242800304193324,ground,1
-76.875,16.125,0.25,1.2268100707501897,1.2268100707501897,ground,1
-76.875,25.125,0.25,2.504399060169635,2.504399060169635,vegetation,1
-76.875,26.625,0.25,3.231446528359152,3.231446528359152,vegetation,1
-76.875,30.875,0.25,2.277604906698364,2.277604906698364,vegetation,1
-76.875,32.125,0.25,1.2808862408738022,1.2808862408738022,ground,1
-76.875,33.625,0.25,2.4515872831206917,2.4515872831206917,vegetation,1
-76.875,34.375,0.25,2.9334449687125304,2.9334449687125304,vegetation,1
-76.875,34.625,0.25,1.296848898552547,1.296848898552547,ground,1
-76.875,41.875,0.25,4.301032012027953,4.301032012027953,vegetation,1
-76.875,43.625,0.25,1.3167125800683352,1.3167125800683352,ground,1
-76.625,-60.625,0.25,0.975293486127088,0.975293486127088,ground,1
-76.625,-32.625,0.25,1.0233548548463192,1.0233548548463192,ground,1
-76.625,-28.375,0.25,0.9994420124963163,0.9994420124963163,ground,1
-76.625,-15.875,0.25,1.0906085751409993,1.0906085751409993,ground,1
-76.625,-6.375,0.25,1.1498627946337978,1.1498627946337978,ground,1
-76.625,14.875,0.25,1.164315859798546,1.164315859798546,ground,1
-76.625,19.625,0.25,1.2252418694906604,1.2252418694906604,ground,1
-76.625,19.875,0.25,1.2084957621020662,1.2084957621020662,ground,1
-76.625,22.375,0.25,1.2106045192521986,1.2106045192521986,ground,1
-76.625,38.375,0.25,1.2993518503332269,1.2993518503332269,ground,1
-76.625,40.375,0.25,1.3071755832625704,1.3071755832625704,ground,1
-76.625,46.875,0.25,1.3369259487360845,1.3369259487360845,ground,1
-76.625,57.625,0.25,4.230843371616238,4.230843371616238,vegetation,1
-76.625,59.125,0.25,3.918601580212585,3.918601580212585,vegetation,1
-76.375,-59.125,0.25,0.9284970665927459,0.9284970665927459,ground,1
-76.375,-58.625,0.25,0.9505463940905551,0.9505463940905551,ground,1
-76.375,-34.125,0.25,0.9641124332415613,0.9641124332415613,ground,1
-76.375,-11.625,0.25,1.1177379824740277,1.1177379824740277,ground,1
-76.375,7.125,0.25,1.1700100818800436,1.1700100818800436,ground,1
-76.375,9.375,0.25,1.1572850786702256,1.1572850786702256,ground,1
-76.375,15.625,0.25,1.2515464295107044,1.2515464295107044,ground,1
-76.375,40.125,0.25,1.2643216135808515,1.2643216135808515,ground,1
-76.375,48.125,0.25,1.3311325251221497,1.3311325251221497,ground,1
-76.375,55.125,0.25,1.3743807055092776,1.3743807055092776,ground,1
-76.125,-45.875,0.25,2.3608101278102493,2.3608101278102493,vegetation,1
-76.125,-39.125,0.25,1.0441111796356484,1.0441111796356484,ground,1
-76.125,-29.125,0.25,3.8290573692640066,3.8290573692640066,vegetation,1
-76.125,-23.875,0.25,1.0579696572430382,1.0579696572430382,ground,1
-76.125,-10.125,0.25,1.1213576388997646,1.1213576388997646,ground,1
-76.125,-2.875,0.25,1.1265640294930617,1.1265640294930617,ground,1
-76.125,9.375,0.25,1.1821168700972324,1.1821168700972324,ground,1
-76.125,10.625,0.25,1.1355452095582639,1.1355452095582639,ground,1
-76.125,45.125,0.25,3.9982858620134354,3.9982858620134354,vegetation,1
-76.125,50.375,0.25,2.2752957528130753,2.2752957528130753,vegetation,1
-76.125,62.625,0.25,1.3886248592830468,1.3886248592830468,ground,1
-75.875,-62.625,0.25,0.8541929689182798,0.8541929689182798,ground,1
-75.875,-57.625,0.25,0.962673570454618,0.962673570454618,ground,1
-75.875,-56.625,0.25,0.886610665866898,0.886610665866898,ground,1
-75.875,-38.875,0.25,0.978937246608224,0.978937246608224,ground,1
-75.875,-34.375,0.25,0.9808575923979661,0.9808575923979661,ground,1
-75.875,13.625,0.25,1.198731209168865,1.198731209168865,ground,1
-75.875,35.625,0.25,1.2863430686994741,1.2863430686994741,ground,1
-75.875,36.875,0.25,3.6661821156880112,3.6661821156880112,vegetation,1
-75.875,41.625,0.25,2.5486496185486978,2.5486496185486978,vegetation,1
-75.875,52.125,0.25,1.329442475029196,1.329442475029196,ground,1
-75.625,-41.625,0.25,2.484180776992102,2.484180776992102,vegetation,1
-75.625,-15.625,0.25,1.0674392371101042,1.0674392371101042,ground,1
-75.625,-7.625,0.25,1.0692870753535242,1.0692870753535242,ground,1
-75.625,-3.375,0.25,1.0584253657004485,1.0584253657004485,ground,1
-75.625,-2.375,0.25,1.102213253526783,1.102213253526783,ground,1
-75.625,3.625,0.25,1.1399895348374687,1.1399895348374687,ground,1
-75.625,6.875,0.25,1.1551489192879967,1.1551489192879967,ground,1
-75.625,54.875,0.25,1.371029445703772,1.371029445703772,ground,1
-75.625,60.125,0.25,4.312648917158112,4.312648917158112,vegetation,1
-75.625,64.125,0.25,1.3978690644368619,1.3978690644368619,ground,1
-75.375,-58.625,0.25,0.9285029557999092,0.9285029557999092,ground,1
-75.375,-53.625,0.25,0.8983391275721375,0.8983391275721375,ground,1
-75.375,-28.625,0.25,1.0012724624401668,1.0012724624401668,ground,1
-75.375,-26.875,0.25,3.6000369174481675,3.6000369174481675,vegetation,1
-75.375,6.375,0.25,1.1543429873007,1.1543429873007,ground,1
-75.375,6.875,0.25,1.1404765497853653,1.1404765497853653,ground,1
-75.375,19.125,0.25,1.2083198949610852,1.2083198949610852,ground,1
-75.375,27.125,0.25,1.2448934399720764,1.2448934399720764,ground,1
-75.375,41.375,0.25,1.3092376591615174,1.3092376591615174,ground,1
-75.375,50.375,0.25,1.289703903402269,1.289703903402269,ground,1
-75.125,-61.375,0.25,0.8626837724985001,0.8626837724985001,ground,1
-75.125,-51.875,0.25,0.9431191909420585,0.9431191909420585,ground,1
-75.125,-29.125,0.25,3.5673598533198145,3.5673598533198145,vegetation,1
-75.125,-6.375,0.25,1.118764539142724,1.118764539142724,ground,1
-75.125,16.125,0.25,1.1924814688266843,1.1924814688266843,ground,1
-74.875,-58.875,0.25,0.8948049239856285,0.8948049239856285,ground,1
-74.875,-31.125,0.25,0.9965571467066664,0.9965571467066664,ground,1
-74.875,14.375,0.25,1.138638041178014,1.138638041178014,ground,1
-74.875,26.125,0.25,2.1086130280208697,2.1086130280208697,vegetation,1
-74.875,28.625,0.25,1.2092477535985309,1.2092477535985309,ground,1
-74.875,32.375,0.25,1.2789816697581582,1.2789816697581582,ground,1
-74.875,48.375,0.25,1.3112117364528635,1.3112117364528635,ground,1
-74.875,50.875,0.25,1.3548464951413095,1.3548464951413095,ground,1
-74.625,-63.875,0.25,3.771920300954911,3.771920300954911,vegetation,1
-74.625,-53.875,0.25,2.1243932664012437,2.1243932664012437,vegetation,1
-74.625,-45.375,0.25,1.9103553416492842,1.9103553416492842,vegetation,1
-74.625,-39.125,0.25,0.9709213716250632,0.9709213716250632,ground,1
-74.625,-36.375,0.25,0.9356919069745527,0.9356919069745527,ground,1
-74.625,-24.375,0.25,1.033022009387972,1.033022009387972,ground,1
-74.625,-11.625,0.25,1.0575390127485795,1.0575390127485795,ground,1
-74.625,42.125,0.25,1.287781000051624,1.287781000051624,ground,1
-74.375,-64.125,0.25,0.8737902603021802,0.8737902603021802,ground,1
-74.375,-32.625,0.25,0.9710638405210716,0.9710638405210716,ground,1
-74.375,-29.875,0.25,1.0334768036173476,1.0334768036173476,ground,1
-74.375,-20.875,0.25,1.0139093107788568,1.0139093107788568,ground,1
-74.375,-5.875,0.25,1.1143616393381757,1.1143616393381757,ground,1
-74.375,-5.625,0.25,1.101548207931024,1.101548207931024,ground,1
-74.375,3.375,0.25,1.1022854095694383,1.1022854095694383,ground,1
-74.375,5.125,0.25,1.1557135269200118,1.1557135269200118,ground,1
-74.375,14.875,0.25,1.180531330244608,1.180531330244608,ground,1
-74.375,24.125,0.25,1.1584279449548642,1.1584279449548642,ground,1
-74.375,36.375,0.25,3.94725029022571,3.94725029022571,vegetation,1
-74.375,52.375,0.25,3.3031317568613714,3.3031317568613714,vegetation,1
-74.375,58.625,0.25,1.3368274646313707,1.3368274646313707,ground,1
-74.125,-63.625,0.25,3.620834360534204,3.620834360534204,vegetation,1
-74.125,-39.625,0.25,2.4712099926267257,1.7114479631059476,ground,2
-74.125,-29.125,0.25,1.002775995205707,1.002775995205707,ground,1
-74.125,-26.125,0.25,0.9789955698248676,0.9789955698248676,ground,1
-74.125,-24.625,0.25,1.0244670910928424,1.0244670910928424,ground,1
-74.125,-20.625,0.25,1.034075388368069,1.034075388368069,ground,1
-74.125,-11.625,0.25,1.067527196290286,1.067527196290286,ground,1
-74.125,30.875,0.25,1.2411189092835582,1.2411189092835582,ground,1
-74.125,46.625,0.25,3.81336426822285,3.81336426822285,vegetation,1
-74.125,58.875,0.25,3.446397843325748,3.446397843325748,vegetation,1
-73.875,-56.125,0.25,0.9421574970678858,0.9421574970678858,ground,1
-73.875,-49.375,0.25,3.582267887199464,3.582267887199464,vegetation,1
-73.875,-32.375,0.25,0.9327121166476119,0.9327121166476119,ground,1
-73.875,-29.875,0.25,0.985997389777112,0.985997389777112,ground,1
-73.875,-18.625,0.25,1.0568246077410755,1.0568246077410755,ground,1
-73.875,-12.625,0.25,1.0919090564926024,1.0919090564926024,ground,1
-73.875,-9.125,0.25,1.0757567172657585,1.0757567172657585,ground,1
-73.875,-2.625,0.25,1.0434900975384702,1.0434900975384702,ground,1
-73.875,38.875,0.25,3.0775516739068203,3.0775516739068203,vegetation,1
-73.875,47.125,0.25,3.785122184908814,3.785122184908814,vegetation,1
-73.625,-1.875,0.25,1.1028701929996085,1.1028701929996085,ground,1
-73.625,3.125,0.25,1.112327540583614,1.112327540583614,ground,1
-73.625,11.625,0.25,1.151075637330038,1.151075637330038,ground,1
-73.625,16.625,0.25,1.222086548046976,1.222086548046976,ground,1
-73.625,18.125,0.25,1.188443574875713,1.188443574875713,ground,1
-73.625,32.625,0.25,1.232016807613066,1.232016807613066,ground,1
-73.625,49.125,0.25,1.348824023027023,1.348824023027023,ground,1
-73.625,54.875,0.25,1.3269786684294103,1.3269786684294103,ground,1
-73.625,55.875,0.25,3.05922099824041,3.05922099824041,vegetation,1
-73.375,-68.125,0.25,0.8264101033390948,0.8264101033390948,ground,1
-73.375,-67.625,0.25,1.875942822613788,1.875942822613788,vegetation,1
-73.375,8.125,0.25,1.1401878473231526,1.1401878473231526,ground,1
-73.375,19.125,0.25,1.1348945828658508,1.1348945828658508,ground,1
-73.375,21.625,0.25,1.1767057441845024,1.1767057441845024,ground,1
-73.375,26.375,0.25,1.1738005287962716,1.1738005287962716,ground,1
-73.375,51.625,0.25,1.3206612046454975,1.3206612046454975,ground,1
-73.375,54.625,0.25,3.181714863526274,3.181714863526274,vegetation,1
-73.375,55.375,0.25,1.3143963488733412,1.3143963488733412,ground,1
-73.125,-50.875,0.25,0.951391595741606,0.951391595741606,ground,1
-73.125,-35.625,0.25,0.9200790652291821,0.9200790652291821,ground,1
-73.125,-29.875,0.25,3.5681200614568818,3.5681200614568818,vegetation,1
-73.125,11.375,0.25,1.122390296349867,1.122390296349867,ground,1
-73.125,24.625,0.25,1.1652461119901178,1.1652461119901178,ground,1
-73.125,30.375,0.25,1.219794301991066,1.219794301991066,ground,1
-73.125,44.625,0.25,3.5931086044790326,3.5931086044790326,vegetation,1
-72.875,-60.375,0.25,0.8362069405569523,0.8362069405569523,ground,1
-72.875,-52.375,0.25,0.8823913192055198,0.8823913192055198,ground,1
-72.875,-37.875,0.25,3.4787210325158977,3.4787210325158977,vegetation,1
-72.875,-25.875,0.25,0.9605393995188474,0.9605393995188474,ground,1
-72.875,-16.375,0.25,1.0160172934550853,1.0160172934550853,ground,1
-72.875,-5.375,0.25,1.0959221588048613,1.0959221588048613,ground,1
-72.875,29.125,0.25,4.057209923704274,4.057209923704274,vegetation,1
-72.625,-63.375,0.25,0.8085000148070046,0.8085000148070046,ground,1
-72.625,-63.125,0.25,0.835438888616087,0.835438888616087,ground,1
-72.625,-27.375,0.25,3.2067613400434376,3.2067613400434376,vegetation,1
-72.625,3.625,0.25,1.134394452068638,1.134394452068638,ground,1
-72.625,6.875,0.25,1.1116548468423115,1.1116548468423115,ground,1
-72.625,23.125,0.25,1.215038712279718,1.215038712279718,ground,1
-72.625,29.375,0.25,1.2217591127589957,1.2217591127589957,ground,1
-72.625,54.375,0.25,1.2948555802034198,1.2948555802034198,ground,1
-72.625,66.875,0.25,1.3782952308629342,1.3782952308629342,ground,1
-72.375,-60.875,0.25,1.684522543936293,1.684522543936293,vegetation,1
-72.375,-42.625,0.25,0.929462684496972,0.929462684496972,ground,1
-72.375,-38.125,0.25,0.9441347799534919,0.9441347799534919,ground,1
-72.375,-29.875,0.25,3.7261776957923516,3.7261776957923516,vegetation,1
-72.375,-13.875,0.25,1.0371151798963347,1.0371151798963347,ground,1
-72.375,-11.875,0.25,1.0192355057734235,1.0192355057734235,ground,1
-72.375,-4.875,0.25,1.0960100071051273,1.0960100071051273,ground,1
-72.375,-3.875,0.25,1.0124396964337057,1.0124396964337057,ground,1
-72.375,4.875,0.25,1.1304613147150462,1.09995174265325,ground,2
-72.375,16.125,0.25,1.1518337822868907,1.1518337822868907,ground,1
-72.375,46.375,0.25,1.2764935238826898,1.2764935238826898,ground,1
-72.375,53.375,0.25,1.2925941601544029,1.2925941601544029,ground,1
-72.125,-41.125,0.25,0.896621567946775,0.896621567946775,ground,1
-72.125,-38.625,0.25,0.9093206614785491,0.9093206614785491,ground,1
-72.125,-32.125,0.25,3.8637490249230915,3.8637490249230915,vegetation,1
-72.125,-30.875,0.25,2.6097514074810553,2.6097514074810553,vegetation,1
-72.125,11.625,0.25,1.0690515436184533,1.0690515436184533,ground,1
-72.125,13.625,0.25,1.1257821888862023,1.1257821888862023,ground,1
-72.125,49.375,0.25,2.4880020521683446,2.4880020521683446,vegetation,1
-72.125,62.375,0.25,1.3172207206028754,1.3172207206028754,ground,1
-71.875,-63.125,0.25,3.288429557341467,3.288429557341467,vegetation,1
-71.875,-62.875,0.25,2.9869094914611845,2.9869094914611845,vegetation,1
-71.875,-61.125,0.25,2.812790642639646,2.812790642639646,vegetation,1
-71.875,-59.625,0.25,2.8046548217284224,2.8046548217284224,vegetation,1
-71.875,-51.125,0.25,0.8630052507620453,0.8630052507620453,ground,1
-71.875,-46.375,0.25,0.8792540392732314,0.8792540392732314,ground,1
-71.875,-37.375,0.25,2.7270614649812766,2.7270614649812766,vegetation,1
-71.875,-9.125,0.25,1.0043549081901768,1.0043549081901768,ground,1
-71.875,20.875,0.25,1.1534660831033192,1.1534660831033192,ground,1
-71.875,53.375,0.25,1.3078034893217485,1.3078034893217485,ground,1
-71.875,60.625,0.25,1.2547463178308609,1.2547463178308609,ground,1
-71.875,65.125,0.25,1.354220975611321,1.354220975611321,ground,1
-71.625,-50.875,0.25,0.8755123656477541,0.8755123656477541,ground,1
-71.625,-39.375,0.25,0.8901734483212922,0.8901734483212922,ground,1
-71.625,-29.625,0.25,0.951310149439095,0.951310149439095,ground,1
-71.625,-21.375,0.25,0.9596724726656114,0.9596724726656114,ground,1
-71.625,-16.375,0.25,0.9593755530136763,0.9593755530136763,ground,1
-71.625,-11.625,0.25,1.0409306835388035,1.0409306835388035,ground,1
-71.625,8.375,0.25,1.084081111088326,1.084081111088326,ground,1
-71.625,33.625,0.25,1.2009904220909913,1.2009904220909913,ground,1
-71.625,44.375,0.25,1.198430813194206,1.198430813194206,ground,1
-71.625,44.625,0.25,1.268465707230029,1.268465707230029,ground,1
-71.625,45.875,0.25,3.5350389509014564,3.5350389509014564,vegetation,1
-71.375,-49.625,0.25,0.8846942301524352,0.8846942301524352,ground,1
-71.375,-46.125,0.25,0.8351552771188228,0.8351552771188228,ground,1
-71.375,-19.125,0.25,1.0119397375503842,1.0119397375503842,ground,1
-71.375,-13.875,0.25,1.0153283217522757,1.0153283217522757,ground,1
-71.375,19.625,0.25,1.1498290897270205,1.1498290897270205,ground,1
-71.375,23.875,0.25,1.1716084739459565,1.1716084739459565,ground,1
-71.375,59.875,0.25,2.723317611353565,2.723317611353565,vegetation,1
-71.125,-59.375,0.25,0.8064015506472659,0.8064015506472659,ground,1
-71.125,-47.125,0.25,0.8669877088339464,0.8669877088339464,ground,1
-71.125,-43.125,0.25,0.841360948150996,0.841360948150996,ground,1
-71.125,-38.625,0.25,0.9186819764663006,0.9186819764663006,ground,1
-71.125,-36.875,0.25,0.8953328849980983,0.8953328849980983,ground,1
-71.125,-35.625,0.25,0.9228564921278343,0.9228564921278343,ground,1
-71.125,-15.125,0.25,1.020090066579758,1.020090066579758,ground,1
-71.125,-1.375,0.25,1.0835483239500368,1.0835483239500368,ground,1
-71.125,0.625,0.25,1.055310706556417,1.055310706556417,ground,1
-71.125,15.375,0.25,1.097091284971797,1.097091284971797,ground,1
-71.125,25.875,0.25,1.102917910140714,1.102917910140714,ground,1
-71.125,36.625,0.25,1.2363265912461068,1.1984181820484179,ground,2
-71.125,43.125,0.25,1.2500928220800922,1.2500928220800922,ground,1
-71.125,53.625,0.25,1.2919307550675412,1.2919307550675412,ground,1
-71.125,55.625,0.25,1.2836299716350907,1.2836299716350907,ground,1
-71.125,63.375,0.25,1.3319787568868295,1.3319787568868295,ground,1
-70.875,-35.625,0.25,0.8983480238025159,0.8983480238025159,ground,1
-70.875,-29.625,0.25,0.8980970524705827,0.8980970524705827,ground,1
-70.875,-20.875,0.25,0.9794156180377456,0.9794156180377456,ground,1
-70.875,-10.375,0.25,1.0384638458742237,1.0384638458742237,ground,1
-70.875,-10.125,0.25,1.0066743220492778,1.0066743220492778,ground,1
-70.875,-1.125,0.25,1.0531820796450462,1.0531820796450462,ground,1
-70.875,19.375,0.25,1.169600144447018,1.169600144447018,ground,1
-70.875,47.375,0.25,3.141857892765462,3.141857892765462,vegetation,1
-70.875,51.625,0.25,2.4588306045954385,2.4588306045954385,vegetation,1
-70.625,-52.375,0.25,0.8856151811300023,0.8856151811300023,ground,1
-70.625,-40.375,0.25,0.8934756019127701,0.8934756019127701,ground,1
-70.625,-32.875,0.25,0.9164548853887767,0.9164548853887767,ground,1
-70.625,-29.625,0.25,0.9315207910315784,0.9315207910315784,ground,1
-70.625,-26.125,0.25,0.9410960218613502,0.9410960218613502,ground,1
-70.625,-25.875,0.25,0.9549395968367891,0.9549395968367891,ground,1
-70.625,-22.625,0.25,0.9271633528577011,0.9271633528577011,ground,1
-70.625,-7.625,0.25,1.046987911814719,1.046987911814719,ground,1
-70.625,6.375,0.25,1.0816958050553873,1.0816958050553873,ground,1
-70.625,9.125,0.25,1.0820637831397488,1.0820637831397488,ground,1
-70.625,22.625,0.25,1.1649512472213037,1.1649512472213037,ground,1
-70.625,38.625,0.25,2.473704699345253,2.473704699345253,vegetation,1
-70.625,64.375,0.25,1.3318899580657364,1.3318899580657364,ground,1
-70.625,67.625,0.25,2.4452094542774785,2.4452094542774785,vegetation,1
-70.375,-65.125,0.25,0.7818774384087995,0.7818774384087995,ground,1
-70.375,-33.375,0.25,1.8278757972149797,1.8278757972149797,vegetation,1
-70.375,-14.625,0.25,1.028257606433202,1.028257606433202,ground,1
-70.375,-11.875,0.25,1.00962156447219,1.00962156447219,ground,1
-70.375,-11.375,0.25,0.9931425578264984,0.9931425578264984,ground,1
-70.375,-11.125,0.25,1.01682731952688,1.01682731952688,ground,1
-70.375,21.125,0.25,1.1373635591475768,1.1373635591475768,ground,1
-70.375,26.625,0.25,1.1131489327317547,1.1131489327317547,ground,1
-70.375,39.375,0.25,1.273830216149467,1.273830216149467,ground,1
-70.375,42.375,0.25,1.2670754842685392,1.2670754842685392,ground,1
-70.375,51.625,0.25,1.285135250650541,1.285135250650541,ground,1
-70.375,56.125,0.25,1.2948513999654472,1.2948513999654472,ground,1
-70.125,-53.125,0.25,0.8685625461980001,0.8685625461980001,ground,1
-70.125,-43.125,0.25,0.8323654718914953,0.8323654718914953,ground,1
-70.125,-37.875,0.25,3.2764824920397517,3.2764824920397517,vegetation,1
-70.125,-19.125,0.25,0.9942934440948363,0.9942934440948363,ground,1
-70.125,-8.625,0.25,1.0227612834862598,1.0227612834862598,ground,1
-70.125,40.875,0.25,3.400759014355169,3.400759014355169,vegetation,1
-70.125,46.875,0.25,3.752024505466543,3.752024505466543,vegetation,1
-70.125,48.875,0.25,1.2558379115582534,1.2558379115582534,ground,1
-70.125,55.875,0.25,1.2895164110214226,1.2895164110214226,ground,1
-69.875,-69.375,0.25,0.7816563025407648,0.7816563025407648,ground,1
-69.875,-61.875,0.25,1.6679624848116859,1.6679624848116859,vegetation,1
-69.875,-49.125,0.25,3.051260280266317,3.051260280266317,vegetation,1
-69.875,-27.625,0.25,0.9121320965501754,0.9121320965501754,ground,1
-69.875,-15.375,0.25,1.008102781701462,1.008102781701462,ground,1
-69.875,-12.375,0.25,1.0172399503884357,1.0172399503884357,ground,1
-69.875,-11.625,0.25,0.9617368899722294,0.9617368899722294,ground,1
-69.875,-7.875,0.25,1.0380376189208909,1.0380376189208909,ground,1
-69.875,21.875,0.25,1.1334366050034113,1.1334366050034113,ground,1
-69.875,33.125,0.25,1.1829252726371564,1.1829252726371564,ground,1
-69.625,-47.375,0.25,0.8630282589831701,0.8630282589831701,ground,1
-69.625,-41.375,0.25,0.9218182205865267,0.9218182205865267,ground,1
-69.625,-35.875,0.25,0.8866191372430525,0.8866191372430525,ground,1
-69.625,-21.625,0.25,0.9368312086901971,0.9368312086901971,ground,1
-69.625,-16.875,0.25,0.9729135885058171,0.9729135885058171,ground,1
-69.625,9.125,0.25,1.0656670830143926,1.0656670830143926,ground,1
-69.625,19.375,0.25,1.118245377929921,1.118245377929921,ground,1
-69.625,20.875,0.25,1.1475305392764399,1.1475305392764399,ground,1
-69.625,36.125,0.25,1.1985783189636245,1.1985783189636245,ground,1
-69.625,46.125,0.25,1.1723732534091535,1.1723732534091535,ground,1
-69.375,-70.875,0.25,2.019791384602685,2.019791384602685,vegetation,1
-69.375,-56.625,0.25,0.8094142561879337,0.8094142561879337,ground,1
-69.375,-36.625,0.25,0.9058906703831424,0.9058906703831424,ground,1
-69.375,-33.125,0.25,2.962739918050749,2.962739918050749,vegetation,1
-69.375,-6.375,0.25,1.0159440496966152,1.0159440496966152,ground,1
-69.375,3.375,0.25,1.0959769776518729,1.0959769776518729,ground,1
-69.375,8.625,0.25,1.02794956360077,1.02794956360077,ground,1
-69.375,12.625,0.25,1.0958697115517237,1.0958697115517237,ground,1
-69.375,25.125,0.25,1.1432841039417347,1.1432841039417347,ground,1
-69.375,25.875,0.25,2.4224692867167636,2.4224692867167636,vegetation,1
-69.375,33.375,0.25,1.1784059136680192,1.1784059136680192,ground,1
-69.375,41.375,0.25,1.2230674768827807,1.2230674768827807,ground,1
-69.375,52.875,0.25,1.2475182301335204,1.2475182301335204,ground,1
-69.375,54.625,0.25,1.306456430590766,1.306456430590766,ground,1
-69.375,63.375,0.25,2.468418810299477,2.468418810299477,vegetation,1
-69.125,-66.375,0.25,0.7802376203865233,0.7802376203865233,ground,1
-69.125,-57.875,0.25,0.7918740742478453,0.7918740742478453,ground,1
-69.125,-44.625,0.25,0.8895856388369124,0.8895856388369124,ground,1
-69.125,-30.625,0.25,3.102215069657694,3.102215069657694,vegetation,1
-69.125,-15.375,0.25,0.9711281223295082,0.9711281223295082,ground,1
-69.125,-3.375,0.25,1.0206351771771065,1.0206351771771065,ground,1
-69.125,15.125,0.25,1.0962424927466152,1.0962424927466152,ground,1
-69.125,16.625,0.25,1.13727904022005,1.13727904022005,ground,1
-69.125,36.125,0.25,1.1645710466113917,1.1645710466113917,ground,1
-69.125,40.625,0.25,1.1902839820834876,1.1902839820834876,ground,1
-69.125,42.875,0.25,1.2409356688558293,1.2409356688558293,ground,1
-69.125,43.125,0.25,2.5546743375276417,2.5546743375276417,vegetation,1
-69.125,49.875,0.25,3.4154571091793553,3.4154571091793553,vegetation,1
-69.125,50.875,0.25,1.295476093010807,1.295476093010807,ground,1
-68.875,-71.875,0.25,0.7771723628162038,0.7771723628162038,ground,1
-68.875,-69.625,0.25,1.6552638459703042,1.6552638459703042,vegetation,1
-68.875,-67.125,0.25,0.7724949167159101,0.7724949167159101,ground,1
-68.875,-59.625,0.25,0.8298980719910258,0.8298980719910258,ground,1
-68.875,-50.125,0.25,2.077536240597415,2.077536240597415,vegetation,1
-68.875,-40.125,0.25,0.8990891409873673,0.8990891409873673,ground,1
-68.875,-36.125,0.25,0.8918684363283246,0.8918684363283246,ground,1
-68.875,-18.125,0.25,0.9172175034548066,0.9172175034548066,ground,1
-68.875,-15.375,0.25,1.004135074078609,1.004135074078609,ground,1
-68.875,-4.125,0.25,1.026789519584384,1.026789519584384,ground,1
-68.875,5.375,0.25,1.0470337489441834,1.0470337489441834,ground,1
-68.875,9.625,0.25,1.1108016050357048,1.1108016050357048,ground,1
-68.875,34.625,0.25,2.7155888471366687,2.7155888471366687,vegetation,1
-68.875,69.375,0.25,2.4399022524946767,2.4399022524946767,vegetation,1
-68.625,-67.875,0.25,0.7545313132112379,0.7545313132112379,ground,1
-68.625,-44.125,0.25,0.841470091682481,0.841470091682481,ground,1
-68.625,-37.625,0.25,0.8586957818742308,0.8586957818742308,ground,1
-68.625,-35.125,0.25,1.7299229081620342,1.7299229081620342,vegetation,1
-68.625,5.625,0.25,1.0331731473442562,1.0331731473442562,ground,1
-68.625,45.125,0.25,1.199003828057256,1.199003828057256,ground,1
-68.625,68.375,0.25,2.845095022122213,2.845095022122213,vegetation,1
-68.625,70.875,0.25,1.330237895356185,1.330237895356185,ground,1
-68.375,-68.625,0.25,0.7389661155059789,0.7389661155059789,ground,1
-68.375,-52.125,0.25,0.8062710041755782,0.8062710041755782,ground,1
-68.375,-48.375,0.25,0.8330679395066249,0.8330679395066249,ground,1
-68.375,-8.375,0.25,1.0046770068114992,1.0046770068114992,ground,1
-68.375,0.375,0.25,1.0305234682822002,1.0305234682822002,ground,1
-68.375,1.125,0.25,0.9992387770300034,0.9992387770300034,ground,1
-68.375,6.375,0.25,1.07709774606793,1.07709774606793,ground,1
-68.375,7.875,0.25,0.9993939555671348,0.9993939555671348,ground,1
-68.375,22.125,0.25,1.059288046453138,1.059288046453138,ground,1
-68.375,67.125,0.25,1.311051946104032,1.311051946104032,ground,1
-68.375,70.375,0.25,1.3120605464993367,1.3120605464993367,ground,1
-68.125,-34.125,0.25,1.7850833101220296,1.7850833101220296,vegetation,1
-68.125,-29.125,0.25,0.9335643335328695,0.9335643335328695,ground,1
-68.125,-10.875,0.25,0.9691811597179719,0.9691811597179719,ground,1
-68.125,-8.625,0.25,1.0187888808881251,1.0187888808881251,ground,1
-68.125,-4.375,0.25,1.0186931543861308,1.0186931543861308,ground,1
-68.125,4.875,0.25,1.0180244921078256,1.0180244921078256,ground,1
-68.125,8.625,0.25,1.062063514218539,1.062063514218539,ground,1
-68.125,25.375,0.25,1.1233094496635914,1.1233094496635914,ground,1
-68.125,26.125,0.25,1.1111559365615096,1.1111559365615096,ground,1
-67.875,-49.375,0.25,0.8161415810127511,0.8161415810127511,ground,1
-67.875,-39.375,0.25,0.8783669557710247,0.8783669557710247,ground,1
-67.875,-38.125,0.25,0.8479235375759328,0.8479235375759328,ground,1
-67.875,-25.875,0.25,0.9381424883070948,0.9381424883070948,ground,1
-67.875,-16.625,0.25,0.9391026190503065,0.9391026190503065,ground,1
-67.875,-12.375,0.25,0.9537977324837814,0.9537977324837814,ground,1
-67.875,35.375,0.25,1.1093282584057793,1.1093282584057793,ground,1
-67.875,56.625,0.25,2.6578392172997267,2.6578392172997267,vegetation,1
-67.625,-54.625,0.25,2.9223560551932986,2.9223560551932986,vegetation,1
-67.625,-25.875,0.25,0.8798206932887432,0.8798206932887432,ground,1
-67.625,-6.125,0.25,1.0067825318345025,1.0067825318345025,ground,1
-67.625,-5.125,0.25,0.9929993363933363,0.9929993363933363,ground,1
-67.625,1.375,0.25,0.9892732750050564,0.9892732750050564,ground,1
-67.625,7.875,0.25,1.0416449801590608,1.0416449801590608,ground,1
-67.625,10.875,0.25,1.0258869544837146,1.0258869544837146,ground,1
-67.625,16.375,0.25,1.0636356384852046,1.0636356384852046,ground,1
-67.625,24.875,0.25,1.104318709017932,1.104318709017932,ground,1
-67.625,28.125,0.25,1.1394291221625228,1.1394291221625228,ground,1
-67.625,30.625,0.25,1.1172876514776087,1.1172876514776087,ground,1
-67.625,37.625,0.25,1.1811653795135169,1.1811653795135169,ground,1
-67.625,47.875,0.25,1.2322309308867028,1.2322309308867028,ground,1
-67.625,51.125,0.25,1.236346412070526,1.236346412070526,ground,1
-67.375,-65.625,0.25,2.1347711834387626,2.1347711834387626,vegetation,1
-67.375,-55.375,0.25,0.816943408556259,0.816943408556259,ground,1
-67.375,-43.875,0.25,0.8287012152609938,0.8287012152609938,ground,1
-67.375,-38.125,0.25,1.775975370963784,1.775975370963784,vegetation,1
-67.375,-30.625,0.25,0.9096771064245727,0.9096771064245727,ground,1
-67.375,-29.375,0.25,0.9016399445265374,0.9016399445265374,ground,1
-67.375,-18.125,0.25,0.9389214722585739,0.9389214722585739,ground,1
-67.375,-8.125,0.25,0.9689531625724714,0.9689531625724714,ground,1
-67.375,9.625,0.25,1.0672785689462605,1.0672785689462605,ground,1
-67.375,19.375,0.25,1.111194400789687,1.111194400789687,ground,1
-67.375,27.375,0.25,1.1306213300505659,1.1306213300505659,ground,1
-67.375,37.875,0.25,4.074029921201656,4.074029921201656,vegetation,1
-67.375,56.375,0.25,1.2106454461386813,1.2106454461386813,ground,1
-67.375,63.875,0.25,2.913998829969343,2.913998829969343,vegetation,1
-67.375,66.375,0.25,1.2602103569241667,1.2602103569241667,ground,1
-67.125,-70.625,0.25,0.7256113517926821,0.7256113517926821,ground,1
-67.125,-53.125,0.25,2.7745316812904957,2.7745316812904957,vegetation,1
-67.125,-43.625,0.25,0.8457689382014869,0.8457689382014869,ground,1
-67.125,-31.875,0.25,0.8905005433361487,0.8905005433361487,ground,1
-67.125,-26.625,0.25,0.9057964425954739,0.9057964425954739,ground,1
-67.125,-19.375,0.25,0.9057003868207385,0.9057003868207385,ground,1
-67.125,-4.875,0.25,0.9789525098546129,0.9789525098546129,ground,1
-67.125,0.875,0.25,1.0546138908660105,1.0546138908660105,ground,1
-67.125,1.875,0.25,0.9654231932063968,0.9654231932063968,ground,1
-67.125,3.875,0.25,1.0200259223298058,1.0200259223298058,ground,1
-67.125,23.125,0.25,1.104098342434965,1.104098342434965,ground,1
-67.125,29.375,0.25,1.0981200765932908,1.0981200765932908,ground,1
-67.125,48.125,0.25,2.4770160255849136,2.4770160255849136,vegetation,1
-67.125,66.875,0.25,1.2614161521622003,1.2614161521622003,ground,1
-67.125,69.625,0.25,3.2137123873168183,3.2137123873168183,vegetation,1
-66.875,-53.875,0.25,1.9761085676274674,1.9761085676274674,vegetation,1
-66.875,-35.375,0.25,0.8735124799795911,0.8735124799795911,ground,1
-66.875,-24.375,0.25,0.9024154205504024,0.9024154205504024,ground,1
-66.875,-14.375,0.25,0.9531007430075402,0.9531007430075402,ground,1
-66.875,13.375,0.25,1.0664848262074693,1.0664848262074693,ground,1
-66.875,16.125,0.25,1.0715174402791048,1.0715174402791048,ground,1
-66.875,22.375,0.25,1.1291907778749675,1.1291907778749675,ground,1
-66.875,68.875,0.25,1.245666854029528,1.245666854029528,ground,1
-66.625,-67.875,0.25,0.737747573240125,0.737747573240125,ground,1
-66.625,-29.875,0.25,0.8990857384144652,0.8990857384144652,ground,1
-66.625,-13.875,0.25,0.9021133472781824,0.9021133472781824,ground,1
-66.625,5.125,0.25,0.9618155133469819,0.9618155133469819,ground,1
-66.625,11.625,0.25,1.0507817459174023,1.0507817459174023,ground,1
-66.625,19.625,0.25,1.0343284449312966,1.0343284449312966,ground,1
-66.625,52.875,0.25,1.1716647274208571,1.1716647274208571,ground,1
-66.375,-73.875,0.25,0.6594326566206415,0.6594326566206415,ground,1
-66.375,-52.125,0.25,0.7693681348920709,0.7693681348920709,ground,1
-66.375,-41.375,0.25,0.8000056456014026,0.8000056456014026,ground,1
-66.375,-38.625,0.25,0.8499871079978855,0.8499871079978855,ground,1
-66.375,-16.125,0.25,0.9263386695086283,0.9263386695086283,ground,1
-66.375,-3.625,0.25,0.9972655704732992,0.9972655704732992,ground,1
-66.375,-2.625,0.25,0.980153973101543,0.980153973101543,ground,1
-66.375,1.625,0.25,0.9843434606628616,0.9843434606628616,ground,1
-66.375,26.625,0.25,1.047711212166104,1.047711212166104,ground,1
-66.375,30.625,0.25,1.1216430397923083,1.1216430397923083,ground,1
-66.375,52.375,0.25,1.1444745575097572,1.1444745575097572,ground,1
-66.375,61.125,0.25,1.2252393670036665,1.2252393670036665,ground,1
-66.375,61.875,0.25,1.258946414112796,1.258946414112796,ground,1
-66.375,70.125,0.25,3.7722638226310385,3.7722638226310385,vegetation,1
-66.125,-71.375,0.25,0.7282059699052733,0.7282059699052733,ground,1
-66.125,-39.875,0.25,3.2366629853470656,3.2366629853470656,vegetation,1
-66.125,-15.875,0.25,0.9026007690761508,0.9026007690761508,ground,1
-66.125,11.625,0.25,1.0536159301951142,1.0536159301951142,ground,1
-66.125,16.125,0.25,1.0695474239894298,1.0695474239894298,ground,1
-66.125,31.125,0.25,1.1246099682907829,1.1246099682907829,ground,1
-66.125,55.375,0.25,1.217590890055554,1.217590890055554,ground,1
-66.125,63.375,0.25,2.604018511859883,2.604018511859883,vegetation,1
-66.125,71.125,0.25,1.2844978183133593,1.2844978183133593,ground,1
-65.875,-60.375,0.25,1.7112048022112818,1.7112048022112818,vegetation,1
-65.875,-42.375,0.25,0.8241586903401865,0.8241586903401865,ground,1
-65.875,-36.375,0.25,0.8438965518859847,0.8438965518859847,ground,1
-65.875,-15.375,0.25,0.9482552867412211,0.9482552867412211,ground,1
-65.875,2.625,0.25,1.0618038969611834,1.0618038969611834,ground,1
-65.875,51.125,0.25,3.9416260955849447,3.9416260955849447,vegetation,1
-65.875,64.625,0.25,2.5342544718833007,2.5342544718833007,vegetation,1
-65.625,-66.875,0.25,0.7346303075708546,0.7346303075708546,ground,1
-65.625,-59.875,0.25,1.7392640062023803,1.7392640062023803,vegetation,1
-65.625,-51.125,0.25,0.7829866582851859,0.7829866582851859,ground,1
-65.625,-36.375,0.25,2.6857886489113083,2.6857886489113083,vegetation,1
-65.625,-35.125,0.25,3.7017243229786567,3.7017243229786567,vegetation,1
-65.625,-33.875,0.25,0.8444649515630639,0.8444649515630639,ground,1
-65.625,-18.625,0.25,0.9376477151010467,0.9376477151010467,ground,1
-65.625,-0.375,0.25,1.0015998137191757,1.0015998137191757,ground,1
-65.625,9.875,0.25,1.0408567506517616,1.0408567506517616,ground,1
-65.625,12.625,0.25,1.0605861344461764,1.0605861344461764,ground,1
-65.625,25.875,0.25,3.775277321150086,3.775277321150086,vegetation,1
-65.625,34.375,0.25,3.6748310289556243,3.6748310289556243,vegetation,1
-65.625,41.125,0.25,1.109635404749572,1.109635404749572,ground,1
-65.625,53.625,0.25,1.2055341411352212,1.2055341411352212,ground,1
-65.625,57.875,0.25,2.0952705161650274,2.0952705161650274,vegetation,1
-65.625,62.625,0.25,1.2597152936436136,1.2597152936436136,ground,1
-65.625,69.875,0.25,1.2802895482677947,1.2802895482677947,ground,1
-65.375,-69.625,0.25,2.391822354742189,2.391822354742189,vegetation,1
-65.375,-55.625,0.25,0.7400105134569532,0.7400105134569532,ground,1
-65.375,-53.875,0.25,0.7610805727843609,0.7610805727843609,ground,1
-65.375,-50.125,0.25,0.7827756187002365,0.7827756187002365,ground,1
-65.375,-43.375,0.25,0.7743326115304524,0.7743326115304524,ground,1
-65.375,-42.875,0.25,2.5593642110954717,2.5593642110954717,vegetation,1
-65.375,-35.875,0.25,0.8111190145052045,0.8111190145052045,ground,1
-65.375,-12.625,0.25,0.9325314259291181,0.9325314259291181,ground,1
-65.375,-0.125,0.25,0.9750828497114351,0.9750828497114351,ground,1
-65.375,2.625,0.25,1.0235412946386848,1.0235412946386848,ground,1
-65.375,6.125,0.25,0.994152833731155,0.994152833731155,ground,1
-65.375,7.625,0.25,1.0237939500216056,1.0237939500216056,ground,1
-65.375,10.125,0.25,1.0075302169961693,1.0075302169961693,ground,1
-65.375,22.125,0.25,1.0606162239425383,1.0606162239425383,ground,1
-65.375,32.875,0.25,1.1049811139564074,1.1049811139564074,ground,1
-65.375,44.125,0.25,1.1389349279283758,1.1389349279283758,ground,1
-65.375,49.375,0.25,3.561747109850603,3.561747109850603,vegetation,1
-65.125,-71.375,0.25,0.7220989062720559,0.7220989062720559,ground,1
-65.125,-26.125,0.25,2.2903772982428507,2.2903772982428507,vegetation,1
-65.125,-24.625,0.25,0.9135395731542505,0.9135395731542505,ground,1
-65.125,-8.625,0.25,0.9866282824441321,0.9866282824441321,ground,1
-65.125,-3.875,0.25,1.0150673415029017,1.0150673415029017,ground,1
-65.125,-0.875,0.25,0.9867208341465924,0.9867208341465924,ground,1
-65.125,3.375,0.25,1.0076387142887042,1.0076387142887042,ground,1
-64.875,-65.625,0.25,0.6753257982793117,0.6753257982793117,ground,1
-64.875,-64.625,0.25,3.24561079904027,3.24561079904027,vegetation,1
-64.875,-53.625,0.25,0.7114940913529675,0.7114940913529675,ground,1
-64.875,-40.375,0.25,0.8092794526819685,0.8092794526819685,ground,1
-64.875,-12.375,0.25,0.9409773792881975,0.9409773792881975,ground,1
-64.875,-1.625,0.25,0.9705668826267261,0.9705668826267261,ground,1
-64.875,10.125,0.25,1.0100352514419921,1.0100352514419921,ground,1
-64.875,22.375,0.25,1.0622029817069256,1.0622029817069256,ground,1
-64.875,25.625,0.25,1.057379095519504,1.057379095519504,ground,1
-64.875,49.375,0.25,2.3776149709190797,2.3776149709190797,vegetation,1
-64.875,63.625,0.25,1.2071705434866413,1.2071705434866413,ground,1
-64.875,69.125,0.25,1.2648106078286263,1.2648106078286263,ground,1
-64.625,-70.625,0.25,0.67226439412885,0.67226439412885,ground,1
-64.625,-61.375,0.25,0.7054639047547937,0.7054639047547937,ground,1
-64.625,-51.125,0.25,0.7502361411808267,0.7502361411808267,ground,1
-64.625,-46.625,0.25,0.7797617808277477,0.7797617808277477,ground,1
-64.625,-39.875,0.25,0.8287294471980589,0.8287294471980589,ground,1
-64.625,-33.625,0.25,2.0052453519163898,2.0052453519163898,vegetation,1
-64.625,-24.875,0.25,0.8742686801551316,0.8742686801551316,ground,1
-64.625,1.375,0.25,0.9942194306300047,0.9942194306300047,ground,1
-64.625,16.125,0.25,1.0600819633632477,1.0600819633632477,ground,1
-64.625,32.125,0.25,1.100588767108834,1.100588767108834,ground,1
-64.625,34.125,0.25,1.0925454683849793,1.0925454683849793,ground,1
-64.625,36.375,0.25,1.1157167183819485,1.1157167183819485,ground,1
-64.625,45.875,0.25,2.918830402804147,2.918830402804147,vegetation,1
-64.625,48.625,0.25,1.1969590134256411,1.1969590134256411,ground,1
-64.625,65.625,0.25,2.12092490706144,2.12092490706144,vegetation,1
-64.375,-49.625,0.25,3.2084567677748668,3.2084567677748668,vegetation,1
-64.375,-48.625,0.25,3.4645758475120787,3.4645758475120787,vegetation,1
-64.375,-33.625,0.25,0.830286945396909,0.830286945396909,ground,1
-64.375,5.625,0.25,0.9921027818241511,0.9921027818241511,ground,1
-64.375,7.125,0.25,1.0184088940914793,1.0184088940914793,ground,1
-64.375,67.375,0.25,2.663133554921834,2.663133554921834,vegetation,1
-64.125,-69.125,0.25,0.6590253812268609,0.6590253812268609,ground,1
-64.125,-61.875,0.25,0.7184736734051049,0.7184736734051049,ground,1
-64.125,-61.125,0.25,1.7904655220629515,1.7904655220629515,vegetation,1
-64.125,-54.625,0.25,1.9011880828654322,1.9011880828654322,vegetation,1
-64.125,-46.875,0.25,0.7613541699577511,0.7613541699577511,ground,1
-64.125,-42.125,0.25,0.7869540286432551,0.7869540286432551,ground,1
-64.125,-33.375,0.25,3.5409170633518583,3.5409170633518583,vegetation,1
-64.125,63.375,0.25,2.2031245538626423,2.2031245538626423,vegetation,1
-63.875,-60.875,0.25,0.6888838899173071,0.6888838899173071,ground,1
-63.875,-54.625,0.25,0.7751445120930667,0.7751445120930667,ground,1
-63.875,-35.875,0.25,2.019708325689829,2.019708325689829,vegetation,1
-63.875,-24.625,0.25,0.8811570276471289,0.8811570276471289,ground,1
-63.875,-19.375,0.25,0.8718010325704983,0.8718010325704983,ground,1
-63.875,-9.125,0.25,0.9303653811555727,0.9303653811555727,ground,1
-63.875,-3.875,0.25,0.934272628449046,0.934272628449046,ground,1
-63.875,-3.375,0.25,0.9195475326594821,0.9195475326594821,ground,1
-63.875,8.375,0.25,1.0187087864179143,1.0187087864179143,ground,1
-63.875,9.125,0.25,0.998918328048047,0.998918328048047,ground,1
-63.875,11.875,0.25,1.006794722410013,1.006794722410013,ground,1
-63.875,14.625,0.25,1.0391038924080442,1.0391038924080442,ground,1
-63.875,15.875,0.25,1.0269653141636483,1.0269653141636483,ground,1
-63.875,18.125,0.25,1.0841421085137364,1.0841421085137364,ground,1
-63.875,22.875,0.25,1.0047279591298837,1.0047279591298837,ground,1
-63.875,39.125,0.25,1.082919799120702,1.082919799120702,ground,1
-63.875,39.375,0.25,1.0954296176594494,1.0954296176594494,ground,1
-63.875,39.625,0.25,3.7867744589083334,3.7867744589083334,vegetation,1
-63.875,45.625,0.25,1.112844865600764,1.112844865600764,ground,1
-63.625,-22.125,0.25,0.8385157025144564,0.8385157025144564,ground,1
-63.625,23.125,0.25,1.0081426924800223,1.0081426924800223,ground,1
-63.625,43.875,0.25,1.1309538272945336,1.1309538272945336,ground,1
-63.625,49.625,0.25,1.1415052657493834,1.1415052657493834,ground,1
-63.625,57.625,0.25,1.180822722594347,1.1723121290301002,ground,2
-63.625,72.125,0.25,1.2226064244909278,1.2226064244909278,ground,1
-63.375,-46.375,0.25,0.7536820039483375,0.7536820039483375,ground,1
-63.375,-25.625,0.25,0.8587407417754975,0.8587407417754975,ground,1
-63.375,-20.875,0.25,0.8577448816019391,0.8577448816019391,ground,1
-63.375,21.125,0.25,1.0366079087080866,1.0366079087080866,ground,1
-63.375,29.125,0.25,1.0171645352088654,1.0171645352088654,ground,1
-63.375,61.375,0.25,1.12707292994659,1.12707292994659,ground,1
-63.125,-66.625,0.25,1.49434716221167,1.49434716221167,vegetation,1
-63.125,-41.625,0.25,0.8031171875760851,0.8031171875760851,ground,1
-63.125,-18.625,0.25,0.8589637577842864,0.8589637577842864,ground,1
-63.125,-7.875,0.25,0.9486610355351308,0.9486610355351308,ground,1
-63.125,5.625,0.25,1.0107995446022826,1.0107995446022826,ground,1
-63.125,9.875,0.25,1.0166039656594523,1.0166039656594523,ground,1
-63.125,11.625,0.25,1.0047871150409273,1.0047871150409273,ground,1
-63.125,46.875,0.25,3.6020812122101145,3.6020812122101145,vegetation,1
-63.125,47.375,0.25,2.752722629020846,2.752722629020846,vegetation,1
-63.125,76.875,0.25,3.999208490303711,3.999208490303711,vegetation,1
-62.875,-60.875,0.25,0.7176564593382325,0.7176564593382325,ground,1
-62.875,-50.125,0.25,0.7310655327164933,0.7310655327164933,ground,1
-62.875,-22.625,0.25,0.8890865373842732,0.8890865373842732,ground,1
-62.875,-22.375,0.25,0.8043388014250529,0.8043388014250529,ground,1
-62.875,-19.875,0.25,0.8557342717241077,0.8557342717241077,ground,1
-62.875,-17.875,0.25,0.8851429425589525,0.8851429425589525,ground,1
-62.875,51.375,0.25,1.113340557493959,1.113340557493959,ground,1
-62.875,58.375,0.25,1.1665118240367687,1.1665118240367687,ground,1
-62.875,68.625,0.25,1.1866803702310151,1.1866803702310151,ground,1
-62.875,76.875,0.25,1.299057280893204,1.299057280893204,ground,1
-62.625,-56.625,0.25,0.7333962715837314,0.7333962715837314,ground,1
-62.625,-50.875,0.25,0.7600177574337794,0.7600177574337794,ground,1
-62.625,-40.625,0.25,2.5479727130285053,2.5479727130285053,vegetation,1
-62.625,-20.125,0.25,0.8756433282529079,0.8756433282529079,ground,1
-62.625,-15.375,0.25,0.8595014342990452,0.8595014342990452,ground,1
-62.625,6.375,0.25,0.9481153361861759,0.9481153361861759,ground,1
-62.625,16.375,0.25,1.0285177202212643,1.0285177202212643,ground,1
-62.625,24.375,0.25,1.064687360026013,1.064687360026013,ground,1
-62.625,31.125,0.25,1.0926572202261993,1.0926572202261993,ground,1
-62.625,31.625,0.25,1.0688352151333271,1.0688352151333271,ground,1
-62.625,37.125,0.25,1.0706699126360808,1.0706699126360808,ground,1
-62.625,39.875,0.25,3.2450610719791824,3.2450610719791824,vegetation,1
-62.625,70.875,0.25,3.1106199023601793,3.1106199023601793,vegetation,1
-62.375,-76.875,0.25,0.6532976191687734,0.6532976191687734,ground,1
-62.375,-75.625,0.25,0.6553025129483415,0.6553025129483415,ground,1
-62.375,-60.625,0.25,2.0799240097629488,2.0799240097629488,vegetation,1
-62.375,-50.875,0.25,0.7301548548950474,0.7301548548950474,ground,1
-62.375,-49.875,0.25,0.7934435968851573,0.7934435968851573,ground,1
-62.375,-46.375,0.25,0.7870288635193493,0.7870288635193493,ground,1
-62.375,-45.625,0.25,3.0562398435750744,3.0562398435750744,vegetation,1
-62.375,-45.125,0.25,0.7227338439499007,0.7227338439499007,ground,1
-62.375,-36.875,0.25,3.5666684007274863,3.5666684007274863,vegetation,1
-62.375,-30.125,0.25,0.8308793438868751,0.8308793438868751,ground,1
-62.375,-20.625,0.25,0.8683679971571552,0.8683679971571552,ground,1
-62.375,-7.875,0.25,0.8752340228392275,0.8752340228392275,ground,1
-62.375,51.375,0.25,1.164339677236446,1.164339677236446,ground,1
-62.125,-77.875,0.25,0.6694801474933215,0.6694801474933215,ground,1
-62.125,-58.125,0.25,0.6879787859526887,0.6879787859526887,ground,1
-62.125,-47.875,0.25,0.73619326390745,0.73619326390745,ground,1
-62.125,-41.375,0.25,3.481836924850483,3.481836924850483,vegetation,1
-62.125,-19.875,0.25,0.8656398330985411,0.8656398330985411,ground,1
-62.125,5.125,0.25,0.8847246641196111,0.8847246641196111,ground,1
-62.125,9.625,0.25,0.9254178356402283,0.9254178356402283,ground,1
-62.125,18.375,0.25,0.9885549553323091,0.9885549553323091,ground,1
-62.125,36.625,0.25,1.0943684710832748,1.0943684710832748,ground,1
-62.125,64.375,0.25,1.1873160631931075,1.1873160631931075,ground,1
-62.125,68.125,0.25,1.1804647586914518,1.1804647586914518,ground,1
-61.875,-62.125,0.25,1.4878288274175562,1.4878288274175562,vegetation,1
-61.875,-43.125,0.25,0.741473874138497,0.741473874138497,ground,1
-61.875,3.125,0.25,0.9671056994211393,0.9671056994211393,ground,1
-61.875,21.125,0.25,1.0057182594906002,1.0057182594906002,ground,1
-61.875,28.125,0.25,1.028324328104151,1.028324328104151,ground,1
-61.875,37.125,0.25,3.0795807796681864,3.0795807796681864,vegetation,1
-61.875,42.875,0.25,1.10025980344284,1.10025980344284,ground,1
-61.875,52.125,0.25,3.9974212963993634,3.9974212963993634,vegetation,1
-61.875,52.875,0.25,1.198478027336478,1.198478027336478,ground,1
-61.875,56.375,0.25,1.1333025419563605,1.1333025419563605,ground,1
-61.875,59.125,0.25,1.1484544317384324,1.1484544317384324,ground,1
-61.875,61.625,0.25,1.2014360346198887,1.2014360346198887,ground,1
-61.875,71.125,0.25,1.2292495094213434,1.2292495094213434,ground,1
-61.625,-67.875,0.25,0.6573900080762101,0.6573900080762101,ground,1
-61.625,-65.875,0.25,0.6522782526131413,0.6522782526131413,ground,1
-61.625,-62.625,0.25,0.6820308517330712,0.6820308517330712,ground,1
-61.625,-59.125,0.25,0.6725512674711127,0.6725512674711127,ground,1
-61.625,-44.625,0.25,3.7442305204873656,3.7442305204873656,vegetation,1
-61.625,-23.375,0.25,0.8077395123449175,0.8077395123449175,ground,1
-61.625,-23.125,0.25,0.8259185838888025,0.8259185838888025,ground,1
-61.625,-21.875,0.25,0.8579191733558348,0.8579191733558348,ground,1
-61.625,-17.125,0.25,0.8792581335246259,0.8792581335246259,ground,1
-61.625,-12.125,0.25,0.9182945820704239,0.9182945820704239,ground,1
-61.625,-10.125,0.25,0.9123729898279671,0.9123729898279671,ground,1
-61.625,-0.375,0.25,0.9251337070890872,0.9251337070890872,ground,1
-61.625,8.625,0.25,0.9220871220909926,0.9220871220909926,ground,1
-61.625,21.125,0.25,1.0100664636990018,1.0100664636990018,ground,1
-61.625,44.125,0.25,3.5774709054848506,3.5774709054848506,vegetation,1
-61.625,45.125,0.25,2.855644885192274,2.855644885192274,vegetation,1
-61.625,45.375,0.25,3.8963800892834772,3.8963800892834772,vegetation,1
-61.625,48.125,0.25,1.0976659879333808,1.0976659879333808,ground,1
-61.625,70.875,0.25,2.9360497366998963,2.9360497366998963,vegetation,1
-61.625,78.875,0.25,1.2600720329314608,1.2600720329314608,ground,1
-61.375,-74.125,0.25,2.6820732219393633,2.6820732219393633,vegetation,1
-61.375,-57.875,0.25,0.6659428224599584,0.6659428224599584,ground,1
-61.375,-57.125,0.25,0.7110918945111493,0.7110918945111493,ground,1
-61.375,-47.625,0.25,1.9420502121708614,1.9420502121708614,vegetation,1
-61.375,-45.375,0.25,0.7291622411370399,0.7291622411370399,ground,1
-61.375,-28.875,0.25,2.2105928346495087,2.2105928346495087,vegetation,1
-61.375,-20.375,0.25,0.8407224604763224,0.8407224604763224,ground,1
-61.375,-8.625,0.25,0.8816210056346359,0.8816210056346359,ground,1
-61.375,7.375,0.25,0.977206781867321,0.954633207493288,ground,2
-61.375,11.875,0.25,1.0170281908460468,1.0170281908460468,ground,1
-61.375,18.875,0.25,1.0081726173977799,1.0081726173977799,ground,1
-61.375,20.125,0.25,1.0343693638658555,1.0343693638658555,ground,1
-61.375,20.375,0.25,1.015781650598989,1.015781650598989,ground,1
-61.375,25.625,0.25,1.0199020164558832,1.0199020164558832,ground,1
-61.375,53.125,0.25,1.1609037438635426,1.1609037438635426,ground,1
-61.375,67.625,0.25,1.1663163206300793,1.1663163206300793,ground,1
-61.125,-61.125,0.25,3.248990786194116,3.248990786194116,vegetation,1
-61.125,-48.125,0.25,3.2899587602845632,3.2899587602845632,vegetation,1
-61.125,-34.875,0.25,0.7841369776375852,0.7841369776375852,ground,1
-61.125,-34.375,0.25,0.8134690574670465,0.8134690574670465,ground,1
-61.125,-31.375,0.25,0.7455877753897228,0.7455877753897228,ground,1
-61.125,-18.375,0.25,0.8582321074055302,0.8582321074055302,ground,1
-61.125,-12.375,0.25,0.8785431092784334,0.8785431092784334,ground,1
-61.125,-7.875,0.25,0.8979785595560226,0.8979785595560226,ground,1
-61.125,14.125,0.25,0.998142984543151,0.998142984543151,ground,1
-61.125,20.375,0.25,0.9996474593908588,0.9996474593908588,ground,1
-61.125,34.625,0.25,1.0241552059000438,1.0241552059000438,ground,1
-61.125,53.875,0.25,3.3226451758589697,3.3226451758589697,vegetation,1
-61.125,57.375,0.25,3.0686490859540125,3.0686490859540125,vegetation,1
-61.125,72.625,0.25,3.1599223179497464,3.1599223179497464,vegetation,1
-60.875,-76.625,0.25,2.124357442884953,2.124357442884953,vegetation,1
-60.875,-51.125,0.25,0.7075229134640318,0.7075229134640318,ground,1
-60.875,-41.625,0.25,0.7353817346941549,0.7353817346941549,ground,1
-60.875,-22.375,0.25,0.8225506767078141,0.8225506767078141,ground,1
-60.875,-1.875,0.25,0.898327123866285,0.898327123866285,ground,1
-60.875,13.875,0.25,0.9759735640686401,0.9759735640686401,ground,1
-60.875,33.125,0.25,1.0394947240031742,1.0394947240031742,ground,1
-60.875,72.375,0.25,1.1855640366199363,1.1855640366199363,ground,1
-60.625,-48.875,0.25,0.7382328728435436,0.7382328728435436,ground,1
-60.625,-37.375,0.25,2.7914455143986023,2.7914455143986023,vegetation,1
-60.625,-30.625,0.25,0.7963792349300763,0.7963792349300763,ground,1
-60.625,-29.625,0.25,3.7148913574079123,3.7148913574079123,vegetation,1
-60.625,-22.625,0.25,0.8654729230032039,0.8654729230032039,ground,1
-60.625,-4.625,0.25,0.8701577449938465,0.8701577449938465,ground,1
-60.625,0.625,0.25,0.8948176577878962,0.8948176577878962,ground,1
-60.625,32.875,0.25,1.0421332001130583,1.0421332001130583,ground,1
-60.625,34.625,0.25,1.0692875604943168,1.0692875604943168,ground,1
-60.625,47.375,0.25,1.0869911392642413,1.0869911392642413,ground,1
-60.625,56.875,0.25,1.1261821503517864,1.1261821503517864,ground,1
-60.625,75.875,0.25,2.477292479851773,2.477292479851773,vegetation,1
-60.625,78.375,0.25,1.2220360896986804,1.2220360896986804,ground,1
-60.375,-79.375,0.25,2.0758502843766786,2.0758502843766786,vegetation,1
-60.375,-77.375,0.25,0.5874131123923187,0.5874131123923187,ground,1
-60.375,-74.625,0.25,0.6169717235043466,0.6029595684056971,ground,2
-60.375,-55.375,0.25,1.9405273606570168,1.9405273606570168,vegetation,1
-60.375,-49.375,0.25,1.7751733242183332,1.7751733242183332,vegetation,1
-60.375,-47.625,0.25,0.7019815198341838,0.7019815198341838,ground,1
-60.375,-46.625,0.25,0.7574477210502603,0.7574477210502603,ground,1
-60.375,-26.625,0.25,0.7878929267076421,0.7878929267076421,ground,1
-60.375,-23.875,0.25,0.8138385407692982,0.8138385407692982,ground,1
-60.375,-22.875,0.25,0.8122802073526159,0.8122802073526159,ground,1
-60.375,-5.375,0.25,0.8951032085252512,0.8951032085252512,ground,1
-60.375,-4.125,0.25,0.9116184036558963,0.9116184036558963,ground,1
-60.375,0.625,0.25,0.9182683635957026,0.9182683635957026,ground,1
-60.375,4.125,0.25,0.9087923649890439,0.9087923649890439,ground,1
-60.375,39.875,0.25,1.0401819322452488,1.0401819322452488,ground,1
-60.375,41.625,0.25,1.0616026514271621,1.0616026514271621,ground,1
-60.375,54.375,0.25,1.1510464426670795,1.1510464426670795,ground,1
-60.375,57.625,0.25,1.1141990975986549,1.1141990975986549,ground,1
-60.375,58.625,0.25,3.253254428308347,3.253254428308347,vegetation,1
-60.125,-76.875,0.25,2.2280309974946495,2.2280309974946495,vegetation,1
-60.125,-75.875,0.25,0.6053630061549807,0.6053630061549807,ground,1
-60.125,-64.875,0.25,2.48388701859971,2.48388701859971,vegetation,1
-60.125,-54.125,0.25,2.9241299127047737,2.9241299127047737,vegetation,1
-60.125,-39.875,0.25,2.0188232162497735,2.0188232162497735,vegetation,1
-60.125,-24.875,0.25,0.8534130666198962,0.8534130666198962,ground,1
-60.125,-21.875,0.25,0.8221347003916767,0.8221347003916767,ground,1
-60.125,-19.875,0.25,0.7612769232949318,0.7612769232949318,ground,1
-60.125,-1.625,0.25,0.9206559224114355,0.9206559224114355,ground,1
-60.125,1.875,0.25,0.9122795605346384,0.9122795605346384,ground,1
-60.125,16.375,0.25,0.9901861950244697,0.9901861950244697,ground,1
-60.125,17.625,0.25,0.9503068949250858,0.9503068949250858,ground,1
-60.125,18.375,0.25,0.9806174146392871,0.9806174146392871,ground,1
-60.125,26.375,0.25,1.0300332026647352,1.0300332026647352,ground,1
-60.125,31.625,0.25,1.9368782384274346,1.9368782384274346,vegetation,1
-60.125,39.125,0.25,1.0471154328407153,1.0471154328407153,ground,1
-60.125,71.875,0.25,1.2021053394739236,1.2021053394739236,ground,1
-59.875,-75.875,0.25,0.5634032311091938,0.5634032311091938,ground,1
-59.875,-71.125,0.25,0.5920559232798416,0.5920559232798416,ground,1
-59.875,-41.125,0.25,0.716342258638068,0.716342258638068,ground,1
-59.875,-32.375,0.25,3.3792973884645203,3.3792973884645203,vegetation,1
-59.875,-9.375,0.25,0.8448875807681232,0.8448875807681232,ground,1
-59.875,-2.375,0.25,0.8962360866018007,0.8962360866018007,ground,1
-59.875,21.375,0.25,0.9528028891998556,0.9528028891998556,ground,1
-59.875,34.125,0.25,3.303951884030199,3.303951884030199,vegetation,1
-59.875,53.625,0.25,3.8241265706257543,3.8241265706257543,vegetation,1
-59.625,-78.875,0.25,0.5964222569370095,0.5964222569370095,ground,1
-59.625,-71.875,0.25,3.235043092086153,3.235043092086153,vegetation,1
-59.625,-67.875,0.25,3.4009049663525426,3.4009049663525426,vegetation,1
-59.625,-23.625,0.25,0.7827391882726996,0.7827391882726996,ground,1
-59.625,-17.625,0.25,0.823977114159866,0.823977114159866,ground,1
-59.625,-13.875,0.25,0.8128324921537146,0.8128324921537146,ground,1
-59.625,-11.125,0.25,0.8393128296785687,0.8393128296785687,ground,1
-59.625,15.625,0.25,0.9385875637378652,0.9385875637378652,ground,1
-59.625,24.625,0.25,1.001277734586847,1.001277734586847,ground,1
-59.625,36.875,0.25,1.0532713895065708,1.0532713895065708,ground,1
-59.625,43.125,0.25,1.0475302298049585,1.0475302298049585,ground,1
-59.625,60.125,0.25,1.1079683275663392,1.1079683275663392,ground,1
-59.375,-69.875,0.25,0.5742870196068801,0.5742870196068801,ground,1
-59.375,-61.625,0.25,3.1045769557316425,3.1045769557316425,vegetation,1
-59.375,-36.375,0.25,1.9111098151162556,1.9111098151162556,vegetation,1
-59.375,-35.875,0.25,0.7897251196264113,0.7897251196264113,ground,1
-59.375,-19.625,0.25,0.8090538034471201,0.8090538034471201,ground,1
-59.375,-14.125,0.25,0.8365916192160533,0.8365916192160533,ground,1
-59.375,-11.375,0.25,0.8045980009705103,0.8045980009705103,ground,1
-59.375,-1.625,0.25,0.8878139006106867,0.8878139006106867,ground,1
-59.375,1.375,0.25,0.9226544013155273,0.9226544013155273,ground,1
-59.375,3.375,0.25,0.8921153395477723,0.8921153395477723,ground,1
-59.375,11.375,0.25,0.9502104565735304,0.9502104565735304,ground,1
-59.375,20.625,0.25,0.9716576609562118,0.9716576609562118,ground,1
-59.375,21.875,0.25,0.964473689607153,0.964473689607153,ground,1
-59.375,34.375,0.25,1.0735229923609073,1.0735229923609073,ground,1
-59.375,38.375,0.25,1.0237077966130417,1.0237077966130417,ground,1
-59.375,60.375,0.25,1.1286743194229787,1.1286743194229787,ground,1
-59.125,-77.875,0.25,2.511858806151053,2.511858806151053,vegetation,1
-59.125,-66.375,0.25,0.6194093589245021,0.6194093589245021,ground,1
-59.125,-60.125,0.25,0.6973093074331256,0.6973093074331256,ground,1
-59.125,-38.125,0.25,0.7856663902438138,0.7856663902438138,ground,1
-59.125,-36.125,0.25,0.7669972194104203,0.7669972194104203,ground,1
-59.125,-11.625,0.25,0.883510278336189,0.883510278336189,ground,1
-59.125,-10.875,0.25,0.8497090862680641,0.8497090862680641,ground,1
-59.125,-5.375,0.25,0.9001177483764659,0.8807584659178884,ground,2
-59.125,7.125,0.25,0.9126697566258607,0.9126697566258607,ground,1
-59.125,8.875,0.25,0.9274371597401109,0.9274371597401109,ground,1
-59.125,18.625,0.25,0.948066522717378,0.948066522717378,ground,1
-59.125,20.125,0.25,0.9932428406832572,0.9932428406832572,ground,1
-59.125,34.375,0.25,1.029383075021491,1.029383075021491,ground,1
-59.125,59.625,0.25,1.1252795125063422,1.1252795125063422,ground,1
-58.875,-52.625,0.25,0.6392426303166415,0.6392426303166415,ground,1
-58.875,-32.625,0.25,0.7264404362207995,0.7264404362207995,ground,1
-58.875,-25.125,0.25,0.7864583165897345,0.7864583165897345,ground,1
-58.875,-17.625,0.25,0.7667172630787555,0.7667172630787555,ground,1
-58.875,-11.875,0.25,0.8148154578790562,0.8148154578790562,ground,1
-58.875,-7.625,0.25,0.8499184510442391,0.8499184510442391,ground,1
-58.875,-2.625,0.25,0.8974658019244226,0.8974658019244226,ground,1
-58.875,23.125,0.25,1.0011539842615067,1.0011539842615067,ground,1
-58.875,53.625,0.25,1.10065464435218,1.10065464435218,ground,1
-58.875,60.125,0.25,1.1077278444745058,1.1077278444745058,ground,1
-58.875,67.875,0.25,1.1588467801461455,1.1588467801461455,ground,1
-58.875,73.125,0.25,2.720832804492982,2.720832804492982,vegetation,1
-58.625,-45.125,0.25,0.7114318321909361,0.7114318321909361,ground,1
-58.625,-35.125,0.25,3.379968491615074,3.379968491615074,vegetation,1
-58.625,-29.375,0.25,0.7684172314563236,0.7684172314563236,ground,1
-58.625,-25.375,0.25,0.7509560133421659,0.7509560133421659,ground,1
-58.625,-11.375,0.25,0.8406303779251673,0.8406303779251673,ground,1
-58.625,26.125,0.25,1.0111840910511098,1.0111840910511098,ground,1
-58.625,41.875,0.25,3.187664891570857,3.187664891570857,vegetation,1
-58.625,63.875,0.25,2.677595080052722,2.677595080052722,vegetation,1
-58.625,72.625,0.25,4.085163288780131,4.085163288780131,vegetation,1
-58.375,-60.125,0.25,0.6106652487239148,0.6106652487239148,ground,1
-58.375,-51.625,0.25,0.7086269680478522,0.7086269680478522,ground,1
-58.375,-40.375,0.25,0.7453327707394228,0.7453327707394228,ground,1
-58.375,-18.125,0.25,0.7998057426141926,0.7998057426141926,ground,1
-58.375,-17.875,0.25,0.7441027308978663,0.7441027308978663,ground,1
-58.375,-14.875,0.25,0.809602852914199,0.809602852914199,ground,1
-58.375,-2.375,0.25,0.8519597244296135,0.8519597244296135,ground,1
-58.375,1.625,0.25,0.8874009209801657,0.8735690809957022,ground,2
-58.375,19.375,0.25,0.9365675724504791,0.9365675724504791,ground,1
-58.375,25.625,0.25,0.9965065439367681,0.9965065439367681,ground,1
-58.375,45.625,0.25,1.0669733094111082,1.0669733094111082,ground,1
-58.375,55.375,0.25,1.0886527834493698,1.0886527834493698,ground,1
-58.375,57.125,0.25,2.4773122435396613,2.4773122435396613,vegetation,1
-58.125,-71.125,0.25,0.5871606674050234,0.5871606674050234,ground,1
-58.125,-61.625,0.25,3.2361360164168183,3.2361360164168183,vegetation,1
-58.125,-39.375,0.25,0.7289145702677762,0.7289145702677762,ground,1
-58.125,-32.625,0.25,0.7486816529786496,0.7486816529786496,ground,1
-58.125,-31.625,0.25,0.7661247534699355,0.7661247534699355,ground,1
-58.125,-24.375,0.25,0.7839276217974563,0.7839276217974563,ground,1
-58.125,-20.625,0.25,0.7615545201439629,0.7615545201439629,ground,1
-58.125,-13.375,0.25,0.8343231149667911,0.8343231149667911,ground,1
-58.125,1.875,0.25,0.8460798468961634,0.8460798468961634,ground,1
-58.125,11.125,0.25,0.9378103587913961,0.9378103587913961,ground,1
-58.125,17.625,0.25,0.9318052787864948,0.9318052787864948,ground,1
-58.125,17.875,0.25,0.9733468252514238,0.9733468252514238,ground,1
-58.125,24.625,0.25,0.9421738681693727,0.9421738681693727,ground,1
-58.125,29.125,0.25,0.9911686756358941,0.9911686756358941,ground,1
-58.125,36.125,0.25,3.4653369372581757,3.4653369372581757,vegetation,1
-58.125,41.375,0.25,2.1571132442614376,2.1571132442614376,vegetation,1
-58.125,45.375,0.25,1.0838136168188728,1.0838136168188728,ground,1
-58.125,57.875,0.25,3.591192354975064,3.591192354975064,vegetation,1
-58.125,61.625,0.25,1.1391449575247874,1.1391449575247874,ground,1
-57.875,-67.875,0.25,2.3734046820931933,2.3734046820931933,vegetation,1
-57.875,-61.375,0.25,0.6156966414314625,0.6156966414314625,ground,1
-57.875,-57.875,0.25,0.6150335466936274,0.6150335466936274,ground,1
-57.875,-38.875,0.25,0.6935748512638615,0.6935748512638615,ground,1
-57.875,-37.125,0.25,2.461340282441099,2.461340282441099,vegetation,1
-57.875,-14.375,0.25,0.7982446377350396,0.7982446377350396,ground,1
-57.875,15.125,0.25,0.925015641710665,0.925015641710665,ground,1
-57.875,15.625,0.25,0.9389245208959637,0.9389245208959637,ground,1
-57.875,19.625,0.25,0.9415721525742203,0.9415721525742203,ground,1
-57.875,27.625,0.25,0.9810203352710841,0.9810203352710841,ground,1
-57.625,-75.625,0.25,0.548754391516758,0.548754391516758,ground,1
-57.625,-60.875,0.25,2.4418031962110023,2.4418031962110023,vegetation,1
-57.625,-55.625,0.25,2.180874715384003,2.180874715384003,vegetation,1
-57.625,-29.625,0.25,2.863861471644838,2.863861471644838,vegetation,1
-57.625,-26.125,0.25,0.6988895656765288,0.6988895656765288,ground,1
-57.625,-10.125,0.25,0.8389260181124033,0.8389260181124033,ground,1
-57.625,-8.875,0.25,0.8218907948685689,0.8218907948685689,ground,1
-57.625,1.875,0.25,0.8298536248039131,0.8298536248039131,ground,1
-57.625,8.875,0.25,0.8784686495766598,0.8784686495766598,ground,1
-57.625,10.375,0.25,0.8741785707594704,0.8741785707594704,ground,1
-57.625,12.125,0.25,0.9309849387633066,0.9309849387633066,ground,1
-57.625,46.375,0.25,1.0434229356127547,1.0434229356127547,ground,1
-57.375,-75.375,0.25,1.523136225067213,1.523136225067213,vegetation,1
-57.375,-67.375,0.25,2.1102678790704914,2.1102678790704914,vegetation,1
-57.375,-29.875,0.25,0.7475170477005377,0.7475170477005377,ground,1
-57.375,-28.625,0.25,0.750707040941275,0.750707040941275,ground,1
-57.375,-11.125,0.25,0.8302075204113936,0.8302075204113936,ground,1
-57.375,-8.125,0.25,0.8867965171104257,0.8867965171104257,ground,1
-57.375,21.375,0.25,0.9330117819138061,0.9330117819138061,ground,1
-57.375,25.625,0.25,3.522813142537144,3.522813142537144,vegetation,1
-57.375,26.625,0.25,0.9631776750854856,0.9631776750854856,ground,1
-57.375,46.875,0.25,2.3773149130804496,2.3773149130804496,vegetation,1
-57.375,51.125,0.25,1.037756561811264,1.037756561811264,ground,1
-57.375,53.125,0.25,2.4548466143408465,2.4548466143408465,vegetation,1
-57.375,74.125,0.25,2.2130733887334513,2.2130733887334513,vegetation,1
-57.375,74.375,0.25,2.991773249473809,2.991773249473809,vegetation,1
-57.125,-69.875,0.25,0.535955518757261,0.535955518757261,ground,1
-57.125,-55.875,0.25,0.6278259570051877,0.6278259570051877,ground,1
-57.125,-45.125,0.25,0.6993955337117684,0.6993955337117684,ground,1
-57.125,-33.125,0.25,0.7034837983494662,0.7034837983494662,ground,1
-57.125,-28.625,0.25,0.7419748873156535,0.7419748873156535,ground,1
-57.125,-11.875,0.25,0.7962170256704165,0.7943100037574333,ground,2
-57.125,-6.125,0.25,0.7848693625613179,0.7848693625613179,ground,1
-57.125,-0.125,0.25,0.8594336442986891,0.8594336442986891,ground,1
-57.125,2.625,0.25,0.8486453816617201,0.8486453816617201,ground,1
-57.125,7.625,0.25,0.8728303718875737,0.8728303718875737,ground,1
-57.125,15.625,0.25,0.9046634754559371,0.9046634754559371,ground,1
-57.125,22.625,0.25,0.9234434062861209,0.9234434062861209,ground,1
-57.125,22.875,0.25,0.919146311471354,0.919146311471354,ground,1
-57.125,29.125,0.25,2.449953701606591,2.449953701606591,vegetation,1
-57.125,30.125,0.25,1.0074868107208697,1.0074868107208697,ground,1
-57.125,42.875,0.25,1.0678287907521777,1.0678287907521777,ground,1
-56.875,-50.625,0.25,0.6492541839046007,0.6492541839046007,ground,1
-56.875,-50.375,0.25,0.661374120135313,0.661374120135313,ground,1
-56.875,-4.125,0.25,0.8236424554796212,0.8236424554796212,ground,1
-56.875,1.875,0.25,0.8548153388058782,0.8548153388058782,ground,1
-56.875,4.125,0.25,0.8652758468527122,0.8652758468527122,ground,1
-56.875,8.875,0.25,0.8822149210766952,0.8822149210766952,ground,1
-56.875,10.125,0.25,0.9318801215008972,0.9318801215008972,ground,1
-56.875,29.875,0.25,0.9765691621078666,0.9765691621078666,ground,1
-56.875,34.875,0.25,1.0405989032755603,1.0405989032755603,ground,1
-56.875,42.125,0.25,1.0523000708647152,1.0523000708647152,ground,1
-56.875,42.375,0.25,0.9767256442264954,0.9767256442264954,ground,1
-56.875,45.625,0.25,2.8422729307442602,2.8422729307442602,vegetation,1
-56.875,60.375,0.25,1.1071665736915617,1.1071665736915617,ground,1
-56.875,81.375,0.25,1.1495310211874168,1.1495310211874168,ground,1
-56.625,-57.375,0.25,0.6141417492725499,0.6141417492725499,ground,1
-56.625,-33.875,0.25,0.6888600838473534,0.6888600838473534,ground,1
-56.625,-26.375,0.25,0.7318894275918217,0.7318894275918217,ground,1
-56.625,-25.875,0.25,0.7435292355864646,0.7435292355864646,ground,1
-56.625,-15.875,0.25,0.7743144104642556,0.7743144104642556,ground,1
-56.625,-15.625,0.25,0.7788407517145248,0.7788407517145248,ground,1
-56.625,-7.125,0.25,0.7895647087956881,0.7895647087956881,ground,1
-56.625,-4.625,0.25,0.8310044762375931,0.8310044762375931,ground,1
-56.625,-0.875,0.25,0.8407849678853645,0.8407849678853645,ground,1
-56.625,-0.125,0.25,0.8488250872244333,0.8488250872244333,ground,1
-56.625,16.125,0.25,0.9072948976322617,0.9072948976322617,ground,1
-56.625,19.375,0.25,0.9142418363961274,0.9142418363961274,ground,1
-56.375,-56.375,0.25,0.6218420756508122,0.6218420756508122,ground,1
-56.375,-51.125,0.25,0.6917414791946325,0.6917414791946325,ground,1
-56.375,-37.625,0.25,2.0239599214329598,2.0239599214329598,vegetation,1
-56.375,-10.375,0.25,0.8380018212789758,0.8380018212789758,ground,1
-56.375,15.375,0.25,0.940576226570734,0.940576226570734,ground,1
-56.375,18.125,0.25,0.8758460558002462,0.8758460558002462,ground,1
-56.375,20.625,0.25,0.9603060515888626,0.9603060515888626,ground,1
-56.375,29.375,0.25,0.9553864314064382,0.9553864314064382,ground,1
-56.375,63.875,0.25,1.0980333225249417,1.0980333225249417,ground,1
-56.375,66.375,0.25,3.9590128383467684,3.9590128383467684,vegetation,1
-56.125,-82.625,0.25,3.4165122576469518,3.4165122576469518,vegetation,1
-56.125,-74.375,0.25,2.6819806357101568,2.6819806357101568,vegetation,1
-56.125,-48.375,0.25,1.908122161703837,1.908122161703837,vegetation,1
-56.125,-42.125,0.25,0.6694371326171799,0.6694371326171799,ground,1
-56.125,-38.625,0.25,0.7098235960640412,0.7098235960640412,ground,1
-56.125,-20.875,0.25,0.7913970806740752,0.7913970806740752,ground,1
-56.125,-18.375,0.25,0.7723732071576677,0.7723732071576677,ground,1
-56.125,-0.625,0.25,0.8410217160449823,0.8410217160449823,ground,1
-56.125,-0.375,0.25,0.8162901727228613,0.8162901727228613,ground,1
-56.125,9.375,0.25,0.9065059712198819,0.9065059712198819,ground,1
-56.125,11.125,0.25,0.8769094934470995,0.8769094934470995,ground,1
-56.125,12.625,0.25,0.8655694278999632,0.8655694278999632,ground,1
-56.125,17.125,0.25,0.9277370394574518,0.9277370394574518,ground,1
-56.125,19.625,0.25,0.897891309950987,0.897891309950987,ground,1
-56.125,38.625,0.25,3.750825792948044,3.750825792948044,vegetation,1
-56.125,41.125,0.25,0.9994373187794077,0.9994373187794077,ground,1
-56.125,42.625,0.25,0.9781035499819951,0.9781035499819951,ground,1
-56.125,45.375,0.25,1.062763919226066,1.062763919226066,ground,1
-56.125,50.375,0.25,1.0935970273387305,1.0935970273387305,ground,1
-56.125,57.375,0.25,1.038533341713406,1.038533341713406,ground,1
-56.125,62.125,0.25,2.1758060246565156,2.1758060246565156,vegetation,1
-56.125,63.125,0.25,1.0773392421928292,1.0773392421928292,ground,1
-56.125,69.625,0.25,1.1445221881306151,1.1445221881306151,ground,1
-56.125,82.125,0.25,1.1823937568128369,1.1823937568128369,ground,1
-55.875,-72.625,0.25,2.517646439821257,2.517646439821257,vegetation,1
-55.875,-69.625,0.25,0.5234082857950298,0.5234082857950298,ground,1
-55.875,-66.125,0.25,0.5544378317421095,0.5544378317421095,ground,1
-55.875,-53.875,0.25,2.110747963577408,2.110747963577408,vegetation,1
-55.875,-48.875,0.25,1.5393090997853471,1.5393090997853471,vegetation,1
-55.875,-44.625,0.25,0.6699676593084136,0.6699676593084136,ground,1
-55.875,-37.125,0.25,0.6691600947458634,0.6691600947458634,ground,1
-55.875,-35.875,0.25,0.6692196474372425,0.6692196474372425,ground,1
-55.875,-13.125,0.25,0.7887119910565199,0.7887119910565199,ground,1
-55.875,-3.125,0.25,0.7789133656779998,0.7789133656779998,ground,1
-55.875,-1.125,0.25,0.8249779918415014,0.8249779918415014,ground,1
-55.875,10.125,0.25,0.871425369563387,0.871425369563387,ground,1
-55.875,53.125,0.25,1.064068729315927,1.064068729315927,ground,1
-55.875,76.125,0.25,2.0649928179624717,2.0649928179624717,vegetation,1
-55.625,-79.125,0.25,2.7825065162714084,2.7825065162714084,vegetation,1
-55.625,-75.125,0.25,0.5338158118283639,0.5338158118283639,ground,1
-55.625,-65.875,0.25,0.5800138319932356,0.5800138319932356,ground,1
-55.625,-57.375,0.25,0.5528448498984275,0.5528448498984275,ground,1
-55.625,-50.375,0.25,0.6322550556966033,0.6322550556966033,ground,1
-55.625,-47.625,0.25,2.1712898396230544,2.1712898396230544,vegetation,1
-55.625,-41.375,0.25,0.67532273819616,0.67532273819616,ground,1
-55.625,-15.375,0.25,0.7610489251196932,0.7610489251196932,ground,1
-55.625,19.125,0.25,0.9450961015803535,0.9450961015803535,ground,1
-55.625,63.125,0.25,2.8785098202198105,2.8785098202198105,vegetation,1
-55.625,73.375,0.25,1.1444173708941663,1.1444173708941663,ground,1
-55.625,75.125,0.25,1.137963560003824,1.137963560003824,ground,1
-55.375,-80.125,0.25,0.46222691327624693,0.46222691327624693,ground,1
-55.375,-79.625,0.25,0.5018689610533695,0.5018689610533695,ground,1
-55.375,-56.375,0.25,0.6120844866036996,0.6120844866036996,ground,1
-55.375,-35.875,0.25,2.3638268050232405,2.3638268050232405,vegetation,1
-55.375,-32.375,0.25,0.7408687585348481,0.7408687585348481,ground,1
-55.375,-27.125,0.25,0.7311645307342259,0.7311645307342259,ground,1
-55.375,-9.625,0.25,0.7690385236279388,0.7690385236279388,ground,1
-55.375,-9.375,0.25,0.8092720400357283,0.8092720400357283,ground,1
-55.375,28.125,0.25,0.9635546196050793,0.9635546196050793,ground,1
-55.375,30.875,0.25,3.423820193634482,3.423820193634482,vegetation,1
-55.375,54.125,0.25,1.0357955053143004,1.0357955053143004,ground,1
-55.375,65.375,0.25,1.0992006479497172,1.0992006479497172,ground,1
-55.125,-71.625,0.25,0.4964623385064929,0.4964623385064929,ground,1
-55.125,-54.875,0.25,0.5411887070935466,0.5411887070935466,ground,1
-55.125,-50.125,0.25,2.941426780767882,2.941426780767882,vegetation,1
-55.125,-43.125,0.25,0.7009905512659593,0.7009905512659593,ground,1
-55.125,-39.375,0.25,0.67178401094972,0.67178401094972,ground,1
-55.125,-37.625,0.25,2.9967896471085878,2.9967896471085878,vegetation,1
-55.125,-30.375,0.25,0.730722112293899,0.730722112293899,ground,1
-55.125,-15.875,0.25,0.771128774261084,0.771128774261084,ground,1
-55.125,-11.625,0.25,0.7915788981250043,0.7915788981250043,ground,1
-55.125,-7.625,0.25,0.794535417894918,0.794535417894918,ground,1
-55.125,-4.375,0.25,0.8230957635546166,0.8230957635546166,ground,1
-55.125,6.875,0.25,0.8264716004134016,0.8264716004134016,ground,1
-55.125,7.375,0.25,0.8740183502018283,0.8740183502018283,ground,1
-55.125,12.125,0.25,0.9276296435582028,0.9276296435582028,ground,1
-55.125,35.375,0.25,0.9944457020948135,0.9944457020948135,ground,1
-55.125,37.125,0.25,3.55315254945051,3.55315254945051,vegetation,1
-55.125,68.125,0.25,1.1381797722209255,1.1381797722209255,ground,1
-55.125,72.125,0.25,1.1358504422966105,1.1358504422966105,ground,1
-55.125,75.625,0.25,1.1145896242751994,1.1145896242751994,ground,1
-55.125,82.125,0.25,1.160567163885955,1.160567163885955,ground,1
-54.875,-82.875,0.25,2.6583900855473392,1.5900649093553119,ground,2
-54.875,-77.125,0.25,0.5280607206745472,0.5280607206745472,ground,1
-54.875,-75.375,0.25,0.5549187374175276,0.5549187374175276,ground,1
-54.875,-52.375,0.25,3.464601763575126,3.464601763575126,vegetation,1
-54.875,-36.625,0.25,0.6751023306787597,0.6751023306787597,ground,1
-54.875,-23.125,0.25,0.7473777306739662,0.7473777306739662,ground,1
-54.875,-8.375,0.25,0.7651517781777408,0.7651517781777408,ground,1
-54.875,-8.125,0.25,0.783405602096561,0.783405602096561,ground,1
-54.875,17.125,0.25,0.9088367197848188,0.9088367197848188,ground,1
-54.875,29.625,0.25,0.9134916681010216,0.9134916681010216,ground,1
-54.875,32.375,0.25,2.556595669531065,2.556595669531065,vegetation,1
-54.875,33.625,0.25,3.2427058888578157,3.2427058888578157,vegetation,1
-54.625,-54.875,0.25,0.603856048642629,0.603856048642629,ground,1
-54.625,-49.625,0.25,0.6465973645021788,0.6465973645021788,ground,1
-54.625,-30.375,0.25,0.7174387872392046,0.7174387872392046,ground,1
-54.625,-23.875,0.25,0.7018626578700345,0.7018626578700345,ground,1
-54.625,-18.875,0.25,0.7697626394039445,0.7697626394039445,ground,1
-54.625,-5.375,0.25,0.7723533861490015,0.7723533861490015,ground,1
-54.625,18.625,0.25,0.8880010913078336,0.8880010913078336,ground,1
-54.625,30.875,0.25,0.9207208182865074,0.9207208182865074,ground,1
-54.625,40.625,0.25,0.9896750241887885,0.9896750241887885,ground,1
-54.625,53.625,0.25,0.9943104399464026,0.9943104399464026,ground,1
-54.625,55.375,0.25,1.0545546786885585,1.0545546786885585,ground,1
-54.375,-79.375,0.25,2.19160391095556,2.19160391095556,vegetation,1
-54.375,-63.375,0.25,2.288793129665296,2.288793129665296,vegetation,1
-54.375,-61.625,0.25,0.5452426705298342,0.5452426705298342,ground,1
-54.375,-54.375,0.25,1.53158654739783,1.53158654739783,vegetation,1
-54.375,-53.125,0.25,0.6266542935763877,0.6266542935763877,ground,1
-54.375,-40.125,0.25,1.5207277276547266,1.5207277276547266,vegetation,1
-54.375,-32.125,0.25,0.632020847595169,0.632020847595169,ground,1
-54.375,-29.125,0.25,2.217328947804498,2.217328947804498,vegetation,1
-54.375,-12.125,0.25,0.7335721024545506,0.7335721024545506,ground,1
-54.375,-11.125,0.25,0.7899362677596355,0.7899362677596355,ground,1
-54.375,3.375,0.25,0.8470205422627428,0.8470205422627428,ground,1
-54.375,20.125,0.25,0.9125517510902577,0.9125517510902577,ground,1
-54.375,21.875,0.25,0.9100677516534449,0.9100677516534449,ground,1
-54.375,60.875,0.25,2.5809537157233837,2.5809537157233837,vegetation,1
-54.375,63.375,0.25,3.316695824726297,3.316695824726297,vegetation,1
-54.375,77.625,0.25,1.0965700422276135,1.0965700422276135,ground,1
-54.125,-77.125,0.25,0.47535181811940197,0.47535181811940197,ground,1
-54.125,-66.875,0.25,0.5394926472799194,0.5394926472799194,ground,1
-54.125,-44.875,0.25,0.667672880072157,0.667672880072157,ground,1
-54.125,-42.375,0.25,0.6478550297502349,0.6478550297502349,ground,1
-54.125,-41.375,0.25,0.6336648774123953,0.6336648774123953,ground,1
-54.125,-37.625,0.25,0.6573735223201763,0.6573735223201763,ground,1
-54.125,-28.625,0.25,2.6760539008158286,2.6760539008158286,vegetation,1
-54.125,-23.625,0.25,0.7229399915156256,0.7229399915156256,ground,1
-54.125,5.875,0.25,0.8282745242820733,0.8282745242820733,ground,1
-54.125,11.375,0.25,0.8332074635933228,0.8332074635933228,ground,1
-54.125,16.375,0.25,0.8551038252307372,0.8551038252307372,ground,1
-54.125,17.875,0.25,0.9239076541889131,0.9239076541889131,ground,1
-54.125,26.875,0.25,2.0044149041618198,2.0044149041618198,vegetation,1
-54.125,46.875,0.25,3.3200332479660344,3.3200332479660344,vegetation,1
-54.125,53.375,0.25,1.0667055340739406,1.0667055340739406,ground,1
-54.125,53.625,0.25,1.0186703182928027,1.0186703182928027,ground,1
-54.125,56.375,0.25,1.0581878744511921,1.0581878744511921,ground,1
-54.125,69.625,0.25,1.045582782888628,1.045582782888628,ground,1
-53.875,-73.875,0.25,0.5377448492846321,0.5377448492846321,ground,1
-53.875,-73.625,0.25,0.4698609131072615,0.4698609131072615,ground,1
-53.875,-64.125,0.25,0.5549601655732476,0.5549601655732476,ground,1
-53.875,-53.125,0.25,0.6231132430692338,0.6231132430692338,ground,1
-53.875,-43.375,0.25,0.6314581181576728,0.6314581181576728,ground,1
-53.875,-34.375,0.25,0.6422124482732462,0.6422124482732462,ground,1
-53.875,-32.375,0.25,2.0613316279668092,2.0613316279668092,vegetation,1
-53.875,-14.875,0.25,0.7541784803422901,0.7541784803422901,ground,1
-53.875,-2.625,0.25,0.8017569951116149,0.8017569951116149,ground,1
-53.875,4.375,0.25,0.8464056522650313,0.8464056522650313,ground,1
-53.875,25.375,0.25,2.7180815946025296,2.7180815946025296,vegetation,1
-53.875,39.375,0.25,0.9255055067089615,0.9255055067089615,ground,1
-53.875,56.125,0.25,1.0130999211914935,1.0130999211914935,ground,1
-53.875,57.625,0.25,0.990011018357147,0.990011018357147,ground,1
-53.875,59.125,0.25,2.613919127971832,2.613919127971832,vegetation,1
-53.875,76.625,0.25,1.095098668003581,1.095098668003581,ground,1
-53.875,79.125,0.25,2.226534114725003,2.226534114725003,vegetation,1
-53.625,-56.125,0.25,0.5649686243015047,0.5649686243015047,ground,1
-53.625,-53.875,0.25,0.5884683440628323,0.5884683440628323,ground,1
-53.625,-47.125,0.25,2.0290872404386513,2.0290872404386513,vegetation,1
-53.625,-46.625,0.25,0.6565119303493736,0.6565119303493736,ground,1
-53.625,-42.875,0.25,0.6574147089097768,0.6574147089097768,ground,1
-53.625,-38.375,0.25,0.6205636540302546,0.6205636540302546,ground,1
-53.625,-26.125,0.25,0.7345784592858,0.7345784592858,ground,1
-53.625,-5.625,0.25,0.8089776230802354,0.8089776230802354,ground,1
-53.625,15.125,0.25,0.8783912467672355,0.8783912467672355,ground,1
-53.625,17.375,0.25,0.8690547717468805,0.8690547717468805,ground,1
-53.625,24.375,0.25,0.8767914242935055,0.8767914242935055,ground,1
-53.625,24.875,0.25,0.9218893804318817,0.9218893804318817,ground,1
-53.625,42.125,0.25,2.6212559918667058,2.6212559918667058,vegetation,1
-53.625,53.625,0.25,1.0161062792908104,1.0161062792908104,ground,1
-53.375,-72.375,0.25,0.5105265659070117,0.5105265659070117,ground,1
-53.375,-71.125,0.25,0.5470873666539366,0.5470873666539366,ground,1
-53.375,-69.625,0.25,0.5262068729110769,0.5262068729110769,ground,1
-53.375,-65.125,0.25,0.5268059548493986,0.5268059548493986,ground,1
-53.375,-50.125,0.25,1.9055198554360189,1.9055198554360189,vegetation,1
-53.375,-45.625,0.25,0.6306539062578598,0.6306539062578598,ground,1
-53.375,-21.625,0.25,0.691760415529449,0.691760415529449,ground,1
-53.375,-4.625,0.25,0.7920613108006086,0.7920613108006086,ground,1
-53.375,-2.875,0.25,0.776084636748981,0.776084636748981,ground,1
-53.375,-2.625,0.25,0.7514659223787528,0.7514659223787528,ground,1
-53.375,5.375,0.25,0.8175761544372674,0.8175761544372674,ground,1
-53.375,11.375,0.25,0.8569933447780188,0.8569933447780188,ground,1
-53.375,17.625,0.25,0.8968086741662665,0.8968086741662665,ground,1
-53.375,20.125,0.25,0.8749917481391013,0.8749917481391013,ground,1
-53.375,30.875,0.25,0.9010347653227435,0.9010347653227435,ground,1
-53.375,34.375,0.25,1.960679943280613,1.960679943280613,vegetation,1
-53.375,48.625,0.25,0.9921648073374599,0.9921648073374599,ground,1
-53.375,57.625,0.25,3.7823091411492133,3.7823091411492133,vegetation,1
-53.375,61.375,0.25,1.0107699138200155,1.0107699138200155,ground,1
-53.125,-64.625,0.25,0.5407420461368161,0.5407420461368161,ground,1
-53.125,-55.375,0.25,0.5574552219962826,0.5574552219962826,ground,1
-53.125,-52.375,0.25,0.6019128093591041,0.6019128093591041,ground,1
-53.125,-41.375,0.25,0.6166834096322257,0.6166834096322257,ground,1
-53.125,-24.125,0.25,0.7547550938077956,0.7547550938077956,ground,1
-53.125,-15.125,0.25,0.7654414675551099,0.7654414675551099,ground,1
-53.125,-13.875,0.25,0.7303274602982863,0.7303274602982863,ground,1
-53.125,14.125,0.25,0.8205450159231289,0.8205450159231289,ground,1
-53.125,32.375,0.25,0.9083778324730688,0.9083778324730688,ground,1
-53.125,38.125,0.25,0.9125659007000472,0.9125659007000472,ground,1
-53.125,48.875,0.25,0.9661714800193912,0.9661714800193912,ground,1
-53.125,73.375,0.25,1.9471421124463881,1.9471421124463881,vegetation,1
-52.875,-82.625,0.25,0.4082905998075978,0.4082905998075978,ground,1
-52.875,-46.375,0.25,0.5897169930964743,0.5897169930964743,ground,1
-52.875,-28.625,0.25,1.6347727174044564,1.6347727174044564,vegetation,1
-52.875,-23.125,0.25,0.693690519023273,0.693690519023273,ground,1
-52.875,11.125,0.25,0.8022006905084146,0.8022006905084146,ground,1
-52.875,18.625,0.25,0.8684151493240096,0.8684151493240096,ground,1
-52.875,26.625,0.25,0.9359495433554492,0.9359495433554492,ground,1
-52.875,34.375,0.25,2.389587127807198,2.389587127807198,vegetation,1
-52.875,37.125,0.25,3.6791074139794318,3.6791074139794318,vegetation,1
-52.875,48.625,0.25,3.5959048977355574,3.5959048977355574,vegetation,1
-52.875,79.375,0.25,3.8883421626180255,3.8883421626180255,vegetation,1
-52.625,-84.375,0.25,0.4426437523297314,0.4426437523297314,ground,1
-52.625,-83.125,0.25,0.47805257469093604,0.47805257469093604,ground,1
-52.625,-76.375,0.25,2.134579011250162,2.134579011250162,vegetation,1
-52.625,-62.125,0.25,2.7470097705244347,2.7470097705244347,vegetation,1
-52.625,-24.875,0.25,0.6725283398394942,0.6725283398394942,ground,1
-52.625,-19.125,0.25,0.7559259292212716,0.7338597842173779,ground,2
-52.625,-10.875,0.25,0.7660590925553556,0.7660590925553556,ground,1
-52.625,-9.875,0.25,0.7223043195721128,0.7223043195721128,ground,1
-52.625,-6.125,0.25,0.8100658976782773,0.8100658976782773,ground,1
-52.625,-3.875,0.25,0.792145811712821,0.792145811712821,ground,1
-52.625,0.125,0.25,0.7551201691546273,0.7551201691546273,ground,1
-52.625,9.875,0.25,0.8509594303314043,0.8509594303314043,ground,1
-52.625,20.375,0.25,0.8554752448524808,0.8554752448524808,ground,1
-52.625,32.375,0.25,0.9342189515487311,0.9342189515487311,ground,1
-52.625,43.125,0.25,0.981046362029174,0.981046362029174,ground,1
-52.625,55.375,0.25,1.0740814673504815,1.0740814673504815,ground,1
-52.625,58.125,0.25,1.0138521899585173,1.0138521899585173,ground,1
-52.625,64.375,0.25,3.875979360764359,3.875979360764359,vegetation,1
-52.375,-85.125,0.25,0.437876591789892,0.437876591789892,ground,1
-52.375,-84.375,0.25,0.4628942523972417,0.4628942523972417,ground,1
-52.375,-75.375,0.25,0.45429643248715545,0.45429643248715545,ground,1
-52.375,-66.875,0.25,2.49075892956943,2.49075892956943,vegetation,1
-52.375,-64.625,0.25,0.5122897520262246,0.5100652666937531,ground,2
-52.375,-46.625,0.25,0.599732070844615,0.599732070844615,ground,1
-52.375,-20.375,0.25,0.6845932761614794,0.6845932761614794,ground,1
-52.375,7.875,0.25,0.8413804043504782,0.8413804043504782,ground,1
-52.375,12.125,0.25,0.858211270243992,0.858211270243992,ground,1
-52.375,31.125,0.25,0.9312543166583686,0.9312543166583686,ground,1
-52.375,32.625,0.25,0.868644792771934,0.868644792771934,ground,1
-52.375,35.625,0.25,0.9130998420500009,0.9130998420500009,ground,1
-52.375,37.625,0.25,0.9337034647942566,0.9337034647942566,ground,1
-52.375,48.375,0.25,0.9360674510774178,0.9360674510774178,ground,1
-52.375,59.625,0.25,1.027963866116762,1.027963866116762,ground,1
-52.125,-82.875,0.25,2.2306055296120926,2.2306055296120926,vegetation,1
-52.125,-80.125,0.25,2.67673524155616,2.67673524155616,vegetation,1
-52.125,-73.125,0.25,0.48021085891044196,0.48021085891044196,ground,1
-52.125,-48.125,0.25,3.078946595784383,3.078946595784383,vegetation,1
-52.125,-43.625,0.25,0.5971965055533613,0.5971965055533613,ground,1
-52.125,-30.625,0.25,0.6752005296852628,0.6752005296852628,ground,1
-52.125,-26.125,0.25,0.6596522624253996,0.6596522624253996,ground,1
-52.125,-6.375,0.25,0.7084495130458971,0.7084495130458971,ground,1
-52.125,5.625,0.25,0.7735115555152292,0.7735115555152292,ground,1
-52.125,9.625,0.25,0.8429403301189421,0.8429403301189421,ground,1
-52.125,19.125,0.25,0.8381635547192287,0.8381635547192287,ground,1
-52.125,28.625,0.25,0.8649121051590345,0.8649121051590345,ground,1
-52.125,83.125,0.25,1.1446660133723066,1.1446660133723066,ground,1
-51.875,-81.625,0.25,0.3990881519860904,0.3990881519860904,ground,1
-51.875,-81.375,0.25,0.43609729864624674,0.43609729864624674,ground,1
-51.875,-76.125,0.25,0.4726268510845376,0.4726268510845376,ground,1
-51.875,-66.625,0.25,0.5018673462407957,0.5018673462407957,ground,1
-51.875,-34.625,0.25,3.4657174715673422,3.4657174715673422,vegetation,1
-51.875,-27.875,0.25,3.4109703558723448,3.4109703558723448,vegetation,1
-51.875,-24.625,0.25,0.7024543717094779,0.7024543717094779,ground,1
-51.875,-10.375,0.25,0.7195755255282664,0.7195755255282664,ground,1
-51.875,-8.875,0.25,0.7371350468387322,0.7371350468387322,ground,1
-51.875,-6.375,0.25,0.734939064390011,0.734939064390011,ground,1
-51.875,3.125,0.25,0.7937657410755189,0.7937657410755189,ground,1
-51.875,36.375,0.25,0.969292751057218,0.969292751057218,ground,1
-51.875,37.625,0.25,3.333061049368208,3.333061049368208,vegetation,1
-51.875,59.375,0.25,0.976742565083985,0.976742565083985,ground,1
-51.625,-48.375,0.25,1.9671647378918582,1.9671647378918582,vegetation,1
-51.625,-46.625,0.25,0.5966375243528659,0.5966375243528659,ground,1
-51.625,-15.625,0.25,0.71566082071698,0.71566082071698,ground,1
-51.625,-15.375,0.25,0.7198890080214729,0.7198890080214729,ground,1
-51.625,35.875,0.25,0.8935714903174495,0.8935714903174495,ground,1
-51.625,42.125,0.25,0.9306444954285068,0.9306444954285068,ground,1
-51.625,56.625,0.25,1.056357755517103,1.056357755517103,ground,1
-51.375,-74.875,0.25,0.47250770032210615,0.47250770032210615,ground,1
-51.375,-55.125,0.25,0.5844650858061812,0.5844650858061812,ground,1
-51.375,-37.875,0.25,0.6080240332632311,0.6080240332632311,ground,1
-51.375,-35.375,0.25,0.6307091648226427,0.6307091648226427,ground,1
-51.375,-34.125,0.25,0.6524189781943922,0.6524189781943922,ground,1
-51.375,-30.125,0.25,0.671930765113135,0.671930765113135,ground,1
-51.375,-25.625,0.25,1.8963004471620084,1.8963004471620084,vegetation,1
-51.375,-5.125,0.25,0.7853458765729021,0.7853458765729021,ground,1
-51.375,0.125,0.25,0.7479784373844283,0.7479784373844283,ground,1
-51.375,6.625,0.25,0.7628221362605822,0.7628221362605822,ground,1
-51.375,9.375,0.25,0.7918850593757432,0.7918850593757432,ground,1
-51.375,47.625,0.25,0.9830898864834017,0.9830898864834017,ground,1
-51.375,48.625,0.25,0.989138745791135,0.989138745791135,ground,1
-51.375,48.875,0.25,0.9447922724040135,0.9447922724040135,ground,1
-51.375,65.625,0.25,3.9665780841797935,3.9665780841797935,vegetation,1
-51.375,84.875,0.25,1.1030564480435423,1.1030564480435423,ground,1
-51.125,-76.125,0.25,1.576019567619574,1.576019567619574,vegetation,1
-51.125,-73.125,0.25,0.48864320277372353,0.48864320277372353,ground,1
-51.125,-57.125,0.25,0.511354945936148,0.511354945936148,ground,1
-51.125,-24.875,0.25,0.6598120053916781,0.6598120053916781,ground,1
-51.125,-3.875,0.25,0.7802874395918016,0.7802874395918016,ground,1
-51.125,3.125,0.25,0.7572221319263329,0.7572221319263329,ground,1
-51.125,14.375,0.25,0.818910365869289,0.818910365869289,ground,1
-51.125,21.625,0.25,0.833020789351172,0.833020789351172,ground,1
-51.125,32.125,0.25,0.9016288617628785,0.9016288617628785,ground,1
-51.125,42.625,0.25,0.9305821789631904,0.9305821789631904,ground,1
-51.125,59.875,0.25,1.0314329583389332,1.0314329583389332,ground,1
-51.125,71.125,0.25,1.0264119424789635,1.0264119424789635,ground,1
-51.125,73.375,0.25,3.6791660264457846,3.6791660264457846,vegetation,1
-50.875,-73.125,0.25,0.48722144283896957,0.48722144283896957,ground,1
-50.875,-56.875,0.25,2.8352657754741863,2.8352657754741863,vegetation,1
-50.875,-36.125,0.25,0.6426783887261194,0.6426783887261194,ground,1
-50.875,-25.875,0.25,1.9938793646001205,1.9938793646001205,vegetation,1
-50.875,-23.375,0.25,0.7126927962642696,0.7126927962642696,ground,1
-50.875,-22.125,0.25,0.6973558762918799,0.6973558762918799,ground,1
-50.875,-11.625,0.25,0.7494176474943366,0.7494176474943366,ground,1
-50.875,-7.375,0.25,0.7362008541207589,0.7362008541207589,ground,1
-50.875,-4.375,0.25,0.8193256739415857,0.8193256739415857,ground,1
-50.875,3.375,0.25,0.7887148501043427,0.7887148501043427,ground,1
-50.875,14.375,0.25,0.7929287809598357,0.7929287809598357,ground,1
-50.875,14.625,0.25,0.8670332478408074,0.8670332478408074,ground,1
-50.875,16.625,0.25,0.8407343420904896,0.8407343420904896,ground,1
-50.875,25.625,0.25,1.7087586277837092,1.7087586277837092,vegetation,1
-50.875,29.625,0.25,0.8954938393374866,0.8954938393374866,ground,1
-50.875,33.375,0.25,0.8698679892876134,0.8698679892876134,ground,1
-50.875,42.875,0.25,0.912448682162102,0.912448682162102,ground,1
-50.875,52.625,0.25,3.095405785983222,3.095405785983222,vegetation,1
-50.875,58.625,0.25,0.9896364735190772,0.9896364735190772,ground,1
-50.875,59.375,0.25,0.9841796090968595,0.9841796090968595,ground,1
-50.875,61.875,0.25,0.9954458359258596,0.9954458359258596,ground,1
-50.875,73.625,0.25,3.5097359732130764,3.5097359732130764,vegetation,1
-50.625,-82.875,0.25,0.43801206002348075,0.43801206002348075,ground,1
-50.625,-71.875,0.25,0.41503078780862396,0.41503078780862396,ground,1
-50.625,-38.375,0.25,0.6110075165551963,0.6110075165551963,ground,1
-50.625,-19.875,0.25,0.6968038228876439,0.6968038228876439,ground,1
-50.625,-1.625,0.25,0.7581254240861278,0.7581254240861278,ground,1
-50.625,-1.375,0.25,0.7581891158460086,0.7581891158460086,ground,1
-50.625,-1.125,0.25,0.7630945507120541,0.7630945507120541,ground,1
-50.625,4.875,0.25,0.7293708794145406,0.7293708794145406,ground,1
-50.625,12.875,0.25,0.7761876533647105,0.7761876533647105,ground,1
-50.625,16.875,0.25,0.8358349549168714,0.8358349549168714,ground,1
-50.625,33.375,0.25,0.9074195827641567,0.9074195827641567,ground,1
-50.625,49.875,0.25,1.9478924305543053,1.9478924305543053,vegetation,1
-50.625,64.375,0.25,1.0160665067842893,1.0160665067842893,ground,1
-50.625,66.125,0.25,1.0257206825436178,1.0257206825436178,ground,1
-50.625,74.625,0.25,1.0473818635963208,1.0473818635963208,ground,1
-50.625,76.625,0.25,3.5661018503683044,3.5661018503683044,vegetation,1
-50.375,-86.375,0.25,0.4397357102603563,0.4397357102603563,ground,1
-50.375,-59.875,0.25,1.791832441283483,1.791832441283483,vegetation,1
-50.375,-35.875,0.25,0.6181320951576903,0.6181320951576903,ground,1
-50.375,-27.375,0.25,0.6275827424390695,0.6275827424390695,ground,1
-50.375,-19.125,0.25,0.6737336802853271,0.6737336802853271,ground,1
-50.375,-13.375,0.25,0.7170945291045174,0.7170945291045174,ground,1
-50.375,-1.875,0.25,0.7744412279548405,0.7744412279548405,ground,1
-50.375,2.875,0.25,0.82743244283863,0.82743244283863,ground,1
-50.375,10.125,0.25,0.8368571011724488,0.8368571011724488,ground,1
-50.375,11.125,0.25,0.7782392278752109,0.7782392278752109,ground,1
-50.375,16.375,0.25,0.8311662291910613,0.8311662291910613,ground,1
-50.375,20.375,0.25,0.8186983796238151,0.8186983796238151,ground,1
-50.375,21.125,0.25,0.8098830786500564,0.8098830786500564,ground,1
-50.375,26.875,0.25,2.5232588840262307,2.5232588840262307,vegetation,1
-50.375,27.375,0.25,0.8494283875757443,0.8494283875757443,ground,1
-50.375,39.125,0.25,3.491653527311472,3.491653527311472,vegetation,1
-50.375,45.125,0.25,0.8942640895516056,0.8942640895516056,ground,1
-50.375,58.125,0.25,0.9689446495687195,0.9689446495687195,ground,1
-50.375,61.125,0.25,1.0265156994991949,1.0265156994991949,ground,1
-50.375,68.625,0.25,1.030469547580533,1.030469547580533,ground,1
-50.125,-73.625,0.25,0.44955562391954546,0.44955562391954546,ground,1
-50.125,-25.875,0.25,0.6697420068951627,0.6697420068951627,ground,1
-50.125,-19.625,0.25,0.6958701938822488,0.6958701938822488,ground,1
-50.125,26.875,0.25,0.8777501508376385,0.8777501508376385,ground,1
-50.125,31.875,0.25,0.8994690731464167,0.8994690731464167,ground,1
-50.125,34.375,0.25,0.9053365695517446,0.9053365695517446,ground,1
-50.125,35.875,0.25,0.9205049941555852,0.9205049941555852,ground,1
-50.125,40.875,0.25,0.9013887468031719,0.9013887468031719,ground,1
-50.125,72.375,0.25,1.0353196892422842,1.0353196892422842,ground,1
-49.875,-44.625,0.25,0.5911340856938042,0.5911340856938042,ground,1
-49.875,-38.375,0.25,2.184212545145596,2.184212545145596,vegetation,1
-49.875,4.875,0.25,0.7717308184817352,0.7717308184817352,ground,1
-49.875,5.375,0.25,0.746392507446734,0.746392507446734,ground,1
-49.875,30.875,0.25,2.3712420469947713,2.3712420469947713,vegetation,1
-49.875,44.875,0.25,2.59546672186352,2.59546672186352,vegetation,1
-49.875,65.375,0.25,0.9708003582502421,0.9708003582502421,ground,1
-49.875,77.875,0.25,2.834863439985183,2.834863439985183,vegetation,1
-49.875,84.875,0.25,1.0675860802135162,1.0675860802135162,ground,1
-49.625,-52.875,0.25,2.8323832443538137,2.8323832443538137,vegetation,1
-49.625,-51.375,0.25,0.5410070193015586,0.5410070193015586,ground,1
-49.625,-27.875,0.25,0.5897224664151091,0.5897224664151091,ground,1
-49.625,-23.875,0.25,0.6388922590745659,0.6388922590745659,ground,1
-49.625,-17.375,0.25,0.708428603241018,0.708428603241018,ground,1
-49.625,-6.625,0.25,0.6694827425353965,0.6694827425353965,ground,1
-49.625,6.875,0.25,0.7458824969855193,0.7458824969855193,ground,1
-49.625,8.875,0.25,0.7327850800653685,0.7327850800653685,ground,1
-49.625,25.625,0.25,0.8750925353015947,0.8750925353015947,ground,1
-49.625,68.375,0.25,2.563092780536711,2.563092780536711,vegetation,1
-49.625,69.375,0.25,3.8771699326823317,3.8771699326823317,vegetation,1
-49.625,77.625,0.25,1.0445436281212124,1.0445436281212124,ground,1
-49.625,80.125,0.25,1.0961784090724953,1.0961784090724953,ground,1
-49.375,-50.875,0.25,2.5600306252198717,2.5600306252198717,vegetation,1
-49.375,-43.375,0.25,0.5401955560518997,0.5401955560518997,ground,1
-49.375,-38.125,0.25,0.6184868112432428,0.6184868112432428,ground,1
-49.375,-35.625,0.25,0.5919591636019947,0.5919591636019947,ground,1
-49.375,-31.375,0.25,0.6142906047340848,0.6142906047340848,ground,1
-49.375,-16.125,0.25,0.6678386930304588,0.6678386930304588,ground,1
-49.375,-13.125,0.25,0.6826942048589152,0.6826942048589152,ground,1
-49.375,-10.375,0.25,0.7136934618443221,0.7136934618443221,ground,1
-49.375,5.125,0.25,0.772211573415603,0.772211573415603,ground,1
-49.375,10.625,0.25,0.765930966840254,0.765930966840254,ground,1
-49.375,31.125,0.25,0.8477774905025094,0.8477774905025094,ground,1
-49.375,50.125,0.25,3.1036017433396994,3.1036017433396994,vegetation,1
-49.375,52.125,0.25,0.9137062268098991,0.9137062268098991,ground,1
-49.375,62.375,0.25,0.9428875847002706,0.9428875847002706,ground,1
-49.375,66.125,0.25,3.2666669241878723,3.2666669241878723,vegetation,1
-49.375,66.625,0.25,1.0301365926252104,1.0301365926252104,ground,1
-49.125,-72.625,0.25,0.4274062178295949,0.4274062178295949,ground,1
-49.125,-60.375,0.25,0.5243060419154223,0.5243060419154223,ground,1
-49.125,-55.625,0.25,2.755177446190644,2.755177446190644,vegetation,1
-49.125,-44.125,0.25,0.5919755502939417,0.5919755502939417,ground,1
-49.125,-27.875,0.25,0.6068499370168181,0.6068499370168181,ground,1
-49.125,-25.125,0.25,2.7660982634720783,2.7660982634720783,vegetation,1
-49.125,-10.375,0.25,0.6904588649897534,0.6904588649897534,ground,1
-49.125,13.625,0.25,0.75059407353229,0.75059407353229,ground,1
-49.125,17.875,0.25,0.8239308322974216,0.8239308322974216,ground,1
-49.125,19.125,0.25,0.8161944223739792,0.8161944223739792,ground,1
-49.125,28.625,0.25,0.8413732025989903,0.8413732025989903,ground,1
-49.125,46.625,0.25,0.8651378094676998,0.8651378094676998,ground,1
-49.125,51.875,0.25,0.9656691644684593,0.9656691644684593,ground,1
-49.125,55.125,0.25,2.51134175411229,2.51134175411229,vegetation,1
-49.125,57.375,0.25,0.9472691015511867,0.9472691015511867,ground,1
-49.125,58.875,0.25,0.9576561683117324,0.9576561683117324,ground,1
-49.125,68.625,0.25,1.0128793480899976,1.0128793480899976,ground,1
-49.125,81.625,0.25,1.0517815039407659,1.0517815039407659,ground,1
-48.875,-57.625,0.25,1.8347106952118586,1.8347106952118586,vegetation,1
-48.875,-55.375,0.25,0.46772625824384534,0.46772625824384534,ground,1
-48.875,-52.125,0.25,0.5315077738245253,0.5315077738245253,ground,1
-48.875,-10.375,0.25,0.6777139097746973,0.6777139097746973,ground,1
-48.875,12.375,0.25,0.8100804715361991,0.8100804715361991,ground,1
-48.875,27.375,0.25,0.8462695151655337,0.8462695151655337,ground,1
-48.875,29.375,0.25,0.914261385909146,0.914261385909146,ground,1
-48.875,33.375,0.25,0.8726847403834821,0.8726847403834821,ground,1
-48.875,39.375,0.25,0.8609645898035948,0.8609645898035948,ground,1
-48.875,45.625,0.25,0.8780663920842127,0.8780663920842127,ground,1
-48.875,48.625,0.25,0.9692747833312316,0.9692747833312316,ground,1
-48.875,60.625,0.25,3.8864009491364593,3.8864009491364593,vegetation,1
-48.875,60.875,0.25,0.9814571756122282,0.9814571756122282,ground,1
-48.625,-87.125,0.25,0.4142400370276751,0.4142400370276751,ground,1
-48.625,-68.125,0.25,2.5087199227877433,2.5087199227877433,vegetation,1
-48.625,-67.875,0.25,0.44625232514053653,0.44625232514053653,ground,1
-48.625,-61.125,0.25,1.5161549522880684,1.5161549522880684,vegetation,1
-48.625,-59.875,0.25,0.49064052394352253,0.49064052394352253,ground,1
-48.625,-53.625,0.25,0.5277826628561977,0.5277826628561977,ground,1
-48.625,-52.625,0.25,0.5273189093629604,0.5273189093629604,ground,1
-48.625,-48.375,0.25,0.5137704134590666,0.5137704134590666,ground,1
-48.625,-24.625,0.25,0.6193649791779128,0.6193649791779128,ground,1
-48.625,-6.625,0.25,0.700410822412064,0.700410822412064,ground,1
-48.625,-1.125,0.25,0.7728458008567478,0.7728458008567478,ground,1
-48.625,1.625,0.25,0.6784432950489536,0.6784432950489536,ground,1
-48.625,4.375,0.25,0.7099923838371748,0.7099923838371748,ground,1
-48.625,10.625,0.25,0.7366832529988685,0.7366832529988685,ground,1
-48.625,33.625,0.25,3.3091157350389935,3.3091157350389935,vegetation,1
-48.625,66.625,0.25,0.989184561878772,0.989184561878772,ground,1
-48.625,69.375,0.25,1.0440660167934528,1.0440660167934528,ground,1
-48.625,79.375,0.25,1.0207515615449803,1.0207515615449803,ground,1
-48.375,-52.875,0.25,1.3248847701073483,1.3248847701073483,vegetation,1
-48.375,-37.875,0.25,0.5580831220294953,0.5580831220294953,ground,1
-48.375,-11.875,0.25,0.6719524160086835,0.6719524160086835,ground,1
-48.375,-4.625,0.25,0.6948502503323767,0.6948502503323767,ground,1
-48.375,9.125,0.25,0.7723447007757521,0.7723447007757521,ground,1
-48.375,12.625,0.25,0.7873984901332319,0.7873984901332319,ground,1
-48.375,19.625,0.25,0.8001506515929012,0.8001506515929012,ground,1
-48.375,33.375,0.25,0.8577920255988797,0.8577920255988797,ground,1
-48.375,36.125,0.25,0.886440174591515,0.886440174591515,ground,1
-48.375,45.875,0.25,0.8723343113232837,0.8723343113232837,ground,1
-48.375,53.625,0.25,0.9559512702208399,0.9559512702208399,ground,1
-48.375,59.125,0.25,3.266992395571484,3.266992395571484,vegetation,1
-48.375,76.625,0.25,1.0423006837058166,1.0423006837058166,ground,1
-48.375,78.125,0.25,1.0611069447587123,1.0611069447587123,ground,1
-48.375,85.375,0.25,1.08587947523891,1.08587947523891,ground,1
-48.125,-63.125,0.25,0.5020504858760317,0.5020504858760317,ground,1
-48.125,-50.625,0.25,0.5129365332668433,0.5129365332668433,ground,1
-48.125,-36.125,0.25,0.5402938887089103,0.5402938887089103,ground,1
-48.125,-22.625,0.25,0.6686163169577941,0.6686163169577941,ground,1
-48.125,5.625,0.25,0.7402008007074621,0.7402008007074621,ground,1
-48.125,7.125,0.25,0.7219765874890377,0.7219765874890377,ground,1
-48.125,14.375,0.25,0.7747257425396552,0.7747257425396552,ground,1
-48.125,17.125,0.25,0.8154344629138769,0.8154344629138769,ground,1
-48.125,19.875,0.25,0.7995040879750311,0.7995040879750311,ground,1
-48.125,37.875,0.25,0.8701028318016788,0.8701028318016788,ground,1
-48.125,38.875,0.25,0.8684435019185841,0.8684435019185841,ground,1
-48.125,44.125,0.25,3.084616340915752,3.084616340915752,vegetation,1
-48.125,47.625,0.25,0.8999987052624736,0.8999987052624736,ground,1
-48.125,47.875,0.25,2.998995018909911,2.998995018909911,vegetation,1
-47.875,-73.875,0.25,0.39978264024260707,0.39978264024260707,ground,1
-47.875,-60.875,0.25,2.9369815895320435,2.9369815895320435,vegetation,1
-47.875,-55.875,0.25,2.2225618465369843,2.2225618465369843,vegetation,1
-47.875,-48.875,0.25,0.5360648721812061,0.5360648721812061,ground,1
-47.875,-35.375,0.25,2.7216371648967526,2.7216371648967526,vegetation,1
-47.875,-22.875,0.25,0.5879310077073029,0.5879310077073029,ground,1
-47.875,-12.875,0.25,0.7261828262594641,0.7261828262594641,ground,1
-47.875,-7.875,0.25,0.6792560488986202,0.6792560488986202,ground,1
-47.875,-0.625,0.25,0.7123417528271115,0.7123417528271115,ground,1
-47.875,37.375,0.25,3.2794547454020178,3.2794547454020178,vegetation,1
-47.875,48.125,0.25,0.8801277937052965,0.8801277937052965,ground,1
-47.875,77.625,0.25,1.047891778153848,1.047891778153848,ground,1
-47.625,-67.125,0.25,0.44191814544937225,0.44191814544937225,ground,1
-47.625,-61.375,0.25,0.4982228334223872,0.4982228334223872,ground,1
-47.625,-55.375,0.25,0.4867633109687046,0.4867633109687046,ground,1
-47.625,-46.875,0.25,0.5410521309441652,0.5410521309441652,ground,1
-47.625,-30.875,0.25,3.2774959279510294,3.2774959279510294,vegetation,1
-47.625,-22.125,0.25,0.5666336978707331,0.5666336978707331,ground,1
-47.625,-15.875,0.25,0.628376555209341,0.628376555209341,ground,1
-47.625,-15.375,0.25,0.6167059756748924,0.6167059756748924,ground,1
-47.625,1.125,0.25,0.7471429822400276,0.7471429822400276,ground,1
-47.625,16.375,0.25,0.7681502224054301,0.7681502224054301,ground,1
-47.625,17.875,0.25,0.7387746767532554,0.7387746767532554,ground,1
-47.625,28.375,0.25,0.7930213931212543,0.7930213931212543,ground,1
-47.625,42.875,0.25,3.6134690930226396,3.6134690930226396,vegetation,1
-47.625,74.625,0.25,0.9716223124749874,0.9716223124749874,ground,1
-47.625,83.875,0.25,1.0374850665339024,1.0374850665339024,ground,1
-47.375,-86.875,0.25,0.3490293215920309,0.3490293215920309,ground,1
-47.375,-75.375,0.25,0.3740472836840542,0.3740472836840542,ground,1
-47.375,-59.625,0.25,0.46790219878016914,0.46790219878016914,ground,1
-47.375,-38.375,0.25,1.378293166887451,1.378293166887451,vegetation,1
-47.375,-2.375,0.25,0.6711119494323268,0.6711119494323268,ground,1
-47.375,41.375,0.25,0.8618512454161918,0.8618512454161918,ground,1
-47.375,50.125,0.25,0.896110662325193,0.896110662325193,ground,1
-47.375,52.125,0.25,0.9278232550061566,0.9278232550061566,ground,1
-47.375,55.125,0.25,0.9258355694104338,0.9258355694104338,ground,1
-47.375,56.375,0.25,0.9216372340963913,0.9216372340963913,ground,1
-47.125,-79.375,0.25,1.26053621570075,1.26053621570075,vegetation,1
-47.125,-68.625,0.25,1.7888635963558563,1.7888635963558563,vegetation,1
-47.125,-65.875,0.25,0.47303733887037475,0.47303733887037475,ground,1
-47.125,-65.625,0.25,0.4737716945330219,0.4737716945330219,ground,1
-47.125,-62.875,0.25,0.5073747027217981,0.5073747027217981,ground,1
-47.125,-32.625,0.25,0.5377807097830348,0.5377807097830348,ground,1
-47.125,-32.125,0.25,0.621983078032542,0.621983078032542,ground,1
-47.125,-25.375,0.25,0.6068134622827611,0.6068134622827611,ground,1
-47.125,-17.875,0.25,0.6410937414796689,0.6410937414796689,ground,1
-47.125,-14.375,0.25,0.6042701184408643,0.6042701184408643,ground,1
-47.125,-3.125,0.25,0.6837511318885364,0.6837511318885364,ground,1
-47.125,4.125,0.25,0.6851982436912308,0.6851982436912308,ground,1
-47.125,4.375,0.25,0.750316608791816,0.750316608791816,ground,1
-47.125,45.875,0.25,0.874419210979875,0.874419210979875,ground,1
-47.125,51.625,0.25,0.9274732222768466,0.9274732222768466,ground,1
-47.125,73.875,0.25,0.9847847881384658,0.9847847881384658,ground,1
-46.875,-88.125,0.25,1.8961251823039782,1.8961251823039782,vegetation,1
-46.875,-86.375,0.25,0.39080553897496123,0.39080553897496123,ground,1
-46.875,-85.625,0.25,0.36190663096731,0.36190663096731,ground,1
-46.875,-69.625,0.25,0.4379099639181367,0.4379099639181367,ground,1
-46.875,-53.125,0.25,0.4741435047640512,0.4741435047640512,ground,1
-46.875,-33.625,0.25,0.6206317810024622,0.6206317810024622,ground,1
-46.875,-30.125,0.25,0.6074101575261234,0.6074101575261234,ground,1
-46.875,-25.375,0.25,0.6183855416639596,0.6183855416639596,ground,1
-46.875,-12.875,0.25,0.6832367820092559,0.6832367820092559,ground,1
-46.875,-10.625,0.25,0.6519736871762387,0.6519736871762387,ground,1
-46.875,9.875,0.25,0.7622128467108386,0.7622128467108386,ground,1
-46.875,43.625,0.25,0.8652084907778748,0.8652084907778748,ground,1
-46.875,64.125,0.25,0.9594631593063605,0.9594631593063605,ground,1
-46.875,83.875,0.25,2.393261867723616,2.393261867723616,vegetation,1
-46.625,-86.875,0.25,0.3828035878938677,0.3828035878938677,ground,1
-46.625,-83.125,0.25,1.3640782911598475,1.3640782911598475,vegetation,1
-46.625,-68.375,0.25,2.457301889569516,2.457301889569516,vegetation,1
-46.625,-59.875,0.25,0.49383095402419874,0.49383095402419874,ground,1
-46.625,-58.375,0.25,1.6640976755463512,1.6640976755463512,vegetation,1
-46.625,-52.625,0.25,2.0457767438825973,2.0457767438825973,vegetation,1
-46.625,-44.375,0.25,0.5489417898170382,0.5489417898170382,ground,1
-46.625,-22.875,0.25,0.5853433614449582,0.5853433614449582,ground,1
-46.625,-9.125,0.25,0.6802806606834374,0.6802806606834374,ground,1
-46.625,-5.125,0.25,0.6585567926584016,0.6585567926584016,ground,1
-46.625,2.125,0.25,0.7507674647710841,0.7507674647710841,ground,1
-46.625,10.375,0.25,0.7604004987499648,0.7604004987499648,ground,1
-46.625,11.625,0.25,0.7394812032599982,0.7394812032599982,ground,1
-46.625,14.625,0.25,0.7524574712780873,0.7524574712780873,ground,1
-46.625,16.125,0.25,0.7448693635079606,0.7448693635079606,ground,1
-46.625,19.125,0.25,0.8004449244364473,0.8004449244364473,ground,1
-46.625,20.375,0.25,0.777728962960225,0.777728962960225,ground,1
-46.625,23.625,0.25,0.8116441652223652,0.8116441652223652,ground,1
-46.625,29.625,0.25,1.7108498728303854,1.7108498728303854,vegetation,1
-46.625,36.375,0.25,3.5606725344605845,3.5606725344605845,vegetation,1
-46.625,41.375,0.25,0.8479594780433223,0.8479594780433223,ground,1
-46.625,41.875,0.25,0.8582688287980249,0.8582688287980249,ground,1
-46.625,54.375,0.25,0.9626847690339942,0.9626847690339942,ground,1
-46.625,77.375,0.25,0.9869014640542709,0.9869014640542709,ground,1
-46.375,-77.875,0.25,0.40624029303304554,0.40624029303304554,ground,1
-46.375,-76.375,0.25,0.35634392642853935,0.35634392642853935,ground,1
-46.375,-75.625,0.25,2.5855751501767728,2.5855751501767728,vegetation,1
-46.375,-57.875,0.25,2.612388768910078,2.612388768910078,vegetation,1
-46.375,-26.125,0.25,1.965732636037373,1.965732636037373,vegetation,1
-46.375,-21.875,0.25,0.6236653736195509,0.6236653736195509,ground,1
-46.375,-6.875,0.25,0.6523269849745899,0.6523269849745899,ground,1
-46.375,7.125,0.25,0.7418737178313998,0.7418737178313998,ground,1
-46.375,29.375,0.25,0.7659613503632476,0.7659613503632476,ground,1
-46.375,33.375,0.25,3.3132659900260393,3.3132659900260393,vegetation,1
-46.375,39.125,0.25,0.8581773356240985,0.8581773356240985,ground,1
-46.375,41.125,0.25,0.8948019663466753,0.8948019663466753,ground,1
-46.375,42.375,0.25,0.8587487026016943,0.8587487026016943,ground,1
-46.375,44.875,0.25,2.6716410336092267,2.6716410336092267,vegetation,1
-46.375,56.125,0.25,2.087163818053628,2.087163818053628,vegetation,1
-46.375,63.375,0.25,0.973279842212653,0.973279842212653,ground,1
-46.125,-85.375,0.25,2.4803680595603614,2.4803680595603614,vegetation,1
-46.125,-51.375,0.25,0.49023609863320683,0.49023609863320683,ground,1
-46.125,-34.625,0.25,3.017224577034013,1.803313307172447,ground,2
-46.125,-8.875,0.25,0.6807628953013479,0.6807628953013479,ground,1
-46.125,-6.625,0.25,0.6811753842353993,0.6811753842353993,ground,1
-46.125,-3.875,0.25,0.6778019995387314,0.6778019995387314,ground,1
-46.125,3.625,0.25,0.6977054481927538,0.6977054481927538,ground,1
-46.125,9.625,0.25,0.7188289241426319,0.7188289241426319,ground,1
-46.125,9.875,0.25,0.7353502385619196,0.7353502385619196,ground,1
-46.125,15.875,0.25,0.8016746395845558,0.8016746395845558,ground,1
-46.125,18.875,0.25,0.7665020600624599,0.7665020600624599,ground,1
-46.125,25.375,0.25,0.795992370048986,0.795992370048986,ground,1
-46.125,31.125,0.25,0.798765512207145,0.798765512207145,ground,1
-46.125,45.375,0.25,0.8121829352271642,0.8121829352271642,ground,1
-46.125,48.625,0.25,0.861011680100644,0.861011680100644,ground,1
-46.125,55.625,0.25,0.9227642691161919,0.9227642691161919,ground,1
-46.125,56.375,0.25,0.8965148419403346,0.8965148419403346,ground,1
-46.125,67.875,0.25,1.0199920496039843,1.0199920496039843,ground,1
-46.125,72.875,0.25,0.9605801028979037,0.9605801028979037,ground,1
-46.125,82.375,0.25,1.039814762320698,1.039814762320698,ground,1
-46.125,83.875,0.25,1.827409835873113,1.827409835873113,vegetation,1
-46.125,86.125,0.25,1.0213749728838308,1.0213749728838308,ground,1
-45.875,-83.375,0.25,0.3471535187284815,0.3471535187284815,ground,1
-45.875,-65.875,0.25,0.4049896525945567,0.4049896525945567,ground,1
-45.875,-45.625,0.25,3.301511125417128,3.301511125417128,vegetation,1
-45.875,-43.375,0.25,0.49684290405293446,0.49684290405293446,ground,1
-45.875,-42.125,0.25,0.512674285128503,0.512674285128503,ground,1
-45.875,-37.125,0.25,0.5641528941013425,0.5641528941013425,ground,1
-45.875,-11.375,0.25,0.6407875175451552,0.6407875175451552,ground,1
-45.875,-3.625,0.25,0.687294936666445,0.687294936666445,ground,1
-45.875,7.625,0.25,0.7297399508701112,0.7297399508701112,ground,1
-45.875,7.875,0.25,0.7416322314387697,0.7416322314387697,ground,1
-45.875,16.375,0.25,0.7509229762753236,0.7509229762753236,ground,1
-45.875,27.625,0.25,0.7755654766714422,0.7755654766714422,ground,1
-45.875,34.875,0.25,0.8109408422816696,0.8109408422816696,ground,1
-45.875,47.875,0.25,0.8784801525110684,0.8784801525110684,ground,1
-45.875,54.625,0.25,0.9617161551390423,0.9617161551390423,ground,1
-45.875,77.375,0.25,0.9985962323764254,0.9985962323764254,ground,1
-45.875,83.375,0.25,1.0514515841779042,1.0514515841779042,ground,1
-45.625,-58.375,0.25,0.409833587317562,0.409833587317562,ground,1
-45.625,-34.875,0.25,1.5973867947954699,1.5973867947954699,vegetation,1
-45.625,-20.375,0.25,0.6254981957210525,0.6254981957210525,ground,1
-45.625,-7.875,0.25,0.6584972384470008,0.6584972384470008,ground,1
-45.625,13.125,0.25,0.724853184757207,0.724853184757207,ground,1
-45.625,26.125,0.25,0.7674712116135854,0.7674712116135854,ground,1
-45.625,31.875,0.25,1.876958833704354,1.876958833704354,vegetation,1
-45.625,43.375,0.25,0.8343332871755067,0.8343332871755067,ground,1
-45.625,55.125,0.25,1.759257560530146,1.759257560530146,vegetation,1
-45.375,-61.375,0.25,0.4668041618845639,0.4668041618845639,ground,1
-45.375,-58.625,0.25,0.43136940781366473,0.43136940781366473,ground,1
-45.375,-48.375,0.25,2.85148378067334,2.85148378067334,vegetation,1
-45.375,-41.375,0.25,0.5154520373399115,0.5154520373399115,ground,1
-45.375,-34.875,0.25,0.5525526886560801,0.5525526886560801,ground,1
-45.375,-26.125,0.25,3.0901501916967162,3.0901501916967162,vegetation,1
-45.375,-24.875,0.25,0.6052072874363812,0.6052072874363812,ground,1
-45.375,-20.125,0.25,0.6206529310448641,0.6206529310448641,ground,1
-45.375,-15.125,0.25,0.6039600444720999,0.6039600444720999,ground,1
-45.375,-3.625,0.25,0.6954139008933108,0.6954139008933108,ground,1
-45.375,-2.125,0.25,0.6729164768866984,0.6729164768866984,ground,1
-45.375,10.875,0.25,0.7483834703886153,0.7483834703886153,ground,1
-45.375,16.125,0.25,0.7541117574056898,0.7541117574056898,ground,1
-45.375,34.125,0.25,2.0115667257555403,2.0115667257555403,vegetation,1
-45.375,38.625,0.25,2.8824699368138167,2.8824699368138167,vegetation,1
-45.375,42.625,0.25,0.8814040018175963,0.8814040018175963,ground,1
-45.375,49.625,0.25,0.8291279317313407,0.8291279317313407,ground,1
-45.375,63.125,0.25,0.9298776754681728,0.9298776754681728,ground,1
-45.375,70.375,0.25,0.9343703644135707,0.9343703644135707,ground,1
-45.375,73.625,0.25,1.0117128114611496,1.0117128114611496,ground,1
-45.125,-88.875,0.25,0.3289269261621863,0.3289269261621863,ground,1
-45.125,-88.375,0.25,0.2880792391499579,0.2880792391499579,ground,1
-45.125,-86.375,0.25,0.32948338290155893,0.32948338290155893,ground,1
-45.125,-73.125,0.25,3.3873989692774664,3.3873989692774664,vegetation,1
-45.125,-58.875,0.25,0.45563190464071357,0.45563190464071357,ground,1
-45.125,-37.375,0.25,0.5510638525188746,0.5510638525188746,ground,1
-45.125,-37.125,0.25,0.5194141964184047,0.5194141964184047,ground,1
-45.125,-31.625,0.25,0.5574615155777031,0.5574615155777031,ground,1
-45.125,-24.125,0.25,0.6195893509850037,0.6195893509850037,ground,1
-45.125,-22.125,0.25,0.584714847437568,0.584714847437568,ground,1
-45.125,-12.875,0.25,0.6126903583245079,0.6126903583245079,ground,1
-45.125,2.875,0.25,0.6321150444095025,0.6321150444095025,ground,1
-45.125,8.375,0.25,0.693073295157862,0.693073295157862,ground,1
-45.125,10.875,0.25,0.72845649825884,0.72845649825884,ground,1
-45.125,29.375,0.25,0.7901114486404252,0.7901114486404252,ground,1
-45.125,38.875,0.25,0.8368151678172023,0.8368151678172023,ground,1
-45.125,39.625,0.25,0.8354320535661685,0.8354320535661685,ground,1
-45.125,63.875,0.25,0.9611328385261638,0.9611328385261638,ground,1
-45.125,74.125,0.25,0.919367725319421,0.919367725319421,ground,1
-45.125,85.875,0.25,1.0120907502074257,1.0120907502074257,ground,1
-45.125,88.375,0.25,2.3209558465157683,2.3209558465157683,vegetation,1
-44.875,-78.125,0.25,2.0569614299265653,2.0569614299265653,vegetation,1
-44.875,-40.625,0.25,0.5506337459990676,0.5506337459990676,ground,1
-44.875,-30.875,0.25,0.5658224969911796,0.5658224969911796,ground,1
-44.875,-12.875,0.25,0.6357571720946532,0.6357571720946532,ground,1
-44.875,-6.125,0.25,0.6719285240545457,0.6719285240545457,ground,1
-44.875,-5.375,0.25,0.5924985464187845,0.5924985464187845,ground,1
-44.875,0.625,0.25,0.6802080057079531,0.6802080057079531,ground,1
-44.875,14.625,0.25,0.7972614513254006,0.7972614513254006,ground,1
-44.875,22.125,0.25,0.7720834744413084,0.7720834744413084,ground,1
-44.875,32.375,0.25,0.8412636219826978,0.8412636219826978,ground,1
-44.875,34.875,0.25,3.6794782720871364,3.6794782720871364,vegetation,1
-44.875,40.875,0.25,0.8227362080387938,0.8227362080387938,ground,1
-44.875,49.875,0.25,0.9221094693302179,0.9221094693302179,ground,1
-44.875,54.125,0.25,2.330406053720418,2.330406053720418,vegetation,1
-44.875,54.375,0.25,3.4670967173350413,3.4670967173350413,vegetation,1
-44.875,54.875,0.25,2.0949569430461676,2.0949569430461676,vegetation,1
-44.875,61.625,0.25,0.9195742336908563,0.9195742336908563,ground,1
-44.875,63.875,0.25,0.9844307040803083,0.9844307040803083,ground,1
-44.875,66.375,0.25,0.9645695589001255,0.9645695589001255,ground,1
-44.875,86.375,0.25,1.8767341678519605,1.8767341678519605,vegetation,1
-44.875,86.625,0.25,2.0303967547017567,2.0303967547017567,vegetation,1
-44.875,87.375,0.25,3.0494422880064684,3.0494422880064684,vegetation,1
-44.625,-72.125,0.25,3.3128339964663427,3.3128339964663427,vegetation,1
-44.625,-65.375,0.25,0.4428276741062738,0.4428276741062738,ground,1
-44.625,-51.625,0.25,0.4551869317131649,0.4551869317131649,ground,1
-44.625,-28.375,0.25,0.5805663621466607,0.5805663621466607,ground,1
-44.625,-27.625,0.25,0.5325127032982486,0.5325127032982486,ground,1
-44.625,-21.125,0.25,0.5904612342685531,0.5904612342685531,ground,1
-44.625,-17.625,0.25,0.5878532741361926,0.5878532741361926,ground,1
-44.625,4.875,0.25,0.6606620815701644,0.6606620815701644,ground,1
-44.625,6.875,0.25,0.7093086404346205,0.7093086404346205,ground,1
-44.625,7.625,0.25,0.6701072985324394,0.6701072985324394,ground,1
-44.625,10.875,0.25,0.7802775905817199,0.7802775905817199,ground,1
-44.625,26.125,0.25,2.871493443762999,2.871493443762999,vegetation,1
-44.625,28.875,0.25,0.7663917980913549,0.7663917980913549,ground,1
-44.625,36.375,0.25,3.0784114476026163,3.0784114476026163,vegetation,1
-44.625,42.625,0.25,0.8101870486154283,0.8101870486154283,ground,1
-44.625,48.375,0.25,0.8221825068814353,0.8221825068814353,ground,1
-44.625,50.375,0.25,0.8820658098071653,0.8820658098071653,ground,1
-44.625,52.375,0.25,2.110960807063947,2.110960807063947,vegetation,1
-44.625,62.875,0.25,0.886293397502009,0.886293397502009,ground,1
-44.375,-85.125,0.25,0.3167941877701449,0.3167941877701449,ground,1
-44.375,-77.125,0.25,0.3634035212110174,0.3634035212110174,ground,1
-44.375,-76.375,0.25,0.3913023088907632,0.3913023088907632,ground,1
-44.375,-55.125,0.25,0.4367141261393223,0.4367141261393223,ground,1
-44.375,-9.625,0.25,0.5886171320704727,0.5886171320704727,ground,1
-44.375,-4.875,0.25,0.661082008040812,0.661082008040812,ground,1
-44.375,-0.125,0.25,0.7164470332638074,0.7164470332638074,ground,1
-44.375,13.375,0.25,0.7276544298535705,0.7276544298535705,ground,1
-44.375,31.125,0.25,1.6314159936331318,1.6314159936331318,vegetation,1
-44.375,55.875,0.25,0.9057223893454898,0.9057223893454898,ground,1
-44.125,-82.375,0.25,0.35446373390632013,0.35446373390632013,ground,1
-44.125,-79.625,0.25,0.35215078154776985,0.35215078154776985,ground,1
-44.125,-74.875,0.25,0.3553533294152267,0.3553533294152267,ground,1
-44.125,-74.625,0.25,0.3948351999027345,0.3948351999027345,ground,1
-44.125,-50.875,0.25,2.562762111712484,2.562762111712484,vegetation,1
-44.125,-24.875,0.25,0.5495185029832176,0.5495185029832176,ground,1
-44.125,-16.875,0.25,0.6187794272350137,0.6187794272350137,ground,1
-44.125,0.125,0.25,0.6918392296295186,0.6918392296295186,ground,1
-44.125,34.375,0.25,0.7694366395814215,0.7694366395814215,ground,1
-44.125,36.625,0.25,0.8081717371521956,0.8081717371521956,ground,1
-44.125,47.125,0.25,0.8538693193800994,0.8538693193800994,ground,1
-44.125,47.625,0.25,0.8273698089353263,0.8273698089353263,ground,1
-44.125,49.125,0.25,0.8659766276697883,0.8659766276697883,ground,1
-44.125,53.875,0.25,0.8679795326393462,0.8679795326393462,ground,1
-44.125,62.125,0.25,0.9204000770235777,0.9204000770235777,ground,1
-44.125,82.875,0.25,2.47289211283498,2.47289211283498,vegetation,1
-44.125,86.375,0.25,2.249875591233966,2.249875591233966,vegetation,1
-44.125,87.375,0.25,1.0139436353588298,1.0139436353588298,ground,1
-43.875,-73.875,0.25,0.3783532696222571,0.3783532696222571,ground,1
-43.875,-56.375,0.25,0.43741993035285015,0.43741993035285015,ground,1
-43.875,-55.375,0.25,0.5461797773799456,0.5461797773799456,ground,1
-43.875,-53.625,0.25,0.45294721694728923,0.45294721694728923,ground,1
-43.875,-37.875,0.25,3.2723085782909216,3.2723085782909216,vegetation,1
-43.875,-36.625,0.25,0.4823497587650838,0.4823497587650838,ground,1
-43.875,-34.625,0.25,0.5272263875377563,0.5272263875377563,ground,1
-43.875,-34.125,0.25,3.2179432035498854,3.2179432035498854,vegetation,1
-43.875,-26.125,0.25,2.4630688420985436,2.4630688420985436,vegetation,1
-43.875,-2.375,0.25,0.6635966320388237,0.6635966320388237,ground,1
-43.875,33.625,0.25,0.7945798237908389,0.7945798237908389,ground,1
-43.875,40.875,0.25,0.8118203710904695,0.8118203710904695,ground,1
-43.875,43.125,0.25,0.804365427847552,0.804365427847552,ground,1
-43.875,56.375,0.25,0.8757879666165415,0.8757879666165415,ground,1
-43.875,66.875,0.25,3.342393663284038,3.342393663284038,vegetation,1
-43.875,69.375,0.25,0.9286072105358455,0.9286072105358455,ground,1
-43.625,-61.875,0.25,0.3546146761110512,0.3546146761110512,ground,1
-43.625,-47.875,0.25,0.42447868240825803,0.42447868240825803,ground,1
-43.625,-29.125,0.25,0.5456293312137391,0.5456293312137391,ground,1
-43.625,-25.375,0.25,2.451155617212141,2.451155617212141,vegetation,1
-43.625,-24.375,0.25,0.5721581286266401,0.5721581286266401,ground,1
-43.625,-17.875,0.25,0.5207768750887635,0.5207768750887635,ground,1
-43.625,-16.625,0.25,0.5985369168536737,0.5985369168536737,ground,1
-43.625,-14.625,0.25,0.5938829175118444,0.5938829175118444,ground,1
-43.625,-2.375,0.25,0.6749899994171085,0.6749899994171085,ground,1
-43.625,11.375,0.25,0.7234564513141545,0.7234564513141545,ground,1
-43.625,15.375,0.25,0.6587697694989,0.6587697694989,ground,1
-43.625,31.375,0.25,0.7733215326823933,0.7733215326823933,ground,1
-43.625,56.375,0.25,0.8989104356840008,0.8989104356840008,ground,1
-43.625,57.375,0.25,3.3053459643677234,2.104060890265538,ground,2
-43.625,59.625,0.25,0.9013458680988391,0.9013458680988391,ground,1
-43.625,60.625,0.25,0.9050098894575838,0.9050098894575838,ground,1
-43.625,70.125,0.25,0.9038436441023912,0.9038436441023912,ground,1
-43.625,76.375,0.25,0.9835788941785919,0.9835788941785919,ground,1
-43.375,-86.375,0.25,0.2931831663546698,0.2931831663546698,ground,1
-43.375,-43.625,0.25,1.86481279933524,1.86481279933524,vegetation,1
-43.375,-30.375,0.25,0.5672083980825826,0.5672083980825826,ground,1
-43.375,-19.875,0.25,0.5251418201308774,0.5251418201308774,ground,1
-43.375,12.875,0.25,0.7589908270940713,0.7589908270940713,ground,1
-43.375,15.625,0.25,0.7214681211147133,0.7214681211147133,ground,1
-43.375,24.625,0.25,0.7270119665542987,0.7270119665542987,ground,1
-43.375,34.625,0.25,0.787107208712456,0.787107208712456,ground,1
-43.375,40.625,0.25,3.5468615176962635,3.5468615176962635,vegetation,1
-43.375,66.125,0.25,0.8899751474249068,0.8899751474249068,ground,1
-43.375,78.875,0.25,0.9792969133737855,0.9792969133737855,ground,1
-43.375,81.125,0.25,3.5249383842733257,3.5249383842733257,vegetation,1
-43.375,86.125,0.25,1.0223680021579131,1.0223680021579131,ground,1
-43.125,-78.875,0.25,0.3325267590971254,0.3325267590971254,ground,1
-43.125,-71.375,0.25,0.3487918750645241,0.3487918750645241,ground,1
-43.125,-69.875,0.25,3.056466921338334,3.056466921338334,vegetation,1
-43.125,-68.875,0.25,3.354087362883771,3.354087362883771,vegetation,1
-43.125,-65.875,0.25,2.8841086633499478,2.8841086633499478,vegetation,1
-43.125,-54.875,0.25,0.4557889764874816,0.4557889764874816,ground,1
-43.125,-36.375,0.25,0.5023578257681901,0.5023578257681901,ground,1
-43.125,-31.625,0.25,0.5350276928821784,0.5350276928821784,ground,1
-43.125,-13.375,0.25,0.6203409712250971,0.6203409712250971,ground,1
-43.125,-8.875,0.25,0.5840827109614596,0.5840827109614596,ground,1
-43.125,13.375,0.25,0.732889559620739,0.732889559620739,ground,1
-43.125,15.125,0.25,0.6770118230887116,0.6770118230887116,ground,1
-43.125,18.625,0.25,0.6997543024938238,0.6997543024938238,ground,1
-43.125,20.875,0.25,0.716695947690923,0.716695947690923,ground,1
-43.125,24.875,0.25,0.7256641170809232,0.7256641170809232,ground,1
-43.125,46.875,0.25,0.8636473252996227,0.8636473252996227,ground,1
-43.125,47.125,0.25,0.8375786880262502,0.8375786880262502,ground,1
-43.125,47.375,0.25,0.8546347305233342,0.8546347305233342,ground,1
-43.125,48.375,0.25,0.8220875458005708,0.8220875458005708,ground,1
-43.125,68.125,0.25,0.9128020693962335,0.9128020693962335,ground,1
-43.125,73.125,0.25,2.659098310344721,2.659098310344721,vegetation,1
-42.875,-75.375,0.25,0.3684218893114926,0.349307224129207,ground,2
-42.875,-34.375,0.25,2.123064865485315,2.123064865485315,vegetation,1
-42.875,27.875,0.25,0.7637506026267089,0.7637506026267089,ground,1
-42.875,33.875,0.25,0.7938312251440698,0.7938312251440698,ground,1
-42.875,45.125,0.25,2.7433476524985263,2.7433476524985263,vegetation,1
-42.875,73.875,0.25,0.9378950017212123,0.9378950017212123,ground,1
-42.875,76.125,0.25,0.938834447912397,0.938834447912397,ground,1
-42.875,76.375,0.25,0.9577593040734804,0.9577593040734804,ground,1
-42.625,-86.875,0.25,3.129929152378823,3.129929152378823,vegetation,1
-42.625,-75.375,0.25,0.33584202345733566,0.33584202345733566,ground,1
-42.625,-63.875,0.25,0.39061366150938587,0.39061366150938587,ground,1
-42.625,-59.625,0.25,0.39371220850830035,0.39371220850830035,ground,1
-42.625,-39.375,0.25,0.5234888501139856,0.5234888501139856,ground,1
-42.625,-37.875,0.25,3.2644382574708644,3.2644382574708644,vegetation,1
-42.625,-34.875,0.25,0.5084124487683074,0.5084124487683074,ground,1
-42.625,-32.875,0.25,0.5206765609530654,0.5206765609530654,ground,1
-42.625,-27.625,0.25,0.5313221301168577,0.5313221301168577,ground,1
-42.625,-21.375,0.25,0.5960689076713884,0.5960689076713884,ground,1
-42.625,-10.875,0.25,0.6267268491766141,0.6267268491766141,ground,1
-42.625,-4.125,0.25,0.6106408284868523,0.6106408284868523,ground,1
-42.625,12.375,0.25,0.6860127863673591,0.6860127863673591,ground,1
-42.625,21.375,0.25,0.7179402527354302,0.7179402527354302,ground,1
-42.625,32.625,0.25,0.728959600645218,0.728959600645218,ground,1
-42.625,55.875,0.25,0.8792986155798914,0.8792986155798914,ground,1
-42.625,66.625,0.25,0.8679388417679353,0.8679388417679353,ground,1
-42.625,66.875,0.25,0.9239845749077472,0.9239845749077472,ground,1
-42.625,79.375,0.25,0.9761924946301598,0.9761924946301598,ground,1
-42.375,-82.625,0.25,2.810456442794151,2.810456442794151,vegetation,1
-42.375,-73.375,0.25,1.874869685305562,1.874869685305562,vegetation,1
-42.375,-66.375,0.25,0.3825280692298245,0.3825280692298245,ground,1
-42.375,-51.875,0.25,0.39765729943644523,0.39765729943644523,ground,1
-42.375,-50.875,0.25,0.4114269715384775,0.4114269715384775,ground,1
-42.375,-35.375,0.25,0.5046137603213936,0.5046137603213936,ground,1
-42.375,-32.375,0.25,0.5134768745007223,0.5134768745007223,ground,1
-42.375,-28.125,0.25,1.7883976509190531,1.7883976509190531,vegetation,1
-42.375,-0.875,0.25,0.6531928344974007,0.6531928344974007,ground,1
-42.375,3.375,0.25,0.6223256407460773,0.6223256407460773,ground,1
-42.375,12.125,0.25,0.6967933929444254,0.6967933929444254,ground,1
-42.375,14.625,0.25,0.7027941926705429,0.7027941926705429,ground,1
-42.375,19.875,0.25,0.7179753426129174,0.7179753426129174,ground,1
-42.375,21.375,0.25,0.6989968619865337,0.6989968619865337,ground,1
-42.375,24.375,0.25,0.7192263164470917,0.7192263164470917,ground,1
-42.375,24.875,0.25,0.7258987623766535,0.7258987623766535,ground,1
-42.375,25.125,0.25,2.6430819096880906,2.6430819096880906,vegetation,1
-42.375,35.125,0.25,0.8093092456183277,0.8093092456183277,ground,1
-42.375,49.375,0.25,1.7758668552443764,1.7758668552443764,vegetation,1
-42.375,51.875,0.25,0.8883372383649543,0.8883372383649543,ground,1
-42.375,81.375,0.25,0.9251443191718566,0.9251443191718566,ground,1
-42.125,-70.375,0.25,0.3763522468585198,0.3763522468585198,ground,1
-42.125,-59.625,0.25,0.3687730699687017,0.3687730699687017,ground,1
-42.125,-57.375,0.25,1.2727107127158008,1.2727107127158008,vegetation,1
-42.125,-43.875,0.25,0.4305051396212562,0.4305051396212562,ground,1
-42.125,-40.625,0.25,0.4502680055922481,0.4502680055922481,ground,1
-42.125,-26.875,0.25,0.553218925023726,0.553218925023726,ground,1
-42.125,-22.875,0.25,0.490610027326673,0.490610027326673,ground,1
-42.125,-15.625,0.25,0.5614555865997558,0.5614555865997558,ground,1
-42.125,-2.125,0.25,0.6256423178957975,0.6256423178957975,ground,1
-42.125,8.375,0.25,0.675804571054644,0.675804571054644,ground,1
-42.125,22.875,0.25,0.7046814702606004,0.7046814702606004,ground,1
-42.125,28.125,0.25,3.159666618008306,3.159666618008306,vegetation,1
-42.125,29.875,0.25,0.779744225004869,0.779744225004869,ground,1
-42.125,36.875,0.25,0.7777136801206711,0.7777136801206711,ground,1
-42.125,40.375,0.25,0.8283769502602017,0.8283769502602017,ground,1
-42.125,43.625,0.25,0.7742503552005708,0.7742503552005708,ground,1
-42.125,73.375,0.25,2.9168519214246067,2.9168519214246067,vegetation,1
-42.125,88.125,0.25,1.0182289135974951,1.0182289135974951,ground,1
-41.875,-87.875,0.25,0.2797478084590242,0.2797478084590242,ground,1
-41.875,-54.625,0.25,0.4491959539523737,0.4491959539523737,ground,1
-41.875,-50.125,0.25,2.6209617315718123,2.6209617315718123,vegetation,1
-41.875,23.875,0.25,0.7197988439441261,0.7197988439441261,ground,1
-41.625,-85.875,0.25,1.2531276815546373,1.2531276815546373,vegetation,1
-41.625,-73.625,0.25,0.3550094172259244,0.3550094172259244,ground,1
-41.625,-62.875,0.25,0.39122887295545017,0.39122887295545017,ground,1
-41.625,-57.875,0.25,0.36183342331276486,0.36183342331276486,ground,1
-41.625,-48.875,0.25,0.42901930051034165,0.42901930051034165,ground,1
-41.625,-47.125,0.25,1.9433274876013518,1.9433274876013518,vegetation,1
-41.625,-40.625,0.25,1.280497075403068,1.280497075403068,vegetation,1
-41.625,-36.625,0.25,3.0577161395213164,3.0577161395213164,vegetation,1
-41.625,-32.125,0.25,0.4908999231112192,0.4908999231112192,ground,1
-41.625,-24.375,0.25,0.4911941470634955,0.4911941470634955,ground,1
-41.625,-23.625,0.25,0.4872078364923217,0.4872078364923217,ground,1
-41.625,-4.625,0.25,0.6366390570343158,0.6366390570343158,ground,1
-41.625,-1.125,0.25,0.6224471517991267,0.6224471517991267,ground,1
-41.625,5.375,0.25,0.6658335801692695,0.6658335801692695,ground,1
-41.625,9.125,0.25,0.6567835939077268,0.6567835939077268,ground,1
-41.625,19.125,0.25,0.6713159885611903,0.6713159885611903,ground,1
-41.625,21.125,0.25,0.7477829594742895,0.7477829594742895,ground,1
-41.625,23.125,0.25,0.7103849436261123,0.7103849436261123,ground,1
-41.625,32.375,0.25,3.4433557118463662,3.4433557118463662,vegetation,1
-41.625,54.625,0.25,3.0487074024283025,3.0487074024283025,vegetation,1
-41.625,57.625,0.25,1.9739696370977344,1.9739696370977344,vegetation,1
-41.625,59.625,0.25,0.8768723966030433,0.8768723966030433,ground,1
-41.625,64.125,0.25,2.4825889623009543,2.4825889623009543,vegetation,1
-41.625,76.875,0.25,2.0845884357097253,2.0845884357097253,vegetation,1
-41.625,83.125,0.25,3.1354953864607813,3.1354953864607813,vegetation,1
-41.375,-84.625,0.25,3.079335632719496,3.079335632719496,vegetation,1
-41.375,-81.125,0.25,0.3087010978876792,0.3087010978876792,ground,1
-41.375,-78.375,0.25,0.3199251979951663,0.3199251979951663,ground,1
-41.375,-36.625,0.25,3.1735163428555224,3.1735163428555224,vegetation,1
-41.375,-25.875,0.25,0.525249119054955,0.525249119054955,ground,1
-41.375,-25.125,0.25,0.5422249434049494,0.5422249434049494,ground,1
-41.375,-21.125,0.25,0.5219654742142824,0.5219654742142824,ground,1
-41.375,-0.625,0.25,0.6265977197320584,0.6265977197320584,ground,1
-41.375,2.125,0.25,0.6359599621133465,0.6359599621133465,ground,1
-41.375,4.375,0.25,0.6281308762032696,0.6281308762032696,ground,1
-41.375,12.625,0.25,0.6311324051238418,0.6311324051238418,ground,1
-41.375,18.375,0.25,0.6698010816792206,0.6698010816792206,ground,1
-41.375,22.375,0.25,0.7115660067243229,0.7115660067243229,ground,1
-41.375,28.625,0.25,0.7176416692782684,0.7176416692782684,ground,1
-41.375,36.125,0.25,3.596023140700729,3.596023140700729,vegetation,1
-41.375,40.375,0.25,0.8108571729396962,0.8108571729396962,ground,1
-41.375,47.125,0.25,0.812493765382577,0.812493765382577,ground,1
-41.375,56.875,0.25,0.8637102716210419,0.8637102716210419,ground,1
-41.375,62.875,0.25,0.8597156599503112,0.8597156599503112,ground,1
-41.375,63.875,0.25,0.8697715262074632,0.8697715262074632,ground,1
-41.375,68.375,0.25,0.9026728656278156,0.9026728656278156,ground,1
-41.375,70.625,0.25,3.6291873006766915,3.6291873006766915,vegetation,1
-41.375,89.875,0.25,2.8760067608334468,2.8760067608334468,vegetation,1
-41.125,-78.875,0.25,0.2758962240052495,0.2758962240052495,ground,1
-41.125,-77.625,0.25,0.3163785708755308,0.3163785708755308,ground,1
-41.125,-59.875,0.25,0.36016204667077,0.36016204667077,ground,1
-41.125,-53.125,0.25,1.9300043036048102,1.9300043036048102,vegetation,1
-41.125,-45.875,0.25,0.38871312739594926,0.38871312739594926,ground,1
-41.125,-41.375,0.25,0.4343437480047921,0.4343437480047921,ground,1
-41.125,-40.375,0.25,0.48381216940463295,0.48381216940463295,ground,1
-41.125,-10.375,0.25,0.5654409884868129,0.5654409884868129,ground,1
-41.125,-6.125,0.25,0.6225811649784833,0.6225811649784833,ground,1
-41.125,-2.125,0.25,0.6202160389361465,0.6202160389361465,ground,1
-41.125,16.375,0.25,0.6737368830925612,0.6737368830925612,ground,1
-41.125,27.125,0.25,0.761010235547501,0.761010235547501,ground,1
-41.125,52.375,0.25,0.8085490486323008,0.8085490486323008,ground,1
-41.125,69.375,0.25,2.0598221803533554,2.0598221803533554,vegetation,1
-41.125,73.875,0.25,0.9146468275259376,0.9146468275259376,ground,1
-40.875,-87.625,0.25,2.336187876566615,2.336187876566615,vegetation,1
-40.875,-70.625,0.25,0.34595260970521874,0.34595260970521874,ground,1
-40.875,-45.125,0.25,3.2674238169148047,3.2674238169148047,vegetation,1
-40.875,-40.375,0.25,2.085371268468241,2.085371268468241,vegetation,1
-40.875,-31.375,0.25,0.5313293615390506,0.5313293615390506,ground,1
-40.875,-23.625,0.25,0.5231599531822086,0.5231599531822086,ground,1
-40.875,-20.875,0.25,0.4917523585355641,0.4917523585355641,ground,1
-40.875,-16.125,0.25,0.585658692031863,0.5608754517866852,ground,2
-40.875,-6.875,0.25,0.5535678089420625,0.5535678089420625,ground,1
-40.875,-1.125,0.25,0.5981531878442464,0.5981531878442464,ground,1
-40.875,0.875,0.25,0.5685034104999356,0.5685034104999356,ground,1
-40.875,13.125,0.25,0.6680165327570867,0.6680165327570867,ground,1
-40.875,16.125,0.25,0.6544620284004726,0.6544620284004726,ground,1
-40.875,31.875,0.25,0.7564879098001187,0.7564879098001187,ground,1
-40.875,41.125,0.25,0.7830202257628872,0.7830202257628872,ground,1
-40.875,44.375,0.25,0.7849896811335938,0.7849896811335938,ground,1
-40.875,69.375,0.25,0.940611034725059,0.940611034725059,ground,1
-40.875,76.875,0.25,0.91058826821494,0.91058826821494,ground,1
-40.875,77.375,0.25,3.6194361568967914,3.6194361568967914,vegetation,1
-40.625,-79.125,0.25,0.2833067041166914,0.2833067041166914,ground,1
-40.625,-61.375,0.25,0.34516214389420596,0.34516214389420596,ground,1
-40.625,-50.875,0.25,0.41707502706200733,0.41707502706200733,ground,1
-40.625,-50.375,0.25,0.3876235191796083,0.3876235191796083,ground,1
-40.625,-49.125,0.25,0.41373677095379197,0.41373677095379197,ground,1
-40.625,-31.625,0.25,0.477728946481799,0.477728946481799,ground,1
-40.625,-30.625,0.25,0.49789236085975463,0.49789236085975463,ground,1
-40.625,-28.875,0.25,0.4307086209797845,0.4307086209797845,ground,1
-40.625,-22.375,0.25,0.5304961947711204,0.5304961947711204,ground,1
-40.625,-16.375,0.25,0.5554285340942036,0.5554285340942036,ground,1
-40.625,-6.125,0.25,0.6144417555849753,0.6144417555849753,ground,1
-40.625,6.375,0.25,0.6246942430211514,0.6246942430211514,ground,1
-40.625,10.875,0.25,0.6616641715828062,0.6616641715828062,ground,1
-40.625,12.375,0.25,0.6244693872511303,0.6244693872511303,ground,1
-40.625,20.375,0.25,0.6906553754416577,0.6906553754416577,ground,1
-40.625,33.375,0.25,3.2574037687205557,3.2574037687205557,vegetation,1
-40.625,47.125,0.25,2.7299981273145013,2.7299981273145013,vegetation,1
-40.625,68.125,0.25,1.7732691636690665,1.7732691636690665,vegetation,1
-40.625,85.375,0.25,2.731748624939986,2.731748624939986,vegetation,1
-40.375,-88.125,0.25,0.22755990682903912,0.22755990682903912,ground,1
-40.375,-87.125,0.25,0.23815214829414283,0.23815214829414283,ground,1
-40.375,-22.625,0.25,0.4977034598984644,0.4977034598984644,ground,1
-40.375,-20.125,0.25,0.5101757558763109,0.5101757558763109,ground,1
-40.375,-9.875,0.25,0.6077389578339377,0.6077389578339377,ground,1
-40.375,-4.625,0.25,0.5612608384641729,0.5612608384641729,ground,1
-40.375,1.375,0.25,0.556723243723554,0.556723243723554,ground,1
-40.375,3.875,0.25,0.6334591982368634,0.6334591982368634,ground,1
-40.375,10.875,0.25,0.639971695806109,0.639971695806109,ground,1
-40.375,11.125,0.25,0.653799054137004,0.653799054137004,ground,1
-40.375,40.875,0.25,0.7848353857177561,0.7848353857177561,ground,1
-40.375,41.125,0.25,3.489084822635259,3.489084822635259,vegetation,1
-40.375,54.875,0.25,0.8362514652072454,0.8362514652072454,ground,1
-40.375,63.125,0.25,0.8567721391065765,0.8567721391065765,ground,1
-40.375,86.875,0.25,0.9464489805366352,0.9464489805366352,ground,1
-40.125,-83.375,0.25,1.7305751302549648,1.7305751302549648,vegetation,1
-40.125,-81.125,0.25,0.30345968094446246,0.30345968094446246,ground,1
-40.125,-52.375,0.25,3.0897952348473083,3.0897952348473083,vegetation,1
-40.125,-39.875,0.25,0.4514809649074558,0.4514809649074558,ground,1
-40.125,-35.625,0.25,0.4060816823071626,0.4060816823071626,ground,1
-40.125,-30.375,0.25,0.4327441766525064,0.4327441766525064,ground,1
-40.125,-21.125,0.25,0.5391945203827757,0.5391945203827757,ground,1
-40.125,-14.875,0.25,0.6144192415195255,0.601027632548992,ground,2
-40.125,-9.125,0.25,0.5357213692662323,0.5357213692662323,ground,1
-40.125,-0.875,0.25,0.6566388353632812,0.6566388353632812,ground,1
-40.125,5.125,0.25,0.6300044101675465,0.6300044101675465,ground,1
-40.125,16.125,0.25,0.6450251177494821,0.6450251177494821,ground,1
-40.125,16.625,0.25,0.6396453759747865,0.6396453759747865,ground,1
-40.125,35.125,0.25,1.6144068532614144,1.6144068532614144,vegetation,1
-40.125,46.625,0.25,0.737423913399424,0.737423913399424,ground,1
-40.125,77.375,0.25,0.9041824973157621,0.9041824973157621,ground,1
-40.125,89.625,0.25,3.5887270840567322,3.5887270840567322,vegetation,1
-39.875,-56.625,0.25,0.3594598292904819,0.3594598292904819,ground,1
-39.875,-54.375,0.25,0.35428379209462557,0.35428379209462557,ground,1
-39.875,-51.625,0.25,0.38862951162860443,0.38862951162860443,ground,1
-39.875,-45.625,0.25,2.3394855575654456,2.3394855575654456,vegetation,1
-39.875,-26.625,0.25,0.5016363653592782,0.5016363653592782,ground,1
-39.875,-26.375,0.25,0.4906789056592017,0.4906789056592017,ground,1
-39.875,-13.875,0.25,0.502922802738892,0.502922802738892,ground,1
-39.875,-13.125,0.25,0.5520704784026552,0.5520704784026552,ground,1
-39.875,-7.875,0.25,0.5226137306969695,0.5226137306969695,ground,1
-39.875,3.875,0.25,0.6190403848876997,0.6190403848876997,ground,1
-39.875,8.625,0.25,0.6539888048088043,0.6539888048088043,ground,1
-39.875,17.375,0.25,0.6366612923295051,0.6366612923295051,ground,1
-39.875,25.875,0.25,0.7220531478692709,0.7220531478692709,ground,1
-39.875,30.375,0.25,0.6820174173111059,0.6820174173111059,ground,1
-39.875,31.375,0.25,0.7434837362980623,0.7434837362980623,ground,1
-39.875,46.125,0.25,0.8391780257480423,0.8391780257480423,ground,1
-39.875,51.625,0.25,0.8261641822521822,0.8261641822521822,ground,1
-39.875,56.375,0.25,2.863486621349257,2.863486621349257,vegetation,1
-39.875,64.875,0.25,0.8715924487798734,0.8715924487798734,ground,1
-39.875,81.875,0.25,0.9204261010148986,0.9204261010148986,ground,1
-39.875,83.125,0.25,0.8814668095764315,0.8814668095764315,ground,1
-39.625,-87.125,0.25,0.2626770923567279,0.2626770923567279,ground,1
-39.625,-83.375,0.25,0.2764622845112175,0.2764622845112175,ground,1
-39.625,-65.125,0.25,0.35125955895585076,0.35125955895585076,ground,1
-39.625,-64.375,0.25,0.322188012421502,0.322188012421502,ground,1
-39.625,-52.625,0.25,0.35338358470498166,0.35338358470498166,ground,1
-39.625,-44.375,0.25,2.025032612357648,2.025032612357648,vegetation,1
-39.625,-32.375,0.25,0.42356225961420757,0.42356225961420757,ground,1
-39.625,21.875,0.25,0.689751783739331,0.689751783739331,ground,1
-39.625,29.875,0.25,0.7121365631383341,0.7121365631383341,ground,1
-39.625,33.625,0.25,0.7268004367877149,0.7268004367877149,ground,1
-39.625,35.125,0.25,0.7061358497169832,0.7061358497169832,ground,1
-39.625,47.375,0.25,3.7037535412726346,3.7037535412726346,vegetation,1
-39.625,58.625,0.25,1.6318288910932306,1.6318288910932306,vegetation,1
-39.625,64.875,0.25,3.3500342700526717,3.3500342700526717,vegetation,1
-39.625,69.875,0.25,3.1695584607048897,3.1695584607048897,vegetation,1
-39.375,-86.125,0.25,0.2430948164620714,0.2430948164620714,ground,1
-39.375,-72.875,0.25,0.2837757965802132,0.2837757965802132,ground,1
-39.375,-62.125,0.25,0.3786226292131656,0.3786226292131656,ground,1
-39.375,-58.875,0.25,0.3629343046298883,0.3629343046298883,ground,1
-39.375,-53.625,0.25,0.4103512894574081,0.4103512894574081,ground,1
-39.375,-10.375,0.25,0.5954111477607942,0.5954111477607942,ground,1
-39.375,-8.625,0.25,0.5563689362693215,0.5563689362693215,ground,1
-39.375,-2.875,0.25,0.5725764027708982,0.5725764027708982,ground,1
-39.375,-0.125,0.25,0.6233051434785456,0.6233051434785456,ground,1
-39.375,8.875,0.25,0.6508466696324524,0.6508466696324524,ground,1
-39.375,9.875,0.25,0.6658745220428598,0.6658745220428598,ground,1
-39.375,10.375,0.25,0.5855871220303137,0.5855871220303137,ground,1
-39.375,33.125,0.25,0.717516186343727,0.717516186343727,ground,1
-39.375,54.875,0.25,0.7932956006383118,0.7932956006383118,ground,1
-39.375,62.125,0.25,0.8512141331289641,0.8512141331289641,ground,1
-39.375,62.375,0.25,2.517868961720266,2.517868961720266,vegetation,1
-39.375,74.375,0.25,3.5985360440412695,3.5985360440412695,vegetation,1
-39.375,85.875,0.25,2.3727409003324094,2.3727409003324094,vegetation,1
-39.125,-86.375,0.25,0.2427607049395764,0.2427607049395764,ground,1
-39.125,-72.125,0.25,2.6475831972217194,2.6475831972217194,vegetation,1
-39.125,-62.375,0.25,1.897086539742317,1.897086539742317,vegetation,1
-39.125,-59.625,0.25,0.34413673531111605,0.34413673531111605,ground,1
-39.125,-41.125,0.25,0.3882706186040778,0.3882706186040778,ground,1
-39.125,14.625,0.25,0.6406382691926867,0.6406382691926867,ground,1
-39.125,17.875,0.25,0.6431092342862965,0.6431092342862965,ground,1
-39.125,18.125,0.25,0.6608235605489221,0.6608235605489221,ground,1
-39.125,20.625,0.25,0.6958520951599106,0.6958520951599106,ground,1
-39.125,45.375,0.25,3.4594042355125607,3.4594042355125607,vegetation,1
-39.125,73.125,0.25,0.9044452930408302,0.9044452930408302,ground,1
-39.125,73.875,0.25,0.8706417004241356,0.8706417004241356,ground,1
-39.125,74.875,0.25,3.841428029379597,3.841428029379597,vegetation,1
-39.125,78.625,0.25,0.9334348776882082,0.9334348776882082,ground,1
-39.125,88.625,0.25,0.9526787093944445,0.9526787093944445,ground,1
-38.875,-85.375,0.25,0.2818044465430743,0.2818044465430743,ground,1
-38.875,-84.375,0.25,0.243943570555768,0.243943570555768,ground,1
-38.875,-64.875,0.25,0.33982940941667533,0.33982940941667533,ground,1
-38.875,-36.625,0.25,1.7903201340443722,1.7903201340443722,vegetation,1
-38.875,-17.125,0.25,0.499525537838954,0.499525537838954,ground,1
-38.875,-13.625,0.25,0.5489733121400621,0.5489733121400621,ground,1
-38.875,-7.625,0.25,0.5746449465319352,0.5746449465319352,ground,1
-38.875,8.625,0.25,0.6033174816565285,0.6033174816565285,ground,1
-38.875,21.375,0.25,0.6675539222894772,0.6675539222894772,ground,1
-38.875,21.875,0.25,0.6771013432564627,0.6771013432564627,ground,1
-38.875,37.375,0.25,2.9703651127654904,2.9703651127654904,vegetation,1
-38.875,38.625,0.25,1.7621151351038558,1.7621151351038558,vegetation,1
-38.875,56.875,0.25,2.36036752712709,2.36036752712709,vegetation,1
-38.875,61.125,0.25,0.8148288010660987,0.8148288010660987,ground,1
-38.875,84.375,0.25,3.696851005764367,3.696851005764367,vegetation,1
-38.875,85.125,0.25,0.9185268554461772,0.9185268554461772,ground,1
-38.625,-51.875,0.25,0.34437991510156807,0.34437991510156807,ground,1
-38.625,-37.875,0.25,0.4676170196928199,0.4676170196928199,ground,1
-38.625,-27.125,0.25,1.8866673338836943,1.8866673338836943,vegetation,1
-38.625,-23.625,0.25,0.452162562638157,0.452162562638157,ground,1
-38.625,1.125,0.25,0.6012341496624697,0.6012341496624697,ground,1
-38.625,13.125,0.25,0.6393930064438322,0.6393930064438322,ground,1
-38.625,24.125,0.25,0.7105271582712152,0.7105271582712152,ground,1
-38.625,25.625,0.25,0.6933443030778107,0.6933443030778107,ground,1
-38.625,35.875,0.25,0.708290681617038,0.708290681617038,ground,1
-38.625,38.875,0.25,0.7229503132114539,0.7229503132114539,ground,1
-38.625,39.125,0.25,1.663451741619621,1.663451741619621,vegetation,1
-38.625,51.375,0.25,0.8036928198852393,0.8036928198852393,ground,1
-38.625,64.875,0.25,2.532012117094946,2.532012117094946,vegetation,1
-38.625,91.125,0.25,0.9024339811799542,0.9024339811799542,ground,1
-38.625,91.625,0.25,3.1384205634255835,3.1384205634255835,vegetation,1
-38.375,-74.625,0.25,0.30688536336744643,0.30688536336744643,ground,1
-38.375,-60.125,0.25,2.15020197817598,2.15020197817598,vegetation,1
-38.375,-59.625,0.25,2.9585407315548036,2.9585407315548036,vegetation,1
-38.375,4.375,0.25,0.6131774478925798,0.6131774478925798,ground,1
-38.375,7.125,0.25,0.5946933503509704,0.5946933503509704,ground,1
-38.375,14.625,0.25,0.6423235274234181,0.6423235274234181,ground,1
-38.375,14.875,0.25,0.6133906708080361,0.6133906708080361,ground,1
-38.375,18.875,0.25,0.6791098981789335,0.6791098981789335,ground,1
-38.375,21.125,0.25,0.6704989960670894,0.6704989960670894,ground,1
-38.375,42.375,0.25,0.7510530282215861,0.7510530282215861,ground,1
-38.375,51.625,0.25,0.7774184852014198,0.7774184852014198,ground,1
-38.375,85.125,0.25,3.5219070479155663,3.5219070479155663,vegetation,1
-38.125,-85.625,0.25,0.23837228177615974,0.23837228177615974,ground,1
-38.125,-79.625,0.25,0.27257943725331935,0.27257943725331935,ground,1
-38.125,-65.375,0.25,1.7898183387043867,1.7898183387043867,vegetation,1
-38.125,-63.375,0.25,0.28018185141519514,0.28018185141519514,ground,1
-38.125,-48.625,0.25,2.137210458816318,2.137210458816318,vegetation,1
-38.125,-19.875,0.25,0.476979489519942,0.476979489519942,ground,1
-38.125,-9.625,0.25,0.5465425948885309,0.5465425948885309,ground,1
-38.125,3.625,0.25,0.5550266719939593,0.5550266719939593,ground,1
-38.125,7.875,0.25,0.5783324520409112,0.5783324520409112,ground,1
-38.125,11.375,0.25,0.5856538059020362,0.5856538059020362,ground,1
-38.125,16.375,0.25,0.6452174164729946,0.6452174164729946,ground,1
-38.125,20.125,0.25,0.68168577573942,0.68168577573942,ground,1
-38.125,27.375,0.25,0.629299745672406,0.629299745672406,ground,1
-38.125,42.875,0.25,0.6748457679975768,0.6748457679975768,ground,1
-38.125,84.875,0.25,3.3303732456600983,3.3303732456600983,vegetation,1
-38.125,89.625,0.25,0.9562944072223718,0.9562944072223718,ground,1
-37.875,-82.625,0.25,0.21946461003363057,0.21946461003363057,ground,1
-37.875,-78.375,0.25,0.2747919634876661,0.2747919634876661,ground,1
-37.875,-48.625,0.25,0.4262568896091777,0.4262568896091777,ground,1
-37.875,-39.875,0.25,1.397085321291577,1.397085321291577,vegetation,1
-37.875,-29.125,0.25,0.46209131943105647,0.46209131943105647,ground,1
-37.875,4.875,0.25,0.6022333045271848,0.6022333045271848,ground,1
-37.875,30.375,0.25,0.6453883239840064,0.6453883239840064,ground,1
-37.875,33.125,0.25,2.333796362480718,2.333796362480718,vegetation,1
-37.875,34.625,0.25,0.7086069758129689,0.7086069758129689,ground,1
-37.875,43.125,0.25,0.7771997848878685,0.7771997848878685,ground,1
-37.875,47.125,0.25,2.7006425385180384,2.7006425385180384,vegetation,1
-37.875,70.625,0.25,0.8204235489522137,0.8204235489522137,ground,1
-37.875,78.375,0.25,1.8786511783264508,1.8786511783264508,vegetation,1
-37.875,81.375,0.25,0.8578744781736437,0.8578744781736437,ground,1
-37.875,82.125,0.25,0.8945896397161133,0.8945896397161133,ground,1
-37.625,-91.125,0.25,0.1967124059043706,0.1967124059043706,ground,1
-37.625,-70.125,0.25,0.3086336124545366,0.3086336124545366,ground,1
-37.625,-26.875,0.25,3.2853412398849273,3.2853412398849273,vegetation,1
-37.625,-6.375,0.25,0.553875521228934,0.553875521228934,ground,1
-37.625,6.625,0.25,0.651454194695028,0.651454194695028,ground,1
-37.625,28.625,0.25,2.2669421980002795,2.2669421980002795,vegetation,1
-37.625,31.125,0.25,2.9631238096652983,2.9631238096652983,vegetation,1
-37.625,54.625,0.25,0.7803913912687425,0.7803913912687425,ground,1
-37.625,57.125,0.25,0.8510286475113816,0.8510286475113816,ground,1
-37.625,78.375,0.25,2.333009418136017,2.333009418136017,vegetation,1
-37.625,85.875,0.25,0.9224048149453736,0.9224048149453736,ground,1
-37.625,91.125,0.25,0.9358253872039305,0.9358253872039305,ground,1
-37.375,-80.125,0.25,1.751765911736674,1.751765911736674,vegetation,1
-37.375,-78.125,0.25,0.20608978835726116,0.20608978835726116,ground,1
-37.375,-44.625,0.25,0.3684376732916103,0.3684376732916103,ground,1
-37.375,-7.125,0.25,0.5602932831717752,0.5602932831717752,ground,1
-37.375,11.625,0.25,0.6007138532435425,0.6007138532435425,ground,1
-37.375,18.375,0.25,0.6642683710590622,0.6642683710590622,ground,1
-37.375,58.625,0.25,0.8430617406625187,0.8430617406625187,ground,1
-37.375,63.875,0.25,0.8294485716111054,0.8294485716111054,ground,1
-37.375,66.875,0.25,3.681976100591842,3.681976100591842,vegetation,1
-37.375,84.125,0.25,0.910269665870332,0.910269665870332,ground,1
-37.125,-62.625,0.25,0.32507088548390917,0.32507088548390917,ground,1
-37.125,-62.125,0.25,0.29712881937954927,0.29712881937954927,ground,1
-37.125,-48.375,0.25,0.3562301930887898,0.3562301930887898,ground,1
-37.125,-43.625,0.25,3.327161788635196,3.327161788635196,vegetation,1
-37.125,-33.875,0.25,3.2381524294919206,3.2381524294919206,vegetation,1
-37.125,-24.875,0.25,0.4786683236160177,0.4786683236160177,ground,1
-37.125,-12.625,0.25,0.5336441792106157,0.5336441792106157,ground,1
-37.125,2.375,0.25,0.6193818296906997,0.6193818296906997,ground,1
-37.125,8.875,0.25,0.5629946057990572,0.5629946057990572,ground,1
-37.125,10.125,0.25,0.6080391466719148,0.6080391466719148,ground,1
-37.125,27.875,0.25,0.6440596030812737,0.6440596030812737,ground,1
-37.125,38.125,0.25,0.7422189164804001,0.7422189164804001,ground,1
-37.125,52.125,0.25,2.7628870642559398,2.7628870642559398,vegetation,1
-37.125,55.875,0.25,0.7841405948177302,0.7841405948177302,ground,1
-37.125,71.375,0.25,0.8427596842498036,0.8427596842498036,ground,1
-37.125,90.375,0.25,0.8809565480797349,0.8809565480797349,ground,1
-36.875,-47.125,0.25,0.34511668554359315,0.34511668554359315,ground,1
-36.875,-42.375,0.25,0.3966747433945351,0.3966747433945351,ground,1
-36.875,-2.875,0.25,0.5455587482295112,0.5455587482295112,ground,1
-36.875,17.125,0.25,0.6061381239948732,0.6061381239948732,ground,1
-36.875,20.125,0.25,0.6346653639966776,0.6346653639966776,ground,1
-36.875,21.375,0.25,0.6292431597809894,0.6292431597809894,ground,1
-36.875,21.625,0.25,0.6136054609608811,0.6136054609608811,ground,1
-36.875,34.375,0.25,1.94727189975354,1.94727189975354,vegetation,1
-36.875,45.125,0.25,0.6911745289565616,0.6911745289565616,ground,1
-36.875,54.625,0.25,0.799406237457248,0.799406237457248,ground,1
-36.875,82.875,0.25,3.853790144120248,3.853790144120248,vegetation,1
-36.625,-67.375,0.25,0.32760315107668475,0.29954017933871424,ground,2
-36.625,-63.875,0.25,0.29020650344983595,0.29020650344983595,ground,1
-36.625,-49.125,0.25,2.4570986238290127,2.4570986238290127,vegetation,1
-36.625,-46.375,0.25,0.37836038651849885,0.37836038651849885,ground,1
-36.625,-31.375,0.25,2.395235775467267,2.395235775467267,vegetation,1
-36.625,-30.625,0.25,0.4182743379342835,0.4182743379342835,ground,1
-36.625,-26.625,0.25,0.3919007018738229,0.3919007018738229,ground,1
-36.625,5.625,0.25,0.544462859389276,0.544462859389276,ground,1
-36.625,8.875,0.25,0.5864790990542514,0.5864790990542514,ground,1
-36.625,14.625,0.25,0.6254087197866323,0.6254087197866323,ground,1
-36.625,23.375,0.25,0.6312918690202288,0.6312918690202288,ground,1
-36.625,34.375,0.25,0.6675329985116256,0.6675329985116256,ground,1
-36.625,35.375,0.25,0.7232067934721957,0.7232067934721957,ground,1
-36.625,47.625,0.25,0.7856938744855343,0.7856938744855343,ground,1
-36.625,53.125,0.25,0.7372723434868997,0.7372723434868997,ground,1
-36.625,76.375,0.25,2.839554426624907,1.8430487530584423,ground,2
-36.375,-89.125,0.25,1.83097334748166,1.83097334748166,vegetation,1
-36.375,-79.875,0.25,2.8314908282151423,2.8314908282151423,vegetation,1
-36.375,-75.625,0.25,3.159999391257082,3.159999391257082,vegetation,1
-36.375,-74.125,0.25,0.2582689830761146,0.2582689830761146,ground,1
-36.375,-67.125,0.25,0.26699943055513964,0.26699943055513964,ground,1
-36.375,-49.875,0.25,0.33980412001398325,0.33980412001398325,ground,1
-36.375,-49.125,0.25,0.3225329666051478,0.3225329666051478,ground,1
-36.375,-47.875,0.25,0.3659452712217998,0.3659452712217998,ground,1
-36.375,-41.375,0.25,0.37801924407709164,0.37801924407709164,ground,1
-36.375,8.125,0.25,0.544592425900051,0.544592425900051,ground,1
-36.375,11.625,0.25,0.6223231768053096,0.6016223212975488,ground,2
-36.375,29.875,0.25,2.281660749328894,2.281660749328894,vegetation,1
-36.375,36.125,0.25,0.685925505016519,0.685925505016519,ground,1
-36.375,41.125,0.25,2.4601621510904286,2.4601621510904286,vegetation,1
-36.375,64.125,0.25,2.5506518128574753,2.5506518128574753,vegetation,1
-36.375,77.375,0.25,0.909583827996458,0.909583827996458,ground,1
-36.125,-68.375,0.25,1.337092602271956,1.337092602271956,vegetation,1
-36.125,-52.375,0.25,0.35641388771126,0.35641388771126,ground,1
-36.125,-35.625,0.25,0.40976065503612275,0.40976065503612275,ground,1
-36.125,-32.375,0.25,0.4243838934339583,0.4243838934339583,ground,1
-36.125,-31.125,0.25,2.0817315889534362,2.0817315889534362,vegetation,1
-36.125,-30.375,0.25,2.8703691871490533,2.1192130504096225,vegetation,2
-36.125,-28.875,0.25,0.42791989980822626,0.42791989980822626,ground,1
-36.125,-22.125,0.25,0.4557974195631353,0.4557974195631353,ground,1
-36.125,-16.125,0.25,0.4540950402949475,0.4540950402949475,ground,1
-36.125,-1.625,0.25,0.5284795530463132,0.5284795530463132,ground,1
-36.125,6.125,0.25,0.5897402125926136,0.5897402125926136,ground,1
-36.125,8.875,0.25,0.6040667771266621,0.6040667771266621,ground,1
-36.125,20.625,0.25,0.6531995508497367,0.6531995508497367,ground,1
-36.125,23.125,0.25,0.6016456497121585,0.6016456497121585,ground,1
-36.125,26.875,0.25,0.6719267344765231,0.6719267344765231,ground,1
-36.125,31.375,0.25,0.6469075924031106,0.6469075924031106,ground,1
-36.125,57.375,0.25,0.7457626578056126,0.7457626578056126,ground,1
-36.125,64.875,0.25,3.5084894393965187,3.5084894393965187,vegetation,1
-36.125,71.375,0.25,3.7062578434260374,3.7062578434260374,vegetation,1
-36.125,77.125,0.25,0.8414072873911395,0.8414072873911395,ground,1
-35.875,-83.875,0.25,2.2076693471810893,2.2076693471810893,vegetation,1
-35.875,-74.875,0.25,0.29668181232507435,0.29668181232507435,ground,1
-35.875,-64.625,0.25,0.27233353147074246,0.27233353147074246,ground,1
-35.875,-59.375,0.25,0.27576782533593963,0.27576782533593963,ground,1
-35.875,-59.125,0.25,0.2544909131948059,0.2544909131948059,ground,1
-35.875,-57.875,0.25,0.3032633558002945,0.3032633558002945,ground,1
-35.875,-43.125,0.25,0.384341191789434,0.384341191789434,ground,1
-35.875,-35.875,0.25,1.93311634848686,1.93311634848686,vegetation,1
-35.875,-3.125,0.25,0.5071540941066776,0.5071540941066776,ground,1
-35.875,15.125,0.25,0.6137807445834483,0.6137807445834483,ground,1
-35.875,19.125,0.25,0.5982773447338182,0.5982773447338182,ground,1
-35.875,31.875,0.25,0.659253249528435,0.659253249528435,ground,1
-35.875,41.125,0.25,3.6388479617893617,3.6388479617893617,vegetation,1
-35.875,50.125,0.25,0.7424252997258965,0.7424252997258965,ground,1
-35.875,56.875,0.25,0.7617738449537023,0.7617738449537023,ground,1
-35.875,63.125,0.25,0.7754284324099684,0.7754284324099684,ground,1
-35.875,83.375,0.25,0.8692191581053847,0.8692191581053847,ground,1
-35.875,88.875,0.25,0.8808206223250342,0.8808206223250342,ground,1
-35.625,-91.625,0.25,0.17930836791167945,0.17930836791167945,ground,1
-35.625,-88.125,0.25,0.17621936581566708,0.17621936581566708,ground,1
-35.625,-76.875,0.25,0.25525743765132025,0.25525743765132025,ground,1
-35.625,-76.375,0.25,2.020850057923002,2.020850057923002,vegetation,1
-35.625,-48.375,0.25,0.3249509073799547,0.3249509073799547,ground,1
-35.625,-44.875,0.25,0.379997274442804,0.379997274442804,ground,1
-35.625,-40.875,0.25,0.3617169774225154,0.3617169774225154,ground,1
-35.625,-24.625,0.25,0.4464602569629794,0.4464602569629794,ground,1
-35.625,-18.875,0.25,0.4836378795970932,0.4836378795970932,ground,1
-35.625,-14.375,0.25,0.47131829974800366,0.47131829974800366,ground,1
-35.625,-10.375,0.25,0.49603843768748856,0.49603843768748856,ground,1
-35.625,-1.875,0.25,0.5174778872770939,0.5174778872770939,ground,1
-35.625,26.625,0.25,0.689472515528396,0.689472515528396,ground,1
-35.625,44.125,0.25,0.7498807435768665,0.7498807435768665,ground,1
-35.625,65.625,0.25,0.7881669056248953,0.7881669056248953,ground,1
-35.625,67.625,0.25,3.262095591450483,3.262095591450483,vegetation,1
-35.625,69.375,0.25,0.8271967503743284,0.8271967503743284,ground,1
-35.375,-79.125,0.25,0.1710534596446632,0.1710534596446632,ground,1
-35.375,-76.125,0.25,0.27586712708334116,0.27586712708334116,ground,1
-35.375,-72.375,0.25,0.2846044390290594,0.2846044390290594,ground,1
-35.375,-65.875,0.25,0.3192228930146684,0.3192228930146684,ground,1
-35.375,-61.875,0.25,0.2610936977069642,0.2610936977069642,ground,1
-35.375,-51.625,0.25,0.3193682994462183,0.3193682994462183,ground,1
-35.375,-50.625,0.25,0.3033517567769811,0.3033517567769811,ground,1
-35.375,-40.375,0.25,1.3247156715554094,1.3247156715554094,vegetation,1
-35.375,-37.625,0.25,0.4350361416028532,0.4350361416028532,ground,1
-35.375,-32.875,0.25,0.4270194957956033,0.4270194957956033,ground,1
-35.375,-26.125,0.25,0.42679679103542073,0.42679679103542073,ground,1
-35.375,-25.375,0.25,2.473294127565545,2.473294127565545,vegetation,1
-35.375,-19.625,0.25,0.46617292302374214,0.46617292302374214,ground,1
-35.375,18.625,0.25,0.6218689483368682,0.6218689483368682,ground,1
-35.375,19.125,0.25,0.6405415401543408,0.6405415401543408,ground,1
-35.375,21.875,0.25,0.6108313068707205,0.6108313068707205,ground,1
-35.375,23.625,0.25,0.6678480777322336,0.6678480777322336,ground,1
-35.375,27.125,0.25,0.6447770817895133,0.6447770817895133,ground,1
-35.375,34.875,0.25,0.684313644798479,0.684313644798479,ground,1
-35.375,39.125,0.25,0.6749659574240446,0.6749659574240446,ground,1
-35.375,39.375,0.25,1.6908665536001837,1.6908665536001837,vegetation,1
-35.375,66.625,0.25,0.7836909258618874,0.7836909258618874,ground,1
-35.375,72.125,0.25,0.8483558532953842,0.8483558532953842,ground,1
-35.375,72.375,0.25,0.7840076913221457,0.7840076913221457,ground,1
-35.375,75.125,0.25,3.692354034252162,3.692354034252162,vegetation,1
-35.375,81.375,0.25,0.83454598555799,0.83454598555799,ground,1
-35.375,88.625,0.25,0.8849648391989212,0.8849648391989212,ground,1
-35.125,-91.375,0.25,0.14263673159285273,0.14263673159285273,ground,1
-35.125,-70.875,0.25,1.2506917255697982,1.2506917255697982,vegetation,1
-35.125,-62.375,0.25,0.2825734858084301,0.2825734858084301,ground,1
-35.125,-57.375,0.25,0.2861110719794896,0.2861110719794896,ground,1
-35.125,-46.625,0.25,0.3199519756449882,0.3199519756449882,ground,1
-35.125,-44.375,0.25,0.35057936548755747,0.35057936548755747,ground,1
-35.125,-38.875,0.25,2.9754032556189784,2.9754032556189784,vegetation,1
-35.125,-35.875,0.25,0.36608913121542114,0.36608913121542114,ground,1
-35.125,-17.875,0.25,0.402234650926447,0.402234650926447,ground,1
-35.125,-8.875,0.25,0.5317281098041533,0.5317281098041533,ground,1
-35.125,-5.375,0.25,0.5011859552483764,0.5011859552483764,ground,1
-35.125,1.625,0.25,0.554407577410306,0.554407577410306,ground,1
-35.125,3.125,0.25,0.4907924171155412,0.4907924171155412,ground,1
-35.125,20.625,0.25,0.6002091917710062,0.6002091917710062,ground,1
-35.125,28.625,0.25,0.6631440709105954,0.6631440709105954,ground,1
-35.125,31.125,0.25,3.4736417910421515,3.4736417910421515,vegetation,1
-35.125,35.875,0.25,0.5804950758034565,0.5804950758034565,ground,1
-35.125,45.625,0.25,0.7195832601032919,0.7149630094500277,ground,2
-35.125,46.625,0.25,3.4888320697486708,3.4888320697486708,vegetation,1
-35.125,63.375,0.25,0.7795700749749892,0.7795700749749892,ground,1
-35.125,73.625,0.25,3.349069527427632,3.349069527427632,vegetation,1
-35.125,88.625,0.25,0.886558381885934,0.886558381885934,ground,1
-34.875,-83.875,0.25,0.2044462704716203,0.2044462704716203,ground,1
-34.875,-43.875,0.25,0.3666354738184628,0.3666354738184628,ground,1
-34.875,-31.375,0.25,0.38261355985993944,0.38261355985993944,ground,1
-34.875,-30.125,0.25,2.5033684918830468,2.5033684918830468,vegetation,1
-34.875,-29.125,0.25,0.43367782078175116,0.43367782078175116,ground,1
-34.875,-21.375,0.25,0.4224571242085605,0.4224571242085605,ground,1
-34.875,-13.375,0.25,0.4884423062868206,0.4884423062868206,ground,1
-34.875,0.375,0.25,0.5090126911547158,0.5090126911547158,ground,1
-34.875,4.125,0.25,0.5539314539694963,0.5539314539694963,ground,1
-34.875,5.375,0.25,0.5731849153148838,0.5731849153148838,ground,1
-34.875,20.375,0.25,0.6228814378233024,0.6228814378233024,ground,1
-34.875,30.125,0.25,0.6620203296981094,0.6620203296981094,ground,1
-34.875,32.625,0.25,0.6352058774918548,0.6352058774918548,ground,1
-34.875,35.375,0.25,0.6723300951108802,0.6723300951108802,ground,1
-34.875,55.625,0.25,3.1319217357137985,3.1319217357137985,vegetation,1
-34.875,57.375,0.25,3.1376908557336094,3.1376908557336094,vegetation,1
-34.875,70.875,0.25,0.8109827349419858,0.8109827349419858,ground,1
-34.875,76.375,0.25,0.8109486142371523,0.8109486142371523,ground,1
-34.875,78.125,0.25,0.8186456805968908,0.8186456805968908,ground,1
-34.875,79.875,0.25,0.8668774726247297,0.8668774726247297,ground,1
-34.875,87.625,0.25,3.4252769490780848,3.4252769490780848,vegetation,1
-34.625,-81.375,0.25,0.22104681228817788,0.22104681228817788,ground,1
-34.625,-70.125,0.25,0.2270545469788407,0.2270545469788407,ground,1
-34.625,-69.375,0.25,0.19805778821068226,0.19805778821068226,ground,1
-34.625,-48.875,0.25,1.3710729820126533,1.3710729820126533,vegetation,1
-34.625,-37.375,0.25,0.39054826229182743,0.39054826229182743,ground,1
-34.625,-35.625,0.25,1.9641429521405471,1.9641429521405471,vegetation,1
-34.625,-28.375,0.25,0.39663036615905356,0.39663036615905356,ground,1
-34.625,-26.875,0.25,0.4257438917234745,0.4257438917234745,ground,1
-34.625,-22.125,0.25,0.40166710246461174,0.40166710246461174,ground,1
-34.625,-20.375,0.25,0.4189729311621985,0.4189729311621985,ground,1
-34.625,-0.375,0.25,0.5168586370776639,0.5168586370776639,ground,1
-34.625,6.125,0.25,0.5566596041435573,0.5566596041435573,ground,1
-34.625,7.125,0.25,0.5624459645097896,0.5624459645097896,ground,1
-34.625,15.375,0.25,0.599096030454812,0.599096030454812,ground,1
-34.625,25.375,0.25,0.6293941968528376,0.6234978246458792,ground,2
-34.625,43.625,0.25,0.7081654026290886,0.7081654026290886,ground,1
-34.625,50.625,0.25,0.7165700398973106,0.7165700398973106,ground,1
-34.625,58.875,0.25,0.7514829924387743,0.7514829924387743,ground,1
-34.625,60.875,0.25,2.4139672324398678,2.4139672324398678,vegetation,1
-34.625,62.875,0.25,0.7660254991477615,0.7660254991477615,ground,1
-34.375,-93.125,0.25,0.09028103825748901,0.09028103825748901,ground,1
-34.375,-92.125,0.25,0.13463460764056603,0.13463460764056603,ground,1
-34.375,-48.625,0.25,0.3400122589820826,0.3400122589820826,ground,1
-34.375,-42.625,0.25,0.3245665915525482,0.3245665915525482,ground,1
-34.375,-42.375,0.25,0.32955457588794795,0.32955457588794795,ground,1
-34.375,-27.625,0.25,0.40034412443686956,0.40034412443686956,ground,1
-34.375,-23.875,0.25,0.4448619272783835,0.4448619272783835,ground,1
-34.375,-20.625,0.25,0.4060174800556305,0.4060174800556305,ground,1
-34.375,30.125,0.25,0.6348651734132509,0.6348651734132509,ground,1
-34.375,30.375,0.25,0.6316424736006643,0.6316424736006643,ground,1
-34.375,33.125,0.25,0.6292022558204551,0.6292022558204551,ground,1
-34.375,35.875,0.25,0.6835472276785889,0.6835472276785889,ground,1
-34.375,43.125,0.25,0.6688121773477445,0.6688121773477445,ground,1
-34.375,50.375,0.25,3.486176702239782,3.486176702239782,vegetation,1
-34.375,52.625,0.25,1.6692917717280549,1.6692917717280549,vegetation,1
-34.375,64.625,0.25,0.7520911859321759,0.7520911859321759,ground,1
-34.375,70.375,0.25,0.8436274081703501,0.8436274081703501,ground,1
-34.375,87.625,0.25,0.8586658837958301,0.8586658837958301,ground,1
-34.375,90.375,0.25,0.8312088755822702,0.8312088755822702,ground,1
-34.125,-74.625,0.25,1.325890619876257,1.325890619876257,vegetation,1
-34.125,-71.125,0.25,0.2571671960149149,0.2571671960149149,ground,1
-34.125,-62.375,0.25,1.3948928213819718,1.3948928213819718,vegetation,1
-34.125,-61.625,0.25,3.2663619523936647,3.2663619523936647,vegetation,1
-34.125,-50.375,0.25,2.869313289703287,2.869313289703287,vegetation,1
-34.125,-44.875,0.25,0.3655073495310195,0.3655073495310195,ground,1
-34.125,-32.625,0.25,0.375932941420434,0.375932941420434,ground,1
-34.125,-2.875,0.25,0.5030065915507274,0.5030065915507274,ground,1
-34.125,12.125,0.25,0.4922011430650505,0.4922011430650505,ground,1
-34.125,27.875,0.25,0.5941506913847967,0.5941506913847967,ground,1
-34.125,34.875,0.25,0.637402466726155,0.637402466726155,ground,1
-34.125,53.125,0.25,0.7019072988074636,0.7019072988074636,ground,1
-34.125,55.875,0.25,2.150411149656326,2.150411149656326,vegetation,1
-33.875,-76.375,0.25,0.17924796972275878,0.17924796972275878,ground,1
-33.875,-62.875,0.25,0.272717141746751,0.272717141746751,ground,1
-33.875,-59.125,0.25,0.25359119872848823,0.25359119872848823,ground,1
-33.875,-55.375,0.25,0.2991732168320779,0.2991732168320779,ground,1
-33.875,-51.875,0.25,0.3329929166270441,0.3329929166270441,ground,1
-33.875,-47.375,0.25,0.34612770418789224,0.34612770418789224,ground,1
-33.875,-39.875,0.25,0.35445028714432886,0.35445028714432886,ground,1
-33.875,-35.375,0.25,0.37273250993901974,0.37273250993901974,ground,1
-33.875,-26.875,0.25,0.43207628583672253,0.43207628583672253,ground,1
-33.875,-12.625,0.25,0.48860835578114037,0.48860835578114037,ground,1
-33.875,-4.125,0.25,0.4531183636737832,0.4531183636737832,ground,1
-33.875,1.125,0.25,0.46655103673768494,0.46655103673768494,ground,1
-33.875,10.625,0.25,0.5155411802353281,0.5155411802353281,ground,1
-33.875,41.625,0.25,0.6767136226078997,0.6767136226078997,ground,1
-33.625,-87.125,0.25,0.15078230796640907,0.15078230796640907,ground,1
-33.625,-75.625,0.25,0.1982051421879295,0.1982051421879295,ground,1
-33.625,-75.125,0.25,0.1854687293063526,0.1854687293063526,ground,1
-33.625,-66.125,0.25,0.252042264068713,0.252042264068713,ground,1
-33.625,-8.875,0.25,0.429222263322447,0.429222263322447,ground,1
-33.625,-5.625,0.25,0.4919379613819715,0.4919379613819715,ground,1
-33.625,2.625,0.25,0.4915400246388605,0.4915400246388605,ground,1
-33.625,11.125,0.25,0.514115303396899,0.514115303396899,ground,1
-33.625,25.625,0.25,0.6192481333237178,0.6192481333237178,ground,1
-33.625,29.625,0.25,0.6361692870184412,0.6361692870184412,ground,1
-33.625,33.125,0.25,0.6631826894854375,0.6631826894854375,ground,1
-33.625,37.125,0.25,3.140402684633198,3.140402684633198,vegetation,1
-33.625,37.875,0.25,1.7732122022193426,1.7732122022193426,vegetation,1
-33.625,43.375,0.25,2.8240354395486533,2.8240354395486533,vegetation,1
-33.625,48.875,0.25,0.7239718534177192,0.7239718534177192,ground,1
-33.625,75.125,0.25,2.858446262850398,2.858446262850398,vegetation,1
-33.625,90.625,0.25,0.8760767509160963,0.8760767509160963,ground,1
-33.625,93.375,0.25,2.7740489223651883,2.7740489223651883,vegetation,1
-33.375,-73.875,0.25,0.17147451936071498,0.17147451936071498,ground,1
-33.375,-41.125,0.25,0.3367394169544832,0.3367394169544832,ground,1
-33.375,-39.375,0.25,0.34286669874735315,0.34286669874735315,ground,1
-33.375,-37.625,0.25,0.33656454517170625,0.33656454517170625,ground,1
-33.375,-23.125,0.25,0.40402073199016025,0.40402073199016025,ground,1
-33.375,-17.875,0.25,0.46792183980757823,0.46792183980757823,ground,1
-33.375,-14.125,0.25,0.47359346534010394,0.47359346534010394,ground,1
-33.375,-4.125,0.25,0.49672594006741827,0.49672594006741827,ground,1
-33.375,-1.125,0.25,0.49650239621571085,0.49650239621571085,ground,1
-33.375,1.125,0.25,0.5183163199902345,0.5183163199902345,ground,1
-33.375,1.375,0.25,0.5353788209062841,0.5353788209062841,ground,1
-33.375,2.625,0.25,0.5254227510900212,0.5254227510900212,ground,1
-33.375,22.875,0.25,0.5729128323726254,0.5729128323726254,ground,1
-33.375,50.625,0.25,1.8671194391068566,1.8671194391068566,vegetation,1
-33.375,62.125,0.25,2.6805298810890417,2.6805298810890417,vegetation,1
-33.125,-93.125,0.25,0.14354091495999527,0.14354091495999527,ground,1
-33.125,-89.125,0.25,0.128375438539507,0.128375438539507,ground,1
-33.125,-64.125,0.25,0.23240530851282956,0.23240530851282956,ground,1
-33.125,-60.375,0.25,1.4470406068607338,1.4470406068607338,vegetation,1
-33.125,-57.375,0.25,0.28096353810021973,0.28096353810021973,ground,1
-33.125,-57.125,0.25,1.2865875407478404,1.2865875407478404,vegetation,1
-33.125,-53.625,0.25,0.2886963143791326,0.2886963143791326,ground,1
-33.125,-32.125,0.25,2.833835263167871,2.833835263167871,vegetation,1
-33.125,-31.375,0.25,0.3881489852639762,0.3881489852639762,ground,1
-33.125,-26.375,0.25,2.0954700753343922,2.0954700753343922,vegetation,1
-33.125,-24.375,0.25,0.3875917637242487,0.3875917637242487,ground,1
-33.125,-21.375,0.25,0.4293780061109645,0.4293780061109645,ground,1
-33.125,-16.625,0.25,0.44700645336672695,0.44700645336672695,ground,1
-33.125,-13.875,0.25,0.4490969079435262,0.4490969079435262,ground,1
-33.125,6.375,0.25,0.5367663574357755,0.5367663574357755,ground,1
-33.125,11.875,0.25,0.5819678460821319,0.5819678460821319,ground,1
-33.125,16.125,0.25,0.539377804312845,0.539377804312845,ground,1
-33.125,18.375,0.25,0.6157348853334553,0.6157348853334553,ground,1
-33.125,23.375,0.25,0.5635421813552828,0.5635421813552828,ground,1
-33.125,43.125,0.25,0.6635414465899747,0.6635414465899747,ground,1
-33.125,49.875,0.25,0.7158127261289873,0.7158127261289873,ground,1
-33.125,52.125,0.25,0.7271258456169928,0.7271258456169928,ground,1
-33.125,54.375,0.25,0.7223941162722063,0.7223941162722063,ground,1
-33.125,64.125,0.25,0.7756248357447525,0.7756248357447525,ground,1
-33.125,75.625,0.25,0.8662023032363465,0.8662023032363465,ground,1
-33.125,77.625,0.25,0.81536283872501,0.81536283872501,ground,1
-33.125,88.625,0.25,0.7788621900826448,0.7788621900826448,ground,1
-32.875,-74.625,0.25,2.980907056069311,2.980907056069311,vegetation,1
-32.875,-50.625,0.25,0.2674472864165425,0.2674472864165425,ground,1
-32.875,-46.375,0.25,0.30262022852978215,0.30262022852978215,ground,1
-32.875,-21.625,0.25,0.40207082559306306,0.40207082559306306,ground,1
-32.875,-12.875,0.25,0.44360214722762425,0.44360214722762425,ground,1
-32.875,-1.625,0.25,0.4580934504309674,0.4580934504309674,ground,1
-32.875,2.625,0.25,0.4723296163034504,0.4723296163034504,ground,1
-32.875,5.125,0.25,0.5369130463533446,0.5369130463533446,ground,1
-32.875,11.625,0.25,0.5409213582918003,0.5409213582918003,ground,1
-32.875,27.125,0.25,1.4722688252330205,1.4722688252330205,vegetation,1
-32.875,28.625,0.25,0.6211409013786108,0.6211409013786108,ground,1
-32.875,39.125,0.25,0.5862858385361309,0.5862858385361309,ground,1
-32.875,42.125,0.25,0.6797726628335111,0.6797726628335111,ground,1
-32.875,56.125,0.25,0.671408923322008,0.671408923322008,ground,1
-32.875,73.875,0.25,2.110089933160952,2.110089933160952,vegetation,1
-32.875,82.125,0.25,1.9351469803251473,1.9351469803251473,vegetation,1
-32.625,-87.125,0.25,0.11119874529393367,0.11119874529393367,ground,1
-32.625,-59.625,0.25,0.2593361317668406,0.2593361317668406,ground,1
-32.625,-52.875,0.25,0.32432213055729414,0.32432213055729414,ground,1
-32.625,-50.125,0.25,0.3037870873132399,0.3037870873132399,ground,1
-32.625,-37.125,0.25,0.3184494376558041,0.3184494376558041,ground,1
-32.625,-36.125,0.25,0.3189931873834932,0.3189931873834932,ground,1
-32.625,-30.125,0.25,0.37409936905807684,0.37409936905807684,ground,1
-32.625,-28.125,0.25,1.5761316501204938,1.5761316501204938,vegetation,1
-32.625,-27.125,0.25,0.38747982552852417,0.38747982552852417,ground,1
-32.625,-20.875,0.25,0.3947303139377969,0.3947303139377969,ground,1
-32.625,-14.125,0.25,0.43196441055273327,0.43196441055273327,ground,1
-32.625,-4.625,0.25,0.49610518263896486,0.49610518263896486,ground,1
-32.625,0.375,0.25,0.504730906375713,0.504730906375713,ground,1
-32.625,1.125,0.25,0.5426172466908585,0.5426172466908585,ground,1
-32.625,66.875,0.25,1.9764548216229536,1.9764548216229536,vegetation,1
-32.625,67.375,0.25,0.7804381401481656,0.7804381401481656,ground,1
-32.375,-93.625,0.25,1.6923488857266213,1.6923488857266213,vegetation,1
-32.375,-92.375,0.25,0.12384719589871236,0.12384719589871236,ground,1
-32.375,-87.375,0.25,1.3741611242072078,1.3741611242072078,vegetation,1
-32.375,-62.375,0.25,0.26763680995819017,0.26763680995819017,ground,1
-32.375,-43.375,0.25,0.3501272826214771,0.3501272826214771,ground,1
-32.375,-27.375,0.25,3.2564456337579997,3.2564456337579997,vegetation,1
-32.375,-4.875,0.25,0.49472657408328863,0.49472657408328863,ground,1
-32.375,-3.125,0.25,0.46202294729205073,0.46202294729205073,ground,1
-32.375,5.375,0.25,0.47535620225021796,0.47535620225021796,ground,1
-32.375,11.375,0.25,0.524398685643303,0.524398685643303,ground,1
-32.375,18.625,0.25,0.5476539135455207,0.5476539135455207,ground,1
-32.375,20.625,0.25,0.5947688246286569,0.5947688246286569,ground,1
-32.375,30.375,0.25,0.6285154827193571,0.6285154827193571,ground,1
-32.375,34.625,0.25,0.6487096786027398,0.6487096786027398,ground,1
-32.375,37.125,0.25,0.6442662363387229,0.6442662363387229,ground,1
-32.375,40.875,0.25,0.6550584808415462,0.6550584808415462,ground,1
-32.375,51.375,0.25,0.6465461422389072,0.6465461422389072,ground,1
-32.375,58.125,0.25,0.7063549835561443,0.7063549835561443,ground,1
-32.375,78.375,0.25,0.7874074547134843,0.7874074547134843,ground,1
-32.375,88.375,0.25,3.535443594048201,3.535443594048201,vegetation,1
-32.125,-63.375,0.25,0.2536996184482176,0.2536996184482176,ground,1
-32.125,12.125,0.25,0.5374405097668624,0.5374405097668624,ground,1
-32.125,17.625,0.25,0.583364625590582,0.583364625590582,ground,1
-32.125,35.375,0.25,1.5074294713167573,1.5074294713167573,vegetation,1
-32.125,37.375,0.25,0.6264591214422026,0.6264591214422026,ground,1
-32.125,47.375,0.25,0.6582098675678735,0.6582098675678735,ground,1
-32.125,49.875,0.25,0.6809176588540429,0.6809176588540429,ground,1
-32.125,66.875,0.25,0.7784545232749487,0.7784545232749487,ground,1
-32.125,81.875,0.25,0.8009016931225396,0.8009016931225396,ground,1
-32.125,91.875,0.25,2.8170961052043184,2.8170961052043184,vegetation,1
-31.875,-88.875,0.25,0.11866207552289634,0.11866207552289634,ground,1
-31.875,-79.125,0.25,0.1835933794339946,0.1835933794339946,ground,1
-31.875,-51.375,0.25,2.421146536224584,2.421146536224584,vegetation,1
-31.875,-48.625,0.25,0.26149648681370397,0.26149648681370397,ground,1
-31.875,-43.875,0.25,0.32842953870667646,0.32842953870667646,ground,1
-31.875,-42.125,0.25,2.3733565492702313,2.3733565492702313,vegetation,1
-31.875,-36.375,0.25,3.046729208137225,3.046729208137225,vegetation,1
-31.875,-24.875,0.25,0.38890542603748723,0.38890542603748723,ground,1
-31.875,-22.375,0.25,0.3903732548072669,0.3903732548072669,ground,1
-31.875,-20.125,0.25,0.40802720661339253,0.40802720661339253,ground,1
-31.875,-15.875,0.25,0.38062902746223987,0.38062902746223987,ground,1
-31.875,-14.125,0.25,0.4220857504622075,0.4220857504622075,ground,1
-31.875,-6.875,0.25,0.4191771407001453,0.4191771407001453,ground,1
-31.875,-3.375,0.25,0.48915055996160894,0.48915055996160894,ground,1
-31.875,17.875,0.25,0.5655603737560525,0.5655603737560525,ground,1
-31.875,22.625,0.25,0.5872687082768,0.5872687082768,ground,1
-31.875,26.375,0.25,2.790163050392546,2.790163050392546,vegetation,1
-31.875,28.125,0.25,2.1511486373449182,2.1511486373449182,vegetation,1
-31.875,63.875,0.25,0.6858245739209483,0.6858245739209483,ground,1
-31.875,70.625,0.25,0.7818376560223678,0.7818376560223678,ground,1
-31.875,71.875,0.25,0.7330648705860533,0.7330648705860533,ground,1
-31.625,-91.625,0.25,2.223176081576015,2.223176081576015,vegetation,1
-31.625,-58.625,0.25,0.21565228374280143,0.21565228374280143,ground,1
-31.625,-52.375,0.25,3.1238540370814323,3.1238540370814323,vegetation,1
-31.625,-51.125,0.25,0.29089471082080687,0.29089471082080687,ground,1
-31.625,-49.125,0.25,0.25656748255651124,0.25656748255651124,ground,1
-31.625,-47.375,0.25,3.065391910194548,3.065391910194548,vegetation,1
-31.625,-37.125,0.25,0.361986114589014,0.361986114589014,ground,1
-31.625,-33.625,0.25,0.32697879662198276,0.32697879662198276,ground,1
-31.625,-30.875,0.25,0.35245254765224193,0.35245254765224193,ground,1
-31.625,-28.375,0.25,1.5067282854530388,1.5067282854530388,vegetation,1
-31.625,-27.875,0.25,0.3483351777270553,0.3483351777270553,ground,1
-31.625,-26.125,0.25,0.34146712384333133,0.34146712384333133,ground,1
-31.625,-11.875,0.25,0.45692883944555057,0.45692883944555057,ground,1
-31.625,-8.625,0.25,0.4691948877158246,0.4691948877158246,ground,1
-31.625,3.125,0.25,0.4999892833740617,0.4999892833740617,ground,1
-31.625,5.125,0.25,0.5242004781105395,0.5242004781105395,ground,1
-31.625,11.625,0.25,0.5646513631865846,0.5646513631865846,ground,1
-31.625,26.625,0.25,0.6209127094443835,0.6209127094443835,ground,1
-31.625,32.875,0.25,1.8365694288725987,1.8365694288725987,vegetation,1
-31.625,38.125,0.25,0.6409840104445956,0.6409840104445956,ground,1
-31.625,54.875,0.25,0.6828440780827089,0.6828440780827089,ground,1
-31.625,59.875,0.25,0.7311054597562271,0.7311054597562271,ground,1
-31.625,64.625,0.25,0.7371948191719744,0.7371948191719744,ground,1
-31.375,-89.625,0.25,0.1286656949582063,0.1286656949582063,ground,1
-31.375,-63.625,0.25,0.22096808448731212,0.22096808448731212,ground,1
-31.375,-60.625,0.25,0.19465691010999142,0.19465691010999142,ground,1
-31.375,-45.375,0.25,1.9472922339690246,1.9472922339690246,vegetation,1
-31.375,-35.875,0.25,1.5480032064235947,1.5480032064235947,vegetation,1
-31.375,-34.625,0.25,0.3217698553064245,0.3217698553064245,ground,1
-31.375,-30.125,0.25,0.34446759568911867,0.34446759568911867,ground,1
-31.375,-25.875,0.25,2.528749692478915,2.528749692478915,vegetation,1
-31.375,-15.375,0.25,0.40887116566268406,0.40887116566268406,ground,1
-31.375,-13.375,0.25,0.41743072348026716,0.41743072348026716,ground,1
-31.375,-5.125,0.25,0.4853506544869076,0.4853506544869076,ground,1
-31.375,-0.125,0.25,0.465708155736765,0.465708155736765,ground,1
-31.375,17.125,0.25,0.519299001288724,0.519299001288724,ground,1
-31.375,19.375,0.25,0.5571814005258271,0.5571814005258271,ground,1
-31.375,26.125,0.25,0.5097815455985524,0.5097815455985524,ground,1
-31.375,29.625,0.25,0.6157341214991391,0.6157341214991391,ground,1
-31.375,75.375,0.25,0.7512893789603663,0.7512893789603663,ground,1
-31.125,-61.875,0.25,1.1998180907213718,1.1998180907213718,vegetation,1
-31.125,-59.625,0.25,0.20635352804474175,0.20635352804474175,ground,1
-31.125,-48.875,0.25,0.2578184205376043,0.2578184205376043,ground,1
-31.125,-35.125,0.25,0.2939722387996437,0.2939722387996437,ground,1
-31.125,-26.125,0.25,0.3729408068547682,0.3729408068547682,ground,1
-31.125,17.375,0.25,0.5280586169815872,0.5280586169815872,ground,1
-31.125,38.875,0.25,3.067053844957098,1.837146017700709,ground,2
-31.125,56.125,0.25,0.7231953992569657,0.7231953992569657,ground,1
-31.125,62.125,0.25,0.7366719114485446,0.7366719114485446,ground,1
-31.125,67.125,0.25,0.7172781599934286,0.7172781599934286,ground,1
-31.125,73.375,0.25,0.775367532943386,0.775367532943386,ground,1
-30.875,-89.125,0.25,0.07799325158738814,0.07799325158738814,ground,1
-30.875,-73.125,0.25,0.17015196791328427,0.17015196791328427,ground,1
-30.875,-62.875,0.25,1.6680155486848858,1.6680155486848858,vegetation,1
-30.875,-50.875,0.25,0.2879558238732074,0.2879558238732074,ground,1
-30.875,-37.625,0.25,3.252292775314741,3.252292775314741,vegetation,1
-30.875,-32.375,0.25,0.3012098205081138,0.3012098205081138,ground,1
-30.875,-12.625,0.25,0.34618486508586666,0.34618486508586666,ground,1
-30.875,-2.125,0.25,0.49371264822765215,0.49371264822765215,ground,1
-30.875,0.625,0.25,0.48172073479097227,0.48172073479097227,ground,1
-30.875,15.375,0.25,0.545318487476545,0.545318487476545,ground,1
-30.875,17.125,0.25,0.5141635142908609,0.5141635142908609,ground,1
-30.875,58.375,0.25,0.7170430811823342,0.7170430811823342,ground,1
-30.875,62.375,0.25,0.7087561532170444,0.7087561532170444,ground,1
-30.875,63.625,0.25,3.7372076393473614,3.7372076393473614,vegetation,1
-30.875,81.125,0.25,3.0489270505889285,3.0489270505889285,vegetation,1
-30.875,82.375,0.25,0.8072845651075745,0.8072845651075745,ground,1
-30.875,87.125,0.25,0.7826655826800981,0.7826655826800981,ground,1
-30.625,-76.125,0.25,0.17589446985659418,0.17589446985659418,ground,1
-30.625,-69.875,0.25,1.014505452610682,1.014505452610682,vegetation,1
-30.625,-55.375,0.25,0.23641717858337274,0.23641717858337274,ground,1
-30.625,-45.125,0.25,1.951524101560428,1.951524101560428,vegetation,1
-30.625,-37.125,0.25,1.6617125207020866,1.6617125207020866,vegetation,1
-30.625,-32.375,0.25,2.4515108823562457,2.4515108823562457,vegetation,1
-30.625,-25.125,0.25,0.3444092540545781,0.3444092540545781,ground,1
-30.625,19.125,0.25,0.542595831874728,0.542595831874728,ground,1
-30.625,29.875,0.25,3.154695091026242,3.154695091026242,vegetation,1
-30.625,37.875,0.25,0.5886241094528589,0.5886241094528589,ground,1
-30.625,57.375,0.25,1.9208938333431695,1.9208938333431695,vegetation,1
-30.625,71.375,0.25,2.387000491554287,2.387000491554287,vegetation,1
-30.375,-82.625,0.25,2.3946833003113204,2.3946833003113204,vegetation,1
-30.375,-56.375,0.25,1.4635905123568225,1.4635905123568225,vegetation,1
-30.375,-51.375,0.25,2.802754783322663,2.802754783322663,vegetation,1
-30.375,-41.625,0.25,2.6460152504400556,2.6460152504400556,vegetation,1
-30.375,-38.875,0.25,2.4500555068176952,2.4500555068176952,vegetation,1
-30.375,-18.375,0.25,0.40040219330700305,0.40040219330700305,ground,1
-30.375,-17.875,0.25,0.3821735874296168,0.3821735874296168,ground,1
-30.375,-3.125,0.25,0.45685081056896576,0.45685081056896576,ground,1
-30.375,21.875,0.25,0.5402006240695614,0.5402006240695614,ground,1
-30.375,22.625,0.25,0.536982625224149,0.536982625224149,ground,1
-30.375,48.875,0.25,3.4034541018237596,3.3415737011997297,vegetation,2
-30.375,58.875,0.25,0.7030406458056415,0.6993428511804314,ground,2
-30.375,61.375,0.25,2.8110540838317055,2.8110540838317055,vegetation,1
-30.125,-67.125,0.25,1.4370827618511757,1.4370827618511757,vegetation,1
-30.125,-62.125,0.25,1.5883971730254234,1.5883971730254234,vegetation,1
-30.125,-59.625,0.25,0.20358553164702145,0.20358553164702145,ground,1
-30.125,-49.625,0.25,0.25168139247228244,0.25168139247228244,ground,1
-30.125,-31.375,0.25,0.33492211556785484,0.33492211556785484,ground,1
-30.125,-27.375,0.25,0.3436879068904525,0.3436879068904525,ground,1
-30.125,7.625,0.25,0.4856607606133764,0.4856607606133764,ground,1
-30.125,9.375,0.25,0.4949794492367452,0.4949794492367452,ground,1
-30.125,9.875,0.25,0.47952981140177176,0.47952981140177176,ground,1
-30.125,34.125,0.25,2.2527423243629006,2.2527423243629006,vegetation,1
-30.125,38.625,0.25,0.6001882265515028,0.6001882265515028,ground,1
-30.125,51.625,0.25,0.6104853033160447,0.6104853033160447,ground,1
-30.125,55.375,0.25,0.6949719636899363,0.6949719636899363,ground,1
-30.125,60.125,0.25,0.7180565537237706,0.7180565537237706,ground,1
-30.125,76.875,0.25,1.6403774597164194,1.6403774597164194,vegetation,1
-30.125,88.625,0.25,2.585998649200013,2.585998649200013,vegetation,1
-30.125,91.125,0.25,0.8361799340543851,0.8073901584226284,ground,2
-30.125,91.875,0.25,1.8562625252709373,1.8562625252709373,vegetation,1
-29.875,-75.875,0.25,0.14669625972155298,0.14669625972155298,ground,1
-29.875,-64.125,0.25,1.1124637198732237,1.1124637198732237,vegetation,1
-29.875,-61.875,0.25,0.2610506078414304,0.2610506078414304,ground,1
-29.875,-61.625,0.25,2.832966136134515,2.832966136134515,vegetation,1
-29.875,-54.125,0.25,1.5150986800682893,1.5150986800682893,vegetation,1
-29.875,-47.625,0.25,0.274383179472782,0.274383179472782,ground,1
-29.875,-45.875,0.25,1.3731111820924042,1.3731111820924042,vegetation,1
-29.875,-28.625,0.25,0.3405336821530624,0.3405336821530624,ground,1
-29.875,-27.375,0.25,0.32938625227030466,0.32938625227030466,ground,1
-29.875,-17.625,0.25,0.404260696761034,0.404260696761034,ground,1
-29.875,-15.375,0.25,0.40620907617611407,0.40620907617611407,ground,1
-29.875,-7.375,0.25,0.38805861517766255,0.38805861517766255,ground,1
-29.875,-6.625,0.25,0.4155242746919308,0.4155242746919308,ground,1
-29.875,-2.375,0.25,0.48937609853188224,0.48937609853188224,ground,1
-29.875,5.625,0.25,0.47299299507739856,0.47299299507739856,ground,1
-29.875,6.625,0.25,0.49282626876252306,0.49282626876252306,ground,1
-29.875,25.375,0.25,0.5005523443830433,0.5005523443830433,ground,1
-29.875,36.375,0.25,0.5481862021199669,0.5481862021199669,ground,1
-29.875,61.375,0.25,0.6844457785507749,0.6844457785507749,ground,1
-29.875,67.625,0.25,2.0729592126211807,2.0729592126211807,vegetation,1
-29.875,82.375,0.25,0.7696452637289439,0.7696452637289439,ground,1
-29.625,-73.125,0.25,0.15977586923047254,0.15977586923047254,ground,1
-29.625,-65.875,0.25,0.15756748181983252,0.15756748181983252,ground,1
-29.625,-64.875,0.25,0.16387462995100296,0.16387462995100296,ground,1
-29.625,-63.625,0.25,2.102364983716365,2.102364983716365,vegetation,1
-29.625,-62.875,0.25,0.1877984876909183,0.1877984876909183,ground,1
-29.625,-62.625,0.25,0.19815442357637647,0.19815442357637647,ground,1
-29.625,-45.625,0.25,2.9672323911127254,2.9672323911127254,vegetation,1
-29.625,-43.625,0.25,0.2259909156223549,0.2259909156223549,ground,1
-29.625,-18.875,0.25,0.3671860312624798,0.3671860312624798,ground,1
-29.625,-11.125,0.25,0.4435559108204225,0.4435559108204225,ground,1
-29.625,44.375,0.25,0.6161939893942917,0.6161939893942917,ground,1
-29.625,46.125,0.25,3.265303731420282,3.265303731420282,vegetation,1
-29.625,48.125,0.25,2.2729715951518528,2.2729715951518528,vegetation,1
-29.625,52.625,0.25,0.6835994783664735,0.6835994783664735,ground,1
-29.625,60.625,0.25,2.2891362962705384,2.2891362962705384,vegetation,1
-29.625,76.375,0.25,0.7332323377958334,0.7332323377958334,ground,1
-29.625,83.125,0.25,0.7819097676524092,0.7819097676524092,ground,1
-29.375,-61.375,0.25,1.311902319400396,0.7476324312195419,ground,2
-29.375,-42.125,0.25,0.2659895346079732,0.2659895346079732,ground,1
-29.375,-31.875,0.25,1.2646650047168846,1.2646650047168846,vegetation,1
-29.375,-30.875,0.25,0.3006309315827964,0.3006309315827964,ground,1
-29.375,-5.625,0.25,0.4457989735024611,0.4457989735024611,ground,1
-29.375,5.375,0.25,0.4763407152349385,0.4763407152349385,ground,1
-29.375,6.125,0.25,0.504990229489096,0.504990229489096,ground,1
-29.375,16.375,0.25,0.47704844344045716,0.47704844344045716,ground,1
-29.375,29.875,0.25,2.5971391137760484,2.5971391137760484,vegetation,1
-29.375,42.875,0.25,3.4540529409529377,3.4540529409529377,vegetation,1
-29.375,44.125,0.25,0.6117028324635717,0.6117028324635717,ground,1
-29.375,58.125,0.25,0.6519292716755699,0.6519292716755699,ground,1
-29.375,60.125,0.25,0.6367169448851493,0.6367169448851493,ground,1
-29.375,75.625,0.25,0.7465448133790352,0.7465448133790352,ground,1
-29.125,-92.375,0.25,2.3803570323387073,2.3803570323387073,vegetation,1
-29.125,-72.875,0.25,2.822256531561906,2.822256531561906,vegetation,1
-29.125,-69.125,0.25,0.1383537240134955,0.1383537240134955,ground,1
-29.125,-43.625,0.25,2.0621792500300447,2.0621792500300447,vegetation,1
-29.125,-42.375,0.25,0.2598688483026087,0.2598688483026087,ground,1
-29.125,-26.375,0.25,0.30282199342151017,0.30282199342151017,ground,1
-29.125,-20.875,0.25,0.3386470789415539,0.3386470789415539,ground,1
-29.125,-19.375,0.25,0.3522088150106013,0.3522088150106013,ground,1
-29.125,-18.875,0.25,0.3463946094921301,0.3463946094921301,ground,1
-29.125,-15.625,0.25,0.34789668334357965,0.34789668334357965,ground,1
-29.125,-2.875,0.25,0.44229217492227335,0.44229217492227335,ground,1
-29.125,4.375,0.25,0.45805031613764996,0.45805031613764996,ground,1
-29.125,10.625,0.25,0.46148262832165005,0.46148262832165005,ground,1
-29.125,16.875,0.25,0.496879909805355,0.496879909805355,ground,1
-29.125,63.375,0.25,0.640724224721386,0.640724224721386,ground,1
-29.125,66.625,0.25,0.6849267107299518,0.6849267107299518,ground,1
-29.125,82.375,0.25,0.7438539057194578,0.7438539057194578,ground,1
-29.125,86.625,0.25,0.7549558173349544,0.7549558173349544,ground,1
-28.875,-84.125,0.25,0.14218557378651936,0.14218557378651936,ground,1
-28.875,-82.875,0.25,1.1151767295718253,1.1151767295718253,vegetation,1
-28.875,-79.625,0.25,0.06475407558659818,0.06475407558659818,ground,1
-28.875,-77.125,0.25,0.1785666681219317,0.1785666681219317,ground,1
-28.875,-72.625,0.25,0.13996781450402684,0.13996781450402684,ground,1
-28.875,-42.875,0.25,0.25482406898599125,0.25482406898599125,ground,1
-28.875,-35.875,0.25,1.243341839678586,1.243341839678586,vegetation,1
-28.875,-33.375,0.25,1.6389887644963852,1.6389887644963852,vegetation,1
-28.875,-31.375,0.25,2.6598067718163785,2.6598067718163785,vegetation,1
-28.875,-16.125,0.25,0.3790550389098663,0.3790550389098663,ground,1
-28.875,-7.625,0.25,0.3754599991366186,0.3754599991366186,ground,1
-28.875,-5.375,0.25,0.39238932059056375,0.39238932059056375,ground,1
-28.875,-3.875,0.25,0.38880325453533376,0.38880325453533376,ground,1
-28.875,4.125,0.25,0.4245105664969992,0.4245105664969992,ground,1
-28.875,9.125,0.25,0.484600549275861,0.484600549275861,ground,1
-28.875,13.875,0.25,0.47750293776450514,0.47750293776450514,ground,1
-28.875,26.125,0.25,3.283426527993602,3.283426527993602,vegetation,1
-28.875,28.375,0.25,0.5408835114249252,0.5408835114249252,ground,1
-28.875,28.875,0.25,3.3079230594662627,3.3079230594662627,vegetation,1
-28.875,78.875,0.25,0.7596381429149262,0.7596381429149262,ground,1
-28.625,-84.375,0.25,0.08606747418270914,0.08606747418270914,ground,1
-28.625,-82.625,0.25,2.559397210709709,2.559397210709709,vegetation,1
-28.625,-77.875,0.25,0.13228753388216155,0.13228753388216155,ground,1
-28.625,-64.125,0.25,0.18783276857273098,0.18783276857273098,ground,1
-28.625,-46.625,0.25,2.677399460980664,2.677399460980664,vegetation,1
-28.625,-41.125,0.25,0.24194331316861048,0.24194331316861048,ground,1
-28.625,-36.625,0.25,0.26984346319127805,0.26984346319127805,ground,1
-28.625,-27.875,0.25,0.2896815825902111,0.2896815825902111,ground,1
-28.625,1.125,0.25,0.467526678101552,0.467526678101552,ground,1
-28.625,4.125,0.25,0.46935447838430433,0.46935447838430433,ground,1
-28.625,5.875,0.25,0.4629440556672854,0.4629440556672854,ground,1
-28.625,6.125,0.25,0.47270423528954136,0.47270423528954136,ground,1
-28.625,12.625,0.25,0.5040141313466663,0.5040141313466663,ground,1
-28.625,28.125,0.25,0.5838259071948022,0.5838259071948022,ground,1
-28.625,72.375,0.25,2.8611119788986983,2.8611119788986983,vegetation,1
-28.625,76.875,0.25,0.7326605309903597,0.7326605309903597,ground,1
-28.625,94.375,0.25,0.7698390822488665,0.7698390822488665,ground,1
-28.375,-74.375,0.25,0.057795078065823985,0.057795078065823985,ground,1
-28.375,-61.375,0.25,2.788385752676934,2.788385752676934,vegetation,1
-28.375,-51.625,0.25,1.6924135721377267,1.6924135721377267,vegetation,1
-28.375,-33.125,0.25,0.2722989480934585,0.2722989480934585,ground,1
-28.375,-31.125,0.25,2.5971482735162548,2.5971482735162548,vegetation,1
-28.375,-24.125,0.25,0.3278185319180503,0.3278185319180503,ground,1
-28.375,-19.875,0.25,0.3185627820176653,0.3185627820176653,ground,1
-28.375,-18.125,0.25,0.3494470983934776,0.3494470983934776,ground,1
-28.375,-9.375,0.25,0.3668309068182255,0.3668309068182255,ground,1
-28.375,-8.375,0.25,0.4157559117139629,0.4157559117139629,ground,1
-28.375,-7.875,0.25,0.3889311203642207,0.3889311203642207,ground,1
-28.375,18.375,0.25,0.5307057563859453,0.5307057563859453,ground,1
-28.375,47.875,0.25,0.5625856473288258,0.5625856473288258,ground,1
-28.375,64.375,0.25,0.6692305110978177,0.6692305110978177,ground,1
-28.375,75.875,0.25,3.306117884308227,3.306117884308227,vegetation,1
-28.125,-67.875,0.25,0.13963744480953783,0.13963744480953783,ground,1
-28.125,-65.625,0.25,2.6135099304680867,2.6135099304680867,vegetation,1
-28.125,-63.875,0.25,0.17098691905721244,0.17098691905721244,ground,1
-28.125,-48.125,0.25,0.23196075053635826,0.23196075053635826,ground,1
-28.125,-37.875,0.25,0.2750286700183809,0.2750286700183809,ground,1
-28.125,-25.875,0.25,0.32800299957217655,0.32800299957217655,ground,1
-28.125,-14.625,0.25,0.40787543607897925,0.40787543607897925,ground,1
-28.125,-9.375,0.25,0.3943656978800077,0.3943656978800077,ground,1
-28.125,0.375,0.25,0.42597070963329653,0.42597070963329653,ground,1
-28.125,8.375,0.25,0.5034129315431858,0.5034129315431858,ground,1
-28.125,16.875,0.25,0.5042660232405496,0.5042660232405496,ground,1
-28.125,18.875,0.25,0.5146129457081784,0.5146129457081784,ground,1
-28.125,23.625,0.25,0.5196705879961789,0.5196705879961789,ground,1
-28.125,38.375,0.25,0.591191458003158,0.591191458003158,ground,1
-28.125,40.875,0.25,0.5890119182422344,0.5890119182422344,ground,1
-28.125,42.125,0.25,0.6467400749973361,0.6467400749973361,ground,1
-28.125,43.125,0.25,2.9660485451587837,2.9660485451587837,vegetation,1
-28.125,66.625,0.25,0.6888595153371094,0.6888595153371094,ground,1
-28.125,86.375,0.25,2.633881873858112,2.633881873858112,vegetation,1
-27.875,-93.625,0.25,0.1188968807518853,0.1188968807518853,ground,1
-27.875,-79.125,0.25,0.06919798638104331,0.06919798638104331,ground,1
-27.875,-68.875,0.25,0.17062395904185026,0.17062395904185026,ground,1
-27.875,-60.625,0.25,2.276810107831314,2.276810107831314,vegetation,1
-27.875,-44.625,0.25,2.3930550829658315,2.3930550829658315,vegetation,1
-27.875,-36.375,0.25,2.3040516766424144,2.3040516766424144,vegetation,1
-27.875,-35.375,0.25,0.30935301649407576,0.30935301649407576,ground,1
-27.875,-33.875,0.25,0.3243939035555197,0.3243939035555197,ground,1
-27.875,-31.875,0.25,0.2950175092797312,0.2950175092797312,ground,1
-27.875,-25.625,0.25,2.2194583185854215,2.2194583185854215,vegetation,1
-27.875,-13.625,0.25,0.34748002735844924,0.34748002735844924,ground,1
-27.875,3.375,0.25,0.4578122386637664,0.4302219376934745,ground,2
-27.875,8.625,0.25,0.4830920239281762,0.4830920239281762,ground,1
-27.875,10.625,0.25,0.4892708945228395,0.4892708945228395,ground,1
-27.875,13.625,0.25,0.47101202951496823,0.47101202951496823,ground,1
-27.875,14.125,0.25,0.49579616986375064,0.49579616986375064,ground,1
-27.875,17.875,0.25,0.4611482059174401,0.4611482059174401,ground,1
-27.875,23.375,0.25,0.46751708664556946,0.46751708664556946,ground,1
-27.875,29.625,0.25,3.355199130389356,3.355199130389356,vegetation,1
-27.875,39.125,0.25,2.389846713907378,2.389846713907378,vegetation,1
-27.875,58.375,0.25,0.6914737365832598,0.6914737365832598,ground,1
-27.875,83.375,0.25,1.8019300142689727,1.8019300142689727,vegetation,1
-27.625,-37.625,0.25,0.2687766095092139,0.2687766095092139,ground,1
-27.625,-26.875,0.25,1.8094656625624368,1.8094656625624368,vegetation,1
-27.625,-12.125,0.25,0.38375388646482367,0.38375388646482367,ground,1
-27.625,-0.625,0.25,0.4599367591065837,0.4599367591065837,ground,1
-27.625,13.875,0.25,0.462568028165679,0.462568028165679,ground,1
-27.625,21.125,0.25,0.5206372629795827,0.5206372629795827,ground,1
-27.625,34.125,0.25,0.5195113856251874,0.5195113856251874,ground,1
-27.625,35.875,0.25,3.2465242554790876,3.2465242554790876,vegetation,1
-27.625,52.875,0.25,0.6326127520579248,0.6326127520579248,ground,1
-27.625,65.625,0.25,0.6864858571356239,0.6864858571356239,ground,1
-27.625,75.125,0.25,1.6075463270388535,1.6075463270388535,vegetation,1
-27.625,96.125,0.25,2.1914602863703037,2.1914602863703037,vegetation,1
-27.375,-35.125,0.25,0.27455275152494485,0.27455275152494485,ground,1
-27.375,-23.875,0.25,0.3171436134087272,0.3171436134087272,ground,1
-27.375,-15.875,0.25,0.38107018697855977,0.38107018697855977,ground,1
-27.375,-9.125,0.25,0.342696060362593,0.342696060362593,ground,1
-27.375,-3.125,0.25,0.41858255639588293,0.41858255639588293,ground,1
-27.375,0.125,0.25,0.430309433814489,0.430309433814489,ground,1
-27.375,0.375,0.25,0.4172802241319079,0.4172802241319079,ground,1
-27.375,17.125,0.25,0.4512799754679564,0.4512799754679564,ground,1
-27.375,38.625,0.25,0.5853535893991257,0.5853535893991257,ground,1
-27.375,63.625,0.25,0.6192361935930064,0.6192361935930064,ground,1
-27.375,74.125,0.25,0.6776625468281141,0.6776625468281141,ground,1
-27.375,77.125,0.25,2.2325340393284496,2.2325340393284496,vegetation,1
-27.125,-85.125,0.25,0.07187214247897686,0.07187214247897686,ground,1
-27.125,-84.125,0.25,0.05996304401358577,0.05996304401358577,ground,1
-27.125,-65.125,0.25,0.12391444519034968,0.12391444519034968,ground,1
-27.125,-53.125,0.25,0.1856994153830025,0.1856994153830025,ground,1
-27.125,-7.625,0.25,0.3676462793545427,0.3676462793545427,ground,1
-27.125,4.875,0.25,0.4024765077615105,0.4024765077615105,ground,1
-27.125,14.875,0.25,0.49078932163804107,0.49078932163804107,ground,1
-27.125,17.625,0.25,0.46146020077690797,0.46146020077690797,ground,1
-27.125,21.375,0.25,0.5081954757761282,0.5081954757761282,ground,1
-27.125,30.625,0.25,2.5914776884634625,2.5914776884634625,vegetation,1
-27.125,37.875,0.25,2.050802007130347,2.050802007130347,vegetation,1
-27.125,47.375,0.25,0.558558435820142,0.558558435820142,ground,1
-27.125,77.125,0.25,0.7005296103089201,0.7005296103089201,ground,1
-27.125,78.375,0.25,0.7344759534020509,0.7344759534020509,ground,1
-27.125,84.875,0.25,0.7831959136441322,0.7831959136441322,ground,1
-27.125,93.125,0.25,3.2536565431654436,3.2536565431654436,vegetation,1
-26.875,-90.875,0.25,0.040650529673267245,0.040650529673267245,ground,1
-26.875,-71.125,0.25,0.11494220374004688,0.11494220374004688,ground,1
-26.875,-63.375,0.25,0.13641231827884678,0.13641231827884678,ground,1
-26.875,-37.125,0.25,0.2989065196071684,0.2989065196071684,ground,1
-26.875,-31.875,0.25,3.1995198070816437,3.1995198070816437,vegetation,1
-26.875,-20.625,0.25,0.30735642794335033,0.30735642794335033,ground,1
-26.875,-15.375,0.25,0.3089563538720944,0.3089563538720944,ground,1
-26.875,-10.125,0.25,0.3630276061941083,0.3630276061941083,ground,1
-26.875,11.125,0.25,0.4781718509286566,0.4781718509286566,ground,1
-26.875,13.875,0.25,0.47699813370023036,0.47699813370023036,ground,1
-26.875,14.125,0.25,0.45120794424080923,0.45120794424080923,ground,1
-26.875,18.375,0.25,0.47942883679726417,0.47942883679726417,ground,1
-26.875,19.875,0.25,0.4822246546879202,0.4822246546879202,ground,1
-26.875,30.375,0.25,0.48825960196421825,0.48825960196421825,ground,1
-26.875,72.625,0.25,2.6330386526744496,2.6330386526744496,vegetation,1
-26.625,-86.125,0.25,2.499846995022532,2.499846995022532,vegetation,1
-26.625,-70.375,0.25,0.08986595537973033,0.08986595537973033,ground,1
-26.625,-65.875,0.25,0.11661850547349148,0.11661850547349148,ground,1
-26.625,-61.125,0.25,2.167343414253974,2.167343414253974,vegetation,1
-26.625,-52.375,0.25,0.22118897328173942,0.22118897328173942,ground,1
-26.625,-52.125,0.25,0.22621624663612308,0.20384087578947319,ground,2
-26.625,-40.125,0.25,0.25770574176108585,0.25770574176108585,ground,1
-26.625,-39.875,0.25,0.2271869257968929,0.2271869257968929,ground,1
-26.625,2.875,0.25,0.40574192305494233,0.40574192305494233,ground,1
-26.625,6.875,0.25,0.4453387086697254,0.4453387086697254,ground,1
-26.625,36.125,0.25,1.7473801271695795,1.7473801271695795,vegetation,1
-26.625,47.875,0.25,0.6012023153730763,0.6012023153730763,ground,1
-26.625,49.375,0.25,0.5953574175602215,0.5953574175602215,ground,1
-26.625,68.375,0.25,2.6786276173343024,2.6786276173343024,vegetation,1
-26.375,-94.375,0.25,0.017238192927494244,0.017238192927494244,ground,1
-26.375,-30.125,0.25,0.2548294220496693,0.2548294220496693,ground,1
-26.375,-29.125,0.25,0.22801101143131117,0.22801101143131117,ground,1
-26.375,-14.375,0.25,0.286567789527983,0.286567789527983,ground,1
-26.375,7.625,0.25,0.42942866546427183,0.42942866546427183,ground,1
-26.375,14.375,0.25,0.4711121978700313,0.4711121978700313,ground,1
-26.375,41.625,0.25,0.5534054490786877,0.5534054490786877,ground,1
-26.375,47.875,0.25,0.571017003584553,0.571017003584553,ground,1
-26.375,69.125,0.25,0.6357163425906746,0.6357163425906746,ground,1
-26.375,77.875,0.25,3.3282986749980212,3.3282986749980212,vegetation,1
-26.375,85.375,0.25,1.650595468326732,1.650595468326732,vegetation,1
-26.375,90.125,0.25,0.8006471576283753,0.8006471576283753,ground,1
-26.125,-95.375,0.25,2.8561035317312986,2.8561035317312986,vegetation,1
-26.125,-89.875,0.25,0.020217415128714028,0.020217415128714028,ground,1
-26.125,-71.125,0.25,1.7618964822442043,1.7618964822442043,vegetation,1
-26.125,-61.625,0.25,1.6271383162559583,1.6271383162559583,vegetation,1
-26.125,-55.125,0.25,1.898650731262459,1.898650731262459,vegetation,1
-26.125,-46.625,0.25,2.344835747256589,2.344835747256589,vegetation,1
-26.125,-36.375,0.25,2.767012179315352,2.767012179315352,vegetation,1
-26.125,-27.625,0.25,2.0975821226337446,2.0975821226337446,vegetation,1
-26.125,-26.125,0.25,1.897321812508459,1.897321812508459,vegetation,1
-26.125,-0.125,0.25,0.4112803753884707,0.4112803753884707,ground,1
-26.125,10.625,0.25,0.45555095501513665,0.45555095501513665,ground,1
-26.125,54.875,0.25,0.5811955587969626,0.5811955587969626,ground,1
-26.125,55.875,0.25,0.6139081247106877,0.6139081247106877,ground,1
-26.125,63.875,0.25,0.688831528086045,0.688831528086045,ground,1
-26.125,76.875,0.25,0.6379907514434779,0.6379907514434779,ground,1
-26.125,84.375,0.25,2.9056572127989932,2.9056572127989932,vegetation,1
-26.125,92.125,0.25,0.7684237015097726,0.7684237015097726,ground,1
-25.875,-87.875,0.25,0.026993540364254776,0.026993540364254776,ground,1
-25.875,-67.875,0.25,0.135432767445619,0.135432767445619,ground,1
-25.875,-64.125,0.25,1.3603738194625512,1.3603738194625512,vegetation,1
-25.875,-63.125,0.25,0.14485406887048385,0.14485406887048385,ground,1
-25.875,-59.875,0.25,0.17135355593137347,0.17135355593137347,ground,1
-25.875,-38.875,0.25,1.608976008608424,1.608976008608424,vegetation,1
-25.875,-36.125,0.25,0.25077937458241445,0.25077937458241445,ground,1
-25.875,-31.625,0.25,0.24954098024554608,0.24954098024554608,ground,1
-25.875,-8.375,0.25,0.34525477979480423,0.3362547454410848,ground,2
-25.875,-5.125,0.25,0.3753959774694875,0.3753959774694875,ground,1
-25.875,-4.625,0.25,0.3640586925285973,0.3640586925285973,ground,1
-25.875,-4.125,0.25,0.3573262985512163,0.3573262985512163,ground,1
-25.875,28.625,0.25,0.5173694318703643,0.5173694318703643,ground,1
-25.875,44.125,0.25,0.5632719946715292,0.5632719946715292,ground,1
-25.875,50.125,0.25,0.6148693997195795,0.6148693997195795,ground,1
-25.875,51.375,0.25,2.7540119775765404,2.7540119775765404,vegetation,1
-25.875,60.125,0.25,0.6501472202631388,0.6501472202631388,ground,1
-25.875,63.375,0.25,0.6506227568350338,0.6506227568350338,ground,1
-25.875,79.125,0.25,3.443833144464878,3.443833144464878,vegetation,1
-25.625,-93.625,0.25,1.3222053213552374,1.3222053213552374,vegetation,1
-25.625,-87.875,0.25,3.0147219420185123,3.0147219420185123,vegetation,1
-25.625,-86.375,0.25,0.033559398609456254,0.033559398609456254,ground,1
-25.625,-85.625,0.25,2.6597907628503,2.6597907628503,vegetation,1
-25.625,-69.375,0.25,0.09698970671438907,0.09698970671438907,ground,1
-25.625,-58.875,0.25,0.11039023938593825,0.11039023938593825,ground,1
-25.625,-38.875,0.25,2.7173036861579773,2.7173036861579773,vegetation,1
-25.625,-13.375,0.25,0.2844323790385782,0.2844323790385782,ground,1
-25.625,-6.625,0.25,0.35300645823491633,0.35300645823491633,ground,1
-25.625,4.625,0.25,0.4118548391931155,0.4118548391931155,ground,1
-25.625,9.375,0.25,0.39020313526670836,0.39020313526670836,ground,1
-25.625,21.125,0.25,0.5159524777694069,0.5159524777694069,ground,1
-25.625,23.375,0.25,0.47799423282582226,0.47799423282582226,ground,1
-25.625,24.625,0.25,0.49061443311481456,0.49061443311481456,ground,1
-25.625,27.375,0.25,3.4145169135883675,3.4145169135883675,vegetation,1
-25.625,28.625,0.25,0.500732046943155,0.500732046943155,ground,1
-25.625,29.875,0.25,0.5437206736973031,0.5437206736973031,ground,1
-25.625,46.375,0.25,0.5416410678056217,0.5416410678056217,ground,1
-25.625,51.375,0.25,0.6107495396289883,0.6107495396289883,ground,1
-25.625,56.125,0.25,1.6440185084367753,1.6440185084367753,vegetation,1
-25.625,62.875,0.25,0.6042869638158808,0.6042869638158808,ground,1
-25.625,66.125,0.25,0.68833729425074,0.68833729425074,ground,1
-25.625,79.125,0.25,1.663009487393441,1.663009487393441,vegetation,1
-25.625,88.875,0.25,1.6292598818967312,1.6292598818967312,vegetation,1
-25.375,-34.125,0.25,0.22222289610556625,0.22222289610556625,ground,1
-25.375,-33.375,0.25,3.216048273072868,3.216048273072868,vegetation,1
-25.375,-18.125,0.25,0.33885612310536645,0.33885612310536645,ground,1
-25.375,-16.375,0.25,0.31584695399885104,0.31584695399885104,ground,1
-25.375,9.375,0.25,0.4012913969066826,0.4012913969066826,ground,1
-25.375,10.625,0.25,0.4224853596481284,0.4224853596481284,ground,1
-25.375,21.125,0.25,0.5070018289960886,0.5070018289960886,ground,1
-25.375,23.375,0.25,0.4939844082725914,0.4939844082725914,ground,1
-25.375,67.125,0.25,0.607545687749326,0.607545687749326,ground,1
-25.375,88.375,0.25,0.7050192094590751,0.7050192094590751,ground,1
-25.375,92.625,0.25,3.4255617619531415,3.4255617619531415,vegetation,1
-25.125,-76.125,0.25,0.04920535312514433,0.04920535312514433,ground,1
-25.125,-70.875,0.25,0.06460008821318221,0.06460008821318221,ground,1
-25.125,-52.625,0.25,2.249315571752803,2.249315571752803,vegetation,1
-25.125,-45.125,0.25,1.2083643756892541,1.2083643756892541,vegetation,1
-25.125,-35.125,0.25,0.2199905794460431,0.2199905794460431,ground,1
-25.125,-34.375,0.25,0.23246793886867967,0.23246793886867967,ground,1
-25.125,-20.875,0.25,0.2885631708941134,0.2885631708941134,ground,1
-25.125,-19.625,0.25,0.2564136392535574,0.2564136392535574,ground,1
-25.125,-14.875,0.25,0.2829776585587225,0.2829776585587225,ground,1
-25.125,-8.875,0.25,0.37598096050489277,0.37598096050489277,ground,1
-25.125,-5.875,0.25,0.3544554215855646,0.3544554215855646,ground,1
-25.125,-0.375,0.25,0.3718255009580634,0.3718255009580634,ground,1
-25.125,1.625,0.25,0.39221731161856155,0.39221731161856155,ground,1
-25.125,1.875,0.25,0.3601517579426898,0.3601517579426898,ground,1
-25.125,10.625,0.25,0.4395408301354028,0.4395408301354028,ground,1
-25.125,12.875,0.25,0.4247185854991062,0.4247185854991062,ground,1
-25.125,25.875,0.25,0.4294025274072967,0.4294025274072967,ground,1
-25.125,32.625,0.25,0.4713642441497756,0.4713642441497756,ground,1
-25.125,54.125,0.25,3.027599339965231,3.027599339965231,vegetation,1
-25.125,78.125,0.25,0.6835218522907741,0.6835218522907741,ground,1
-25.125,90.375,0.25,0.7393213690063648,0.7393213690063648,ground,1
-25.125,94.375,0.25,0.7361203559722133,0.7361203559722133,ground,1
-24.875,-91.375,0.25,0.011925255327709456,0.011925255327709456,ground,1
-24.875,-90.125,0.25,-0.009105603167092503,-0.009105603167092503,ground,1
-24.875,-62.375,0.25,0.18163346589323853,0.18163346589323853,ground,1
-24.875,-60.375,0.25,0.13263989941493623,0.13263989941493623,ground,1
-24.875,-59.375,0.25,1.6856293376940907,1.6856293376940907,vegetation,1
-24.875,-58.875,0.25,2.9458750402939673,2.9458750402939673,vegetation,1
-24.875,-57.625,0.25,1.222538178133833,1.222538178133833,vegetation,1
-24.875,-44.125,0.25,0.18331215875063347,0.18331215875063347,ground,1
-24.875,-42.625,0.25,0.1592445386514482,0.1592445386514482,ground,1
-24.875,-36.625,0.25,0.21693827581122394,0.21693827581122394,ground,1
-24.875,-28.375,0.25,3.2105730427552652,3.2105730427552652,vegetation,1
-24.875,-10.875,0.25,0.29888779390625925,0.29888779390625925,ground,1
-24.875,-6.625,0.25,0.3510874604135983,0.3510874604135983,ground,1
-24.875,3.125,0.25,0.3545529506279434,0.3545529506279434,ground,1
-24.875,4.625,0.25,0.3957963635829968,0.3957963635829968,ground,1
-24.875,9.125,0.25,0.39065381954311307,0.39065381954311307,ground,1
-24.875,12.875,0.25,0.38065426444547196,0.38065426444547196,ground,1
-24.875,13.125,0.25,0.4139163774321484,0.4139163774321484,ground,1
-24.875,18.875,0.25,0.4375571472876799,0.4375571472876799,ground,1
-24.875,20.625,0.25,0.4204071701828253,0.4204071701828253,ground,1
-24.875,37.625,0.25,1.6713666729743752,1.6713666729743752,vegetation,1
-24.875,38.625,0.25,0.5223250549138603,0.5223250549138603,ground,1
-24.875,39.875,0.25,2.7806653492875393,2.7806653492875393,vegetation,1
-24.875,48.875,0.25,0.5371380907319401,0.5371380907319401,ground,1
-24.875,53.875,0.25,0.5951855097238047,0.5951855097238047,ground,1
-24.875,82.875,0.25,2.928272991964702,1.8236870659604758,ground,2
-24.625,-90.625,0.25,0.008001467214977478,0.008001467214977478,ground,1
-24.625,-53.875,0.25,2.9447368385733377,2.9447368385733377,vegetation,1
-24.625,-17.625,0.25,0.331658027862939,0.331658027862939,ground,1
-24.625,-16.875,0.25,0.2628933510818301,0.2628933510818301,ground,1
-24.625,9.375,0.25,0.38429839583959047,0.38429839583959047,ground,1
-24.625,15.625,0.25,0.4356549757969074,0.4356549757969074,ground,1
-24.625,36.125,0.25,0.5171004123896698,0.5171004123896698,ground,1
-24.625,40.625,0.25,0.49400710737064635,0.49400710737064635,ground,1
-24.625,54.375,0.25,1.9567641191377732,1.9567641191377732,vegetation,1
-24.625,71.125,0.25,1.727086500086998,1.727086500086998,vegetation,1
-24.625,77.875,0.25,0.6756177551269765,0.6756177551269765,ground,1
-24.625,82.625,0.25,0.7344965983953223,0.7344965983953223,ground,1
-24.375,-89.125,0.25,0.046065279391423304,0.046065279391423304,ground,1
-24.375,-85.625,0.25,0.02915640305822019,0.02915640305822019,ground,1
-24.375,-80.625,0.25,1.3404727223671709,1.3404727223671709,vegetation,1
-24.375,-64.875,0.25,0.11537322046481996,0.11537322046481996,ground,1
-24.375,-54.625,0.25,0.13606249105688406,0.13606249105688406,ground,1
-24.375,-52.625,0.25,0.1304724109972884,0.1304724109972884,ground,1
-24.375,-23.875,0.25,0.2521303262753405,0.2521303262753405,ground,1
-24.375,-16.375,0.25,0.3073292422612188,0.3073292422612188,ground,1
-24.375,-15.125,0.25,0.28837814938879,0.28837814938879,ground,1
-24.375,-13.125,0.25,0.3335933968837784,0.3335933968837784,ground,1
-24.375,1.875,0.25,0.34739954542942336,0.34739954542942336,ground,1
-24.375,16.625,0.25,0.4094150763428387,0.4094150763428387,ground,1
-24.375,21.375,0.25,0.43413587558780875,0.43413587558780875,ground,1
-24.375,22.625,0.25,0.4344866271159343,0.4344866271159343,ground,1
-24.375,26.125,0.25,0.4658526956245132,0.4658526956245132,ground,1
-24.375,42.375,0.25,2.955333876602724,2.955333876602724,vegetation,1
-24.375,62.625,0.25,0.6732266186159779,0.6732266186159779,ground,1
-24.375,62.875,0.25,0.65273683284364,0.65273683284364,ground,1
-24.375,82.125,0.25,2.0534866111855776,2.0534866111855776,vegetation,1
-24.375,83.625,0.25,0.6760619766432597,0.6760619766432597,ground,1
-24.375,84.625,0.25,0.7413484746380632,0.7413484746380632,ground,1
-24.375,87.125,0.25,2.851007598651628,2.851007598651628,vegetation,1
-24.125,-93.875,0.25,0.003272659962795058,0.003272659962795058,ground,1
-24.125,-75.625,0.25,1.490120071766316,1.490120071766316,vegetation,1
-24.125,-52.125,0.25,3.0105150637529308,3.0105150637529308,vegetation,1
-24.125,-38.625,0.25,1.520393412654576,1.520393412654576,vegetation,1
-24.125,-24.375,0.25,0.2603154543217641,0.2603154543217641,ground,1
-24.125,-22.875,0.25,0.30496662049347734,0.30496662049347734,ground,1
-24.125,-11.625,0.25,0.3093692747215255,0.3093692747215255,ground,1
-24.125,-10.125,0.25,0.30992372314389455,0.30992372314389455,ground,1
-24.125,-5.375,0.25,0.29342933838101304,0.29342933838101304,ground,1
-24.125,0.875,0.25,0.3729062409079,0.3729062409079,ground,1
-24.125,1.875,0.25,0.34039135464579395,0.34039135464579395,ground,1
-24.125,2.875,0.25,0.3800893551946468,0.3800893551946468,ground,1
-24.125,8.125,0.25,0.368743843851418,0.368743843851418,ground,1
-24.125,14.125,0.25,0.3982716036803335,0.3982716036803335,ground,1
-24.125,15.625,0.25,0.3985919308357444,0.3985919308357444,ground,1
-24.125,22.125,0.25,0.450026569494849,0.450026569494849,ground,1
-24.125,25.875,0.25,0.46299344450797714,0.46299344450797714,ground,1
-24.125,26.125,0.25,3.2125584787095827,3.2125584787095827,vegetation,1
-24.125,49.125,0.25,0.5883866929269439,0.5883866929269439,ground,1
-24.125,49.375,0.25,0.5354301085801902,0.5354301085801902,ground,1
-24.125,53.125,0.25,0.5434169940026592,0.5434169940026592,ground,1
-24.125,58.875,0.25,2.1736339562624556,2.1736339562624556,vegetation,1
-24.125,62.625,0.25,0.6311867185849147,0.6311867185849147,ground,1
-24.125,74.875,0.25,0.6686329811239093,0.6686329811239093,ground,1
-23.875,-93.375,0.25,0.004722758667059478,0.004722758667059478,ground,1
-23.875,-83.625,0.25,0.014658830365983148,0.014658830365983148,ground,1
-23.875,-77.625,0.25,1.6490788571526354,1.6490788571526354,vegetation,1
-23.875,-66.875,0.25,0.06098832503989047,0.06098832503989047,ground,1
-23.875,-60.875,0.25,0.1190915927145031,0.1190915927145031,ground,1
-23.875,-59.375,0.25,0.14401911418207794,0.14401911418207794,ground,1
-23.875,-48.625,0.25,0.13549301972486136,0.13549301972486136,ground,1
-23.875,-45.875,0.25,0.16086092800994597,0.16086092800994597,ground,1
-23.875,-28.625,0.25,0.19030824217820763,0.19030824217820763,ground,1
-23.875,-21.875,0.25,0.2994203266664315,0.2817232039881991,ground,2
-23.875,-15.375,0.25,0.30373110482648896,0.30373110482648896,ground,1
-23.875,-12.875,0.25,0.3486079743123945,0.3486079743123945,ground,1
-23.875,-4.625,0.25,0.3868375494090996,0.3868375494090996,ground,1
-23.875,-1.875,0.25,0.3678646195493395,0.3678646195493395,ground,1
-23.875,20.375,0.25,0.418948911836126,0.418948911836126,ground,1
-23.875,22.375,0.25,0.4511548118992322,0.4511548118992322,ground,1
-23.875,51.125,0.25,2.483725606042858,2.483725606042858,vegetation,1
-23.875,59.375,0.25,0.5982540979205191,0.5982540979205191,ground,1
-23.875,61.375,0.25,3.4566892701450698,3.4566892701450698,vegetation,1
-23.875,63.875,0.25,0.6374887803326116,0.6374887803326116,ground,1
-23.875,66.875,0.25,0.5808102074847065,0.5808102074847065,ground,1
-23.875,80.375,0.25,0.6983760794484043,0.6983760794484043,ground,1
-23.625,-81.875,0.25,0.043959238304380935,0.043959238304380935,ground,1
-23.625,-60.625,0.25,0.12323019975639715,0.12323019975639715,ground,1
-23.625,-53.375,0.25,0.1526225499653542,0.1526225499653542,ground,1
-23.625,-53.125,0.25,2.622117003762871,2.622117003762871,vegetation,1
-23.625,-48.375,0.25,0.199568303963759,0.199568303963759,ground,1
-23.625,-8.875,0.25,0.354196058458912,0.354196058458912,ground,1
-23.625,0.375,0.25,0.38911228594872493,0.38911228594872493,ground,1
-23.625,7.625,0.25,0.39039308899342945,0.39039308899342945,ground,1
-23.625,18.375,0.25,0.44357385155668533,0.44357385155668533,ground,1
-23.625,27.125,0.25,3.047044180760265,3.047044180760265,vegetation,1
-23.625,45.875,0.25,2.1470467950270837,2.1470467950270837,vegetation,1
-23.625,46.625,0.25,0.5715970097274417,0.5715970097274417,ground,1
-23.625,49.625,0.25,0.5366686350494805,0.5366686350494805,ground,1
-23.625,57.125,0.25,0.5798317064279208,0.5798317064279208,ground,1
-23.625,62.375,0.25,3.2532917379713266,3.2532917379713266,vegetation,1
-23.625,63.625,0.25,2.222245603375868,2.222245603375868,vegetation,1
-23.625,67.125,0.25,0.6354381940312015,0.6354381940312015,ground,1
-23.375,-92.875,0.25,1.471782973189398,1.471782973189398,vegetation,1
-23.375,-91.625,0.25,-0.05529021124415106,-0.05529021124415106,ground,1
-23.375,-64.625,0.25,0.08446403406439891,0.08446403406439891,ground,1
-23.375,-62.125,0.25,0.112849123862616,0.112849123862616,ground,1
-23.375,-54.375,0.25,0.12446066423590522,0.12446066423590522,ground,1
-23.375,-41.125,0.25,1.882180896748709,1.882180896748709,vegetation,1
-23.375,-24.375,0.25,0.23927472813072664,0.23927472813072664,ground,1
-23.375,-10.875,0.25,0.30601313728446583,0.30601313728446583,ground,1
-23.375,-5.625,0.25,0.3200807167051757,0.3200807167051757,ground,1
-23.375,0.625,0.25,0.33637695635757336,0.33637695635757336,ground,1
-23.375,4.125,0.25,0.3593162612045276,0.3593162612045276,ground,1
-23.375,4.375,0.25,0.36015398282579064,0.36015398282579064,ground,1
-23.375,22.125,0.25,0.44848248578227906,0.44848248578227906,ground,1
-23.375,24.625,0.25,0.40581056190627973,0.40581056190627973,ground,1
-23.375,37.125,0.25,0.4860453886065749,0.4860453886065749,ground,1
-23.375,39.875,0.25,0.5016122948608338,0.5016122948608338,ground,1
-23.375,96.625,0.25,0.7805419024981941,0.7805419024981941,ground,1
-23.125,-39.625,0.25,0.18024087797416244,0.18024087797416244,ground,1
-23.125,-27.375,0.25,0.2573437808864216,0.2573437808864216,ground,1
-23.125,-27.125,0.25,2.074893225882128,2.074893225882128,vegetation,1
-23.125,-21.625,0.25,0.2691926988394964,0.2691926988394964,ground,1
-23.125,-20.875,0.25,0.24751709912129619,0.24751709912129619,ground,1
-23.125,-9.875,0.25,0.2952832602465078,0.2952832602465078,ground,1
-23.125,-4.125,0.25,0.3059263502170927,0.3059263502170927,ground,1
-23.125,1.625,0.25,0.3826750398009023,0.3826750398009023,ground,1
-23.125,10.375,0.25,0.35475578905936456,0.35475578905936456,ground,1
-23.125,19.375,0.25,0.43225482751197736,0.43225482751197736,ground,1
-23.125,31.125,0.25,0.4513196799145946,0.4513196799145946,ground,1
-23.125,49.625,0.25,0.5459747028360237,0.5459747028360237,ground,1
-23.125,55.125,0.25,2.3007316194120078,2.3007316194120078,vegetation,1
-23.125,57.125,0.25,0.5685432727879395,0.5685432727879395,ground,1
-23.125,59.125,0.25,0.5199441843364302,0.5199441843364302,ground,1
-23.125,69.875,0.25,2.227550733801463,2.227550733801463,vegetation,1
-23.125,89.875,0.25,2.136443638176624,2.136443638176624,vegetation,1
-23.125,96.875,0.25,0.7633887381984749,0.7633887381984749,ground,1
-22.875,-80.125,0.25,1.6689924641711267,1.6689924641711267,vegetation,1
-22.875,-71.875,0.25,0.04713338741998326,0.04713338741998326,ground,1
-22.875,-45.125,0.25,0.14350491174950725,0.14350491174950725,ground,1
-22.875,-31.625,0.25,0.23817246510200407,0.23817246510200407,ground,1
-22.875,-29.875,0.25,0.18068021488681596,0.18068021488681596,ground,1
-22.875,-29.625,0.25,0.22522374877482,0.22522374877482,ground,1
-22.875,-23.625,0.25,0.2584297989999137,0.2584297989999137,ground,1
-22.875,14.625,0.25,0.41788109522321504,0.41788109522321504,ground,1
-22.875,22.875,0.25,0.41276992978499716,0.41276992978499716,ground,1
-22.875,46.875,0.25,0.5445523410092946,0.5445523410092946,ground,1
-22.875,47.375,0.25,1.7765311563247814,1.7765311563247814,vegetation,1
-22.875,53.625,0.25,2.8823176766190786,2.8823176766190786,vegetation,1
-22.875,61.875,0.25,0.613227926749949,0.613227926749949,ground,1
-22.625,-90.625,0.25,2.066986416321586,2.066986416321586,vegetation,1
-22.625,-67.125,0.25,2.4573686349913895,2.4573686349913895,vegetation,1
-22.625,-64.625,0.25,0.06447147882804728,0.06447147882804728,ground,1
-22.625,-62.625,0.25,0.08478447064981451,0.08478447064981451,ground,1
-22.625,-61.125,0.25,2.9207315663764133,2.9207315663764133,vegetation,1
-22.625,-52.625,0.25,0.12356047873043689,0.12356047873043689,ground,1
-22.625,-51.125,0.25,0.119501642837458,0.119501642837458,ground,1
-22.625,-25.375,0.25,2.4875015672236938,2.4875015672236938,vegetation,1
-22.625,-22.625,0.25,0.1988690913335198,0.1988690913335198,ground,1
-22.625,-7.125,0.25,0.3195337509605519,0.3195337509605519,ground,1
-22.625,-4.625,0.25,0.32238406207895176,0.32238406207895176,ground,1
-22.625,18.375,0.25,0.43818289343183947,0.43818289343183947,ground,1
-22.625,21.875,0.25,0.37910283277453616,0.37910283277453616,ground,1
-22.625,48.625,0.25,0.5477101861528899,0.5327135200483444,ground,2
-22.625,51.375,0.25,3.0480608888205376,1.803940763991217,ground,2
-22.625,53.125,0.25,0.5483716593175683,0.5483716593175683,ground,1
-22.625,53.375,0.25,1.810704503716535,1.810704503716535,vegetation,1
-22.625,62.625,0.25,0.5908439923521215,0.5908439923521215,ground,1
-22.625,71.625,0.25,0.6190935505737478,0.6190935505737478,ground,1
-22.375,-87.375,0.25,0.000893103554894227,0.000893103554894227,ground,1
-22.375,-76.125,0.25,0.04001901635474517,0.04001901635474517,ground,1
-22.375,-63.375,0.25,0.11219424006301063,0.11219424006301063,ground,1
-22.375,-62.875,0.25,0.11745096764453042,0.11745096764453042,ground,1
-22.375,-62.375,0.25,2.313704242282606,2.313704242282606,vegetation,1
-22.375,-49.125,0.25,0.15211706603046013,0.15211706603046013,ground,1
-22.375,-43.875,0.25,0.13144202190433016,0.13144202190433016,ground,1
-22.375,-24.875,0.25,0.21345595692211594,0.21345595692211594,ground,1
-22.375,-16.625,0.25,0.3036948963545981,0.3036948963545981,ground,1
-22.375,23.125,0.25,0.4307379005378562,0.4307379005378562,ground,1
-22.375,25.125,0.25,0.4417337339850912,0.4417337339850912,ground,1
-22.375,76.625,0.25,2.2532651791798584,2.2532651791798584,vegetation,1
-22.125,-89.375,0.25,-0.08471160275798291,-0.08471160275798291,ground,1
-22.125,-83.375,0.25,1.1733673564502902,1.1733673564502902,vegetation,1
-22.125,-70.625,0.25,1.774117160466286,1.774117160466286,vegetation,1
-22.125,-68.625,0.25,0.046228072991223196,0.046228072991223196,ground,1
-22.125,-63.875,0.25,0.036383417666095444,0.036383417666095444,ground,1
-22.125,-53.875,0.25,3.134370156365509,3.134370156365509,vegetation,1
-22.125,-52.875,0.25,0.11391815711059941,0.11391815711059941,ground,1
-22.125,-43.625,0.25,1.0402474486972728,1.0402474486972728,vegetation,1
-22.125,-24.875,0.25,0.20470818479884834,0.20470818479884834,ground,1
-22.125,-17.125,0.25,0.2461314788809683,0.2461314788809683,ground,1
-22.125,-12.875,0.25,0.2769333204011032,0.2769333204011032,ground,1
-22.125,-11.625,0.25,0.25668702874494165,0.25668702874494165,ground,1
-22.125,-10.125,0.25,0.25462951205916723,0.25462951205916723,ground,1
-22.125,-4.625,0.25,0.2990861914432182,0.2990861914432182,ground,1
-22.125,-1.625,0.25,0.3073859402436692,0.3073859402436692,ground,1
-22.125,1.875,0.25,0.2889239893648554,0.2889239893648554,ground,1
-22.125,10.875,0.25,0.36337120652675303,0.36337120652675303,ground,1
-22.125,22.625,0.25,0.3991257765537819,0.3991257765537819,ground,1
-22.125,38.125,0.25,0.49233603682129673,0.49233603682129673,ground,1
-22.125,42.125,0.25,0.48707125906350296,0.48707125906350296,ground,1
-22.125,43.125,0.25,2.6028506494574497,2.6028506494574497,vegetation,1
-22.125,43.875,0.25,0.5014114698190002,0.5014114698190002,ground,1
-22.125,50.375,0.25,0.5507690068455566,0.5507690068455566,ground,1
-22.125,67.375,0.25,0.6159204269170054,0.6159204269170054,ground,1
-22.125,82.125,0.25,0.6590417635006145,0.6590417635006145,ground,1
-22.125,90.625,0.25,0.670290786016783,0.670290786016783,ground,1
-21.875,-93.375,0.25,-0.053466789936438365,-0.053466789936438365,ground,1
-21.875,-76.375,0.25,0.008064469103429575,0.008064469103429575,ground,1
-21.875,-64.625,0.25,0.11527505008284655,0.11527505008284655,ground,1
-21.875,-37.375,0.25,3.153884583022932,3.153884583022932,vegetation,1
-21.875,-34.875,0.25,0.19228612033815629,0.19228612033815629,ground,1
-21.875,-26.625,0.25,0.19105218557676504,0.19105218557676504,ground,1
-21.875,-17.875,0.25,0.2460830536617707,0.2460830536617707,ground,1
-21.875,-3.125,0.25,0.32467238079156996,0.32467238079156996,ground,1
-21.875,4.375,0.25,0.30913626100881914,0.30913626100881914,ground,1
-21.875,4.625,0.25,0.3837080646820878,0.3837080646820878,ground,1
-21.875,7.125,0.25,0.327392601383936,0.327392601383936,ground,1
-21.875,11.875,0.25,0.4247531595056857,0.4247531595056857,ground,1
-21.875,19.875,0.25,0.38810051530652634,0.38810051530652634,ground,1
-21.875,64.375,0.25,0.6076061766998543,0.6076061766998543,ground,1
-21.875,73.625,0.25,0.6590125791822733,0.6590125791822733,ground,1
-21.875,80.375,0.25,0.6563286883855973,0.6563286883855973,ground,1
-21.625,-92.375,0.25,-0.023504542463311254,-0.023504542463311254,ground,1
-21.625,-89.375,0.25,1.974025638533969,1.974025638533969,vegetation,1
-21.625,-86.125,0.25,0.9753029721501649,0.9753029721501649,vegetation,1
-21.625,-76.375,0.25,-0.0004484265648961108,-0.0004484265648961108,ground,1
-21.625,-73.125,0.25,0.0683397267018542,0.0683397267018542,ground,1
-21.625,-60.125,0.25,2.2624358324770673,2.2624358324770673,vegetation,1
-21.625,-54.375,0.25,2.4848467966947876,2.4848467966947876,vegetation,1
-21.625,-42.625,0.25,0.1401368550803023,0.1401368550803023,ground,1
-21.625,-37.375,0.25,0.17094081911256961,0.17094081911256961,ground,1
-21.625,-35.375,0.25,0.18070331312026844,0.18070331312026844,ground,1
-21.625,-32.875,0.25,0.23487860545127212,0.23487860545127212,ground,1
-21.625,-21.875,0.25,0.2378843845879261,0.2378843845879261,ground,1
-21.625,-11.625,0.25,0.22708629518328988,0.22708629518328988,ground,1
-21.625,-8.125,0.25,0.3073874388100616,0.3073874388100616,ground,1
-21.625,-2.875,0.25,0.3061705377121431,0.3061705377121431,ground,1
-21.625,4.875,0.25,0.3922136701010681,0.3922136701010681,ground,1
-21.625,14.875,0.25,0.37230749960296156,0.37230749960296156,ground,1
-21.625,20.375,0.25,0.4138111005171001,0.4138111005171001,ground,1
-21.625,29.625,0.25,0.4625019510908864,0.4625019510908864,ground,1
-21.625,38.875,0.25,0.5021117250148975,0.5021117250148975,ground,1
-21.625,72.375,0.25,0.6601606933799853,0.6601606933799853,ground,1
-21.625,88.125,0.25,2.9667064680240465,1.8105751669416699,ground,2
-21.625,88.375,0.25,0.673148960084485,0.673148960084485,ground,1
-21.625,97.375,0.25,0.7075669072580985,0.7075669072580985,ground,1
-21.375,-95.625,0.25,-0.08652896564596252,-0.08652896564596252,ground,1
-21.375,-78.875,0.25,-0.004349578289028237,-0.004349578289028237,ground,1
-21.375,-78.125,0.25,1.550114591821134,1.550114591821134,vegetation,1
-21.375,-70.125,0.25,0.03354503120661286,0.03354503120661286,ground,1
-21.375,-69.375,0.25,0.04296188619678879,0.04296188619678879,ground,1
-21.375,-56.375,0.25,0.08200627705972136,0.08200627705972136,ground,1
-21.375,-35.625,0.25,0.158980467006185,0.158980467006185,ground,1
-21.375,-13.875,0.25,0.2927217458958242,0.2927217458958242,ground,1
-21.375,10.625,0.25,0.3245757918735971,0.3245757918735971,ground,1
-21.375,12.875,0.25,0.3920876906670773,0.3920876906670773,ground,1
-21.375,13.125,0.25,0.3741495322033914,0.3741495322033914,ground,1
-21.375,25.625,0.25,0.43352708537021195,0.43352708537021195,ground,1
-21.375,27.875,0.25,0.4056832692425329,0.4056832692425329,ground,1
-21.375,42.375,0.25,2.675503332803176,2.675503332803176,vegetation,1
-21.375,58.875,0.25,3.085053921789993,3.085053921789993,vegetation,1
-21.375,84.625,0.25,0.6472260385356094,0.6472260385356094,ground,1
-21.375,94.375,0.25,0.6667957345299578,0.6667957345299578,ground,1
-21.375,96.625,0.25,0.7018369312387445,0.7018369312387445,ground,1
-21.125,-96.875,0.25,-0.039541368829777906,-0.039541368829777906,ground,1
-21.125,-81.125,0.25,1.0851332131813465,1.0851332131813465,vegetation,1
-21.125,-67.375,0.25,1.9155835462417588,1.9155835462417588,vegetation,1
-21.125,-48.625,0.25,1.375787892115188,1.375787892115188,vegetation,1
-21.125,-41.375,0.25,1.1611009419301919,1.1611009419301919,vegetation,1
-21.125,-37.125,0.25,0.20512468828494315,0.20512468828494315,ground,1
-21.125,-27.125,0.25,0.22164878923986156,0.22164878923986156,ground,1
-21.125,-10.125,0.25,0.25654221100830643,0.25654221100830643,ground,1
-21.125,-9.375,0.25,0.2972015880767662,0.2972015880767662,ground,1
-21.125,19.875,0.25,0.39230652974203944,0.39230652974203944,ground,1
-21.125,25.625,0.25,2.8311511720295144,2.8311511720295144,vegetation,1
-21.125,30.625,0.25,1.8761622734390213,1.8761622734390213,vegetation,1
-21.125,46.125,0.25,0.47959752076049844,0.47959752076049844,ground,1
-21.125,48.375,0.25,2.2861294519059046,2.2861294519059046,vegetation,1
-21.125,52.375,0.25,0.5187702068430893,0.5187702068430893,ground,1
-21.125,57.375,0.25,0.5386896514686195,0.5386896514686195,ground,1
-21.125,70.875,0.25,0.5962133967438218,0.5962133967438218,ground,1
-21.125,89.125,0.25,0.6962840285475161,0.6962840285475161,ground,1
-20.875,-80.125,0.25,0.02742478230922018,0.02742478230922018,ground,1
-20.875,-70.375,0.25,0.07512970352853385,0.07512970352853385,ground,1
-20.875,-65.625,0.25,0.051582111841706406,0.051582111841706406,ground,1
-20.875,-61.375,0.25,0.07796184858719099,0.07796184858719099,ground,1
-20.875,-50.625,0.25,0.06673090166327245,0.06673090166327245,ground,1
-20.875,-33.625,0.25,0.1695608109490084,0.1695608109490084,ground,1
-20.875,-23.375,0.25,0.18336147981803896,0.18336147981803896,ground,1
-20.875,-17.625,0.25,0.26477787378699935,0.26477787378699935,ground,1
-20.875,-13.125,0.25,0.2790997738276846,0.2790997738276846,ground,1
-20.875,-9.625,0.25,0.240845079456055,0.240845079456055,ground,1
-20.875,-0.125,0.25,0.34390306282414185,0.34390306282414185,ground,1
-20.875,15.375,0.25,0.3731111135031573,0.3731111135031573,ground,1
-20.875,18.125,0.25,0.36422113577693477,0.36422113577693477,ground,1
-20.875,30.875,0.25,0.41969485506489385,0.41969485506489385,ground,1
-20.875,31.875,0.25,0.43456741934293175,0.43456741934293175,ground,1
-20.875,75.875,0.25,2.2284566908839736,2.2284566908839736,vegetation,1
-20.875,82.625,0.25,0.6358981704698461,0.6358981704698461,ground,1
-20.875,97.625,0.25,0.6694073575333781,0.6694073575333781,ground,1
-20.625,-87.625,0.25,-0.03516290572008453,-0.03516290572008453,ground,1
-20.625,-73.125,0.25,3.0287796983192443,3.0287796983192443,vegetation,1
-20.625,-68.125,0.25,0.028118994036866327,0.028118994036866327,ground,1
-20.625,-59.125,0.25,1.6381942290861207,1.6381942290861207,vegetation,1
-20.625,-46.875,0.25,1.6031902989301616,1.6031902989301616,vegetation,1
-20.625,-38.375,0.25,2.7111416269720485,2.7111416269720485,vegetation,1
-20.625,-38.125,0.25,2.0097449475527176,2.0097449475527176,vegetation,1
-20.625,-27.875,0.25,0.21623231587625552,0.21623231587625552,ground,1
-20.625,-22.375,0.25,0.2170482859666807,0.2170482859666807,ground,1
-20.625,-11.625,0.25,0.2684542694891789,0.2684542694891789,ground,1
-20.625,-1.625,0.25,0.30075652097660704,0.30075652097660704,ground,1
-20.625,21.125,0.25,0.42017149157020345,0.42017149157020345,ground,1
-20.625,26.375,0.25,0.41434150052019675,0.41434150052019675,ground,1
-20.625,30.875,0.25,0.4147293660882806,0.4147293660882806,ground,1
-20.625,46.125,0.25,0.501111925954638,0.501111925954638,ground,1
-20.625,68.625,0.25,0.6023309062401522,0.6023309062401522,ground,1
-20.625,73.125,0.25,0.5923161130729465,0.5923161130729465,ground,1
-20.625,88.125,0.25,2.893400062464107,2.893400062464107,vegetation,1
-20.375,-29.125,0.25,0.13886788081297485,0.13886788081297485,ground,1
-20.375,-20.625,0.25,0.2094854232546264,0.2094854232546264,ground,1
-20.375,-16.125,0.25,0.2522244028213524,0.2522244028213524,ground,1
-20.375,-8.875,0.25,0.23752904129631958,0.23752904129631958,ground,1
-20.375,-4.375,0.25,0.2978393467998172,0.2978393467998172,ground,1
-20.375,-0.625,0.25,0.3394551466562525,0.3394551466562525,ground,1
-20.375,4.375,0.25,0.32601665208477165,0.32601665208477165,ground,1
-20.375,7.375,0.25,0.33335466332857094,0.33335466332857094,ground,1
-20.375,10.375,0.25,0.3233743268392248,0.3233743268392248,ground,1
-20.375,19.875,0.25,0.3575140484605234,0.3575140484605234,ground,1
-20.375,34.625,0.25,0.47338467905873444,0.47338467905873444,ground,1
-20.375,37.125,0.25,0.4520741734908044,0.4520741734908044,ground,1
-20.375,38.875,0.25,0.4583119431484001,0.4583119431484001,ground,1
-20.375,53.875,0.25,0.5177099804382953,0.5177099804382953,ground,1
-20.375,63.625,0.25,0.5858825444124216,0.5858825444124216,ground,1
-20.375,75.125,0.25,0.5850356724605066,0.5850356724605066,ground,1
-20.375,93.375,0.25,0.6820256631138043,0.6820256631138043,ground,1
-20.125,-77.125,0.25,3.025516430275488,3.025516430275488,vegetation,1
-20.125,-70.625,0.25,0.01957887801382193,0.01957887801382193,ground,1
-20.125,-70.375,0.25,0.012183254134099597,0.012183254134099597,ground,1
-20.125,-39.375,0.25,3.0664117339163712,3.0664117339163712,vegetation,1
-20.125,-29.375,0.25,0.21775626202855383,0.21775626202855383,ground,1
-20.125,-24.875,0.25,0.19094129304925972,0.19094129304925972,ground,1
-20.125,-17.875,0.25,0.20783392800535877,0.20783392800535877,ground,1
-20.125,-0.625,0.25,0.275078676586562,0.275078676586562,ground,1
-20.125,5.125,0.25,0.35824786412074033,0.35824786412074033,ground,1
-20.125,9.125,0.25,0.3604223377091601,0.3604223377091601,ground,1
-20.125,13.375,0.25,0.3581712117730253,0.3581712117730253,ground,1
-20.125,35.125,0.25,0.45082793436953006,0.45082793436953006,ground,1
-20.125,37.625,0.25,0.437936444258935,0.437936444258935,ground,1
-20.125,39.125,0.25,0.451632139340438,0.451632139340438,ground,1
-20.125,52.625,0.25,1.9294367513136672,1.9294367513136672,vegetation,1
-20.125,53.625,0.25,1.8408292494772098,1.8408292494772098,vegetation,1
-20.125,81.875,0.25,0.6272920981363499,0.6272920981363499,ground,1
-20.125,83.625,0.25,0.6650733379227732,0.6650733379227732,ground,1
-19.875,-89.125,0.25,-0.0865828497560729,-0.0865828497560729,ground,1
-19.875,-71.125,0.25,1.2601639566540015,1.2601639566540015,vegetation,1
-19.875,-58.125,0.25,0.04707539537670544,0.04707539537670544,ground,1
-19.875,-54.375,0.25,0.11322727764441007,0.11322727764441007,ground,1
-19.875,-28.375,0.25,1.9912649706327554,1.9912649706327554,vegetation,1
-19.875,-18.875,0.25,0.22557510722763008,0.22557510722763008,ground,1
-19.875,2.625,0.25,0.33585189728550546,0.33585189728550546,ground,1
-19.875,11.625,0.25,0.3333891756687904,0.3333891756687904,ground,1
-19.875,22.625,0.25,0.37072240691439606,0.37072240691439606,ground,1
-19.875,38.125,0.25,0.4312983336322244,0.4312983336322244,ground,1
-19.875,41.125,0.25,0.5062710711273076,0.5062710711273076,ground,1
-19.875,62.125,0.25,0.5408468297762892,0.5408468297762892,ground,1
-19.875,77.125,0.25,0.5975087875109623,0.5975087875109623,ground,1
-19.625,-91.375,0.25,-0.08721791734421425,-0.08721791734421425,ground,1
-19.625,-90.625,0.25,-0.09478222255453757,-0.09478222255453757,ground,1
-19.625,-58.875,0.25,2.439583549956697,2.439583549956697,vegetation,1
-19.625,-47.375,0.25,1.5751852693865716,1.5751852693865716,vegetation,1
-19.625,-39.375,0.25,0.10004735549354668,0.10004735549354668,ground,1
-19.625,-30.625,0.25,2.2819787552353317,2.2819787552353317,vegetation,1
-19.625,-28.875,0.25,0.1761879799147299,0.1761879799147299,ground,1
-19.625,-2.875,0.25,0.2284805795673757,0.2284805795673757,ground,1
-19.625,26.125,0.25,3.291250401397805,3.291250401397805,vegetation,1
-19.625,27.875,0.25,3.0619355507940456,3.0619355507940456,vegetation,1
-19.625,36.625,0.25,1.5947012433776564,1.5947012433776564,vegetation,1
-19.625,63.625,0.25,2.9737886621750667,2.9737886621750667,vegetation,1
-19.625,68.125,0.25,0.5845181824702873,0.5845181824702873,ground,1
-19.625,92.375,0.25,0.6393215761200032,0.6393215761200032,ground,1
-19.375,-75.375,0.25,1.9005660227513947,1.9005660227513947,vegetation,1
-19.375,-69.375,0.25,2.4093744741830943,2.4093744741830943,vegetation,1
-19.375,-69.125,0.25,0.039648871720819316,0.039648871720819316,ground,1
-19.375,-64.375,0.25,0.004273684310597523,0.004273684310597523,ground,1
-19.375,-63.375,0.25,-0.004057786215085901,-0.004057786215085901,ground,1
-19.375,-51.125,0.25,0.04649609272935337,0.04649609272935337,ground,1
-19.375,-39.125,0.25,1.392285206587621,1.392285206587621,vegetation,1
-19.375,-33.625,0.25,0.15744766080295378,0.15744766080295378,ground,1
-19.375,-27.875,0.25,0.1598160971680637,0.1598160971680637,ground,1
-19.375,-27.625,0.25,0.19853981073804955,0.19853981073804955,ground,1
-19.375,-13.375,0.25,0.2382990598697404,0.2382990598697404,ground,1
-19.375,-1.875,0.25,0.24552042166350707,0.24552042166350707,ground,1
-19.375,-0.625,0.25,0.2813749027834828,0.2813749027834828,ground,1
-19.375,4.625,0.25,0.3138119868338544,0.3138119868338544,ground,1
-19.375,8.625,0.25,0.33754303018727694,0.33754303018727694,ground,1
-19.375,11.625,0.25,0.34995132615986446,0.34995132615986446,ground,1
-19.375,40.875,0.25,0.45992857095728984,0.45992857095728984,ground,1
-19.375,45.375,0.25,0.4742237234103138,0.4742237234103138,ground,1
-19.375,63.375,0.25,0.5048166446713213,0.5048166446713213,ground,1
-19.375,93.875,0.25,0.6801809001919533,0.6801809001919533,ground,1
-19.125,-92.625,0.25,-0.0712349890580628,-0.0712349890580628,ground,1
-19.125,-91.125,0.25,-0.07394971597549739,-0.07394971597549739,ground,1
-19.125,-69.875,0.25,-0.029655173445686606,-0.029655173445686606,ground,1
-19.125,-47.875,0.25,0.09343109946754487,0.09343109946754487,ground,1
-19.125,-2.875,0.25,0.30089038930543505,0.30089038930543505,ground,1
-19.125,13.875,0.25,0.3688670410268615,0.3688670410268615,ground,1
-19.125,23.375,0.25,0.39681298576179896,0.39681298576179896,ground,1
-19.125,55.125,0.25,0.480308429137043,0.480308429137043,ground,1
-19.125,62.875,0.25,2.0839812236819126,2.0839812236819126,vegetation,1
-19.125,67.375,0.25,1.7711761512496829,1.7711761512496829,vegetation,1
-19.125,77.125,0.25,2.835180759737468,2.835180759737468,vegetation,1
-19.125,82.125,0.25,0.6217273026256126,0.6217273026256126,ground,1
-19.125,86.625,0.25,3.5571036080634935,2.8993951434279888,vegetation,2
-18.875,-93.375,0.25,1.059271160037709,1.059271160037709,vegetation,1
-18.875,-91.625,0.25,-0.10900781423025388,-0.10900781423025388,ground,1
-18.875,-75.875,0.25,-0.008268793943613916,-0.008268793943613916,ground,1
-18.875,-61.375,0.25,0.04511009410639785,0.04511009410639785,ground,1
-18.875,-59.875,0.25,1.6527790288362858,1.6527790288362858,vegetation,1
-18.875,-23.875,0.25,0.20763470081140314,0.20763470081140314,ground,1
-18.875,-21.875,0.25,0.17227957966060137,0.17227957966060137,ground,1
-18.875,-20.375,0.25,0.17105663500418328,0.17105663500418328,ground,1
-18.875,-20.125,0.25,0.2287904465959203,0.2287904465959203,ground,1
-18.875,-16.625,0.25,0.2346207019890181,0.2346207019890181,ground,1
-18.875,9.125,0.25,0.2894072154353577,0.2894072154353577,ground,1
-18.875,9.875,0.25,0.3274694147243953,0.3274694147243953,ground,1
-18.875,25.125,0.25,0.3424788843837479,0.3424788843837479,ground,1
-18.875,28.125,0.25,0.39659722266442254,0.39659722266442254,ground,1
-18.875,38.125,0.25,0.4585944685944883,0.4585944685944883,ground,1
-18.875,38.875,0.25,0.47522746136297445,0.47522746136297445,ground,1
-18.875,46.375,0.25,2.5184153710337682,2.5184153710337682,vegetation,1
-18.875,68.125,0.25,1.8340922536634214,1.8340922536634214,vegetation,1
-18.875,80.125,0.25,0.6202185632110796,0.6202185632110796,ground,1
-18.625,-96.875,0.25,-0.10705659769970545,-0.10705659769970545,ground,1
-18.625,-88.625,0.25,-0.07090941326196583,-0.07090941326196583,ground,1
-18.625,-85.375,0.25,-0.09675911950604646,-0.09675911950604646,ground,1
-18.625,-82.125,0.25,1.9517593686580996,1.9517593686580996,vegetation,1
-18.625,-77.625,0.25,-0.016585037902281233,-0.016585037902281233,ground,1
-18.625,-69.125,0.25,0.06686997962298485,0.06686997962298485,ground,1
-18.625,-48.125,0.25,0.07244639833420177,0.07244639833420177,ground,1
-18.625,-33.125,0.25,0.13197699288247733,0.13197699288247733,ground,1
-18.625,-31.625,0.25,0.12210299638946356,0.12210299638946356,ground,1
-18.625,-28.375,0.25,0.16171487975836404,0.16171487975836404,ground,1
-18.625,-11.625,0.25,0.23575451150236268,0.23575451150236268,ground,1
-18.625,-9.125,0.25,0.21817368374263948,0.21817368374263948,ground,1
-18.625,-1.125,0.25,0.26806676556546033,0.26806676556546033,ground,1
-18.625,12.625,0.25,0.3072636825030256,0.3072636825030256,ground,1
-18.625,41.375,0.25,0.43354232793370984,0.43354232793370984,ground,1
-18.625,46.875,0.25,1.2936159964592953,1.2936159964592953,vegetation,1
-18.625,50.875,0.25,0.5070233951549298,0.5070233951549298,ground,1
-18.625,51.625,0.25,0.483990488819737,0.483990488819737,ground,1
-18.625,53.125,0.25,0.4719112922810002,0.4719112922810002,ground,1
-18.625,55.875,0.25,0.473458216115384,0.473458216115384,ground,1
-18.625,57.125,0.25,2.4583093581688074,2.4583093581688074,vegetation,1
-18.625,58.875,0.25,0.4784105609042599,0.4784105609042599,ground,1
-18.625,67.125,0.25,0.5649707561311005,0.5649707561311005,ground,1
-18.375,-86.875,0.25,0.8823182443202382,0.8823182443202382,vegetation,1
-18.375,-76.375,0.25,-0.004539045748583291,-0.004539045748583291,ground,1
-18.375,-67.625,0.25,0.0055925405402285355,0.0055925405402285355,ground,1
-18.375,-54.625,0.25,0.08527872928478225,0.08527872928478225,ground,1
-18.375,-52.125,0.25,1.4436639522299464,1.4436639522299464,vegetation,1
-18.375,-29.875,0.25,2.0690863421516257,2.0690863421516257,vegetation,1
-18.375,-22.375,0.25,0.17268140045520694,0.17268140045520694,ground,1
-18.375,-17.125,0.25,0.13639867992017543,0.13639867992017543,ground,1
-18.375,-6.625,0.25,0.19999697292977028,0.19999697292977028,ground,1
-18.375,-1.625,0.25,0.28025726454219674,0.28025726454219674,ground,1
-18.375,2.125,0.25,0.27891049082734287,0.27891049082734287,ground,1
-18.375,2.625,0.25,0.331844309273896,0.331844309273896,ground,1
-18.375,12.375,0.25,0.3515867842937395,0.3515867842937395,ground,1
-18.375,17.125,0.25,0.3333350419386655,0.3333350419386655,ground,1
-18.375,24.375,0.25,0.3624187766669833,0.3624187766669833,ground,1
-18.375,30.625,0.25,0.4463369949586463,0.4463369949586463,ground,1
-18.375,36.625,0.25,1.7082989492394038,1.7082989492394038,vegetation,1
-18.375,49.125,0.25,0.4492367318734956,0.4492367318734956,ground,1
-18.375,66.375,0.25,0.5386803097019714,0.5386803097019714,ground,1
-18.375,81.375,0.25,0.627526110791829,0.627526110791829,ground,1
-18.125,-66.375,0.25,0.00973398247836275,0.00973398247836275,ground,1
-18.125,-52.625,0.25,1.4214618696258357,1.4214618696258357,vegetation,1
-18.125,-39.375,0.25,0.0952684495066732,0.0952684495066732,ground,1
-18.125,-12.875,0.25,0.21545088111522875,0.21545088111522875,ground,1
-18.125,-3.875,0.25,0.28325732511726814,0.2778510748851605,ground,2
-18.125,7.375,0.25,0.2910656463551662,0.2910656463551662,ground,1
-18.125,8.375,0.25,0.2705123043974982,0.2705123043974982,ground,1
-18.125,8.625,0.25,0.32574454122463337,0.32574454122463337,ground,1
-18.125,14.125,0.25,0.31803377009415507,0.31803377009415507,ground,1
-18.125,14.375,0.25,0.36596417568040535,0.36596417568040535,ground,1
-18.125,29.375,0.25,0.3944219448497164,0.3944219448497164,ground,1
-18.125,30.625,0.25,0.36477908115937935,0.36477908115937935,ground,1
-18.125,31.375,0.25,2.6769041993636637,2.6769041993636637,vegetation,1
-18.125,41.125,0.25,1.6151890946004315,1.6151890946004315,vegetation,1
-18.125,41.625,0.25,3.0558006046418864,3.0558006046418864,vegetation,1
-18.125,52.875,0.25,0.4574212045985168,0.4574212045985168,ground,1
-18.125,56.375,0.25,0.5031236290699727,0.5031236290699727,ground,1
-18.125,75.625,0.25,0.6074363634053963,0.6074363634053963,ground,1
-18.125,78.375,0.25,0.6053228374194098,0.6053228374194098,ground,1
-18.125,92.875,0.25,2.0267667255155364,2.0267667255155364,vegetation,1
-17.875,-92.125,0.25,-0.07723505192459021,-0.07723505192459021,ground,1
-17.875,-69.875,0.25,-0.019089874189326693,-0.019089874189326693,ground,1
-17.875,-57.125,0.25,0.0364576599681803,0.0364576599681803,ground,1
-17.875,-51.875,0.25,0.1049314751919239,0.1049314751919239,ground,1
-17.875,-31.125,0.25,0.13038924830961446,0.13038924830961446,ground,1
-17.875,-27.375,0.25,0.12721788249469096,0.12721788249469096,ground,1
-17.875,-25.625,0.25,0.13904279921134904,0.13904279921134904,ground,1
-17.875,-20.625,0.25,0.18314260839125185,0.18314260839125185,ground,1
-17.875,-20.375,0.25,0.18844069162077215,0.18844069162077215,ground,1
-17.875,-10.125,0.25,0.25640213060251565,0.25640213060251565,ground,1
-17.875,-3.875,0.25,0.21852209562758018,0.21852209562758018,ground,1
-17.875,24.875,0.25,0.375781177383798,0.375781177383798,ground,1
-17.875,25.375,0.25,0.3131309672300894,0.3131309672300894,ground,1
-17.875,28.875,0.25,1.8432517260882912,1.8432517260882912,vegetation,1
-17.875,35.875,0.25,3.261919388324282,3.261919388324282,vegetation,1
-17.875,37.875,0.25,0.4078076530801259,0.4078076530801259,ground,1
-17.875,41.375,0.25,0.41188232715911455,0.41188232715911455,ground,1
-17.875,48.625,0.25,2.115377377193219,2.115377377193219,vegetation,1
-17.875,58.875,0.25,3.1285447658779395,3.1285447658779395,vegetation,1
-17.875,60.375,0.25,1.6444190377944372,1.6444190377944372,vegetation,1
-17.875,64.875,0.25,0.5081129561365971,0.5081129561365971,ground,1
-17.875,69.625,0.25,2.3123342888200913,2.3123342888200913,vegetation,1
-17.875,72.375,0.25,0.5366601032177535,0.5366601032177535,ground,1
-17.625,-70.375,0.25,-0.03961728371496209,-0.03961728371496209,ground,1
-17.625,-62.125,0.25,1.5559792003245612,1.5559792003245612,vegetation,1
-17.625,-37.875,0.25,0.09816977877950954,0.09816977877950954,ground,1
-17.625,-29.375,0.25,0.1179101197440707,0.1179101197440707,ground,1
-17.625,-28.625,0.25,3.160926183739276,3.160926183739276,vegetation,1
-17.625,-28.125,0.25,0.18927240903273881,0.18927240903273881,ground,1
-17.625,-23.125,0.25,0.17851128472170258,0.17851128472170258,ground,1
-17.625,-17.125,0.25,0.22530491701043925,0.22530491701043925,ground,1
-17.625,-16.125,0.25,0.18545894713842725,0.18545894713842725,ground,1
-17.625,-3.625,0.25,0.25322971885630924,0.25322971885630924,ground,1
-17.625,-0.125,0.25,0.30475324673046644,0.30475324673046644,ground,1
-17.625,3.625,0.25,0.24546026439284657,0.24546026439284657,ground,1
-17.625,20.625,0.25,0.34520685264179907,0.34520685264179907,ground,1
-17.625,21.125,0.25,0.3693993172234731,0.3693993172234731,ground,1
-17.625,22.875,0.25,0.3327852225553809,0.3327852225553809,ground,1
-17.625,32.875,0.25,0.42452413899138036,0.42452413899138036,ground,1
-17.625,48.375,0.25,0.4798825856366837,0.4798825856366837,ground,1
-17.625,52.375,0.25,0.4498895949759365,0.4498895949759365,ground,1
-17.625,57.625,0.25,0.4949185971918033,0.4949185971918033,ground,1
-17.625,58.125,0.25,0.4587068874175949,0.4587068874175949,ground,1
-17.625,72.375,0.25,0.523881713320346,0.523881713320346,ground,1
-17.625,97.875,0.25,0.6718060651678968,0.6718060651678968,ground,1
-17.375,-96.625,0.25,1.2224326195548079,1.2224326195548079,vegetation,1
-17.375,-87.375,0.25,-0.07437820695316696,-0.07437820695316696,ground,1
-17.375,-72.875,0.25,-0.018025230126961566,-0.018025230126961566,ground,1
-17.375,-70.875,0.25,2.5044949250703388,2.5044949250703388,vegetation,1
-17.375,-64.375,0.25,-0.0021692210073362174,-0.0021692210073362174,ground,1
-17.375,-60.625,0.25,0.03422588560323947,0.03422588560323947,ground,1
-17.375,-59.125,0.25,0.9628998999820177,0.9628998999820177,vegetation,1
-17.375,-50.375,0.25,0.07690603150781428,0.07690603150781428,ground,1
-17.375,-32.625,0.25,0.10989221446646355,0.10989221446646355,ground,1
-17.375,-29.125,0.25,2.500419017110008,2.500419017110008,vegetation,1
-17.375,-15.625,0.25,0.2097656192777971,0.2097656192777971,ground,1
-17.375,-1.375,0.25,0.25660645996587306,0.25660645996587306,ground,1
-17.375,1.625,0.25,0.26411532510262775,0.26411532510262775,ground,1
-17.375,4.375,0.25,0.2728811958087043,0.2728811958087043,ground,1
-17.375,14.125,0.25,0.3319234390917856,0.3319234390917856,ground,1
-17.375,38.375,0.25,0.4304130570994468,0.4304130570994468,ground,1
-17.375,51.125,0.25,0.4843976209139192,0.4843976209139192,ground,1
-17.375,55.625,0.25,2.241103362117313,2.241103362117313,vegetation,1
-17.375,61.875,0.25,0.4771488651249197,0.4771488651249197,ground,1
-17.375,63.375,0.25,0.5190793728816148,0.5190793728816148,ground,1
-17.375,70.625,0.25,0.5432337971159632,0.5432337971159632,ground,1
-17.375,72.375,0.25,0.5293897367921587,0.5293897367921587,ground,1
-17.375,79.375,0.25,0.6224351482643573,0.6224351482643573,ground,1
-17.125,-93.125,0.25,-0.12845047303632728,-0.12845047303632728,ground,1
-17.125,-84.625,0.25,-0.09035407294080457,-0.09035407294080457,ground,1
-17.125,-78.375,0.25,-0.07956326410389358,-0.07956326410389358,ground,1
-17.125,-74.375,0.25,-0.06748441961134194,-0.06748441961134194,ground,1
-17.125,-50.125,0.25,2.3248150331308515,2.3248150331308515,vegetation,1
-17.125,-48.125,0.25,1.1974877405745548,1.1974877405745548,vegetation,1
-17.125,-47.875,0.25,0.03274326831883464,0.03274326831883464,ground,1
-17.125,-42.625,0.25,0.10366372202995176,0.10366372202995176,ground,1
-17.125,-42.125,0.25,0.12034554381664833,0.12034554381664833,ground,1
-17.125,-32.375,0.25,0.10438412478125446,0.10438412478125446,ground,1
-17.125,-21.875,0.25,0.18542579830431719,0.18542579830431719,ground,1
-17.125,-17.625,0.25,0.21383051943957787,0.21383051943957787,ground,1
-17.125,-11.125,0.25,0.17423009664152256,0.17423009664152256,ground,1
-17.125,-3.125,0.25,0.21914218052644488,0.21914218052644488,ground,1
-17.125,-1.125,0.25,0.16845364894888126,0.16845364894888126,ground,1
-17.125,1.375,0.25,0.24507796843646118,0.24507796843646118,ground,1
-17.125,7.125,0.25,0.31050140375468244,0.31050140375468244,ground,1
-17.125,7.875,0.25,0.2847746567375602,0.2847746567375602,ground,1
-17.125,10.375,0.25,0.30058060781429274,0.30058060781429274,ground,1
-17.125,23.125,0.25,0.3690956176831361,0.3690956176831361,ground,1
-17.125,24.125,0.25,0.36167955223026915,0.36167955223026915,ground,1
-17.125,25.625,0.25,1.4947816131941953,1.4947816131941953,vegetation,1
-17.125,28.125,0.25,2.6722020727699523,2.6722020727699523,vegetation,1
-17.125,72.375,0.25,0.5438673393536828,0.5438673393536828,ground,1
-16.875,-97.375,0.25,-0.13129991452230588,-0.13129991452230588,ground,1
-16.875,-96.875,0.25,-0.16413795321631489,-0.16413795321631489,ground,1
-16.875,-96.125,0.25,-0.13246687080088831,-0.13246687080088831,ground,1
-16.875,-85.625,0.25,-0.09750078160483912,-0.09750078160483912,ground,1
-16.875,-62.125,0.25,-0.06351205375406156,-0.06351205375406156,ground,1
-16.875,-51.375,0.25,0.04730770824382836,0.04730770824382836,ground,1
-16.875,-49.125,0.25,1.3558618620439338,1.3558618620439338,vegetation,1
-16.875,-46.625,0.25,0.06990959261248171,0.06990959261248171,ground,1
-16.875,-45.875,0.25,1.049347448595266,1.049347448595266,vegetation,1
-16.875,-40.375,0.25,0.08581788896505292,0.08581788896505292,ground,1
-16.875,-31.125,0.25,0.14600805137952588,0.14600805137952588,ground,1
-16.875,-28.125,0.25,0.1550700776327966,0.1550700776327966,ground,1
-16.875,-12.125,0.25,0.19161801290263886,0.19161801290263886,ground,1
-16.875,-9.125,0.25,0.22033661615320482,0.22033661615320482,ground,1
-16.875,-3.125,0.25,0.2713230430786983,0.2713230430786983,ground,1
-16.875,7.125,0.25,0.26424286684078346,0.26424286684078346,ground,1
-16.875,8.875,0.25,0.30059517482971876,0.30059517482971876,ground,1
-16.875,48.375,0.25,0.49228767768978726,0.49228767768978726,ground,1
-16.875,52.625,0.25,3.192473197861961,3.192473197861961,vegetation,1
-16.875,54.625,0.25,3.0318211083949533,3.0318211083949533,vegetation,1
-16.875,59.875,0.25,0.5627725126843761,0.5627725126843761,ground,1
-16.875,69.375,0.25,2.9351103093223982,2.9351103093223982,vegetation,1
-16.875,71.875,0.25,1.7834181374863376,1.7834181374863376,vegetation,1
-16.625,-86.625,0.25,2.1846835264167064,2.1846835264167064,vegetation,1
-16.625,-86.125,0.25,2.7399889050701858,2.7399889050701858,vegetation,1
-16.625,-77.125,0.25,-0.04099955315588026,-0.04099955315588026,ground,1
-16.625,-62.875,0.25,-0.012647083076353085,-0.012647083076353085,ground,1
-16.625,-53.625,0.25,2.090386171907104,2.090386171907104,vegetation,1
-16.625,-35.125,0.25,1.7858908288731137,1.7858908288731137,vegetation,1
-16.625,-25.125,0.25,0.18146156437206395,0.18146156437206395,ground,1
-16.625,-23.875,0.25,0.20485527594007472,0.20485527594007472,ground,1
-16.625,-23.125,0.25,0.2242277907755036,0.2242277907755036,ground,1
-16.625,-17.625,0.25,0.20432750033767144,0.20432750033767144,ground,1
-16.625,-17.375,0.25,0.15547306645056236,0.15547306645056236,ground,1
-16.625,-13.375,0.25,0.17698879462068345,0.17698879462068345,ground,1
-16.625,-7.625,0.25,0.24670141314374974,0.24670141314374974,ground,1
-16.625,-6.375,0.25,0.23556059257626547,0.23556059257626547,ground,1
-16.625,-5.875,0.25,0.248419413367322,0.248419413367322,ground,1
-16.625,-5.375,0.25,0.23593276989534703,0.23593276989534703,ground,1
-16.625,0.625,0.25,0.2818290062428881,0.2818290062428881,ground,1
-16.625,7.875,0.25,0.28048363404806415,0.28048363404806415,ground,1
-16.625,8.875,0.25,0.32533534838834394,0.32533534838834394,ground,1
-16.625,38.125,0.25,0.41446199779123055,0.41446199779123055,ground,1
-16.625,43.875,0.25,1.2511520333731114,1.2511520333731114,vegetation,1
-16.625,71.875,0.25,1.8006506024535627,1.8006506024535627,vegetation,1
-16.625,75.125,0.25,0.527239717145561,0.527239717145561,ground,1
-16.625,84.375,0.25,3.228791823287107,3.228791823287107,vegetation,1
-16.625,91.375,0.25,0.631903204652568,0.631903204652568,ground,1
-16.375,-93.875,0.25,-0.116305787633483,-0.116305787633483,ground,1
-16.375,-89.625,0.25,-0.09755698222400176,-0.09755698222400176,ground,1
-16.375,-67.125,0.25,2.61573314191295,2.61573314191295,vegetation,1
-16.375,-49.125,0.25,1.9866975358042502,1.9866975358042502,vegetation,1
-16.375,-40.125,0.25,0.06832099583509406,0.06832099583509406,ground,1
-16.375,-39.625,0.25,1.3078053185578165,1.3078053185578165,vegetation,1
-16.375,-38.125,0.25,1.8521011656472899,1.8521011656472899,vegetation,1
-16.375,-23.625,0.25,0.15055340462809289,0.15055340462809289,ground,1
-16.375,-22.125,0.25,0.15268016835339043,0.15268016835339043,ground,1
-16.375,-14.375,0.25,0.21863564023556348,0.21863564023556348,ground,1
-16.375,-11.375,0.25,0.22702567883562905,0.22702567883562905,ground,1
-16.375,-11.125,0.25,0.21286227429067206,0.21286227429067206,ground,1
-16.375,1.625,0.25,0.23034754895245185,0.23034754895245185,ground,1
-16.375,10.375,0.25,0.305394244868013,0.305394244868013,ground,1
-16.375,31.625,0.25,0.3430190354294932,0.3430190354294932,ground,1
-16.375,34.125,0.25,3.2790003846577163,3.2790003846577163,vegetation,1
-16.375,66.125,0.25,0.4726389014377193,0.4726389014377193,ground,1
-16.375,77.125,0.25,0.5394414741294175,0.5394414741294175,ground,1
-16.375,90.125,0.25,0.6000676017396439,0.6000676017396439,ground,1
-16.375,91.375,0.25,0.5753818540558499,0.5753818540558499,ground,1
-16.125,-92.375,0.25,-0.1514042242582063,-0.1514042242582063,ground,1
-16.125,-71.125,0.25,-0.06371540947264392,-0.06371540947264392,ground,1
-16.125,-67.625,0.25,-0.052241267039878705,-0.052241267039878705,ground,1
-16.125,-65.875,0.25,-0.04690524780815801,-0.04690524780815801,ground,1
-16.125,-52.375,0.25,0.04711442496801941,0.04711442496801941,ground,1
-16.125,-50.375,0.25,0.06439138761732335,0.06439138761732335,ground,1
-16.125,-46.125,0.25,0.0746237551242889,0.0746237551242889,ground,1
-16.125,-38.375,0.25,0.1194702510545118,0.11441789054248619,ground,2
-16.125,-38.125,0.25,0.0683556803039531,0.0683556803039531,ground,1
-16.125,-28.625,0.25,0.0764712480495057,0.0764712480495057,ground,1
-16.125,-19.375,0.25,0.17576833112709492,0.17576833112709492,ground,1
-16.125,-7.875,0.25,0.2455488341598608,0.22000413415690173,ground,2
-16.125,1.375,0.25,0.24598245814612907,0.24598245814612907,ground,1
-16.125,1.625,0.25,0.22245157117385958,0.22245157117385958,ground,1
-16.125,2.625,0.25,0.2648885424542111,0.2648885424542111,ground,1
-16.125,4.125,0.25,0.2800211691293005,0.2684937565057421,ground,2
-16.125,7.375,0.25,0.2943071376220923,0.2876158996960678,ground,2
-16.125,24.625,0.25,0.32368048966513685,0.32368048966513685,ground,1
-16.125,26.625,0.25,0.324248157151733,0.324248157151733,ground,1
-16.125,42.375,0.25,2.1593637455946872,1.310791365884833,ground,2
-16.125,43.125,0.25,3.3237551246043364,3.3237551246043364,vegetation,1
-16.125,47.375,0.25,0.45333065747035484,0.45333065747035484,ground,1
-16.125,49.875,0.25,0.47407940042381513,0.47407940042381513,ground,1
-16.125,50.875,0.25,0.42839969241274495,0.42839969241274495,ground,1
-16.125,78.375,0.25,2.7564202111936877,2.7564202111936877,vegetation,1
-15.875,-90.625,0.25,-0.13973474760120363,-0.13973474760120363,ground,1
-15.875,-85.625,0.25,-0.15911279475295137,-0.15911279475295137,ground,1
-15.875,-75.125,0.25,2.2420541575234876,2.2420541575234876,vegetation,1
-15.875,-72.375,0.25,-0.0627853430996717,-0.0627853430996717,ground,1
-15.875,-70.125,0.25,-0.042671109080807394,-0.042671109080807394,ground,1
-15.875,-62.125,0.25,-0.019786796276180976,-0.019786796276180976,ground,1
-15.875,-58.125,0.25,0.035845823329848425,0.035845823329848425,ground,1
-15.875,-40.375,0.25,0.05829899850599081,0.05829899850599081,ground,1
-15.875,-35.125,0.25,0.08546840897475257,0.08546840897475257,ground,1
-15.875,-29.625,0.25,1.4543809104427856,1.4543809104427856,vegetation,1
-15.875,-28.125,0.25,0.12163950342209767,0.12163950342209767,ground,1
-15.875,-21.375,0.25,0.1612472176582068,0.1612472176582068,ground,1
-15.875,-19.875,0.25,0.16717788670596573,0.16717788670596573,ground,1
-15.875,-12.625,0.25,0.1833421014863831,0.1833421014863831,ground,1
-15.875,-12.375,0.25,0.2329970505632196,0.22882634111708827,ground,2
-15.875,-11.125,0.25,0.1963740919668333,0.1963740919668333,ground,1
-15.875,3.625,0.25,0.2540773416520797,0.2540773416520797,ground,1
-15.875,11.875,0.25,0.3022233265348651,0.3022233265348651,ground,1
-15.875,12.625,0.25,0.2844509589248975,0.2844509589248975,ground,1
-15.875,25.125,0.25,0.3559593124802289,0.3559593124802289,ground,1
-15.875,25.375,0.25,0.3317494762521229,0.3317494762521229,ground,1
-15.875,40.125,0.25,2.251499890944883,2.251499890944883,vegetation,1
-15.875,62.625,0.25,0.4833073242124522,0.4833073242124522,ground,1
-15.875,87.125,0.25,0.5967346845699374,0.5967346845699374,ground,1
-15.625,-84.875,0.25,-0.08673389115398854,-0.08673389115398854,ground,1
-15.625,-79.125,0.25,-0.10132882172647115,-0.10132882172647115,ground,1
-15.625,-69.875,0.25,1.4537512488714774,1.4537512488714774,vegetation,1
-15.625,-50.125,0.25,0.05859504721375634,0.05859504721375634,ground,1
-15.625,-33.875,0.25,0.12258619347239448,0.12258619347239448,ground,1
-15.625,-29.875,0.25,0.09641228678475408,0.09641228678475408,ground,1
-15.625,-25.375,0.25,0.16880866584632248,0.16880866584632248,ground,1
-15.625,-22.375,0.25,0.13059001941805207,0.13059001941805207,ground,1
-15.625,-8.625,0.25,0.1790293861335611,0.1790293861335611,ground,1
-15.625,-6.125,0.25,0.17656676883060116,0.17656676883060116,ground,1
-15.625,-0.125,0.25,0.26730575868120965,0.26730575868120965,ground,1
-15.625,12.125,0.25,0.28578801835602663,0.28578801835602663,ground,1
-15.625,14.375,0.25,0.2712779576457193,0.2712779576457193,ground,1
-15.625,21.125,0.25,0.3330248989443706,0.3330248989443706,ground,1
-15.625,27.625,0.25,0.373853397953289,0.373853397953289,ground,1
-15.625,36.875,0.25,0.37905586361992316,0.37905586361992316,ground,1
-15.625,47.375,0.25,0.4201975422245183,0.4157157661767803,ground,2
-15.625,61.375,0.25,0.4507276263780514,0.4507276263780514,ground,1
-15.375,-90.875,0.25,-0.10250494858004441,-0.10250494858004441,ground,1
-15.375,-87.875,0.25,-0.10912143479423164,-0.10912143479423164,ground,1
-15.375,-84.625,0.25,2.8096763658915367,2.8096763658915367,vegetation,1
-15.375,-83.375,0.25,-0.11439826964940705,-0.11439826964940705,ground,1
-15.375,-39.125,0.25,2.989816749867586,2.989816749867586,vegetation,1
-15.375,-28.125,0.25,0.16270385494330206,0.16270385494330206,ground,1
-15.375,-11.875,0.25,0.19981239879597504,0.19981239879597504,ground,1
-15.375,-10.125,0.25,0.14578683524040587,0.14578683524040587,ground,1
-15.375,0.875,0.25,0.1766027077866607,0.1766027077866607,ground,1
-15.375,2.625,0.25,0.29638983748217523,0.29638983748217523,ground,1
-15.375,21.625,0.25,0.3575749113731673,0.3575749113731673,ground,1
-15.375,61.875,0.25,0.4779546769274058,0.4779546769274058,ground,1
-15.375,80.375,0.25,0.5293967844071684,0.5293967844071684,ground,1
-15.125,-89.375,0.25,-0.15412285756343613,-0.15412285756343613,ground,1
-15.125,-69.375,0.25,-0.0332298882270885,-0.0332298882270885,ground,1
-15.125,-68.875,0.25,-0.05313462539021774,-0.05313462539021774,ground,1
-15.125,-19.375,0.25,0.13919527894965616,0.13919527894965616,ground,1
-15.125,-11.875,0.25,0.17318831715334806,0.17318831715334806,ground,1
-15.125,-10.625,0.25,0.17548208735178428,0.17548208735178428,ground,1
-15.125,-5.125,0.25,0.16270807831442227,0.16270807831442227,ground,1
-15.125,-4.875,0.25,0.22625022800699252,0.22625022800699252,ground,1
-15.125,13.125,0.25,0.26534077377877935,0.26534077377877935,ground,1
-15.125,28.125,0.25,0.3155235675983248,0.3155235675983248,ground,1
-15.125,32.625,0.25,0.3390325299599736,0.3390325299599736,ground,1
-15.125,43.875,0.25,2.335026445036297,2.335026445036297,vegetation,1
-15.125,47.125,0.25,0.40025526840545433,0.40025526840545433,ground,1
-15.125,84.625,0.25,3.047948513747552,3.047948513747552,vegetation,1
-14.875,-75.375,0.25,2.8122234595696582,2.8122234595696582,vegetation,1
-14.875,-70.625,0.25,1.2623885351135187,1.2623885351135187,vegetation,1
-14.875,-69.875,0.25,-0.060760616677079944,-0.060760616677079944,ground,1
-14.875,-66.375,0.25,-0.052871771324646884,-0.052871771324646884,ground,1
-14.875,-65.625,0.25,1.1902523009502937,1.1902523009502937,vegetation,1
-14.875,-58.125,0.25,-0.01974882819425984,-0.01974882819425984,ground,1
-14.875,-44.125,0.25,1.816559533635385,1.816559533635385,vegetation,1
-14.875,-43.875,0.25,0.08451163538273285,0.08451163538273285,ground,1
-14.875,-34.125,0.25,0.10088998074801678,0.10088998074801678,ground,1
-14.875,-29.875,0.25,2.005444704982627,2.005444704982627,vegetation,1
-14.875,-29.625,0.25,0.1242166995414441,0.1242166995414441,ground,1
-14.875,-29.375,0.25,0.1170645146398988,0.1170645146398988,ground,1
-14.875,-13.625,0.25,0.18831836001390267,0.18831836001390267,ground,1
-14.875,-12.375,0.25,0.14162404180667304,0.14162404180667304,ground,1
-14.875,-6.625,0.25,0.22686753056302564,0.22686753056302564,ground,1
-14.875,-3.625,0.25,0.2009557828189844,0.2009557828189844,ground,1
-14.875,7.125,0.25,0.2424812450948391,0.2424812450948391,ground,1
-14.875,32.625,0.25,0.34437436601749516,0.34437436601749516,ground,1
-14.875,36.125,0.25,2.8190355157139177,2.8190355157139177,vegetation,1
-14.875,45.375,0.25,0.38837988896491,0.38837988896491,ground,1
-14.875,69.625,0.25,3.185934033338484,3.185934033338484,vegetation,1
-14.875,84.625,0.25,2.830807991085143,2.830807991085143,vegetation,1
-14.875,89.625,0.25,2.6734037961180874,2.6734037961180874,vegetation,1
-14.875,95.625,0.25,0.6594207228636968,0.6594207228636968,ground,1
-14.625,-70.625,0.25,2.888609931325073,2.888609931325073,vegetation,1
-14.625,-68.625,0.25,-0.04597570331246492,-0.04597570331246492,ground,1
-14.625,-63.375,0.25,2.0159301173107123,2.0159301173107123,vegetation,1
-14.625,-59.875,0.25,-0.01814550889535175,-0.01814550889535175,ground,1
-14.625,-44.625,0.25,0.021602577125087633,0.021602577125087633,ground,1
-14.625,-40.875,0.25,2.8877718482451713,2.8877718482451713,vegetation,1
-14.625,-24.375,0.25,0.0603998159409278,0.0603998159409278,ground,1
-14.625,-23.375,0.25,0.08770844916809575,0.08770844916809575,ground,1
-14.625,-19.375,0.25,0.17531135884091714,0.17531135884091714,ground,1
-14.625,-13.125,0.25,0.16797591717470692,0.16797591717470692,ground,1
-14.625,-2.875,0.25,0.17827067778981068,0.17827067778981068,ground,1
-14.625,26.875,0.25,0.30712169551032975,0.30712169551032975,ground,1
-14.625,39.875,0.25,0.3954968190103366,0.3954968190103366,ground,1
-14.625,41.125,0.25,0.3403354008824102,0.3403354008824102,ground,1
-14.625,48.375,0.25,0.40562204335973767,0.3904396247914431,ground,2
-14.625,54.625,0.25,0.38658589776858676,0.38658589776858676,ground,1
-14.625,81.875,0.25,0.5114540039413045,0.5114540039413045,ground,1
-14.625,87.125,0.25,1.5017196546998124,1.5017196546998124,vegetation,1
-14.625,93.625,0.25,0.59950714770915,0.59950714770915,ground,1
-14.375,-88.375,0.25,-0.135994986653711,-0.135994986653711,ground,1
-14.375,-73.375,0.25,2.8202185186688995,2.8202185186688995,vegetation,1
-14.375,-66.375,0.25,-0.05717302422101114,-0.05717302422101114,ground,1
-14.375,-65.125,0.25,1.1654859539554747,1.1654859539554747,vegetation,1
-14.375,-49.625,0.25,0.012263801767801293,0.012263801767801293,ground,1
-14.375,-26.375,0.25,1.3257887453142205,1.3257887453142205,vegetation,1
-14.375,-13.125,0.25,0.14763513528481498,0.14763513528481498,ground,1
-14.375,-5.375,0.25,0.17306563600490235,0.17306563600490235,ground,1
-14.375,1.125,0.25,0.2324072711304994,0.2324072711304994,ground,1
-14.375,2.625,0.25,0.2157173250339391,0.2157173250339391,ground,1
-14.375,7.875,0.25,0.20298333395454754,0.20298333395454754,ground,1
-14.375,8.125,0.25,0.24975502930800444,0.24975502930800444,ground,1
-14.375,14.625,0.25,0.2827347880125578,0.2827347880125578,ground,1
-14.375,27.125,0.25,0.3199230116634755,0.3199230116634755,ground,1
-14.375,28.375,0.25,0.3009351549746972,0.3009351549746972,ground,1
-14.375,29.125,0.25,0.34456803619744636,0.34456803619744636,ground,1
-14.375,31.625,0.25,2.2721083582056467,2.2721083582056467,vegetation,1
-14.375,43.125,0.25,1.3716297991578963,1.3716297991578963,vegetation,1
-14.375,51.625,0.25,0.43600456926570963,0.43600456926570963,ground,1
-14.375,55.375,0.25,2.08662319394041,2.08662319394041,vegetation,1
-14.375,57.125,0.25,2.421432097500743,2.421432097500743,vegetation,1
-14.375,62.875,0.25,3.425237794328068,3.425237794328068,vegetation,1
-14.375,64.125,0.25,0.41610474192125424,0.41610474192125424,ground,1
-14.375,65.625,0.25,0.483431458825641,0.483431458825641,ground,1
-14.375,68.875,0.25,0.5152292827859072,0.5152292827859072,ground,1
-14.375,88.375,0.25,0.5928325306668962,0.5928325306668962,ground,1
-14.125,-86.625,0.25,-0.09805510464687522,-0.09805510464687522,ground,1
-14.125,-86.375,0.25,-0.1263132313690729,-0.1263132313690729,ground,1
-14.125,-81.625,0.25,1.0884970817595117,1.0884970817595117,vegetation,1
-14.125,-74.125,0.25,-0.05753106539681412,-0.05753106539681412,ground,1
-14.125,-57.875,0.25,2.207069700518444,2.207069700518444,vegetation,1
-14.125,-0.625,0.25,0.2082793517791151,0.2082793517791151,ground,1
-14.125,5.875,0.25,0.22288320867521802,0.22288320867521802,ground,1
-14.125,10.875,0.25,0.22453281009275997,0.22453281009275997,ground,1
-14.125,18.125,0.25,0.3405848088302733,0.3405848088302733,ground,1
-14.125,36.125,0.25,0.3622057591932885,0.3622057591932885,ground,1
-14.125,41.625,0.25,0.3831142312242995,0.3831142312242995,ground,1
-14.125,64.375,0.25,0.4310995321072443,0.4310995321072443,ground,1
-14.125,64.625,0.25,0.44895866078217733,0.44895866078217733,ground,1
-13.875,-75.875,0.25,-0.10305531390103188,-0.10305531390103188,ground,1
-13.875,-60.125,0.25,-0.025603401864991,-0.025603401864991,ground,1
-13.875,-56.875,0.25,-0.02963275786725813,-0.02963275786725813,ground,1
-13.875,-45.625,0.25,2.3991922540630557,2.3991922540630557,vegetation,1
-13.875,-40.375,0.25,0.035550003426493795,0.035550003426493795,ground,1
-13.875,-33.875,0.25,2.724325412515265,2.724325412515265,vegetation,1
-13.875,-31.125,0.25,2.591799777027529,2.591799777027529,vegetation,1
-13.875,-21.375,0.25,0.12976842936618488,0.12976842936618488,ground,1
-13.875,-15.625,0.25,0.1561500017899914,0.1561500017899914,ground,1
-13.875,-5.375,0.25,0.20162852006730092,0.20162852006730092,ground,1
-13.875,-4.125,0.25,0.20304321182121685,0.20304321182121685,ground,1
-13.875,6.875,0.25,0.19566481398226382,0.19566481398226382,ground,1
-13.875,11.875,0.25,0.2783031824180189,0.2783031824180189,ground,1
-13.875,17.625,0.25,0.26367148161666715,0.26367148161666715,ground,1
-13.875,26.625,0.25,1.6114519676361159,1.6114519676361159,vegetation,1
-13.875,31.375,0.25,2.454255708211798,2.454255708211798,vegetation,1
-13.875,33.625,0.25,2.1189688065440753,2.1189688065440753,vegetation,1
-13.875,40.625,0.25,1.3568157609091838,1.3568157609091838,vegetation,1
-13.875,70.375,0.25,0.47950526984262437,0.47950526984262437,ground,1
-13.875,78.125,0.25,0.5146247609338517,0.5146247609338517,ground,1
-13.625,-96.375,0.25,0.9047263789475483,0.9047263789475483,vegetation,1
-13.625,-93.625,0.25,2.0517221219462414,2.0517221219462414,vegetation,1
-13.625,-79.625,0.25,-0.11194229152974663,-0.11194229152974663,ground,1
-13.625,-74.375,0.25,-0.08477233270429399,-0.08477233270429399,ground,1
-13.625,-59.625,0.25,2.6589284472483787,2.6589284472483787,vegetation,1
-13.625,-55.625,0.25,1.327286512585498,1.327286512585498,vegetation,1
-13.625,-50.375,0.25,0.03636289590814949,0.03636289590814949,ground,1
-13.625,-34.375,0.25,0.07782292176601117,0.07782292176601117,ground,1
-13.625,-29.875,0.25,0.07435169750350472,0.07435169750350472,ground,1
-13.625,-21.625,0.25,0.12060721862992807,0.12060721862992807,ground,1
-13.625,-16.125,0.25,0.1460275695794667,0.1460275695794667,ground,1
-13.625,-8.875,0.25,0.1608948828922783,0.1608948828922783,ground,1
-13.625,-0.875,0.25,0.23671154913481765,0.23671154913481765,ground,1
-13.625,33.875,0.25,0.33160344384582674,0.33160344384582674,ground,1
-13.625,41.625,0.25,3.0584551491466816,3.0584551491466816,vegetation,1
-13.625,49.375,0.25,1.916857208102928,1.916857208102928,vegetation,1
-13.625,54.375,0.25,1.2803156394697075,1.2803156394697075,vegetation,1
-13.625,65.375,0.25,0.45572116280264646,0.45572116280264646,ground,1
-13.625,81.125,0.25,0.5252497225872992,0.5252497225872992,ground,1
-13.625,89.625,0.25,0.5855639307926188,0.5855639307926188,ground,1
-13.625,94.625,0.25,0.5789480806914974,0.5789480806914974,ground,1
-13.375,-94.625,0.25,1.761062133394604,1.761062133394604,vegetation,1
-13.375,-80.375,0.25,2.5910131496686644,2.5910131496686644,vegetation,1
-13.375,-77.125,0.25,2.535573792534213,2.535573792534213,vegetation,1
-13.375,-63.125,0.25,-0.043057130634506696,-0.043057130634506696,ground,1
-13.375,-55.125,0.25,1.2854245139101415,1.2854245139101415,vegetation,1
-13.375,-50.875,0.25,-0.021551703064681172,-0.021551703064681172,ground,1
-13.375,-49.625,0.25,2.1347248902315483,2.1347248902315483,vegetation,1
-13.375,-31.375,0.25,1.6061318318600764,1.6061318318600764,vegetation,1
-13.375,-27.125,0.25,0.07059242161628762,0.07059242161628762,ground,1
-13.375,-18.625,0.25,0.16544862659501552,0.16544862659501552,ground,1
-13.375,-12.625,0.25,0.1460066472045763,0.1460066472045763,ground,1
-13.375,-12.125,0.25,0.15859204665962648,0.15859204665962648,ground,1
-13.375,-10.875,0.25,0.14816176773383738,0.14816176773383738,ground,1
-13.375,-1.375,0.25,0.19266969521772917,0.19266969521772917,ground,1
-13.375,8.125,0.25,0.2077335760919952,0.2077335760919952,ground,1
-13.375,10.375,0.25,0.29155106276533815,0.29155106276533815,ground,1
-13.375,13.625,0.25,0.2668833149088789,0.2668833149088789,ground,1
-13.375,20.375,0.25,0.2762797832946364,0.2762797832946364,ground,1
-13.375,21.875,0.25,0.28080984221250593,0.28080984221250593,ground,1
-13.375,26.875,0.25,0.30333307215824307,0.30333307215824307,ground,1
-13.375,29.125,0.25,1.793894013375703,1.793894013375703,vegetation,1
-13.375,46.125,0.25,0.34978902457216143,0.34978902457216143,ground,1
-13.375,46.875,0.25,0.4147795896386567,0.4147795896386567,ground,1
-13.375,51.125,0.25,0.4148581591339281,0.4148581591339281,ground,1
-13.375,59.125,0.25,2.2291941179779076,2.2291941179779076,vegetation,1
-13.375,65.875,0.25,0.47847400777361865,0.47847400777361865,ground,1
-13.375,73.375,0.25,0.4665438441982894,0.4665438441982894,ground,1
-13.375,86.875,0.25,0.5542328822953178,0.5542328822953178,ground,1
-13.125,-89.375,0.25,-0.19656831538087854,-0.19656831538087854,ground,1
-13.125,-85.875,0.25,1.685704787736726,1.685704787736726,vegetation,1
-13.125,-74.125,0.25,-0.07098763614350038,-0.07098763614350038,ground,1
-13.125,-71.875,0.25,-0.08323603306889807,-0.08323603306889807,ground,1
-13.125,-65.625,0.25,-0.0651720374956695,-0.0651720374956695,ground,1
-13.125,-55.125,0.25,1.8421292202414747,1.8421292202414747,vegetation,1
-13.125,-47.125,0.25,0.0023470500860815046,0.0023470500860815046,ground,1
-13.125,-30.875,0.25,2.858239275022039,2.858239275022039,vegetation,1
-13.125,-30.625,0.25,0.05560444675342133,0.05560444675342133,ground,1
-13.125,-28.875,0.25,0.09110315260423038,0.09110315260423038,ground,1
-13.125,-26.875,0.25,0.09706696450169801,0.09706696450169801,ground,1
-13.125,-25.375,0.25,0.1283390555526326,0.1283390555526326,ground,1
-13.125,-17.125,0.25,0.137747374384651,0.137747374384651,ground,1
-13.125,-12.375,0.25,0.15717019273029834,0.15717019273029834,ground,1
-13.125,-6.625,0.25,0.16148440962329813,0.16148440962329813,ground,1
-13.125,-4.875,0.25,0.19465062794051713,0.19465062794051713,ground,1
-13.125,13.125,0.25,0.24887240658811405,0.24887240658811405,ground,1
-13.125,14.875,0.25,0.2303822096753086,0.2303822096753086,ground,1
-13.125,29.125,0.25,1.3344868447216327,1.3344868447216327,vegetation,1
-13.125,39.375,0.25,0.3633274676460023,0.3633274676460023,ground,1
-13.125,51.375,0.25,1.6711733537901632,1.6711733537901632,vegetation,1
-13.125,58.875,0.25,1.2871556523043,1.2871556523043,vegetation,1
-13.125,80.125,0.25,0.5325871704474201,0.5325871704474201,ground,1
-12.875,-98.875,0.25,0.8137225726183122,0.8137225726183122,vegetation,1
-12.875,-76.375,0.25,-0.07986570889517633,-0.07986570889517633,ground,1
-12.875,-69.875,0.25,-0.057144095280217404,-0.057144095280217404,ground,1
-12.875,-42.625,0.25,1.3431428110633346,1.3431428110633346,vegetation,1
-12.875,-42.375,0.25,0.019436052170836528,0.019436052170836528,ground,1
-12.875,-28.375,0.25,1.5761249254670808,1.5761249254670808,vegetation,1
-12.875,-27.625,0.25,0.9634495896595039,0.9634495896595039,vegetation,1
-12.875,-14.875,0.25,0.15071263343216823,0.15071263343216823,ground,1
-12.875,-11.375,0.25,0.15527389861778623,0.15527389861778623,ground,1
-12.875,-7.375,0.25,0.17436049880773002,0.17436049880773002,ground,1
-12.875,2.375,0.25,0.2256271365595639,0.2256271365595639,ground,1
-12.875,4.125,0.25,0.20679659675912362,0.20679659675912362,ground,1
-12.875,17.625,0.25,0.2774522047394315,0.2774522047394315,ground,1
-12.875,20.375,0.25,0.22421192666998016,0.22421192666998016,ground,1
-12.875,24.125,0.25,0.2961405586100588,0.2961405586100588,ground,1
-12.875,48.625,0.25,0.36648161535958473,0.36648161535958473,ground,1
-12.875,58.375,0.25,2.0594877586380553,2.0594877586380553,vegetation,1
-12.875,69.875,0.25,1.520934099574647,1.520934099574647,vegetation,1
-12.875,73.125,0.25,0.5087057096006559,0.5087057096006559,ground,1
-12.875,76.375,0.25,0.4954496506588608,0.4954496506588608,ground,1
-12.875,92.625,0.25,0.573567791480812,0.573567791480812,ground,1
-12.625,-86.625,0.25,-0.17308766006267146,-0.17308766006267146,ground,1
-12.625,-85.125,0.25,2.7044313500813315,2.7044313500813315,vegetation,1
-12.625,-78.625,0.25,-0.08560870845068369,-0.08560870845068369,ground,1
-12.625,-67.125,0.25,1.8054357920805173,1.8054357920805173,vegetation,1
-12.625,-48.625,0.25,0.006968981844435113,0.006968981844435113,ground,1
-12.625,-39.375,0.25,0.062673680977601,0.062673680977601,ground,1
-12.625,-33.125,0.25,0.08264610044901013,0.08264610044901013,ground,1
-12.625,-29.375,0.25,2.3523213837730643,2.3523213837730643,vegetation,1
-12.625,-19.875,0.25,0.11482528518147982,0.11482528518147982,ground,1
-12.625,-16.625,0.25,0.1457336160464581,0.1457336160464581,ground,1
-12.625,-6.625,0.25,0.1786925350039541,0.1786925350039541,ground,1
-12.625,3.625,0.25,0.22732146890612348,0.22732146890612348,ground,1
-12.625,28.625,0.25,0.31594057353926497,0.31594057353926497,ground,1
-12.625,35.125,0.25,2.8723065502315155,2.8723065502315155,vegetation,1
-12.625,45.375,0.25,2.2370896596368803,2.2370896596368803,vegetation,1
-12.625,49.375,0.25,0.3605822622784244,0.3605822622784244,ground,1
-12.625,54.875,0.25,0.432055980350319,0.432055980350319,ground,1
-12.625,72.375,0.25,0.4637993497632466,0.4637993497632466,ground,1
-12.375,-89.125,0.25,-0.19134760683964352,-0.19134760683964352,ground,1
-12.375,-73.875,0.25,-0.10382475916743418,-0.10382475916743418,ground,1
-12.375,-60.125,0.25,-0.05662343203070906,-0.05662343203070906,ground,1
-12.375,-51.375,0.25,-0.035322991666097966,-0.035322991666097966,ground,1
-12.375,-45.375,0.25,-0.026476007121941147,-0.026476007121941147,ground,1
-12.375,-25.875,0.25,0.10792259701525192,0.10792259701525192,ground,1
-12.375,12.625,0.25,0.2212324769271258,0.2212324769271258,ground,1
-12.375,24.875,0.25,0.25085931014249296,0.25085931014249296,ground,1
-12.375,39.625,0.25,0.39638036474759447,0.39638036474759447,ground,1
-12.375,40.625,0.25,2.0829651886262637,2.0829651886262637,vegetation,1
-12.375,41.625,0.25,0.3681984332318865,0.3681984332318865,ground,1
-12.375,44.625,0.25,2.99925501324062,2.99925501324062,vegetation,1
-12.375,79.125,0.25,2.093840056057857,2.093840056057857,vegetation,1
-12.375,86.125,0.25,0.533552840062164,0.533552840062164,ground,1
-12.125,-92.375,0.25,-0.14578246284980517,-0.14578246284980517,ground,1
-12.125,-63.625,0.25,-0.08076906456683444,-0.08076906456683444,ground,1
-12.125,-58.375,0.25,2.2355538445894987,2.2355538445894987,vegetation,1
-12.125,-51.375,0.25,1.1630800106631354,1.1630800106631354,vegetation,1
-12.125,-37.625,0.25,0.05516820370196773,0.05516820370196773,ground,1
-12.125,-36.625,0.25,0.0886011635500242,0.0886011635500242,ground,1
-12.125,-30.625,0.25,2.8516952264564335,2.8516952264564335,vegetation,1
-12.125,-20.875,0.25,0.10086541552561223,0.10086541552561223,ground,1
-12.125,-20.375,0.25,0.14460845363084696,0.14460845363084696,ground,1
-12.125,-14.125,0.25,0.10084655723527895,0.10084655723527895,ground,1
-12.125,-11.875,0.25,0.12560361313540996,0.12560361313540996,ground,1
-12.125,-10.375,0.25,0.10754004876194828,0.10754004876194828,ground,1
-12.125,12.375,0.25,0.22312171552545484,0.22312171552545484,ground,1
-12.125,13.625,0.25,0.2597069513803373,0.2597069513803373,ground,1
-12.125,22.625,0.25,0.29255021553006366,0.29255021553006366,ground,1
-12.125,36.625,0.25,2.222894023175352,2.222894023175352,vegetation,1
-12.125,40.875,0.25,0.30737997186389493,0.30737997186389493,ground,1
-12.125,41.125,0.25,0.3262981737009055,0.3262981737009055,ground,1
-12.125,55.875,0.25,0.3669757464206952,0.3669757464206952,ground,1
-12.125,60.875,0.25,0.40052986951273356,0.40052986951273356,ground,1
-12.125,68.375,0.25,3.150321225801751,3.150321225801751,vegetation,1
-12.125,77.375,0.25,0.5356296026384872,0.5356296026384872,ground,1
-11.875,-90.125,0.25,-0.18762721081955153,-0.18762721081955153,ground,1
-11.875,-89.625,0.25,2.407202651355976,2.407202651355976,vegetation,1
-11.875,-80.875,0.25,1.4078002137093972,1.4078002137093972,vegetation,1
-11.875,-51.375,0.25,0.003842942121774974,0.003842942121774974,ground,1
-11.875,-49.625,0.25,2.205552824276721,2.205552824276721,vegetation,1
-11.875,-36.125,0.25,1.8410789991194445,1.8410789991194445,vegetation,1
-11.875,-28.875,0.25,0.08046494727658192,0.08046494727658192,ground,1
-11.875,-26.625,0.25,0.09677410316073921,0.09677410316073921,ground,1
-11.875,-4.375,0.25,0.1653156006369736,0.1653156006369736,ground,1
-11.875,7.875,0.25,0.23817686113240227,0.23817686113240227,ground,1
-11.875,9.875,0.25,0.22700798827829655,0.22700798827829655,ground,1
-11.875,17.875,0.25,0.2348350995690461,0.2348350995690461,ground,1
-11.875,28.125,0.25,1.433904053626501,1.433904053626501,vegetation,1
-11.875,30.875,0.25,2.5809048895299416,2.5809048895299416,vegetation,1
-11.875,35.125,0.25,0.2801481311266946,0.2801481311266946,ground,1
-11.875,37.875,0.25,1.8935273431852973,1.8935273431852973,vegetation,1
-11.875,40.125,0.25,0.32166226402636994,0.32166226402636994,ground,1
-11.875,42.125,0.25,0.3183279256625525,0.3183279256625525,ground,1
-11.875,43.375,0.25,2.106095468729508,2.106095468729508,vegetation,1
-11.875,66.625,0.25,0.4629920885455454,0.4629920885455454,ground,1
-11.875,68.625,0.25,0.48979797118592394,0.48979797118592394,ground,1
-11.625,-83.625,0.25,1.0068027310130911,1.0068027310130911,vegetation,1
-11.625,-73.125,0.25,-0.11447344412994985,-0.11447344412994985,ground,1
-11.625,-69.375,0.25,-0.0919920991186682,-0.0919920991186682,ground,1
-11.625,-50.375,0.25,-0.008668874611829209,-0.008668874611829209,ground,1
-11.625,-45.875,0.25,-0.01802525195189625,-0.01802525195189625,ground,1
-11.625,-32.375,0.25,2.411226651325056,2.411226651325056,vegetation,1
-11.625,-14.875,0.25,0.11425156714719628,0.11425156714719628,ground,1
-11.625,-14.125,0.25,0.10132781426917603,0.10132781426917603,ground,1
-11.625,-5.625,0.25,0.17217882584831443,0.17217882584831443,ground,1
-11.625,21.375,0.25,0.2539414638387768,0.2539414638387768,ground,1
-11.625,23.125,0.25,0.2963782989058232,0.2963782989058232,ground,1
-11.625,26.625,0.25,0.2796302685746107,0.2796302685746107,ground,1
-11.625,36.375,0.25,0.31074243170973925,0.31074243170973925,ground,1
-11.625,37.625,0.25,0.34193831734983926,0.34193831734983926,ground,1
-11.625,47.375,0.25,2.4056765617767195,2.4056765617767195,vegetation,1
-11.625,76.375,0.25,0.4950278131241928,0.4950278131241928,ground,1
-11.625,87.375,0.25,3.3576976329546198,3.3576976329546198,vegetation,1
-11.625,95.125,0.25,0.5248452062430881,0.5248452062430881,ground,1
-11.375,-75.125,0.25,2.6424559236049516,2.6424559236049516,vegetation,1
-11.375,-74.625,0.25,1.7889428558040668,1.7889428558040668,vegetation,1
-11.375,-57.625,0.25,-0.05908022398763175,-0.05908022398763175,ground,1
-11.375,-45.125,0.25,0.002088731353984777,0.002088731353984777,ground,1
-11.375,-40.875,0.25,0.03592747195477572,0.03592747195477572,ground,1
-11.375,-25.375,0.25,0.0939695467116818,0.0939695467116818,ground,1
-11.375,-11.625,0.25,0.066109345640152,0.066109345640152,ground,1
-11.375,4.625,0.25,0.20147644466373774,0.20147644466373774,ground,1
-11.375,10.625,0.25,0.19664102104123982,0.19664102104123982,ground,1
-11.375,12.125,0.25,0.21104030102582902,0.21104030102582902,ground,1
-11.375,12.375,0.25,0.22099912178042427,0.22099912178042427,ground,1
-11.375,17.125,0.25,0.22835540668670587,0.22835540668670587,ground,1
-11.375,18.375,0.25,0.2679883402574333,0.2679883402574333,ground,1
-11.375,28.375,0.25,0.2826828880865766,0.2826828880865766,ground,1
-11.375,32.875,0.25,2.3869974588593315,2.3869974588593315,vegetation,1
-11.375,51.125,0.25,0.4319522873925995,0.4319522873925995,ground,1
-11.375,52.375,0.25,1.6820836174944738,1.6820836174944738,vegetation,1
-11.375,53.375,0.25,0.36734859384496593,0.36734859384496593,ground,1
-11.375,92.375,0.25,0.5541996056660576,0.5541996056660576,ground,1
-11.125,-77.125,0.25,-0.15200556993251052,-0.15200556993251052,ground,1
-11.125,-61.375,0.25,-0.08411396166789933,-0.08411396166789933,ground,1
-11.125,-60.875,0.25,-0.02183808486320251,-0.02183808486320251,ground,1
-11.125,-44.625,0.25,0.012180201396122959,0.012180201396122959,ground,1
-11.125,-5.875,0.25,0.0657850092399592,0.0657850092399592,ground,1
-11.125,-4.875,0.25,0.15751767310089457,0.15751767310089457,ground,1
-11.125,-2.375,0.25,0.15075655472521776,0.15075655472521776,ground,1
-11.125,-0.625,0.25,0.14049454778439321,0.14049454778439321,ground,1
-11.125,22.625,0.25,0.24878249358527899,0.24878249358527899,ground,1
-11.125,24.625,0.25,0.2531506506316627,0.2531506506316627,ground,1
-11.125,26.125,0.25,0.3151247089549818,0.3151247089549818,ground,1
-11.125,28.375,0.25,0.3108804414140836,0.3108804414140836,ground,1
-11.125,29.875,0.25,0.34895923646064186,0.34895923646064186,ground,1
-11.125,31.125,0.25,0.3209128748907219,0.3209128748907219,ground,1
-11.125,33.875,0.25,1.3731970070454558,1.3731970070454558,vegetation,1
-11.125,69.625,0.25,0.4137098137646931,0.4137098137646931,ground,1
-11.125,74.125,0.25,0.47737073795010854,0.47737073795010854,ground,1
-11.125,76.125,0.25,0.49343829621209095,0.49343829621209095,ground,1
-11.125,79.875,0.25,0.4593974734192233,0.4593974734192233,ground,1
-11.125,81.375,0.25,2.2714434214411345,2.2714434214411345,vegetation,1
-11.125,90.875,0.25,0.49373276103709596,0.49373276103709596,ground,1
-10.875,-83.625,0.25,2.1207899801131402,2.1207899801131402,vegetation,1
-10.875,-75.625,0.25,-0.10971250024383589,-0.10971250024383589,ground,1
-10.875,-71.875,0.25,1.5003443174203115,1.5003443174203115,vegetation,1
-10.875,-62.375,0.25,-0.10441637001625731,-0.10441637001625731,ground,1
-10.875,-61.125,0.25,-0.10600136688917818,-0.10600136688917818,ground,1
-10.875,-57.875,0.25,-0.10229393438335889,-0.10229393438335889,ground,1
-10.875,-51.875,0.25,1.1185864462769295,1.1185864462769295,vegetation,1
-10.875,-40.125,0.25,0.027648423891871495,0.027648423891871495,ground,1
-10.875,-18.875,0.25,0.07328058228768641,0.07328058228768641,ground,1
-10.875,-10.375,0.25,0.15419301615478742,0.15419301615478742,ground,1
-10.875,-7.125,0.25,0.14652226340901137,0.14652226340901137,ground,1
-10.875,-3.375,0.25,0.13161739978479325,0.13161739978479325,ground,1
-10.875,-1.375,0.25,0.17468826744855973,0.17468826744855973,ground,1
-10.875,-0.875,0.25,0.11833629769760066,0.11833629769760066,ground,1
-10.875,7.125,0.25,0.1955056800115183,0.1955056800115183,ground,1
-10.875,15.625,0.25,0.1924628619593045,0.1924628619593045,ground,1
-10.875,28.625,0.25,0.29034088433101424,0.29034088433101424,ground,1
-10.875,29.875,0.25,0.3181176859586367,0.3181176859586367,ground,1
-10.875,31.625,0.25,0.3347926098284053,0.32324765943661393,ground,2
-10.875,35.625,0.25,1.482052675532533,1.482052675532533,vegetation,1
-10.625,-78.625,0.25,-0.16704765125604648,-0.16704765125604648,ground,1
-10.625,-70.875,0.25,-0.06809611338046162,-0.06809611338046162,ground,1
-10.625,-66.875,0.25,-0.1022169675594879,-0.1022169675594879,ground,1
-10.625,-54.375,0.25,2.514221425204065,2.514221425204065,vegetation,1
-10.625,-50.375,0.25,-0.02479678112442115,-0.02479678112442115,ground,1
-10.625,-46.125,0.25,-0.01035120941593504,-0.01035120941593504,ground,1
-10.625,-38.375,0.25,0.005870946200174372,0.005870946200174372,ground,1
-10.625,-15.125,0.25,0.06971048989681877,0.06971048989681877,ground,1
-10.625,-2.875,0.25,0.13036781038416886,0.13036781038416886,ground,1
-10.625,1.125,0.25,0.16201440718370125,0.16201440718370125,ground,1
-10.625,14.125,0.25,0.23250267064110627,0.23250267064110627,ground,1
-10.625,29.375,0.25,0.25744354923100166,0.25744354923100166,ground,1
-10.625,32.375,0.25,1.8082797644740203,1.8082797644740203,vegetation,1
-10.625,50.125,0.25,0.3460321802547595,0.3460321802547595,ground,1
-10.625,55.125,0.25,0.3942774323816619,0.3942774323816619,ground,1
-10.625,75.625,0.25,0.4321382959116942,0.4321382959116942,ground,1
-10.625,83.125,0.25,0.5199140097078994,0.5199140097078994,ground,1
-10.625,88.375,0.25,0.4989821106032705,0.4989821106032705,ground,1
-10.375,-73.625,0.25,2.7772927081678143,2.7772927081678143,vegetation,1
-10.375,-72.125,0.25,-0.16171454366530774,-0.16171454366530774,ground,1
-10.375,-71.125,0.25,1.0655473523409562,1.0655473523409562,vegetation,1
-10.375,-61.625,0.25,-0.08533947857065995,-0.08533947857065995,ground,1
-10.375,-60.375,0.25,1.2474777833246433,1.2474777833246433,vegetation,1
-10.375,-48.375,0.25,-0.06434579812196217,-0.06434579812196217,ground,1
-10.375,-2.375,0.25,0.1448442082225164,0.1448442082225164,ground,1
-10.375,0.875,0.25,0.15265767991014823,0.15265767991014823,ground,1
-10.375,4.125,0.25,0.13775781489889635,0.13775781489889635,ground,1
-10.375,10.375,0.25,0.18948289680349417,0.18948289680349417,ground,1
-10.375,11.625,0.25,0.1757584321280041,0.1757584321280041,ground,1
-10.375,12.625,0.25,0.17640905526082148,0.17640905526082148,ground,1
-10.375,27.875,0.25,1.8826909380862227,1.8826909380862227,vegetation,1
-10.375,38.625,0.25,0.32897173987096917,0.32897173987096917,ground,1
-10.375,55.625,0.25,0.36965986134450984,0.36965986134450984,ground,1
-10.375,68.125,0.25,0.43169331989639503,0.43169331989639503,ground,1
-10.375,80.875,0.25,0.46965206429081324,0.46965206429081324,ground,1
-10.375,85.875,0.25,3.1202172298831625,3.1202172298831625,vegetation,1
-10.125,-82.625,0.25,-0.2183542446321471,-0.2183542446321471,ground,1
-10.125,-79.625,0.25,-0.2251355069845094,-0.2251355069845094,ground,1
-10.125,-79.125,0.25,-0.1670609351779928,-0.1670609351779928,ground,1
-10.125,-73.125,0.25,1.453351929935037,1.453351929935037,vegetation,1
-10.125,-60.875,0.25,1.2116135010297504,1.2116135010297504,vegetation,1
-10.125,-58.875,0.25,1.7169766641068223,1.7169766641068223,vegetation,1
-10.125,-57.875,0.25,-0.0903414651932407,-0.0903414651932407,ground,1
-10.125,-53.875,0.25,-0.08726119796205492,-0.08726119796205492,ground,1
-10.125,-49.125,0.25,-0.04219502797652695,-0.04219502797652695,ground,1
-10.125,-29.375,0.25,-0.00018373205511669488,-0.00018373205511669488,ground,1
-10.125,-26.625,0.25,0.036099504525479616,0.036099504525479616,ground,1
-10.125,-26.125,0.25,0.08158680112761982,0.08158680112761982,ground,1
-10.125,-22.625,0.25,0.03996599673914253,0.03996599673914253,ground,1
-10.125,14.125,0.25,0.1830078701880114,0.1830078701880114,ground,1
-10.125,15.125,0.25,0.229628408167923,0.229628408167923,ground,1
-10.125,15.625,0.25,0.20852466217106166,0.20852466217106166,ground,1
-10.125,20.375,0.25,0.22130511250668805,0.22130511250668805,ground,1
-10.125,24.375,0.25,0.24282578414976919,0.24282578414976919,ground,1
-10.125,37.375,0.25,0.2977341528212155,0.2977341528212155,ground,1
-10.125,37.625,0.25,0.3286537484522929,0.3286537484522929,ground,1
-10.125,48.875,0.25,0.3494100963052038,0.3494100963052038,ground,1
-10.125,81.625,0.25,0.4724996666839115,0.4724996666839115,ground,1
-9.875,-97.125,0.25,-0.22089513119491344,-0.22089513119491344,ground,1
-9.875,-62.875,0.25,-0.06938785108933285,-0.06938785108933285,ground,1
-9.875,-12.875,0.25,0.07212767945814604,0.07212767945814604,ground,1
-9.875,-11.375,0.25,0.10071995856990033,0.10071995856990033,ground,1
-9.875,-9.125,0.25,0.12095467892483147,0.12095467892483147,ground,1
-9.875,-8.875,0.25,0.10329484552278641,0.10329484552278641,ground,1
-9.875,-2.375,0.25,0.12063809856924654,0.12063809856924654,ground,1
-9.875,-1.875,0.25,0.1374723615299594,0.1374723615299594,ground,1
-9.875,7.875,0.25,0.17327940454265722,0.17327940454265722,ground,1
-9.875,20.625,0.25,0.1929743134326683,0.1929743134326683,ground,1
-9.875,24.375,0.25,0.22182827351418863,0.22182827351418863,ground,1
-9.875,28.875,0.25,3.1204317905160863,3.1204317905160863,vegetation,1
-9.875,31.375,0.25,1.5225536255154681,1.5225536255154681,vegetation,1
-9.875,43.625,0.25,1.4822296480952675,1.4822296480952675,vegetation,1
-9.875,53.125,0.25,0.41623008027782116,0.41623008027782116,ground,1
-9.875,57.625,0.25,2.4059259263268737,2.4059259263268737,vegetation,1
-9.875,62.625,0.25,1.8450870205067247,1.8450870205067247,vegetation,1
-9.875,71.125,0.25,0.4332659328337832,0.4332659328337832,ground,1
-9.875,85.125,0.25,0.48333670450552324,0.48333670450552324,ground,1
-9.625,-82.125,0.25,-0.201345129971393,-0.201345129971393,ground,1
-9.625,-50.125,0.25,-0.055651054993240266,-0.055651054993240266,ground,1
-9.625,-44.875,0.25,-0.019197971952521067,-0.019197971952521067,ground,1
-9.625,-43.625,0.25,-0.039654128812449035,-0.039654128812449035,ground,1
-9.625,-40.125,0.25,0.0014619093489750198,0.0014619093489750198,ground,1
-9.625,-24.375,0.25,0.04701642679402177,0.04701642679402177,ground,1
-9.625,-20.375,0.25,0.05452269576276258,0.05452269576276258,ground,1
-9.625,-15.625,0.25,0.07608221887800867,0.07608221887800867,ground,1
-9.625,-2.625,0.25,0.16427429041757521,0.16427429041757521,ground,1
-9.625,-1.875,0.25,0.13047252922731375,0.13047252922731375,ground,1
-9.625,-1.375,0.25,0.14280925853942714,0.14280925853942714,ground,1
-9.625,2.625,0.25,0.12075108270305228,0.12075108270305228,ground,1
-9.625,17.625,0.25,0.2618683460891188,0.2618683460891188,ground,1
-9.625,22.375,0.25,0.2227829810115427,0.2227829810115427,ground,1
-9.625,30.125,0.25,0.2420821699821264,0.2420821699821264,ground,1
-9.625,33.375,0.25,0.24411289504076603,0.24411289504076603,ground,1
-9.625,58.375,0.25,0.372939433823382,0.372939433823382,ground,1
-9.625,64.875,0.25,0.4037608657557665,0.4037608657557665,ground,1
-9.625,68.125,0.25,1.607960253447389,1.607960253447389,vegetation,1
-9.625,73.625,0.25,0.413592981889837,0.413592981889837,ground,1
-9.625,80.125,0.25,0.4564311223385106,0.4564311223385106,ground,1
-9.625,87.375,0.25,0.5045903158915958,0.5045903158915958,ground,1
-9.625,93.875,0.25,0.530578517681566,0.530578517681566,ground,1
-9.375,-84.125,0.25,-0.12756009605373375,-0.12756009605373375,ground,1
-9.375,-82.875,0.25,-0.19006369327654873,-0.19006369327654873,ground,1
-9.375,-74.125,0.25,1.1772357011048147,1.1772357011048147,vegetation,1
-9.375,-59.625,0.25,-0.08005552545201604,-0.08005552545201604,ground,1
-9.375,-58.125,0.25,1.6745113281272308,1.6745113281272308,vegetation,1
-9.375,-38.375,0.25,-0.06565854612603222,-0.06565854612603222,ground,1
-9.375,-34.875,0.25,0.0020899316127531084,0.0020899316127531084,ground,1
-9.375,-32.125,0.25,1.4164970794967116,1.4164970794967116,vegetation,1
-9.375,-6.625,0.25,0.12143986050213047,0.12143986050213047,ground,1
-9.375,5.875,0.25,0.21675890298062067,0.21675890298062067,ground,1
-9.375,6.125,0.25,0.17720538489477716,0.17720538489477716,ground,1
-9.375,9.625,0.25,0.19012951097219022,0.19012951097219022,ground,1
-9.375,16.125,0.25,0.21014681766085516,0.21014681766085516,ground,1
-9.375,25.875,0.25,0.22614059530470093,0.22614059530470093,ground,1
-9.375,27.875,0.25,1.7265358634959844,0.7536323442388352,ground,3
-9.375,42.125,0.25,0.2750027704911904,0.2750027704911904,ground,1
-9.375,45.875,0.25,0.34249542825795143,0.34249542825795143,ground,1
-9.375,51.375,0.25,0.3306798765620752,0.3306798765620752,ground,1
-9.375,53.875,0.25,0.37072079629246457,0.37072079629246457,ground,1
-9.375,66.625,0.25,1.9193167830800726,1.9193167830800726,vegetation,1
-9.375,71.875,0.25,0.4500825497095545,0.4500825497095545,ground,1
-9.375,73.875,0.25,1.6946958284034022,1.6946958284034022,vegetation,1
-9.375,76.875,0.25,0.4203603967845012,0.4203603967845012,ground,1
-9.375,97.875,0.25,1.3988709071456757,1.3988709071456757,vegetation,1
-9.125,-68.375,0.25,0.9384366140514931,0.9384366140514931,vegetation,1
-9.125,-15.125,0.25,0.0985768444561386,0.0985768444561386,ground,1
-9.125,-9.375,0.25,0.05765862759836633,0.05765862759836633,ground,1
-9.125,9.375,0.25,0.17745705809999418,0.17745705809999418,ground,1
-9.125,16.375,0.25,0.16027509153733865,0.16027509153733865,ground,1
-9.125,19.875,0.25,0.1866897003700198,0.1866897003700198,ground,1
-9.125,22.625,0.25,0.23555156844871689,0.23555156844871689,ground,1
-9.125,23.875,0.25,0.23501293052966193,0.23501293052966193,ground,1
-9.125,25.875,0.25,2.704362729967614,2.704362729967614,vegetation,1
-9.125,29.125,0.25,0.22431632571584167,0.22431632571584167,ground,1
-9.125,35.125,0.25,0.3151285743997009,0.3151285743997009,ground,1
-9.125,64.625,0.25,2.4073894772362294,2.4073894772362294,vegetation,1
-9.125,76.875,0.25,0.45710004661832804,0.45710004661832804,ground,1
-9.125,77.375,0.25,1.4024786571507897,0.9321038976672307,ground,2
-9.125,81.125,0.25,2.8355133380687496,2.8355133380687496,vegetation,1
-9.125,83.375,0.25,0.4681954828106466,0.4681954828106466,ground,1
-8.875,-91.125,0.25,-0.25303520370173666,-0.25303520370173666,ground,1
-8.875,-89.125,0.25,-0.27111341583324255,-0.27111341583324255,ground,1
-8.875,-66.625,0.25,2.3825431492672893,2.3825431492672893,vegetation,1
-8.875,-51.625,0.25,1.7944460596568912,1.7944460596568912,vegetation,1
-8.875,-49.375,0.25,-0.05486326828560252,-0.05486326828560252,ground,1
-8.875,-31.375,0.25,2.060756493248435,2.060756493248435,vegetation,1
-8.875,-14.625,0.25,0.0933720945462121,0.0933720945462121,ground,1
-8.875,1.875,0.25,0.13107713633153456,0.13107713633153456,ground,1
-8.875,11.375,0.25,0.13241869790798458,0.13241869790798458,ground,1
-8.875,12.125,0.25,0.17034742232158684,0.17034742232158684,ground,1
-8.875,22.875,0.25,0.25316035115714786,0.25316035115714786,ground,1
-8.875,30.375,0.25,0.25484670752530125,0.25484670752530125,ground,1
-8.875,31.625,0.25,0.3085843409966771,0.3085843409966771,ground,1
-8.875,68.375,0.25,0.3870517118997713,0.3870517118997713,ground,1
-8.875,73.625,0.25,0.4063379157531658,0.4063379157531658,ground,1
-8.875,88.875,0.25,0.48265506265523744,0.48265506265523744,ground,1
-8.875,89.125,0.25,0.5046703870466421,0.5046703870466421,ground,1
-8.875,92.125,0.25,0.4575560222413263,0.4575560222413263,ground,1
-8.625,-36.625,0.25,1.649499426616786,1.649499426616786,vegetation,1
-8.625,-30.125,0.25,-0.020699073615756493,-0.020699073615756493,ground,1
-8.625,-9.125,0.25,0.11868879672314617,0.11868879672314617,ground,1
-8.625,2.375,0.25,0.15055711774639516,0.15055711774639516,ground,1
-8.625,5.875,0.25,0.11382714156544937,0.11382714156544937,ground,1
-8.625,16.375,0.25,0.15721306770038865,0.15721306770038865,ground,1
-8.625,26.625,0.25,0.23031622677033292,0.23031622677033292,ground,1
-8.625,27.875,0.25,2.6395363154969917,2.6395363154969917,vegetation,1
-8.625,32.375,0.25,0.2619165329965165,0.2619165329965165,ground,1
-8.625,42.875,0.25,0.28841503222343307,0.28841503222343307,ground,1
-8.625,43.625,0.25,3.081586797398403,3.081586797398403,vegetation,1
-8.625,44.125,0.25,0.3165052504938745,0.3165052504938745,ground,1
-8.625,56.125,0.25,1.3339679482185391,1.3339679482185391,vegetation,1
-8.625,63.125,0.25,0.40627728392104917,0.40627728392104917,ground,1
-8.625,66.375,0.25,0.37304498646449685,0.37304498646449685,ground,1
-8.625,86.375,0.25,0.4773038566168337,0.4773038566168337,ground,1
-8.625,89.625,0.25,2.076212254821506,2.076212254821506,vegetation,1
-8.625,90.875,0.25,0.508146737822596,0.508146737822596,ground,1
-8.625,97.375,0.25,2.9189560608609986,2.9189560608609986,vegetation,1
-8.375,-97.625,0.25,-0.26763408035328734,-0.26763408035328734,ground,1
-8.375,-80.625,0.25,-0.15757067189780344,-0.15757067189780344,ground,1
-8.375,-78.625,0.25,-0.18995998811665193,-0.18995998811665193,ground,1
-8.375,-72.625,0.25,2.380557272478163,2.380557272478163,vegetation,1
-8.375,-61.125,0.25,-0.17851178219146738,-0.17851178219146738,ground,1
-8.375,-59.375,0.25,-0.07599079806993317,-0.07599079806993317,ground,1
-8.375,-51.875,0.25,-0.09811186246160364,-0.09811186246160364,ground,1
-8.375,-14.125,0.25,0.09504339037640995,0.09504339037640995,ground,1
-8.375,-4.125,0.25,0.12257288975340602,0.12257288975340602,ground,1
-8.375,30.875,0.25,2.251911711401046,2.251911711401046,vegetation,1
-8.375,34.875,0.25,3.2646353915405046,3.2646353915405046,vegetation,1
-8.375,40.375,0.25,0.25775463463168086,0.25775463463168086,ground,1
-8.375,54.625,0.25,1.1563328978568035,1.1563328978568035,vegetation,1
-8.375,60.875,0.25,0.3260468678068218,0.3260468678068218,ground,1
-8.375,62.125,0.25,0.3543346891261091,0.3543346891261091,ground,1
-8.375,63.625,0.25,2.6983788568532954,2.6983788568532954,vegetation,1
-8.375,64.125,0.25,0.37952667193656836,0.37952667193656836,ground,1
-8.375,68.875,0.25,0.3658554955922783,0.3658554955922783,ground,1
-8.125,-89.125,0.25,2.6742770463951215,2.6742770463951215,vegetation,1
-8.125,-64.125,0.25,-0.13465507564429327,-0.13465507564429327,ground,1
-8.125,-61.625,0.25,2.8065416293030596,2.391623692508602,vegetation,2
-8.125,-61.125,0.25,1.357817803046785,1.357817803046785,vegetation,1
-8.125,-60.125,0.25,-0.08950301463777226,-0.08950301463777226,ground,1
-8.125,-23.125,0.25,0.019060213624780595,0.019060213624780595,ground,1
-8.125,-15.875,0.25,0.0977615217708485,0.0977615217708485,ground,1
-8.125,-11.375,0.25,0.1159568784140873,0.1159568784140873,ground,1
-8.125,-10.625,0.25,0.04208021513156731,0.04208021513156731,ground,1
-8.125,5.875,0.25,0.14604953643768714,0.14604953643768714,ground,1
-8.125,10.875,0.25,0.18668353594777842,0.18668353594777842,ground,1
-8.125,17.875,0.25,0.19971188199596387,0.19971188199596387,ground,1
-8.125,22.125,0.25,0.22134663222750234,0.22134663222750234,ground,1
-8.125,27.375,0.25,0.2108460791200115,0.2108460791200115,ground,1
-8.125,37.875,0.25,0.31671212146278105,0.31671212146278105,ground,1
-8.125,58.625,0.25,1.9361784371102133,1.9361784371102133,vegetation,1
-8.125,59.125,0.25,0.36855701189031975,0.36855701189031975,ground,1
-8.125,64.875,0.25,0.40174133293975556,0.40174133293975556,ground,1
-8.125,67.875,0.25,0.4168723891481863,0.4168723891481863,ground,1
-8.125,80.375,0.25,3.010970689039829,3.010970689039829,vegetation,1
-7.875,-89.875,0.25,-0.251658990449718,-0.251658990449718,ground,1
-7.875,-79.625,0.25,-0.19588616172888024,-0.19588616172888024,ground,1
-7.875,-57.125,0.25,-0.10025825843011309,-0.10025825843011309,ground,1
-7.875,-47.625,0.25,-0.06102648098758712,-0.06102648098758712,ground,1
-7.875,-45.375,0.25,-0.05661980976625977,-0.05661980976625977,ground,1
-7.875,-38.625,0.25,2.0095885945655385,2.0095885945655385,vegetation,1
-7.875,-28.875,0.25,0.03591570063686946,0.03591570063686946,ground,1
-7.875,-28.625,0.25,-0.0058508986388129125,-0.0058508986388129125,ground,1
-7.875,-24.875,0.25,0.008910877122138207,0.008910877122138207,ground,1
-7.875,-13.125,0.25,0.06893932733748388,0.06893932733748388,ground,1
-7.875,-9.375,0.25,0.024435148850433158,0.024435148850433158,ground,1
-7.875,-8.375,0.25,0.10944788358152119,0.10944788358152119,ground,1
-7.875,-7.375,0.25,0.13629302434198706,0.13629302434198706,ground,1
-7.875,23.375,0.25,0.20889653349156162,0.20889653349156162,ground,1
-7.875,29.375,0.25,0.23986952867894273,0.23986952867894273,ground,1
-7.875,31.375,0.25,0.2163981112808204,0.2163981112808204,ground,1
-7.875,32.375,0.25,0.27564203195872705,0.27564203195872705,ground,1
-7.875,44.875,0.25,1.869989015436734,1.869989015436734,vegetation,1
-7.875,56.125,0.25,0.3832080621518645,0.3832080621518645,ground,1
-7.875,68.375,0.25,3.2780325242920583,3.2780325242920583,vegetation,1
-7.875,76.875,0.25,2.024616230803416,2.024616230803416,vegetation,1
-7.875,83.375,0.25,0.4294524757761865,0.4294524757761865,ground,1
-7.875,84.125,0.25,0.45250286027524406,0.45250286027524406,ground,1
-7.875,84.625,0.25,2.947215253699733,2.947215253699733,vegetation,1
-7.625,-92.625,0.25,-0.28629886295438955,-0.28629886295438955,ground,1
-7.625,-88.125,0.25,-0.23407686379735587,-0.23407686379735587,ground,1
-7.625,-87.125,0.25,1.4601271286580992,1.4601271286580992,vegetation,1
-7.625,-79.875,0.25,-0.20688452524850975,-0.20688452524850975,ground,1
-7.625,-55.875,0.25,2.3226117604261898,2.3226117604261898,vegetation,1
-7.625,-40.375,0.25,-0.03507255085858428,-0.03507255085858428,ground,1
-7.625,-39.625,0.25,1.0521922241664106,1.0521922241664106,vegetation,1
-7.625,-34.625,0.25,-0.024926846518068965,-0.024926846518068965,ground,1
-7.625,-31.125,0.25,0.8264343974344663,0.8264343974344663,vegetation,1
-7.625,-24.125,0.25,0.04315179769142667,0.04315179769142667,ground,1
-7.625,-20.875,0.25,-0.002636054224911845,-0.002636054224911845,ground,1
-7.625,-9.375,0.25,0.09786457588274017,0.09786457588274017,ground,1
-7.625,-8.125,0.25,0.09049774604119831,0.09049774604119831,ground,1
-7.625,-4.875,0.25,0.08131330135575954,0.08131330135575954,ground,1
-7.625,-2.375,0.25,0.095951242864465,0.095951242864465,ground,1
-7.625,-0.125,0.25,0.10750272210834265,0.10750272210834265,ground,1
-7.625,9.875,0.25,0.16722274889632613,0.16722274889632613,ground,1
-7.625,51.375,0.25,2.6387220272425522,2.6387220272425522,vegetation,1
-7.625,65.875,0.25,0.3864060984281381,0.3864060984281381,ground,1
-7.625,66.375,0.25,0.31034581748337675,0.31034581748337675,ground,1
-7.625,74.125,0.25,0.3985670483831359,0.3985670483831359,ground,1
-7.625,80.875,0.25,1.2796268135848434,1.2796268135848434,vegetation,1
-7.625,88.375,0.25,0.46898483659229684,0.46898483659229684,ground,1
-7.625,89.375,0.25,0.5146032574383407,0.5146032574383407,ground,1
-7.375,-96.625,0.25,1.4760454404971028,1.4760454404971028,vegetation,1
-7.375,-93.625,0.25,1.1558257867251125,1.1558257867251125,vegetation,1
-7.375,-90.375,0.25,-0.2833235354381888,-0.2833235354381888,ground,1
-7.375,-82.375,0.25,-0.24037301503441783,-0.24037301503441783,ground,1
-7.375,-78.375,0.25,-0.2004253493825521,-0.2004253493825521,ground,1
-7.375,-75.625,0.25,1.8157753545652031,1.8157753545652031,vegetation,1
-7.375,-74.875,0.25,1.8456098393030171,1.8456098393030171,vegetation,1
-7.375,-58.875,0.25,-0.18236570158804605,-0.18236570158804605,ground,1
-7.375,-57.625,0.25,-0.12187027341316216,-0.12187027341316216,ground,1
-7.375,-52.125,0.25,1.9436869457891262,1.9436869457891262,vegetation,1
-7.375,-51.625,0.25,-0.08314689246694493,-0.08314689246694493,ground,1
-7.375,-49.125,0.25,1.9685597382320417,1.9685597382320417,vegetation,1
-7.375,-39.875,0.25,-0.028699288049014376,-0.028699288049014376,ground,1
-7.375,-37.625,0.25,-0.0423711587732247,-0.0423711587732247,ground,1
-7.375,-20.125,0.25,0.05460013876738365,0.05460013876738365,ground,1
-7.375,-18.875,0.25,0.010304490805105287,0.010304490805105287,ground,1
-7.375,-15.125,0.25,0.060399787352876474,0.060399787352876474,ground,1
-7.375,-12.375,0.25,0.02956111045968119,0.02956111045968119,ground,1
-7.375,-6.125,0.25,0.0950482242552989,0.0950482242552989,ground,1
-7.375,9.375,0.25,0.1264550037181077,0.1264550037181077,ground,1
-7.375,12.875,0.25,0.15880556232130338,0.15880556232130338,ground,1
-7.375,16.625,0.25,0.1570633416846408,0.1570633416846408,ground,1
-7.375,39.125,0.25,1.2160028842488693,1.2160028842488693,vegetation,1
-7.375,94.625,0.25,2.629477612790084,2.623439276627382,vegetation,2
-7.125,-96.125,0.25,-0.3157333035482455,-0.3157333035482455,ground,1
-7.125,-95.375,0.25,2.096498891953054,2.096498891953054,vegetation,1
-7.125,-85.875,0.25,-0.1677889917236386,-0.1677889917236386,ground,1
-7.125,-83.625,0.25,-0.23524466040481637,-0.23524466040481637,ground,1
-7.125,-83.375,0.25,-0.22123060123796304,-0.22123060123796304,ground,1
-7.125,-72.375,0.25,1.0387701608625237,1.0387701608625237,vegetation,1
-7.125,-62.125,0.25,-0.12503212277107406,-0.12503212277107406,ground,1
-7.125,-56.625,0.25,-0.09549485807424891,-0.09549485807424891,ground,1
-7.125,-34.375,0.25,1.819900987960036,1.819900987960036,vegetation,1
-7.125,-33.125,0.25,2.0109264572973533,2.0109264572973533,vegetation,1
-7.125,-24.375,0.25,-0.007374765860195528,-0.007374765860195528,ground,1
-7.125,-13.625,0.25,0.04041631468992674,0.04041631468992674,ground,1
-7.125,-10.875,0.25,0.07833200071804261,0.07833200071804261,ground,1
-7.125,-3.375,0.25,0.11652664751378569,0.11652664751378569,ground,1
-7.125,3.625,0.25,0.1471230065932893,0.1471230065932893,ground,1
-7.125,7.875,0.25,0.1473450846558464,0.1473450846558464,ground,1
-7.125,10.875,0.25,0.1997533802581746,0.1997533802581746,ground,1
-7.125,17.125,0.25,0.16559195699171347,0.16559195699171347,ground,1
-7.125,33.375,0.25,0.22591567588237288,0.22591567588237288,ground,1
-7.125,37.875,0.25,2.2199701673020664,2.2199701673020664,vegetation,1
-7.125,40.625,0.25,0.24752335741710976,0.24752335741710976,ground,1
-7.125,48.125,0.25,0.23244900601891028,0.23244900601891028,ground,1
-6.875,-88.125,0.25,-0.22562550192562938,-0.22562550192562938,ground,1
-6.875,-67.375,0.25,-0.1356104996850521,-0.1356104996850521,ground,1
-6.875,-39.375,0.25,-0.09278605834113139,-0.09278605834113139,ground,1
-6.875,-35.375,0.25,-0.05717420726067079,-0.05717420726067079,ground,1
-6.875,3.625,0.25,0.09062482171426955,0.09062482171426955,ground,1
-6.875,90.875,0.25,2.3784614078375705,2.3784614078375705,vegetation,1
-6.625,-77.875,0.25,-0.21844700754500765,-0.21844700754500765,ground,1
-6.625,-60.625,0.25,-0.13625036598151824,-0.13625036598151824,ground,1
-6.625,-48.375,0.25,-0.13029813962638662,-0.13029813962638662,ground,1
-6.625,-18.875,0.25,0.01093424764480811,0.01093424764480811,ground,1
-6.625,-14.625,0.25,0.07801253273306402,0.07801253273306402,ground,1
-6.625,-14.125,0.25,0.03646697784850351,0.03646697784850351,ground,1
-6.625,-2.375,0.25,0.13889801990845263,0.13889801990845263,ground,1
-6.625,-2.125,0.25,0.03904914924235299,0.03904914924235299,ground,1
-6.625,-1.375,0.25,0.1123902849406818,0.1123902849406818,ground,1
-6.625,-0.625,0.25,0.07058908962285285,0.07058908962285285,ground,1
-6.625,-0.125,0.25,0.1368727925962552,0.1368727925962552,ground,1
-6.625,12.375,0.25,0.13371813027722768,0.13371813027722768,ground,1
-6.625,13.375,0.25,0.1999751918099245,0.1999751918099245,ground,1
-6.625,20.125,0.25,0.1977238570116413,0.1977238570116413,ground,1
-6.625,20.625,0.25,0.19459111283679126,0.19459111283679126,ground,1
-6.625,25.125,0.25,0.20484909259000256,0.20484909259000256,ground,1
-6.625,32.625,0.25,0.26873179491931676,0.26873179491931676,ground,1
-6.625,42.375,0.25,0.2692995111166524,0.2692995111166524,ground,1
-6.625,55.875,0.25,0.3283284599405755,0.3283284599405755,ground,1
-6.625,58.625,0.25,3.1070226494299167,3.1070226494299167,vegetation,1
-6.625,83.875,0.25,0.4091820578502011,0.4091820578502011,ground,1
-6.375,-95.625,0.25,-0.3121658840464628,-0.3121658840464628,ground,1
-6.375,-61.375,0.25,-0.15351452069511806,-0.15351452069511806,ground,1
-6.375,-53.625,0.25,-0.14862339060107957,-0.14862339060107957,ground,1
-6.375,-47.875,0.25,-0.10339069853929402,-0.10339069853929402,ground,1
-6.375,-43.625,0.25,2.193688847646553,2.193688847646553,vegetation,1
-6.375,-38.875,0.25,-0.08876032598552783,-0.08876032598552783,ground,1
-6.375,-36.875,0.25,-0.03287660700579788,-0.03287660700579788,ground,1
-6.375,-29.375,0.25,-0.041744393247704514,-0.041744393247704514,ground,1
-6.375,-28.375,0.25,2.375985586718336,2.375985586718336,vegetation,1
-6.375,-25.375,0.25,-0.019785646572501335,-0.019785646572501335,ground,1
-6.375,-23.625,0.25,0.03523755547369729,0.03523755547369729,ground,1
-6.375,-20.625,0.25,0.028232956222531164,0.028232956222531164,ground,1
-6.375,-18.625,0.25,-0.007776611033626445,-0.007776611033626445,ground,1
-6.375,-15.625,0.25,0.0563333530028364,0.0563333530028364,ground,1
-6.375,-14.125,0.25,0.028912687473334763,0.028912687473334763,ground,1
-6.375,-13.375,0.25,0.05137461280391385,0.05137461280391385,ground,1
-6.375,-10.875,0.25,0.09680895892748707,0.09680895892748707,ground,1
-6.375,-2.625,0.25,0.08564316286667835,0.08564316286667835,ground,1
-6.375,0.625,0.25,0.056619393323874306,0.056619393323874306,ground,1
-6.375,3.875,0.25,0.14953015454952112,0.14953015454952112,ground,1
-6.375,16.125,0.25,0.18894925528629744,0.18894925528629744,ground,1
-6.375,26.125,0.25,1.537753924297764,1.537753924297764,vegetation,1
-6.375,31.125,0.25,0.2251250833457169,0.2251250833457169,ground,1
-6.375,33.875,0.25,0.23353934518980426,0.23353934518980426,ground,1
-6.375,34.125,0.25,2.9268203774755293,2.9268203774755293,vegetation,1
-6.375,34.875,0.25,0.21951304382503212,0.21951304382503212,ground,1
-6.375,37.125,0.25,2.992079838043917,2.992079838043917,vegetation,1
-6.375,40.625,0.25,0.2275570570749863,0.2275570570749863,ground,1
-6.375,59.125,0.25,1.607564383532738,1.607564383532738,vegetation,1
-6.375,59.625,0.25,1.7313841463304915,1.7313841463304915,vegetation,1
-6.375,60.375,0.25,0.3561814438948733,0.3561814438948733,ground,1
-6.375,73.625,0.25,2.081581902921632,2.081581902921632,vegetation,1
-6.375,77.375,0.25,0.41948767849886875,0.41948767849886875,ground,1
-6.375,96.875,0.25,2.655906714488939,2.655906714488939,vegetation,1
-6.125,-96.375,0.25,-0.27513701626887804,-0.27513701626887804,ground,1
-6.125,-84.125,0.25,-0.24776599478065314,-0.24776599478065314,ground,1
-6.125,-80.375,0.25,-0.24400812527446825,-0.24400812527446825,ground,1
-6.125,-66.375,0.25,-0.17280910736837415,-0.17280910736837415,ground,1
-6.125,-65.625,0.25,-0.19316331745006493,-0.19316331745006493,ground,1
-6.125,-52.125,0.25,2.580683684209075,2.580683684209075,vegetation,1
-6.125,-51.625,0.25,2.7508900792441615,2.7508900792441615,vegetation,1
-6.125,-50.625,0.25,-0.100617803384037,-0.100617803384037,ground,1
-6.125,-47.375,0.25,-0.14191956363401365,-0.14191956363401365,ground,1
-6.125,-31.625,0.25,1.820657773042642,1.820657773042642,vegetation,1
-6.125,-30.875,0.25,-0.011420149242914748,-0.011420149242914748,ground,1
-6.125,-17.875,0.25,-0.011469784344134995,-0.011469784344134995,ground,1
-6.125,-13.625,0.25,0.06237813598455952,0.06237813598455952,ground,1
-6.125,-9.375,0.25,0.06143026361406779,0.06143026361406779,ground,1
-6.125,10.375,0.25,0.08579701297803513,0.08579701297803513,ground,1
-6.125,20.875,0.25,0.16400682524625906,0.16400682524625906,ground,1
-6.125,30.125,0.25,2.687993802902039,2.687993802902039,vegetation,1
-6.125,37.375,0.25,0.25386744534265654,0.25386744534265654,ground,1
-6.125,40.625,0.25,0.24213751240358164,0.24213751240358164,ground,1
-6.125,41.875,0.25,1.583177791529799,1.583177791529799,vegetation,1
-6.125,59.625,0.25,1.3086692961410185,1.3086692961410185,vegetation,1
-6.125,60.375,0.25,1.808545130318532,1.808545130318532,vegetation,1
-6.125,77.875,0.25,0.4298495400977847,0.4298495400977847,ground,1
-6.125,97.625,0.25,2.524362888219326,2.524362888219326,vegetation,1
-5.875,-93.375,0.25,-0.26734915731326586,-0.26734915731326586,ground,1
-5.875,-58.875,0.25,-0.14329737202676585,-0.14329737202676585,ground,1
-5.875,-57.125,0.25,-0.12888150206161342,-0.12888150206161342,ground,1
-5.875,-53.125,0.25,-0.11239856626917351,-0.11239856626917351,ground,1
-5.875,-51.125,0.25,-0.1427175200174985,-0.1427175200174985,ground,1
-5.875,-40.125,0.25,-0.06350181729615245,-0.06350181729615245,ground,1
-5.875,-34.125,0.25,-0.00942613314308556,-0.00942613314308556,ground,1
-5.875,-25.125,0.25,1.975784915266874,1.975784915266874,vegetation,1
-5.875,-22.125,0.25,0.007496528678414481,0.007496528678414481,ground,1
-5.875,-18.875,0.25,0.05428969727157164,0.05428969727157164,ground,1
-5.875,-9.875,0.25,0.05478642509579402,0.05478642509579402,ground,1
-5.875,-3.875,0.25,0.06826679381817287,0.06826679381817287,ground,1
-5.875,2.625,0.25,0.10178336446941792,0.10178336446941792,ground,1
-5.875,4.375,0.25,0.12444625268229313,0.12444625268229313,ground,1
-5.875,10.875,0.25,0.12274861298698204,0.12274861298698204,ground,1
-5.875,13.375,0.25,0.1605764971398865,0.1605764971398865,ground,1
-5.875,14.125,0.25,0.149196583304042,0.149196583304042,ground,1
-5.875,48.375,0.25,0.29565042914770034,0.29565042914770034,ground,1
-5.875,54.875,0.25,0.29841685285937064,0.29841685285937064,ground,1
-5.875,76.375,0.25,1.6264491000892933,1.6264491000892933,vegetation,1
-5.875,78.375,0.25,2.1249225122220405,2.1249225122220405,vegetation,1
-5.875,93.625,0.25,1.7810084974032256,1.7810084974032256,vegetation,1
-5.625,-97.625,0.25,2.5439327385635853,2.5439327385635853,vegetation,1
-5.625,-81.375,0.25,-0.20671290183378513,-0.20671290183378513,ground,1
-5.625,-71.875,0.25,1.531379085973143,1.531379085973143,vegetation,1
-5.625,-55.625,0.25,-0.17848259834108504,-0.17848259834108504,ground,1
-5.625,-54.375,0.25,-0.10918985640143301,-0.10918985640143301,ground,1
-5.625,-47.125,0.25,-0.09762654739635496,-0.09762654739635496,ground,1
-5.625,-37.875,0.25,-0.06113004345747947,-0.06113004345747947,ground,1
-5.625,-37.625,0.25,-0.04096635239406554,-0.04096635239406554,ground,1
-5.625,-32.375,0.25,-0.06607605210695308,-0.06607605210695308,ground,1
-5.625,-16.125,0.25,0.07283686456935412,0.07283686456935412,ground,1
-5.625,-14.875,0.25,0.04603850507825105,0.04603850507825105,ground,1
-5.625,-12.375,0.25,0.07854340512503158,0.07854340512503158,ground,1
-5.625,-9.875,0.25,0.0312500682816341,0.0312500682816341,ground,1
-5.625,7.875,0.25,0.10488441541201385,0.10488441541201385,ground,1
-5.625,12.625,0.25,0.16021393428889413,0.16021393428889413,ground,1
-5.625,12.875,0.25,0.1438149128117512,0.1438149128117512,ground,1
-5.625,13.875,0.25,0.16936064506127707,0.16936064506127707,ground,1
-5.625,24.375,0.25,0.2036356590829017,0.2036356590829017,ground,1
-5.625,72.125,0.25,0.3173145523376306,0.3173145523376306,ground,1
-5.625,95.125,0.25,0.43626831837188823,0.43626831837188823,ground,1
-5.375,-93.125,0.25,-0.27963334791900085,-0.27963334791900085,ground,1
-5.375,-76.375,0.25,-0.24987931663362883,-0.24987931663362883,ground,1
-5.375,-74.875,0.25,-0.23394850897149747,-0.23394850897149747,ground,1
-5.375,-69.625,0.25,-0.20067735635476536,-0.20067735635476536,ground,1
-5.375,-61.375,0.25,-0.15112092889376127,-0.15112092889376127,ground,1
-5.375,-53.125,0.25,-0.13478496170548424,-0.13478496170548424,ground,1
-5.375,-41.625,0.25,2.584365099948151,2.584365099948151,vegetation,1
-5.375,-32.375,0.25,0.9387895191048798,0.9387895191048798,vegetation,1
-5.375,-23.625,0.25,0.0038302512186268803,0.0038302512186268803,ground,1
-5.375,-15.125,0.25,-0.018887802479444507,-0.018887802479444507,ground,1
-5.375,-4.375,0.25,0.07297502132770575,0.07297502132770575,ground,1
-5.375,-2.125,0.25,0.0913509667324118,0.0913509667324118,ground,1
-5.375,9.625,0.25,0.06828657526082622,0.06828657526082622,ground,1
-5.375,27.125,0.25,0.22421458142283915,0.22421458142283915,ground,1
-5.375,38.875,0.25,0.24108019940078246,0.24108019940078246,ground,1
-5.375,57.875,0.25,0.32903365673846896,0.32903365673846896,ground,1
-5.375,64.125,0.25,0.37705082298628767,0.37705082298628767,ground,1
-5.375,66.625,0.25,0.3062684648462577,0.3062684648462577,ground,1
-5.375,68.875,0.25,1.202365765606834,1.202365765606834,vegetation,1
-5.375,69.875,0.25,0.38452894055470377,0.38452894055470377,ground,1
-5.125,-82.875,0.25,1.7424998854140012,1.7424998854140012,vegetation,1
-5.125,-71.125,0.25,-0.21514271031764184,-0.21514271031764184,ground,1
-5.125,-40.125,0.25,-0.059370993397727834,-0.059370993397727834,ground,1
-5.125,-25.875,0.25,-0.0575711825329282,-0.0575711825329282,ground,1
-5.125,-24.375,0.25,-0.03498714201367985,-0.03498714201367985,ground,1
-5.125,-9.375,0.25,0.04830824445983329,0.04830824445983329,ground,1
-5.125,-4.375,0.25,0.037105504653418234,0.037105504653418234,ground,1
-5.125,-2.875,0.25,0.05551100907150665,0.05551100907150665,ground,1
-5.125,-1.625,0.25,0.07625763685052402,0.07625763685052402,ground,1
-5.125,30.125,0.25,0.1931383784244759,0.1931383784244759,ground,1
-5.125,31.625,0.25,0.20543524454702333,0.20543524454702333,ground,1
-5.125,31.875,0.25,0.18324108279985515,0.18324108279985515,ground,1
-5.125,35.125,0.25,0.22043134404160383,0.22043134404160383,ground,1
-5.125,36.375,0.25,3.0998563611734555,3.0998563611734555,vegetation,1
-5.125,44.375,0.25,0.21479290353023522,0.21479290353023522,ground,1
-5.125,46.625,0.25,0.2545381227610654,0.2545381227610654,ground,1
-5.125,53.125,0.25,0.29367830813965395,0.29367830813965395,ground,1
-5.125,70.125,0.25,3.047578239632816,3.047578239632816,vegetation,1
-5.125,92.125,0.25,0.45553420622901275,0.45553420622901275,ground,1
-5.125,94.375,0.25,2.5152500381226037,2.5152500381226037,vegetation,1
-4.875,-93.125,0.25,-0.31502756431919937,-0.31502756431919937,ground,1
-4.875,-77.375,0.25,1.0798791989462866,1.0798791989462866,vegetation,1
-4.875,-67.375,0.25,-0.1962849334770051,-0.1962849334770051,ground,1
-4.875,-28.125,0.25,2.584551997706589,2.584551997706589,vegetation,1
-4.875,-26.875,0.25,-0.008632623043228801,-0.008632623043228801,ground,1
-4.875,-23.625,0.25,-0.07485115619783544,-0.07485115619783544,ground,1
-4.875,-12.875,0.25,-0.006165483061575036,-0.006165483061575036,ground,1
-4.875,-4.875,0.25,0.06622680641629711,0.06622680641629711,ground,1
-4.875,0.125,0.25,0.07443244401144238,0.07443244401144238,ground,1
-4.875,17.125,0.25,0.13511486202807585,0.13511486202807585,ground,1
-4.875,24.375,0.25,0.19386047334128853,0.19386047334128853,ground,1
-4.875,28.125,0.25,0.19631613541071036,0.19631613541071036,ground,1
-4.875,32.875,0.25,1.7321650665237511,1.7321650665237511,vegetation,1
-4.875,42.375,0.25,0.27634743289783686,0.27634743289783686,ground,1
-4.875,43.625,0.25,0.2959794486925915,0.2959794486925915,ground,1
-4.875,44.625,0.25,0.24543419837565453,0.24543419837565453,ground,1
-4.875,54.875,0.25,0.2881449711228226,0.2881449711228226,ground,1
-4.875,69.875,0.25,0.3537512562808696,0.3537512562808696,ground,1
-4.875,77.125,0.25,0.37818802209405,0.37818802209405,ground,1
-4.875,77.875,0.25,0.3804728726090044,0.3804728726090044,ground,1
-4.875,90.875,0.25,0.4515280083442652,0.4515280083442652,ground,1
-4.625,-87.625,0.25,2.011123116293425,2.011123116293425,vegetation,1
-4.625,-82.625,0.25,-0.24776413346896864,-0.24776413346896864,ground,1
-4.625,-52.375,0.25,0.8319760232659603,0.8319760232659603,vegetation,1
-4.625,-35.375,0.25,-0.06131651341243454,-0.06131651341243454,ground,1
-4.625,-6.125,0.25,0.05258082406156861,0.05258082406156861,ground,1
-4.625,16.375,0.25,0.16263584361160474,0.16263584361160474,ground,1
-4.625,17.125,0.25,0.1495536608871177,0.1495536608871177,ground,1
-4.625,17.625,0.25,0.13863370446229883,0.13863370446229883,ground,1
-4.625,21.125,0.25,0.15362821166290325,0.15362821166290325,ground,1
-4.625,21.625,0.25,0.17328870683942674,0.17328870683942674,ground,1
-4.625,22.875,0.25,0.1555762649170163,0.1555762649170163,ground,1
-4.625,24.375,0.25,0.1316488375775084,0.1316488375775084,ground,1
-4.625,25.125,0.25,1.6365057917204968,1.6365057917204968,vegetation,1
-4.625,43.375,0.25,0.2085800089059304,0.2085800089059304,ground,1
-4.625,50.625,0.25,0.25295285607278334,0.25295285607278334,ground,1
-4.625,60.875,0.25,2.626098644987669,2.626098644987669,vegetation,1
-4.625,69.875,0.25,2.3198901698811176,2.3198901698811176,vegetation,1
-4.625,96.125,0.25,0.4731296081575542,0.4731296081575542,ground,1
-4.375,-96.125,0.25,-0.32819934675614104,-0.32819934675614104,ground,1
-4.375,-87.875,0.25,-0.285165939122169,-0.285165939122169,ground,1
-4.375,-59.125,0.25,2.7724278868837944,2.7724278868837944,vegetation,1
-4.375,-57.875,0.25,2.0333877741250106,2.0333877741250106,vegetation,1
-4.375,-34.125,0.25,-0.05149200612450924,-0.05149200612450924,ground,1
-4.375,-17.875,0.25,-0.01670841357659974,-0.01670841357659974,ground,1
-4.375,3.875,0.25,0.07530118819225506,0.07530118819225506,ground,1
-4.375,4.125,0.25,0.1044611597782606,0.1044611597782606,ground,1
-4.375,5.625,0.25,0.10353937688759703,0.10353937688759703,ground,1
-4.375,17.125,0.25,0.08613520769688027,0.08613520769688027,ground,1
-4.375,20.375,0.25,0.11645057872968835,0.11645057872968835,ground,1
-4.375,23.375,0.25,0.14281322687601442,0.14281322687601442,ground,1
-4.375,35.125,0.25,0.17822046766814803,0.17822046766814803,ground,1
-4.375,38.625,0.25,3.110322318495154,3.110322318495154,vegetation,1
-4.375,40.375,0.25,3.0929573247818176,3.0929573247818176,vegetation,1
-4.375,50.875,0.25,0.22388670881585326,0.22388670881585326,ground,1
-4.375,54.625,0.25,0.29394287872611347,0.29394287872611347,ground,1
-4.375,66.375,0.25,0.3430958864259067,0.3430958864259067,ground,1
-4.125,-92.125,0.25,1.4513527860346584,1.4513527860346584,vegetation,1
-4.125,-80.625,0.25,-0.25450851263494606,-0.25450851263494606,ground,1
-4.125,-68.375,0.25,-0.2345314633757747,-0.2345314633757747,ground,1
-4.125,-68.125,0.25,-0.2142104241916159,-0.2142104241916159,ground,1
-4.125,-50.875,0.25,-0.09419866650081127,-0.09419866650081127,ground,1
-4.125,-23.375,0.25,-0.03470849900787701,-0.03470849900787701,ground,1
-4.125,-19.375,0.25,0.02586734241884467,0.0020817260322635606,ground,2
-4.125,-16.125,0.25,-0.004981431916286205,-0.004981431916286205,ground,1
-4.125,-2.625,0.25,0.02585268438042267,0.02585268438042267,ground,1
-4.125,-0.875,0.25,0.01480780251469048,0.01480780251469048,ground,1
-4.125,5.125,0.25,0.05973345572108709,0.05973345572108709,ground,1
-4.125,12.875,0.25,0.07802847778593133,0.07802847778593133,ground,1
-4.125,14.625,0.25,0.12011343649398713,0.12011343649398713,ground,1
-4.125,15.875,0.25,0.14316803638683198,0.14316803638683198,ground,1
-4.125,29.375,0.25,0.18251473362527937,0.18251473362527937,ground,1
-4.125,32.375,0.25,0.24040009960587716,0.24040009960587716,ground,1
-4.125,41.875,0.25,0.22823617167186003,0.22823617167186003,ground,1
-4.125,47.625,0.25,0.26285803278254566,0.26285803278254566,ground,1
-4.125,48.875,0.25,0.2804351606358301,0.2804351606358301,ground,1
-4.125,62.875,0.25,2.5638026634018836,2.5638026634018836,vegetation,1
-4.125,63.375,0.25,0.2982995200003574,0.2982995200003574,ground,1
-4.125,74.375,0.25,0.4109674304839238,0.4109674304839238,ground,1
-4.125,75.625,0.25,0.3147603906932225,0.3147603906932225,ground,1
-4.125,85.375,0.25,0.4271123346307275,0.4271123346307275,ground,1
-4.125,90.375,0.25,0.4411478050852047,0.4411478050852047,ground,1
-4.125,91.625,0.25,0.4059515580661476,0.4059515580661476,ground,1
-4.125,96.875,0.25,2.2189177845979158,2.2189177845979158,vegetation,1
-3.875,-96.875,0.25,2.287624024413183,2.287624024413183,vegetation,1
-3.875,-91.875,0.25,-0.3169108135562046,-0.3169108135562046,ground,1
-3.875,-53.875,0.25,1.910815599323406,1.910815599323406,vegetation,1
-3.875,-40.875,0.25,-0.09694912320220204,-0.09694912320220204,ground,1
-3.875,-36.875,0.25,-0.10593915222694808,-0.10593915222694808,ground,1
-3.875,-35.625,0.25,-0.09637736161000797,-0.09637736161000797,ground,1
-3.875,-31.375,0.25,-0.0602294174174827,-0.0602294174174827,ground,1
-3.875,-24.875,0.25,-0.043768669703264075,-0.043768669703264075,ground,1
-3.875,-21.875,0.25,-0.07577087885115505,-0.07577087885115505,ground,1
-3.875,-21.125,0.25,-0.0440606216506021,-0.0440606216506021,ground,1
-3.875,-20.875,0.25,-0.022101862404493987,-0.022101862404493987,ground,1
-3.875,-18.625,0.25,-0.04684693393887339,-0.04684693393887339,ground,1
-3.875,-16.625,0.25,-0.017034039604473052,-0.017034039604473052,ground,1
-3.875,-13.625,0.25,0.023627488441652973,0.023627488441652973,ground,1
-3.875,-11.625,0.25,0.039981421112721315,0.039981421112721315,ground,1
-3.875,-6.875,0.25,0.04921589571094734,0.04921589571094734,ground,1
-3.875,-2.625,0.25,0.03027885028959435,0.03027885028959435,ground,1
-3.875,-1.875,0.25,0.01155231133860199,0.01155231133860199,ground,1
-3.875,3.375,0.25,0.07497806610204652,0.07497806610204652,ground,1
-3.875,11.375,0.25,0.11900160320662416,0.11900160320662416,ground,1
-3.875,13.875,0.25,0.07393535482058318,0.07393535482058318,ground,1
-3.875,15.625,0.25,0.10280073437436901,0.10280073437436901,ground,1
-3.875,34.625,0.25,0.20848149530911322,0.20848149530911322,ground,1
-3.875,35.375,0.25,0.22565467475857737,0.22565467475857737,ground,1
-3.875,39.875,0.25,0.25545985652525877,0.25545985652525877,ground,1
-3.875,60.625,0.25,0.32315468687262416,0.32315468687262416,ground,1
-3.875,65.875,0.25,0.33590958822003214,0.33590958822003214,ground,1
-3.875,69.625,0.25,0.3197282963441887,0.3197282963441887,ground,1
-3.875,83.625,0.25,1.9968973699336667,1.9968973699336667,vegetation,1
-3.625,-74.375,0.25,-0.26824199298765206,-0.26824199298765206,ground,1
-3.625,-67.125,0.25,-0.20395136665778407,-0.20395136665778407,ground,1
-3.625,-59.125,0.25,-0.19650272487752016,-0.19650272487752016,ground,1
-3.625,-53.375,0.25,2.4206843757301515,2.4206843757301515,vegetation,1
-3.625,-44.125,0.25,-0.09921183040011008,-0.09921183040011008,ground,1
-3.625,-39.625,0.25,-0.09589174110489684,-0.09589174110489684,ground,1
-3.625,-28.625,0.25,1.0991576138480585,1.0991576138480585,vegetation,1
-3.625,-23.625,0.25,-0.03592227135696019,-0.03592227135696019,ground,1
-3.625,-18.625,0.25,-0.04509257292882593,-0.04509257292882593,ground,1
-3.625,8.625,0.25,0.0585644439213463,0.0585644439213463,ground,1
-3.625,10.875,0.25,0.11771586539793027,0.11771586539793027,ground,1
-3.625,12.375,0.25,0.09478733184467145,0.09478733184467145,ground,1
-3.625,15.375,0.25,0.08915158951364541,0.08915158951364541,ground,1
-3.625,29.625,0.25,0.15970344044403012,0.15970344044403012,ground,1
-3.625,30.875,0.25,0.19298922274470148,0.19298922274470148,ground,1
-3.625,42.125,0.25,1.3385750924586817,1.3385750924586817,vegetation,1
-3.625,44.875,0.25,3.048026389834694,1.6484918488890952,ground,2
-3.625,87.875,0.25,0.42365159308849515,0.42365159308849515,ground,1
-3.625,96.625,0.25,0.45835454453193325,0.45835454453193325,ground,1
-3.375,-94.125,0.25,-0.3076670939429492,-0.3076670939429492,ground,1
-3.375,-91.625,0.25,-0.32726731284694316,-0.32726731284694316,ground,1
-3.375,-71.125,0.25,-0.23587417197128321,-0.23587417197128321,ground,1
-3.375,-69.625,0.25,-0.2085845142086416,-0.2085845142086416,ground,1
-3.375,-35.875,0.25,-0.09799399877161676,-0.09799399877161676,ground,1
-3.375,-34.125,0.25,-0.06711170645938092,-0.06711170645938092,ground,1
-3.375,-29.125,0.25,-0.0422816420826919,-0.0422816420826919,ground,1
-3.375,-18.625,0.25,0.023692605972726898,0.023692605972726898,ground,1
-3.375,-1.375,0.25,0.016286088327136728,0.016286088327136728,ground,1
-3.375,5.125,0.25,0.06326412844247756,0.06326412844247756,ground,1
-3.375,6.625,0.25,0.017556803837423522,0.017556803837423522,ground,1
-3.375,8.375,0.25,0.0715051299777939,0.0715051299777939,ground,1
-3.375,13.375,0.25,0.13348843695463397,0.13348843695463397,ground,1
-3.375,16.625,0.25,0.11669211902861198,0.11669211902861198,ground,1
-3.375,25.875,0.25,0.17519831286366144,0.17519831286366144,ground,1
-3.375,39.625,0.25,0.2011576673365831,0.2011576673365831,ground,1
-3.375,48.125,0.25,0.2563054874115146,0.2563054874115146,ground,1
-3.375,59.625,0.25,3.0024324313282635,3.0024324313282635,vegetation,1
-3.375,65.375,0.25,0.30294295577127095,0.30294295577127095,ground,1
-3.375,76.625,0.25,0.3389799586676616,0.3389799586676616,ground,1
-3.125,-89.625,0.25,-0.2955721312719319,-0.2955721312719319,ground,1
-3.125,-69.375,0.25,2.709594978737669,2.709594978737669,vegetation,1
-3.125,-51.375,0.25,-0.10942429639820883,-0.10942429639820883,ground,1
-3.125,-34.875,0.25,-0.08467755222588676,-0.08467755222588676,ground,1
-3.125,-15.875,0.25,-0.058493870594455946,-0.058493870594455946,ground,1
-3.125,-9.375,0.25,0.04963432637056901,0.04963432637056901,ground,1
-3.125,19.125,0.25,0.09813380476327392,0.09813380476327392,ground,1
-3.125,60.125,0.25,0.28633050238627683,0.28633050238627683,ground,1
-3.125,73.375,0.25,0.2939025053246649,0.2939025053246649,ground,1
-3.125,74.125,0.25,0.402215483286888,0.402215483286888,ground,1
-3.125,79.375,0.25,0.3393416702486093,0.3393416702486093,ground,1
-3.125,92.625,0.25,1.659652261172774,1.659652261172774,vegetation,1
-2.875,-86.375,0.25,2.4695978659893236,2.4695978659893236,vegetation,1
-2.875,-54.375,0.25,-0.1733456527209576,-0.1733456527209576,ground,1
-2.875,-46.875,0.25,-0.1551700983648586,-0.1551700983648586,ground,1
-2.875,-45.875,0.25,2.4556742185726854,2.4556742185726854,vegetation,1
-2.875,-40.375,0.25,-0.1274909094218009,-0.1274909094218009,ground,1
-2.875,-32.125,0.25,-0.07746020702400015,-0.07746020702400015,ground,1
-2.875,-29.375,0.25,2.72417611439302,2.72417611439302,vegetation,1
-2.875,-28.875,0.25,-0.020858583586881023,-0.020858583586881023,ground,1
-2.875,9.875,0.25,0.051387655706653865,0.051387655706653865,ground,1
-2.875,18.375,0.25,0.13202692423472556,0.13202692423472556,ground,1
-2.875,33.125,0.25,0.18368428735556652,0.18368428735556652,ground,1
-2.875,34.625,0.25,2.976139085002872,2.976139085002872,vegetation,1
-2.875,59.125,0.25,0.27039892550613226,0.27039892550613226,ground,1
-2.875,91.375,0.25,0.41098215211681666,0.41098215211681666,ground,1
-2.625,-90.375,0.25,2.6419614009228938,2.6419614009228938,vegetation,1
-2.625,-89.875,0.25,-0.3666396975435643,-0.3666396975435643,ground,1
-2.625,-53.375,0.25,-0.18077675715021907,-0.18077675715021907,ground,1
-2.625,-36.625,0.25,-0.09239493030224347,-0.09239493030224347,ground,1
-2.625,-35.875,0.25,1.0777990169891323,1.0777990169891323,vegetation,1
-2.625,-34.125,0.25,2.484573752399006,2.484573752399006,vegetation,1
-2.625,-21.125,0.25,-0.06643331678585884,-0.06643331678585884,ground,1
-2.625,-9.625,0.25,-0.02562691649936754,-0.02562691649936754,ground,1
-2.625,0.125,0.25,0.06058259670334133,0.06058259670334133,ground,1
-2.625,25.125,0.25,0.1354854225007157,0.1354854225007157,ground,1
-2.625,27.875,0.25,1.9184786455514786,1.9184786455514786,vegetation,1
-2.625,46.125,0.25,0.2141062134288399,0.2141062134288399,ground,1
-2.625,54.625,0.25,1.7577002937196862,1.7577002937196862,vegetation,1
-2.625,79.625,0.25,0.37348739523231356,0.37348739523231356,ground,1
-2.375,-98.625,0.25,-0.3344672174974112,-0.3344672174974112,ground,1
-2.375,-90.375,0.25,-0.33157423204446396,-0.33157423204446396,ground,1
-2.375,-48.625,0.25,-0.15848632005446664,-0.15848632005446664,ground,1
-2.375,-40.375,0.25,-0.13643915500210943,-0.13643915500210943,ground,1
-2.375,-29.375,0.25,1.1931218132390444,1.1931218132390444,vegetation,1
-2.375,-22.875,0.25,0.005195397990636778,0.005195397990636778,ground,1
-2.375,-16.625,0.25,-0.03744346413284541,-0.03744346413284541,ground,1
-2.375,-2.125,0.25,-0.0007323432312193907,-0.0007323432312193907,ground,1
-2.375,21.875,0.25,0.09873474590068237,0.09873474590068237,ground,1
-2.375,24.875,0.25,0.12832200818665154,0.12832200818665154,ground,1
-2.375,38.125,0.25,0.16535370080435002,0.16535370080435002,ground,1
-2.375,42.875,0.25,0.22223559115174404,0.22223559115174404,ground,1
-2.375,44.125,0.25,0.23919425622185922,0.23919425622185922,ground,1
-2.375,60.625,0.25,0.2889679381047093,0.2889679381047093,ground,1
-2.375,92.125,0.25,0.4289406598577978,0.4289406598577978,ground,1
-2.375,94.375,0.25,0.3976335184436351,0.3976335184436351,ground,1
-2.125,-81.875,0.25,-0.29194176222764473,-0.29194176222764473,ground,1
-2.125,-79.125,0.25,-0.3025307697135294,-0.3025307697135294,ground,1
-2.125,-42.875,0.25,-0.17861405912188624,-0.17861405912188624,ground,1
-2.125,-40.875,0.25,2.0966689303805,2.0966689303805,vegetation,1
-2.125,-39.125,0.25,-0.14616918834349824,-0.14616918834349824,ground,1
-2.125,-35.125,0.25,-0.06623730197950234,-0.06623730197950234,ground,1
-2.125,-27.125,0.25,-0.07784944591279196,-0.07784944591279196,ground,1
-2.125,-25.875,0.25,-0.09232852393951566,-0.09232852393951566,ground,1
-2.125,-24.375,0.25,-0.05785882370095176,-0.05785882370095176,ground,1
-2.125,-15.375,0.25,-0.0266817871011914,-0.0266817871011914,ground,1
-2.125,-12.375,0.25,-0.014118030622614415,-0.014118030622614415,ground,1
-2.125,-8.625,0.25,0.0017205555173356452,0.0017205555173356452,ground,1
-2.125,-6.125,0.25,-0.01888352724835254,-0.01888352724835254,ground,1
-2.125,-4.625,0.25,0.0545522390056467,0.0545522390056467,ground,1
-2.125,4.625,0.25,0.05143557094011053,0.05143557094011053,ground,1
-2.125,5.875,0.25,0.05860114033377699,0.05860114033377699,ground,1
-2.125,40.875,0.25,0.20864831288341298,0.20864831288341298,ground,1
-2.125,42.625,0.25,2.4537171233594806,2.4537171233594806,vegetation,1
-2.125,49.125,0.25,1.8908919471931926,1.8908919471931926,vegetation,1
-2.125,55.875,0.25,2.5374149963235935,2.5374149963235935,vegetation,1
-2.125,59.875,0.25,3.041043424688905,3.041043424688905,vegetation,1
-2.125,63.875,0.25,0.275994275902221,0.275994275902221,ground,1
-2.125,66.375,0.25,0.27945062079796745,0.27945062079796745,ground,1
-2.125,68.125,0.25,0.27676892259215263,0.27676892259215263,ground,1
-2.125,87.625,0.25,0.3843239510257443,0.3843239510257443,ground,1
-2.125,91.875,0.25,1.3550323886739617,1.3550323886739617,vegetation,1
-1.875,-95.625,0.25,-0.29112537192503485,-0.29112537192503485,ground,1
-1.875,-86.625,0.25,-0.3471435646338357,-0.3471435646338357,ground,1
-1.875,-71.125,0.25,-0.20876387710046543,-0.20876387710046543,ground,1
-1.875,-62.875,0.25,-0.23023467156718755,-0.23023467156718755,ground,1
-1.875,-58.125,0.25,-0.19597893541391082,-0.19597893541391082,ground,1
-1.875,-48.375,0.25,-0.1812897044324721,-0.1812897044324721,ground,1
-1.875,-44.375,0.25,-0.1688968606547855,-0.1688968606547855,ground,1
-1.875,-8.125,0.25,0.0018440987483863214,0.0018440987483863214,ground,1
-1.875,-7.625,0.25,-0.02617648666239356,-0.02617648666239356,ground,1
-1.875,-2.625,0.25,0.03985794309853333,0.03985794309853333,ground,1
-1.875,-1.125,0.25,0.0010170014565556197,0.0010170014565556197,ground,1
-1.875,3.125,0.25,0.037662384806892865,0.037662384806892865,ground,1
-1.875,7.625,0.25,0.05163697465557121,0.05163697465557121,ground,1
-1.875,9.875,0.25,0.09523258022012987,0.09523258022012987,ground,1
-1.875,10.125,0.25,0.08622171057490201,0.08622171057490201,ground,1
-1.875,16.375,0.25,0.10626859978965279,0.10626859978965279,ground,1
-1.875,18.625,0.25,0.08856772596488331,0.08856772596488331,ground,1
-1.875,19.625,0.25,0.0602733774033276,0.0602733774033276,ground,1
-1.875,29.625,0.25,0.14199946562281343,0.14199946562281343,ground,1
-1.875,35.875,0.25,0.14306018032159606,0.14306018032159606,ground,1
-1.875,52.625,0.25,0.2940959420720538,0.2940959420720538,ground,1
-1.875,61.125,0.25,0.25904953625397353,0.25904953625397353,ground,1
-1.875,68.125,0.25,0.339963488925141,0.339963488925141,ground,1
-1.875,74.125,0.25,0.30714289497123043,0.30714289497123043,ground,1
-1.875,89.125,0.25,0.40412299835437376,0.40412299835437376,ground,1
-1.875,94.375,0.25,0.4147016663848676,0.4147016663848676,ground,1
-1.625,-89.375,0.25,2.3302169063495417,2.3302169063495417,vegetation,1
-1.625,-37.875,0.25,-0.13300073783998598,-0.13300073783998598,ground,1
-1.625,-24.125,0.25,-0.09527577597335306,-0.09527577597335306,ground,1
-1.625,-14.875,0.25,-0.031085262883479875,-0.031085262883479875,ground,1
-1.625,-13.875,0.25,-0.00014832370192274097,-0.00014832370192274097,ground,1
-1.625,-11.375,0.25,-0.02321857547147733,-0.02321857547147733,ground,1
-1.625,-10.375,0.25,-0.024860687861449363,-0.024860687861449363,ground,1
-1.625,-0.375,0.25,0.006657335769877332,0.006657335769877332,ground,1
-1.625,5.125,0.25,0.03074154804662558,0.03074154804662558,ground,1
-1.625,9.875,0.25,0.022738310306251057,0.022738310306251057,ground,1
-1.625,11.375,0.25,0.06379353849549621,0.06379353849549621,ground,1
-1.625,27.125,0.25,0.1727830985300494,0.1727830985300494,ground,1
-1.625,28.375,0.25,1.6384565074285282,1.6384565074285282,vegetation,1
-1.625,31.125,0.25,1.9092692070832324,1.9092692070832324,vegetation,1
-1.625,34.375,0.25,2.0157093663296437,2.0157093663296437,vegetation,1
-1.625,42.625,0.25,0.18090530944408517,0.18090530944408517,ground,1
-1.625,45.125,0.25,0.15591543494864987,0.15591543494864987,ground,1
-1.625,50.875,0.25,0.20609886181436787,0.20609886181436787,ground,1
-1.625,52.125,0.25,1.3159493183596769,1.3159493183596769,vegetation,1
-1.625,56.125,0.25,0.23684871993062426,0.23684871993062426,ground,1
-1.625,56.625,0.25,2.483352374015623,2.483352374015623,vegetation,1
-1.625,58.375,0.25,0.27516258758301754,0.27516258758301754,ground,1
-1.625,67.375,0.25,0.2650274460943089,0.2650274460943089,ground,1
-1.625,70.875,0.25,0.30611099613943743,0.30611099613943743,ground,1
-1.625,84.625,0.25,0.35321469589747023,0.35321469589747023,ground,1
-1.375,-90.875,0.25,-0.3677300909637778,-0.3677300909637778,ground,1
-1.375,-66.375,0.25,2.4073986032849204,2.4073986032849204,vegetation,1
-1.375,-58.875,0.25,-0.2214321320184583,-0.2214321320184583,ground,1
-1.375,-56.625,0.25,-0.18918418818568133,-0.18918418818568133,ground,1
-1.375,-46.125,0.25,-0.15654002576767512,-0.15654002576767512,ground,1
-1.375,-30.375,0.25,-0.11446883603414451,-0.11446883603414451,ground,1
-1.375,-25.875,0.25,-0.07225632693350767,-0.07225632693350767,ground,1
-1.375,-20.625,0.25,-0.07721021724350957,-0.07721021724350957,ground,1
-1.375,-20.375,0.25,-0.06942858505363998,-0.06942858505363998,ground,1
-1.375,-14.625,0.25,-0.021410727944561107,-0.021410727944561107,ground,1
-1.375,-6.375,0.25,-0.01657117801464715,-0.01657117801464715,ground,1
-1.375,-4.375,0.25,-0.016424986354399814,-0.016424986354399814,ground,1
-1.375,2.875,0.25,0.06793408718005009,0.06793408718005009,ground,1
-1.375,3.125,0.25,0.012731884410021925,0.012731884410021925,ground,1
-1.375,3.625,0.25,0.07031831436953027,0.07031831436953027,ground,1
-1.375,10.875,0.25,0.07079761180229985,0.07079761180229985,ground,1
-1.375,16.125,0.25,0.09505309212423514,0.09505309212423514,ground,1
-1.375,65.125,0.25,2.33351838385801,2.33351838385801,vegetation,1
-1.375,65.625,0.25,0.27273899598195883,0.27273899598195883,ground,1
-1.375,72.875,0.25,0.29808273568975024,0.29808273568975024,ground,1
-1.375,75.875,0.25,1.495521147089044,1.495521147089044,vegetation,1
-1.375,86.625,0.25,0.3614615592391289,0.3614615592391289,ground,1
-1.125,-85.875,0.25,-0.3387980223919771,-0.3387980223919771,ground,1
-1.125,-56.875,0.25,-0.19549312756785944,-0.19549312756785944,ground,1
-1.125,-24.625,0.25,-0.0651589543298355,-0.0651589543298355,ground,1
-1.125,-22.625,0.25,-0.11924780800338142,-0.11924780800338142,ground,1
-1.125,-16.875,0.25,-0.0650662468957507,-0.0650662468957507,ground,1
-1.125,-14.875,0.25,-0.05019843254338941,-0.05019843254338941,ground,1
-1.125,-13.625,0.25,-0.09756385002514525,-0.09756385002514525,ground,1
-1.125,-4.125,0.25,-0.032780546714984295,-0.032780546714984295,ground,1
-1.125,-0.875,0.25,0.04237351585213873,0.03646768600442178,ground,2
-1.125,0.625,0.25,0.025900987867935862,0.025900987867935862,ground,1
-1.125,8.375,0.25,0.034379181832054434,0.034379181832054434,ground,1
-1.125,10.125,0.25,0.014225445576021782,0.014225445576021782,ground,1
-1.125,10.375,0.25,0.10043590257567947,0.10043590257567947,ground,1
-1.125,13.375,0.25,0.03709103533557652,0.03709103533557652,ground,1
-1.125,15.125,0.25,0.08148073242404497,0.08148073242404497,ground,1
-1.125,23.875,0.25,0.09839832989704173,0.09839832989704173,ground,1
-1.125,28.875,0.25,0.1424812622556204,0.1424812622556204,ground,1
-1.125,29.625,0.25,0.1480222150537841,0.1480222150537841,ground,1
-1.125,40.125,0.25,0.20679490435249928,0.20679490435249928,ground,1
-1.125,43.625,0.25,0.16566262720297315,0.16566262720297315,ground,1
-1.125,66.375,0.25,1.1591103590851424,1.1591103590851424,vegetation,1
-0.875,-96.875,0.25,-0.3621811137186007,-0.3621811137186007,ground,1
-0.875,-95.125,0.25,-0.38905277620038,-0.38905277620038,ground,1
-0.875,-82.125,0.25,-0.25464017124411786,-0.25464017124411786,ground,1
-0.875,-61.875,0.25,1.5433239470572628,1.5433239470572628,vegetation,1
-0.875,-57.625,0.25,-0.16682230798627368,-0.16682230798627368,ground,1
-0.875,-31.125,0.25,-0.1574461854477701,-0.1574461854477701,ground,1
-0.875,-28.625,0.25,-0.13083576677480635,-0.13083576677480635,ground,1
-0.875,-23.875,0.25,-0.08224967819261257,-0.08224967819261257,ground,1
-0.875,-20.625,0.25,-0.09178686764910805,-0.09178686764910805,ground,1
-0.875,-20.375,0.25,-0.06560557033791715,-0.06560557033791715,ground,1
-0.875,-16.125,0.25,-0.03621378301635865,-0.03621378301635865,ground,1
-0.875,-11.875,0.25,-0.03046260868296035,-0.03046260868296035,ground,1
-0.875,-10.625,0.25,-0.008054713445921912,-0.008054713445921912,ground,1
-0.875,-7.125,0.25,0.010419843537948998,0.010419843537948998,ground,1
-0.875,-4.625,0.25,-0.015516449808358437,-0.015516449808358437,ground,1
-0.875,0.875,0.25,0.022253335283651112,0.022253335283651112,ground,1
-0.875,7.875,0.25,0.06324236442312645,0.06324236442312645,ground,1
-0.875,14.625,0.25,0.10727912379282392,0.10727912379282392,ground,1
-0.875,22.875,0.25,0.11959660576621257,0.11959660576621257,ground,1
-0.875,25.625,0.25,2.7404709019667712,2.7404709019667712,vegetation,1
-0.875,29.125,0.25,1.5521552944209267,1.5521552944209267,vegetation,1
-0.875,29.375,0.25,2.3992284477272405,2.3992284477272405,vegetation,1
-0.875,45.375,0.25,0.20440632384959964,0.20440632384959964,ground,1
-0.875,45.875,0.25,1.0589155625430444,1.0589155625430444,vegetation,1
-0.875,51.125,0.25,2.6590001638156933,2.6590001638156933,vegetation,1
-0.875,57.625,0.25,0.24052013755205484,0.24052013755205484,ground,1
-0.875,61.625,0.25,1.6168982072360896,1.6168982072360896,vegetation,1
-0.875,75.375,0.25,3.1731754769742055,3.1731754769742055,vegetation,1
-0.875,76.375,0.25,0.3136716734943073,0.3136716734943073,ground,1
-0.875,79.125,0.25,2.500853493380692,2.500853493380692,vegetation,1
-0.625,-94.125,0.25,1.2816058554159118,1.2816058554159118,vegetation,1
-0.625,-92.625,0.25,-0.3741652217729903,-0.3741652217729903,ground,1
-0.625,-91.125,0.25,-0.35753898902722425,-0.35753898902722425,ground,1
-0.625,-86.375,0.25,2.1468747999425064,2.1468747999425064,vegetation,1
-0.625,-71.875,0.25,2.030151843402341,2.030151843402341,vegetation,1
-0.625,-70.125,0.25,-0.31606576275083453,-0.31606576275083453,ground,1
-0.625,-54.375,0.25,1.006131310255176,1.006131310255176,vegetation,1
-0.625,-36.875,0.25,-0.1415183309202081,-0.1415183309202081,ground,1
-0.625,-36.625,0.25,-0.1544518496392808,-0.1544518496392808,ground,1
-0.625,-34.375,0.25,-0.12458381130365585,-0.12458381130365585,ground,1
-0.625,-30.375,0.25,1.3447995707441442,1.3447995707441442,vegetation,1
-0.625,-26.875,0.25,-0.11429555931661062,-0.11429555931661062,ground,1
-0.625,-22.875,0.25,-0.10276674525234201,-0.10276674525234201,ground,1
-0.625,-13.375,0.25,-0.045813926684076384,-0.045813926684076384,ground,1
-0.625,-9.125,0.25,-0.01369457343377278,-0.01369457343377278,ground,1
-0.625,23.625,0.25,0.14031834253131237,0.14031834253131237,ground,1
-0.625,30.625,0.25,0.9990758820377924,0.9990758820377924,vegetation,1
-0.625,32.375,0.25,0.13013388399737633,0.13013388399737633,ground,1
-0.625,38.125,0.25,0.23328297185110158,0.23328297185110158,ground,1
-0.625,58.125,0.25,0.19960372311005958,0.19960372311005958,ground,1
-0.625,74.625,0.25,0.33749018999998365,0.33749018999998365,ground,1
-0.625,83.375,0.25,0.3228663392731615,0.3228663392731615,ground,1
-0.625,88.375,0.25,0.35855283297199214,0.35855283297199214,ground,1
-0.375,-97.875,0.25,-0.4293789398054507,-0.4293789398054507,ground,1
-0.375,-89.875,0.25,0.434644639703703,0.434644639703703,vegetation,1
-0.375,-66.375,0.25,-0.20543809794594958,-0.20543809794594958,ground,1
-0.375,-56.125,0.25,-0.2149926070991051,-0.2149926070991051,ground,1
-0.375,-47.625,0.25,-0.19455140908694363,-0.19455140908694363,ground,1
-0.375,-46.375,0.25,-0.20105814358842677,-0.20105814358842677,ground,1
-0.375,-39.625,0.25,-0.18212256527016218,-0.18212256527016218,ground,1
-0.375,-38.625,0.25,2.422392027798284,2.422392027798284,vegetation,1
-0.375,-26.625,0.25,-0.15000628563043028,-0.15000628563043028,ground,1
-0.375,-14.125,0.25,-0.05077145036041506,-0.05077145036041506,ground,1
-0.375,-8.375,0.25,-0.05859474900238138,-0.05859474900238138,ground,1
-0.375,-2.125,0.25,0.020903180161110528,0.020903180161110528,ground,1
-0.375,2.375,0.25,0.02081962001338738,0.02081962001338738,ground,1
-0.375,10.375,0.25,0.05714031714643184,0.05714031714643184,ground,1
-0.375,11.375,0.25,0.06175840002495237,0.06175840002495237,ground,1
-0.375,13.125,0.25,0.0401725686578977,0.0401725686578977,ground,1
-0.375,15.125,0.25,0.04682116417683595,0.04682116417683595,ground,1
-0.375,45.625,0.25,0.21719444718955283,0.21719444718955283,ground,1
-0.375,76.625,0.25,0.28822216634059644,0.28822216634059644,ground,1
-0.375,82.125,0.25,0.31534313583460744,0.31534313583460744,ground,1
-0.125,-80.625,0.25,1.3008458504586056,1.3008458504586056,vegetation,1
-0.125,-53.875,0.25,0.817543899827744,0.817543899827744,vegetation,1
-0.125,-48.875,0.25,-0.19310481506409846,-0.19310481506409846,ground,1
-0.125,-41.625,0.25,-0.15486580744559286,-0.15486580744559286,ground,1
-0.125,-30.875,0.25,-0.1347781155195605,-0.1347781155195605,ground,1
-0.125,-26.125,0.25,-0.02440044109033887,-0.02440044109033887,ground,1
-0.125,-21.875,0.25,-0.075408037085677,-0.075408037085677,ground,1
-0.125,-20.625,0.25,-0.1134211171732398,-0.1134211171732398,ground,1
-0.125,-12.625,0.25,-0.03572685178930536,-0.03572685178930536,ground,1
-0.125,-5.625,0.25,-0.022464161269386138,-0.022464161269386138,ground,1
-0.125,-2.875,0.25,-0.019687142495546376,-0.019687142495546376,ground,1
-0.125,0.125,0.25,0.025653929663544635,0.006515750310213306,ground,2
-0.125,6.125,0.25,0.050637062537388464,0.050637062537388464,ground,1
-0.125,12.625,0.25,0.054726226013952245,0.054726226013952245,ground,1
-0.125,18.125,0.25,0.0499291318124428,0.0499291318124428,ground,1
-0.125,26.375,0.25,0.10841579497743223,0.10841579497743223,ground,1
-0.125,26.625,0.25,1.611922948963585,1.611922948963585,vegetation,1
-0.125,27.375,0.25,0.10777505987587317,0.10777505987587317,ground,1
-0.125,30.375,0.25,0.14304488250464906,0.14304488250464906,ground,1
-0.125,82.875,0.25,0.3587199160622554,0.3587199160622554,ground,1
0.125,-81.875,0.25,-0.3307812730303408,-0.3307812730303408,ground,1
0.125,-67.125,0.25,2.6613411448811934,2.6613411448811934,vegetation,1
0.125,-60.125,0.25,-0.26163198503790813,-0.26163198503790813,ground,1
0.125,-58.875,0.25,-0.19031722905217618,-0.19031722905217618,ground,1
0.125,-42.625,0.25,-0.1989186807809194,-0.1989186807809194,ground,1
0.125,-25.625,0.25,-0.10338493035993403,-0.10338493035993403,ground,1
0.125,-0.875,0.25,-0.0054822075378447525,-0.0054822075378447525,ground,1
0.125,1.875,0.25,-0.007623282845921021,-0.007623282845921021,ground,1
0.125,4.625,0.25,0.007320618449218955,0.007320618449218955,ground,1
0.125,11.375,0.25,0.04749778633716918,0.04749778633716918,ground,1
0.125,17.625,0.25,0.038660833406625156,0.038660833406625156,ground,1
0.125,24.875,0.25,0.08158226007481371,0.08158226007481371,ground,1
0.125,29.875,0.25,0.10019023184623942,0.10019023184623942,ground,1
0.125,75.375,0.25,0.3187398106530842,0.3187398106530842,ground,1
0.125,76.625,0.25,2.220378092721498,2.220378092721498,vegetation,1
0.375,-92.625,0.25,2.31399752291001,2.31399752291001,vegetation,1
0.375,-75.375,0.25,-0.31391477482791547,-0.31391477482791547,ground,1
0.375,-74.875,0.25,-0.27848077490313594,-0.27848077490313594,ground,1
0.375,-67.875,0.25,-0.2559557422843581,-0.2559557422843581,ground,1
0.375,-60.375,0.25,-0.2734625311408839,-0.2734625311408839,ground,1
0.375,-37.125,0.25,1.1714001437319066,1.1714001437319066,vegetation,1
0.375,-8.875,0.25,-0.07416237504135562,-0.07416237504135562,ground,1
0.375,11.875,0.25,0.03171863862363345,0.03171863862363345,ground,1
0.375,18.875,0.25,0.03706494376853923,0.03706494376853923,ground,1
0.375,21.875,0.25,0.0989212104702699,0.0989212104702699,ground,1
0.375,36.625,0.25,2.827029958596052,2.2484418255505765,vegetation,2
0.375,53.625,0.25,0.2062133754946918,0.2062133754946918,ground,1
0.375,57.625,0.25,0.224970804787025,0.224970804787025,ground,1
0.375,73.125,0.25,2.875925540023591,2.875925540023591,vegetation,1
0.375,75.625,0.25,0.2595913896379685,0.2595913896379685,ground,1
0.375,76.625,0.25,2.9355074660153884,2.9355074660153884,vegetation,1
0.375,90.625,0.25,0.3472929235628382,0.3472929235628382,ground,1
0.625,-96.625,0.25,1.9887340796591715,1.9887340796591715,vegetation,1
0.625,-86.375,0.25,-0.3690442423099678,-0.3690442423099678,ground,1
0.625,-80.875,0.25,-0.34749467236969883,-0.34749467236969883,ground,1
0.625,-53.375,0.25,0.6448673092739748,0.6448673092739748,vegetation,1
0.625,-52.625,0.25,-0.22597708920166118,-0.22597708920166118,ground,1
0.625,-45.875,0.25,-0.21224566235866998,-0.21224566235866998,ground,1
0.625,-45.375,0.25,-0.18661352842364012,-0.18661352842364012,ground,1
0.625,-30.625,0.25,-0.12210728919664186,-0.12210728919664186,ground,1
0.625,-21.875,0.25,-0.12234426176187478,-0.12234426176187478,ground,1
0.625,-14.625,0.25,-0.05925179258577479,-0.05925179258577479,ground,1
0.625,-13.875,0.25,-0.049996047845558084,-0.049996047845558084,ground,1
0.625,-12.375,0.25,-0.015203163047112951,-0.015203163047112951,ground,1
0.625,-10.875,0.25,-0.03834174188020255,-0.03834174188020255,ground,1
0.625,-4.625,0.25,-0.05576828790723683,-0.05576828790723683,ground,1
0.625,-1.625,0.25,-0.01283208844902967,-0.01283208844902967,ground,1
0.625,-0.125,0.25,-8.77748926842066e-06,-8.77748926842066e-06,ground,1
0.625,1.375,0.25,-0.05079110230182122,-0.05079110230182122,ground,1
0.625,23.125,0.25,0.029449142080163755,0.029449142080163755,ground,1
0.625,32.625,0.25,0.08791166115637403,0.08791166115637403,ground,1
0.875,-64.625,0.25,-0.2776944027317087,-0.2776944027317087,ground,1
0.875,-60.375,0.25,-0.288108133544351,-0.288108133544351,ground,1
0.875,-50.125,0.25,-0.19019626046833676,-0.19019626046833676,ground,1
0.875,-35.875,0.25,-0.16315752290924823,-0.16315752290924823,ground,1
0.875,-32.875,0.25,-0.11739297630830284,-0.11739297630830284,ground,1
0.875,-25.375,0.25,-0.15053264504975233,-0.15053264504975233,ground,1
0.875,-21.375,0.25,-0.0900120863165215,-0.0900120863165215,ground,1
0.875,-16.625,0.25,-0.10331144503887002,-0.10331144503887002,ground,1
0.875,-11.125,0.25,-0.10895667173645882,-0.10895667173645882,ground,1
0.875,-3.875,0.25,-0.00814502056981728,-0.00814502056981728,ground,1
0.875,-3.625,0.25,-0.02799393763345926,-0.02799393763345926,ground,1
0.875,14.125,0.25,0.04178467490845142,0.04178467490845142,ground,1
0.875,32.625,0.25,0.05150159635571544,0.05150159635571544,ground,1
0.875,34.375,0.25,2.376212073685969,2.376212073685969,vegetation,1
0.875,41.875,0.25,0.14685609994503634,0.14685609994503634,ground,1
0.875,45.625,0.25,0.20015701351641804,0.20015701351641804,ground,1
0.875,90.875,0.25,0.36317853682714096,0.36317853682714096,ground,1
1.125,-98.375,0.25,-0.41633384033156806,-0.41633384033156806,ground,1
1.125,-83.625,0.25,-0.3633681065543217,-0.3633681065543217,ground,1
1.125,-73.875,0.25,0.8918808243845273,0.8918808243845273,vegetation,1
1.125,-46.375,0.25,-0.1879300949753923,-0.1879300949753923,ground,1
1.125,-25.875,0.25,-0.13162688607082537,-0.13162688607082537,ground,1
1.125,-25.625,0.25,-0.12340229827865948,-0.12340229827865948,ground,1
1.125,-21.125,0.25,-0.13791424899560653,-0.13791424899560653,ground,1
1.125,-19.375,0.25,-0.11170224532734771,-0.11170224532734771,ground,1
1.125,-19.125,0.25,-0.0668033989165551,-0.0668033989165551,ground,1
1.125,-5.125,0.25,-0.03487097479481531,-0.045381105241105446,ground,2
1.125,13.875,0.25,0.038018658202826155,0.038018658202826155,ground,1
1.125,15.125,0.25,0.04807303550702619,0.04807303550702619,ground,1
1.125,24.375,0.25,0.044791105850378266,0.044791105850378266,ground,1
1.125,25.125,0.25,0.0755463897949972,0.0755463897949972,ground,1
1.125,27.125,0.25,0.09578114818393792,0.09578114818393792,ground,1
1.125,37.125,0.25,0.11587011852947332,0.11587011852947332,ground,1
1.125,37.625,0.25,0.15047431707400283,0.15047431707400283,ground,1
1.125,43.375,0.25,0.16105697509299033,0.16105697509299033,ground,1
1.125,46.875,0.25,0.20271188842505072,0.20271188842505072,ground,1
1.125,47.375,0.25,0.17879879849400526,0.17879879849400526,ground,1
1.125,52.125,0.25,0.17809706442597137,0.17809706442597137,ground,1
1.125,56.375,0.25,0.20226257963330496,0.20226257963330496,ground,1
1.125,69.875,0.25,0.3039982764112181,0.3039982764112181,ground,1
1.125,72.625,0.25,0.2982801508624307,0.2982801508624307,ground,1
1.125,75.625,0.25,0.2527665923130038,0.2527665923130038,ground,1
1.125,80.625,0.25,0.32807992268280584,0.32807992268280584,ground,1
1.375,-91.125,0.25,-0.3765157946037025,-0.3765157946037025,ground,1
1.375,-85.125,0.25,-0.3818117711225762,-0.3818117711225762,ground,1
1.375,-65.875,0.25,2.7133322485078626,2.7133322485078626,vegetation,1
1.375,-63.625,0.25,-0.25594293722339034,-0.25594293722339034,ground,1
1.375,-57.125,0.25,0.8785107749832946,0.8785107749832946,vegetation,1
1.375,-53.375,0.25,1.3691838725486396,1.3691838725486396,vegetation,1
1.375,-50.875,0.25,-0.2370473518267564,-0.2370473518267564,ground,1
1.375,-28.625,0.25,2.5025063925744355,2.5025063925744355,vegetation,1
1.375,-27.875,0.25,-0.1605208182944215,-0.1605208182944215,ground,1
1.375,-27.125,0.25,-0.1181460671951354,-0.1181460671951354,ground,1
1.375,-14.375,0.25,-0.06279527189058015,-0.06279527189058015,ground,1
1.375,-5.125,0.25,-0.019667131785064594,-0.019667131785064594,ground,1
1.375,0.375,0.25,-0.03015312310265956,-0.03015312310265956,ground,1
1.375,17.875,0.25,0.054974655190906906,0.054974655190906906,ground,1
1.375,18.375,0.25,0.0492016428061372,0.0492016428061372,ground,1
1.375,18.625,0.25,0.04394263236690109,0.04394263236690109,ground,1
1.375,23.625,0.25,0.06480136854623554,0.06480136854623554,ground,1
1.375,24.125,0.25,0.0820795006958371,0.0820795006958371,ground,1
1.375,36.375,0.25,0.12442683323477191,0.12442683323477191,ground,1
1.375,37.375,0.25,2.956936135111513,1.5227471329828621,ground,2
1.375,47.375,0.25,0.20112807212855804,0.20112807212855804,ground,1
1.375,51.375,0.25,0.1665653774337642,0.1665653774337642,ground,1
1.375,62.625,0.25,3.023118065263648,3.023118065263648,vegetation,1
1.375,83.375,0.25,2.8222125671054887,2.8222125671054887,vegetation,1
1.375,90.625,0.25,0.32414530340516695,0.32414530340516695,ground,1
1.625,-99.625,0.25,-0.4237917218350754,-0.4237917218350754,ground,1
1.625,-97.875,0.25,-0.43843471216600277,-0.43843471216600277,ground,1
1.625,-87.125,0.25,-0.3089447963228821,-0.3089447963228821,ground,1
1.625,-73.125,0.25,2.579877591021761,2.579877591021761,vegetation,1
1.625,-71.625,0.25,2.423229280545736,2.423229280545736,vegetation,1
1.625,-51.125,0.25,-0.20889886553506984,-0.20889886553506984,ground,1
1.625,-50.125,0.25,-0.21653187655042522,-0.21653187655042522,ground,1
1.625,-48.875,0.25,-0.23735820818079797,-0.23735820818079797,ground,1
1.625,-47.125,0.25,1.221222671583088,1.221222671583088,vegetation,1
1.625,-44.625,0.25,2.3249851757136577,2.3249851757136577,vegetation,1
1.625,-43.875,0.25,-0.19819586053280858,-0.19819586053280858,ground,1
1.625,-37.875,0.25,-0.20947049290561684,-0.20947049290561684,ground,1
1.625,-37.625,0.25,2.430269058941207,2.430269058941207,vegetation,1
1.625,-34.625,0.25,-0.19471589357525798,-0.19471589357525798,ground,1
1.625,-32.625,0.25,-0.15912263807130336,-0.15912263807130336,ground,1
1.625,-31.125,0.25,-0.13215486878736116,-0.13215486878736116,ground,1
1.625,-30.625,0.25,-0.14769396736128568,-0.14769396736128568,ground,1
1.625,-21.625,0.25,-0.16687829491960834,-0.16687829491960834,ground,1
1.625,-15.625,0.25,-0.05467278285299706,-0.05467278285299706,ground,1
1.625,-15.125,0.25,-0.06711459707209495,-0.06711459707209495,ground,1
1.625,-11.625,0.25,-0.06341325043540018,-0.06341325043540018,ground,1
1.625,-9.875,0.25,-0.07044545449343338,-0.07044545449343338,ground,1
1.625,1.875,0.25,-0.03332261558672503,-0.03332261558672503,ground,1
1.625,4.375,0.25,0.018909704372215588,0.018909704372215588,ground,1
1.625,7.375,0.25,0.0059627814951980175,0.0059627814951980175,ground,1
1.625,22.625,0.25,0.04310614075925534,0.04310614075925534,ground,1
1.625,24.125,0.25,0.04148908911096644,0.04148908911096644,ground,1
1.625,24.375,0.25,0.09839625351558945,0.09839625351558945,ground,1
1.625,49.875,0.25,3.0754542689856654,3.0754542689856654,vegetation,1
1.625,56.625,0.25,0.22033412559379964,0.22033412559379964,ground,1
1.625,58.125,0.25,0.21733423465339913,0.21733423465339913,ground,1
1.625,60.125,0.25,0.21711347847665746,0.21711347847665746,ground,1
1.625,62.875,0.25,0.23791111491168948,0.23791111491168948,ground,1
1.625,72.125,0.25,0.2641443973456024,0.2641443973456024,ground,1
1.625,82.625,0.25,0.29399808244266973,0.29399808244266973,ground,1
1.875,-83.125,0.25,-0.37953091580560544,-0.37953091580560544,ground,1
1.875,-81.125,0.25,-0.3945746979775482,-0.3945746979775482,ground,1
1.875,-79.125,0.25,-0.304340648573368,-0.304340648573368,ground,1
1.875,-64.625,0.25,-0.3131199529180404,-0.3131199529180404,ground,1
1.875,-53.375,0.25,-0.20354968836322168,-0.20354968836322168,ground,1
1.875,-39.625,0.25,-0.2020543221311769,-0.2020543221311769,ground,1
1.875,-30.375,0.25,-0.12796665160187312,-0.12796665160187312,ground,1
1.875,-25.375,0.25,-0.1251720141105452,-0.1251720141105452,ground,1
1.875,-19.625,0.25,-0.12005902447208802,-0.12005902447208802,ground,1
1.875,-5.375,0.25,-0.07938185865287506,-0.07938185865287506,ground,1
1.875,0.875,0.25,-0.04070392969428557,-0.04070392969428557,ground,1
1.875,1.125,0.25,-0.06271672069758874,-0.06271672069758874,ground,1
1.875,6.375,0.25,0.008355825014661228,0.008355825014661228,ground,1
1.875,11.125,0.25,-0.024308609959286114,-0.024308609959286114,ground,1
1.875,17.125,0.25,0.059208623022744745,0.059208623022744745,ground,1
1.875,27.625,0.25,0.10457581599966989,0.10457581599966989,ground,1
1.875,48.125,0.25,2.61709236637417,2.61709236637417,vegetation,1
1.875,51.375,0.25,2.287497918467656,2.287497918467656,vegetation,1
1.875,62.875,0.25,0.23720786758267018,0.23720786758267018,ground,1
1.875,74.125,0.25,3.213761724899098,3.213761724899098,vegetation,1
1.875,76.625,0.25,0.31821852274304996,0.31821852274304996,ground,1
1.875,77.375,0.25,2.356397608624989,2.356397608624989,vegetation,1
1.875,78.375,0.25,1.387674107766232,1.387674107766232,vegetation,1
1.875,80.375,0.25,2.6644607252749175,2.6644607252749175,vegetation,1
1.875,81.875,0.25,0.2682985765581624,0.2682985765581624,ground,1
1.875,92.375,0.25,1.797079450219279,1.797079450219279,vegetation,1
2.125,-63.125,0.25,1.4115118821632198,1.4115118821632198,vegetation,1
2.125,-1.375,0.25,-0.03879183054638595,-0.03879183054638595,ground,1
2.125,5.875,0.25,-0.03769268823741198,-0.03769268823741198,ground,1
2.125,24.625,0.25,0.0708400056987209,0.0708400056987209,ground,1
2.125,25.375,0.25,0.04906713372515868,0.04906713372515868,ground,1
2.125,33.125,0.25,0.1277030555304391,0.1277030555304391,ground,1
2.125,34.125,0.25,0.1485696118247915,0.1485696118247915,ground,1
2.125,37.625,0.25,0.13808299892193507,0.13808299892193507,ground,1
2.125,38.625,0.25,0.1345792386827441,0.1345792386827441,ground,1
2.125,39.375,0.25,0.09205426697764435,0.09205426697764435,ground,1
2.125,48.375,0.25,0.11857832651320145,0.11857832651320145,ground,1
2.125,82.875,0.25,0.3243785550211616,0.3243785550211616,ground,1
2.125,86.125,0.25,0.31075431525207337,0.31075431525207337,ground,1
2.375,-93.125,0.25,-0.408112024934226,-0.408112024934226,ground,1
2.375,-88.375,0.25,-0.38020976684091257,-0.38020976684091257,ground,1
2.375,-84.375,0.25,1.5884890764473276,1.5884890764473276,vegetation,1
2.375,-77.875,0.25,0.8718802552285344,0.8718802552285344,vegetation,1
2.375,-67.875,0.25,-0.3421271222255196,-0.3421271222255196,ground,1
2.375,-48.875,0.25,-0.24559356111718308,-0.24559356111718308,ground,1
2.375,-38.375,0.25,-0.16276560303174742,-0.16276560303174742,ground,1
2.375,-36.375,0.25,1.595967200642344,1.595967200642344,vegetation,1
2.375,-33.375,0.25,-0.1676892236196168,-0.1676892236196168,ground,1
2.375,-29.625,0.25,-0.13599101139275227,-0.13599101139275227,ground,1
2.375,-27.125,0.25,2.3085442769475453,2.3085442769475453,vegetation,1
2.375,-26.125,0.25,-0.1288592998644011,-0.1288592998644011,ground,1
2.375,-6.375,0.25,-0.031619499656422245,-0.031619499656422245,ground,1
2.375,-1.125,0.25,-0.04861669312750394,-0.04861669312750394,ground,1
2.375,0.375,0.25,0.003121667338523905,0.003121667338523905,ground,1
2.375,7.125,0.25,0.009998594074046761,0.009998594074046761,ground,1
2.375,11.625,0.25,0.002188976980451278,0.002188976980451278,ground,1
2.375,17.375,0.25,0.06080913533654672,0.06080913533654672,ground,1
2.375,19.625,0.25,0.037721226013878395,0.037721226013878395,ground,1
2.375,35.625,0.25,0.07046027727640822,0.07046027727640822,ground,1
2.375,36.875,0.25,1.2445879805774318,1.2445879805774318,vegetation,1
2.375,95.375,0.25,0.30619789180408324,0.30619789180408324,ground,1
2.625,-78.125,0.25,-0.3606857379053719,-0.3606857379053719,ground,1
2.625,-74.375,0.25,-0.3619863193262244,-0.3619863193262244,ground,1
2.625,-61.875,0.25,-0.22833292481283404,-0.22833292481283404,ground,1
2.625,-56.375,0.25,-0.2870772594493459,-0.2870772594493459,ground,1
2.625,-55.375,0.25,2.211438194098174,2.211438194098174,vegetation,1
2.625,-49.125,0.25,-0.23143818454663495,-0.23143818454663495,ground,1
2.625,-43.875,0.25,-0.23893529816457293,-0.23893529816457293,ground,1
2.625,-32.625,0.25,-0.13380064644844109,-0.13380064644844109,ground,1
2.625,-23.375,0.25,-0.14273081086482373,-0.14273081086482373,ground,1
2.625,-19.625,0.25,-0.10514965850558328,-0.10514965850558328,ground,1
2.625,-16.875,0.25,-0.0981717401368681,-0.0981717401368681,ground,1
2.625,-5.625,0.25,-0.0851691722715747,-0.0851691722715747,ground,1
2.625,-4.375,0.25,-0.05022258175930912,-0.05022258175930912,ground,1
2.625,15.875,0.25,0.021906609155401102,0.021906609155401102,ground,1
2.625,19.375,0.25,0.012550501060298366,0.012550501060298366,ground,1
2.625,21.375,0.25,0.03621297424218942,0.03621297424218942,ground,1
2.625,21.875,0.25,0.036339577073575324,0.036339577073575324,ground,1
2.625,31.875,0.25,1.1421199927657142,1.1421199927657142,vegetation,1
2.625,32.875,0.25,1.9392947121883646,1.9392947121883646,vegetation,1
2.625,53.125,0.25,2.343834592879801,2.343834592879801,vegetation,1
2.625,60.625,0.25,0.2107273582486908,0.2107273582486908,ground,1
2.625,67.375,0.25,0.2039704344731256,0.2039704344731256,ground,1
2.625,73.875,0.25,0.2443608346289865,0.2443608346289865,ground,1
2.625,77.125,0.25,1.635956934088906,1.635956934088906,vegetation,1
2.625,93.125,0.25,2.476569005077705,2.476569005077705,vegetation,1
2.625,95.625,0.25,0.33175551547412546,0.33175551547412546,ground,1
2.625,97.875,0.25,1.721689745413785,1.721689745413785,vegetation,1
2.875,-96.375,0.25,2.462190113166232,2.462190113166232,vegetation,1
2.875,-93.625,0.25,1.6336991166046775,1.6336991166046775,vegetation,1
2.875,-89.125,0.25,-0.3567162251622631,-0.3567162251622631,ground,1
2.875,-59.875,0.25,2.1086058632995948,2.1086058632995948,vegetation,1
2.875,-37.875,0.25,1.070977345457552,1.070977345457552,vegetation,1
2.875,-36.375,0.25,2.2624916702468845,2.2624916702468845,vegetation,1
2.875,-33.625,0.25,2.013956504027408,2.013956504027408,vegetation,1
2.875,-27.875,0.25,-0.20269005192769493,-0.20269005192769493,ground,1
2.875,-25.875,0.25,-0.1189525150055887,-0.1189525150055887,ground,1
2.875,-24.875,0.25,-0.1631080241808293,-0.1631080241808293,ground,1
2.875,-23.125,0.25,-0.09776958105878447,-0.09776958105878447,ground,1
2.875,-17.125,0.25,-0.07478989214667464,-0.07478989214667464,ground,1
2.875,-6.125,0.25,-0.07219688548402939,-0.07219688548402939,ground,1
2.875,3.375,0.25,-0.035411255805978294,-0.035411255805978294,ground,1
2.875,7.125,0.25,-0.013613388544203723,-0.013613388544203723,ground,1
2.875,17.125,0.25,0.007001471428187623,0.007001471428187623,ground,1
2.875,30.125,0.25,0.13962425140156093,0.13962425140156093,ground,1
2.875,34.875,0.25,0.059995688415075805,0.059995688415075805,ground,1
2.875,53.875,0.25,0.1610449217932517,0.1610449217932517,ground,1
2.875,55.125,0.25,1.9954486946534273,1.9954486946534273,vegetation,1
2.875,74.875,0.25,2.848073861838564,2.848073861838564,vegetation,1
2.875,84.625,0.25,3.1556355990290275,3.1556355990290275,vegetation,1
2.875,92.125,0.25,0.3465911237323406,0.3465911237323406,ground,1
3.125,-86.625,0.25,-0.41354632565861693,-0.41354632565861693,ground,1
3.125,-70.125,0.25,-0.3314842713785417,-0.3314842713785417,ground,1
3.125,-19.875,0.25,-0.16543265421683695,-0.16543265421683695,ground,1
3.125,-12.875,0.25,-0.040221164584280954,-0.040221164584280954,ground,1
3.125,-8.375,0.25,-0.11353453954329756,-0.11353453954329756,ground,1
3.125,-1.125,0.25,-0.04191167419334432,-0.04191167419334432,ground,1
3.125,-0.625,0.25,-0.03620857728910244,-0.059022464202491194,ground,2
3.125,2.125,0.25,-0.052572496062067896,-0.052572496062067896,ground,1
3.125,16.375,0.25,-0.008875630162662441,-0.008875630162662441,ground,1
3.125,18.125,0.25,0.05862691427920354,0.05862691427920354,ground,1
3.125,35.375,0.25,0.08183153895692426,0.08183153895692426,ground,1
3.125,43.875,0.25,2.6544052299345724,2.6544052299345724,vegetation,1
3.125,59.375,0.25,0.16477482689250336,0.16477482689250336,ground,1
3.125,64.625,0.25,1.741635258120732,1.741635258120732,vegetation,1
3.125,73.875,0.25,2.177396450416575,2.177396450416575,vegetation,1
3.125,83.125,0.25,0.2932432633677056,0.2932432633677056,ground,1
3.125,83.625,0.25,0.3151958500014381,0.3151958500014381,ground,1
3.125,96.875,0.25,0.3633644678922174,0.3633644678922174,ground,1
3.125,99.875,0.25,0.3570436243117084,0.3570436243117084,ground,1
3.375,-72.125,0.25,-0.3414334156943419,-0.3414334156943419,ground,1
3.375,-64.625,0.25,0.6929204708101457,0.6929204708101457,vegetation,1
3.375,-63.375,0.25,-0.2627411980965389,-0.2627411980965389,ground,1
3.375,-59.875,0.25,-0.2969357256572493,-0.2969357256572493,ground,1
3.375,-54.875,0.25,-0.27364054905437524,-0.27364054905437524,ground,1
3.375,-39.625,0.25,-0.1894479246903935,-0.1894479246903935,ground,1
3.375,-37.875,0.25,2.3176287868326906,2.3176287868326906,vegetation,1
3.375,-35.125,0.25,-0.1943071090833462,-0.1943071090833462,ground,1
3.375,-31.875,0.25,2.733486004945684,2.733486004945684,vegetation,1
3.375,-26.875,0.25,-0.1624346266030835,-0.1624346266030835,ground,1
3.375,-10.625,0.25,-0.09187224136495749,-0.09187224136495749,ground,1
3.375,-2.125,0.25,-0.04819031622985988,-0.04819031622985988,ground,1
3.375,16.875,0.25,0.01610958316175164,0.01610958316175164,ground,1
3.375,20.875,0.25,0.03854660060674399,0.03854660060674399,ground,1
3.375,34.875,0.25,1.0235303416138077,1.0235303416138077,vegetation,1
3.375,36.625,0.25,0.11683324936847447,0.11683324936847447,ground,1
3.375,41.625,0.25,0.1232143430291893,0.1232143430291893,ground,1
3.375,41.875,0.25,0.08170739764119675,0.08170739764119675,ground,1
3.375,67.875,0.25,2.472796947459797,1.3547501160204694,ground,2
3.375,78.375,0.25,0.2645330939934351,0.2645330939934351,ground,1
3.375,78.875,0.25,2.17700868535154,2.17700868535154,vegetation,1
3.375,93.375,0.25,0.3322936559408939,0.3322936559408939,ground,1
3.625,-63.875,0.25,-0.2674013556837792,-0.2674013556837792,ground,1
3.625,-63.625,0.25,0.7180917790847228,0.7180917790847228,vegetation,1
3.625,-55.375,0.25,-0.3041109092341401,-0.3041109092341401,ground,1
3.625,-33.625,0.25,-0.2115817587850319,-0.2115817587850319,ground,1
3.625,-18.125,0.25,-0.11568062281572865,-0.11568062281572865,ground,1
3.625,-10.625,0.25,-0.033352681919462834,-0.033352681919462834,ground,1
3.625,-1.875,0.25,-0.10144910079125877,-0.10144910079125877,ground,1
3.625,0.875,0.25,-0.10169479772739518,-0.10169479772739518,ground,1
3.625,11.625,0.25,0.012945492763542135,0.012945492763542135,ground,1
3.625,14.125,0.25,0.06847859773132106,0.06847859773132106,ground,1
3.625,18.625,0.25,0.030728742161454818,0.030728742161454818,ground,1
3.625,26.125,0.25,0.05006561024083658,0.05006561024083658,ground,1
3.625,27.625,0.25,0.044221656772761624,0.044221656772761624,ground,1
3.625,32.875,0.25,0.0406321208394701,0.0406321208394701,ground,1
3.625,39.625,0.25,2.5563738799509164,2.5563738799509164,vegetation,1
3.625,44.625,0.25,2.2020942529868592,2.2020942529868592,vegetation,1
3.625,49.875,0.25,0.12478507501531233,0.12478507501531233,ground,1
3.625,65.875,0.25,2.9645517573724187,2.9645517573724187,vegetation,1
3.625,70.125,0.25,3.214947277443095,3.214947277443095,vegetation,1
3.625,91.125,0.25,0.30911910924332264,0.30911910924332264,ground,1
3.625,92.875,0.25,0.3332531112448799,0.3332531112448799,ground,1
3.875,-93.875,0.25,-0.4311624874477683,-0.4311624874477683,ground,1
3.875,-61.625,0.25,-0.34080025398693786,-0.34080025398693786,ground,1
3.875,-58.875,0.25,-0.28120595971203266,-0.28120595971203266,ground,1
3.875,-52.125,0.25,-0.26398317782244024,-0.26398317782244024,ground,1
3.875,-51.375,0.25,-0.2597798102596784,-0.2597798102596784,ground,1
3.875,-33.375,0.25,-0.14675930218958982,-0.14675930218958982,ground,1
3.875,-29.125,0.25,-0.21019422418234726,-0.21019422418234726,ground,1
3.875,-28.875,0.25,-0.1860217129384543,-0.1860217129384543,ground,1
3.875,-20.125,0.25,-0.18054299114081288,-0.18054299114081288,ground,1
3.875,-19.125,0.25,-0.10512224324120392,-0.10512224324120392,ground,1
3.875,-18.875,0.25,-0.1716037136002966,-0.1716037136002966,ground,1
3.875,-13.875,0.25,-0.09721577820827475,-0.09721577820827475,ground,1
3.875,-11.875,0.25,-0.091783622578608,-0.091783622578608,ground,1
3.875,7.875,0.25,-0.01784644189528686,-0.01784644189528686,ground,1
3.875,17.125,0.25,0.010880434885207868,0.010880434885207868,ground,1
3.875,22.875,0.25,0.047062970891840444,0.047062970891840444,ground,1
3.875,26.125,0.25,0.033717551866598035,0.033717551866598035,ground,1
3.875,28.875,0.25,0.049941997279308405,0.049941997279308405,ground,1
3.875,31.625,0.25,1.83301608153538,1.83301608153538,vegetation,1
3.875,38.625,0.25,0.068572183821536,0.068572183821536,ground,1
3.875,45.625,0.25,0.11972851913800972,0.11972851913800972,ground,1
3.875,57.625,0.25,1.950638866322263,1.950638866322263,vegetation,1
3.875,61.125,0.25,0.15875695610394594,0.15875695610394594,ground,1
3.875,84.375,0.25,0.2503434921850705,0.2503434921850705,ground,1
4.125,-93.375,0.25,-0.45274564678748475,-0.45274564678748475,ground,1
4.125,-83.375,0.25,-0.37722251855127376,-0.37722251855127376,ground,1
4.125,-82.375,0.25,-0.4226797294028042,-0.4226797294028042,ground,1
4.125,-73.125,0.25,-0.3458670570287469,-0.3458670570287469,ground,1
4.125,-56.375,0.25,-0.2998631158176697,-0.2998631158176697,ground,1
4.125,-49.875,0.25,-0.2834115993162333,-0.2834115993162333,ground,1
4.125,-28.375,0.25,2.14745062013768,2.14745062013768,vegetation,1
4.125,-24.625,0.25,-0.12907743946176026,-0.12907743946176026,ground,1
4.125,-23.125,0.25,-0.16448496420789932,-0.16448496420789932,ground,1
4.125,-21.625,0.25,-0.18052827765540394,-0.18052827765540394,ground,1
4.125,-12.875,0.25,-0.11457733721663851,-0.11457733721663851,ground,1
4.125,-10.875,0.25,-0.10498347743487717,-0.10498347743487717,ground,1
4.125,-3.125,0.25,-0.10943821165609491,-0.10943821165609491,ground,1
4.125,6.625,0.25,-0.030102400443084026,-0.030102400443084026,ground,1
4.125,8.375,0.25,0.007182282873802029,0.007182282873802029,ground,1
4.125,10.125,0.25,-0.014322017798723226,-0.014322017798723226,ground,1
4.125,10.875,0.25,-0.0004818211198470042,-0.0004818211198470042,ground,1
4.125,19.625,0.25,0.043243304221536445,0.043243304221536445,ground,1
4.125,20.375,0.25,0.025804763651649278,0.025804763651649278,ground,1
4.125,24.875,0.25,0.038371733855591825,0.038371733855591825,ground,1
4.125,27.625,0.25,0.07632962389016634,0.07632962389016634,ground,1
4.125,30.375,0.25,0.08964853303986503,0.08964853303986503,ground,1
4.125,36.875,0.25,0.034492329685083443,0.034492329685083443,ground,1
4.125,54.125,0.25,2.2724230282290656,2.2724230282290656,vegetation,1
4.125,57.125,0.25,0.20329817142748347,0.20329817142748347,ground,1
4.125,58.625,0.25,0.18849805451565246,0.18849805451565246,ground,1
4.125,71.125,0.25,0.22056335195441323,0.22056335195441323,ground,1
4.125,83.125,0.25,0.22113675861388657,0.22113675861388657,ground,1
4.125,84.625,0.25,0.23922093060094315,0.23922093060094315,ground,1
4.125,86.375,0.25,0.2064857221048107,0.2064857221048107,ground,1
4.375,-80.125,0.25,-0.3560749497620255,-0.3845097717542959,ground,2
4.375,-57.625,0.25,-0.29721650982821174,-0.29721650982821174,ground,1
4.375,-52.625,0.25,-0.24652678971997732,-0.24652678971997732,ground,1
4.375,-51.375,0.25,-0.30678613095372015,-0.30678613095372015,ground,1
4.375,-47.125,0.25,-0.22291772584725356,-0.22291772584725356,ground,1
4.375,-43.375,0.25,2.5407842725747316,2.5407842725747316,vegetation,1
4.375,-41.375,0.25,0.6422062415582206,0.6422062415582206,vegetation,1
4.375,-8.875,0.25,-0.08622103138158686,-0.08622103138158686,ground,1
4.375,-7.625,0.25,-0.15109611326478642,-0.15109611326478642,ground,1
4.375,-7.125,0.25,-0.11634203743560867,-0.11634203743560867,ground,1
4.375,4.375,0.25,-0.05445072038960545,-0.05445072038960545,ground,1
4.375,5.625,0.25,-0.07322690787166714,-0.07322690787166714,ground,1
4.375,8.875,0.25,-0.06863018062531445,-0.06863018062531445,ground,1
4.375,11.125,0.25,-0.020074278646960902,-0.020074278646960902,ground,1
4.375,17.875,0.25,0.09499851020792598,0.09499851020792598,ground,1
4.375,26.625,0.25,2.27455371002493,2.27455371002493,vegetation,1
4.375,29.875,0.25,0.04258016289097606,0.04258016289097606,ground,1
4.375,34.875,0.25,0.09266113828910873,0.09266113828910873,ground,1
4.375,46.125,0.25,0.9483422776960289,0.9483422776960289,vegetation,1
4.375,53.625,0.25,2.724761345109913,2.724761345109913,vegetation,1
4.375,88.375,0.25,0.32261572730504456,0.32261572730504456,ground,1
4.625,-76.375,0.25,0.6815946156352469,0.6815946156352469,vegetation,1
4.625,-55.875,0.25,-0.3212159291616167,-0.3212159291616167,ground,1
4.625,-33.625,0.25,-0.15081342454667374,-0.15081342454667374,ground,1
4.625,-22.625,0.25,-0.18481843493054448,-0.18481843493054448,ground,1
4.625,-14.125,0.25,-0.15305161985332563,-0.15305161985332563,ground,1
4.625,-11.625,0.25,-0.16033006475926925,-0.16033006475926925,ground,1
4.625,-2.125,0.25,-0.06815771010356136,-0.06815771010356136,ground,1
4.625,0.875,0.25,-0.029605856474429204,-0.029605856474429204,ground,1
4.625,6.375,0.25,-0.04222034224717366,-0.04222034224717366,ground,1
4.625,10.875,0.25,-0.0681690737967933,-0.0681690737967933,ground,1
4.625,11.625,0.25,-0.03680704749103002,-0.03680704749103002,ground,1
4.625,15.375,0.25,-0.018435259190387167,-0.018435259190387167,ground,1
4.625,37.375,0.25,1.5658234010442142,1.5658234010442142,vegetation,1
4.625,51.625,0.25,0.15921263687819626,0.15921263687819626,ground,1
4.625,58.875,0.25,0.1670591204680145,0.1670591204680145,ground,1
4.625,60.375,0.25,0.14187790495003638,0.14187790495003638,ground,1
4.625,75.625,0.25,0.25036141297219366,0.25036141297219366,ground,1
4.625,79.125,0.25,0.20564685779207612,0.20564685779207612,ground,1
4.875,-82.375,0.25,1.9816377803482454,1.9816377803482454,vegetation,1
4.875,-59.375,0.25,1.5788243902513146,1.5788243902513146,vegetation,1
4.875,-41.875,0.25,-0.2557894065617374,-0.2557894065617374,ground,1
4.875,-38.875,0.25,0.8817688794366608,0.8817688794366608,vegetation,1
4.875,-35.125,0.25,-0.201843799264305,-0.201843799264305,ground,1
4.875,-34.875,0.25,-0.2098167621048108,-0.2098167621048108,ground,1
4.875,-33.625,0.25,-0.2366405441434042,-0.2366405441434042,ground,1
4.875,-19.375,0.25,-0.13435983382931874,-0.13435983382931874,ground,1
4.875,-19.125,0.25,-0.13030304713672083,-0.13030304713672083,ground,1
4.875,-14.375,0.25,-0.14889908221488965,-0.14889908221488965,ground,1
4.875,-10.375,0.25,-0.05448330691847259,-0.05448330691847259,ground,1
4.875,3.625,0.25,-0.09120290921898397,-0.09120290921898397,ground,1
4.875,10.375,0.25,-0.05327879418783895,-0.05327879418783895,ground,1
4.875,14.375,0.25,0.0002784726658355413,0.0002784726658355413,ground,1
4.875,19.375,0.25,0.04125196780926306,0.04125196780926306,ground,1
4.875,19.625,0.25,-0.020290107808861327,-0.020290107808861327,ground,1
4.875,24.125,0.25,0.01810807744128505,0.01810807744128505,ground,1
4.875,30.875,0.25,0.06592114772199328,0.06592114772199328,ground,1
4.875,40.625,0.25,0.07614114982637965,0.07614114982637965,ground,1
4.875,41.375,0.25,0.10424785957402277,0.10424785957402277,ground,1
4.875,63.375,0.25,0.20025318433029027,0.20025318433029027,ground,1
4.875,77.125,0.25,0.18487619662605712,0.18487619662605712,ground,1
4.875,80.875,0.25,0.23445387457956174,0.23445387457956174,ground,1
5.125,-89.875,0.25,-0.47983078170523397,-0.47983078170523397,ground,1
5.125,-88.625,0.25,2.0795636109654785,2.0795636109654785,vegetation,1
5.125,-69.625,0.25,-0.3495543427954788,-0.3495543427954788,ground,1
5.125,-58.375,0.25,-0.2960741434291249,-0.2960741434291249,ground,1
5.125,-54.125,0.25,-0.27808558227496255,-0.27808558227496255,ground,1
5.125,-45.875,0.25,-0.263293026685779,-0.263293026685779,ground,1
5.125,-41.625,0.25,-0.262517290057402,-0.262517290057402,ground,1
5.125,-33.625,0.25,-0.2070711127018537,-0.2070711127018537,ground,1
5.125,-13.375,0.25,-0.1468381183157298,-0.1468381183157298,ground,1
5.125,-12.875,0.25,-0.11997685060022002,-0.11997685060022002,ground,1
5.125,-8.625,0.25,-0.10845687575367129,-0.10845687575367129,ground,1
5.125,-7.625,0.25,-0.0717243508908726,-0.0717243508908726,ground,1
5.125,-1.875,0.25,-0.08296355319510249,-0.08296355319510249,ground,1
5.125,21.875,0.25,0.03586547325326676,0.03586547325326676,ground,1
5.125,35.125,0.25,0.03876384073659654,0.03876384073659654,ground,1
5.125,45.625,0.25,0.06401011224004259,0.06401011224004259,ground,1
5.125,46.375,0.25,0.08757163742866707,0.08757163742866707,ground,1
5.125,53.125,0.25,0.06029923468128594,0.06029923468128594,ground,1
5.125,56.875,0.25,0.15288107884781957,0.15288107884781957,ground,1
5.125,58.375,0.25,0.14829816352163713,0.14829816352163713,ground,1
5.125,64.625,0.25,2.593398284212361,2.593398284212361,vegetation,1
5.125,77.875,0.25,0.23313979718380334,0.23313979718380334,ground,1
5.125,89.875,0.25,0.254657865434265,0.254657865434265,ground,1
5.375,-93.375,0.25,0.6825527026789616,0.6825527026789616,vegetation,1
5.375,-90.125,0.25,2.4879938831107395,2.4879938831107395,vegetation,1
5.375,-85.875,0.25,-0.40818695169417973,-0.40818695169417973,ground,1
5.375,-76.875,0.25,-0.3466434813017255,-0.3466434813017255,ground,1
5.375,-75.125,0.25,-0.368533293787483,-0.368533293787483,ground,1
5.375,-60.625,0.25,2.3584183361693887,2.3584183361693887,vegetation,1
5.375,-44.625,0.25,-0.28357503345036045,-0.28357503345036045,ground,1
5.375,-43.375,0.25,0.9899338291293243,0.9899338291293243,vegetation,1
5.375,-39.375,0.25,-0.20427047724307842,-0.20427047724307842,ground,1
5.375,-32.875,0.25,-0.24142116499284294,-0.24142116499284294,ground,1
5.375,-29.625,0.25,2.663588305568676,2.663588305568676,vegetation,1
5.375,-24.125,0.25,-0.18992510385772793,-0.18992510385772793,ground,1
5.375,-21.875,0.25,-0.13856546242582027,-0.13856546242582027,ground,1
5.375,-18.125,0.25,-0.16743074732417457,-0.16743074732417457,ground,1
5.375,-14.625,0.25,-0.09866488044108634,-0.09866488044108634,ground,1
5.375,-13.125,0.25,-0.11350833480298,-0.11350833480298,ground,1
5.375,2.875,0.25,-0.0579586207538587,-0.0579586207538587,ground,1
5.375,3.875,0.25,-0.04576417284742107,-0.04576417284742107,ground,1
5.375,8.625,0.25,-0.05890396633548951,-0.05890396633548951,ground,1
5.375,26.375,0.25,0.08158234764772576,0.08158234764772576,ground,1
5.375,31.625,0.25,0.023378128693773672,0.023378128693773672,ground,1
5.375,37.875,0.25,0.1084213225333922,0.1084213225333922,ground,1
5.375,38.375,0.25,1.310310906853902,1.310310906853902,vegetation,1
5.375,38.625,0.25,2.6567915356370246,2.6567915356370246,vegetation,1
5.375,55.125,0.25,1.0655074458509193,1.0655074458509193,vegetation,1
5.375,57.875,0.25,0.15499053449530587,0.15499053449530587,ground,1
5.375,94.375,0.25,1.5343241248312798,1.5343241248312798,vegetation,1
5.375,97.625,0.25,0.281994150097716,0.281994150097716,ground,1
5.625,-97.625,0.25,-0.4677218237342253,-0.4677218237342253,ground,1
5.625,-69.375,0.25,1.373093245314339,1.373093245314339,vegetation,1
5.625,-63.375,0.25,2.379103387082508,2.379103387082508,vegetation,1
5.625,-51.875,0.25,-0.2766491587862454,-0.2766491587862454,ground,1
5.625,-45.875,0.25,-0.23817279782075368,-0.23817279782075368,ground,1
5.625,-38.125,0.25,-0.22992783555819127,-0.22992783555819127,ground,1
5.625,-32.875,0.25,-0.17920897088773333,-0.17920897088773333,ground,1
5.625,-28.375,0.25,-0.1905890113456975,-0.1905890113456975,ground,1
5.625,-19.875,0.25,-0.1307145381479778,-0.1307145381479778,ground,1
5.625,-19.625,0.25,-0.1546152063843481,-0.1546152063843481,ground,1
5.625,-18.625,0.25,-0.18365315446992825,-0.18365315446992825,ground,1
5.625,-12.875,0.25,-0.1439973818485196,-0.1439973818485196,ground,1
5.625,3.375,0.25,-0.1352482010780737,-0.1352482010780737,ground,1
5.625,4.125,0.25,-0.11262478859784378,-0.11262478859784378,ground,1
5.625,7.875,0.25,-0.06405339334941293,-0.06405339334941293,ground,1
5.625,10.625,0.25,-0.0453668852975462,-0.0453668852975462,ground,1
5.625,39.125,0.25,2.6506386802982442,2.6506386802982442,vegetation,1
5.625,58.875,0.25,0.1296568176011004,0.1296568176011004,ground,1
5.625,62.125,0.25,0.17638694618055747,0.17638694618055747,ground,1
5.625,71.125,0.25,0.15603214182047676,0.15603214182047676,ground,1
5.625,84.375,0.25,0.2592814577912861,0.2592814577912861,ground,1
5.875,-99.625,0.25,-0.4789075009596683,-0.4789075009596683,ground,1
5.875,-90.625,0.25,-0.4389685119079089,-0.4389685119079089,ground,1
5.875,-81.625,0.25,1.9888735674322957,1.9888735674322957,vegetation,1
5.875,-45.375,0.25,-0.2545862625279456,-0.2545862625279456,ground,1
5.875,-41.625,0.25,-0.26045194374721975,-0.26045194374721975,ground,1
5.875,-34.125,0.25,-0.264031602036893,-0.264031602036893,ground,1
5.875,-10.125,0.25,-0.15149892909112656,-0.15149892909112656,ground,1
5.875,-4.875,0.25,-0.10266969861484664,-0.10266969861484664,ground,1
5.875,3.875,0.25,-0.06710629709572546,-0.06710629709572546,ground,1
5.875,5.125,0.25,-0.06284420305748058,-0.06284420305748058,ground,1
5.875,8.375,0.25,-0.06276609562813334,-0.06276609562813334,ground,1
5.875,8.875,0.25,-0.053944346792452,-0.053944346792452,ground,1
5.875,10.875,0.25,-0.09638543987495003,-0.09638543987495003,ground,1
5.875,20.875,0.25,0.05150421384748437,0.05150421384748437,ground,1
5.875,24.125,0.25,0.02887061496768971,0.02887061496768971,ground,1
5.875,43.125,0.25,3.0216669888930436,3.0216669888930436,vegetation,1
5.875,43.875,0.25,2.8060877528244275,2.8060877528244275,vegetation,1
5.875,79.625,0.25,1.8078218661828251,1.8078218661828251,vegetation,1
5.875,83.125,0.25,1.531521711276118,1.531521711276118,vegetation,1
6.125,-71.125,0.25,1.05191420217021,1.05191420217021,vegetation,1
6.125,-69.625,0.25,1.3560713461777283,1.3560713461777283,vegetation,1
6.125,-2.125,0.25,-0.0869888210936668,-0.10242384312828089,ground,2
6.125,0.625,0.25,-0.08521978776156455,-0.08521978776156455,ground,1
6.125,22.125,0.25,0.0275228667861763,0.0275228667861763,ground,1
6.125,49.625,0.25,1.428816614091371,1.428816614091371,vegetation,1
6.125,55.375,0.25,0.13756245150903185,0.13756245150903185,ground,1
6.125,65.875,0.25,0.161994598955782,0.161994598955782,ground,1
6.125,69.875,0.25,0.18069535526685548,0.18069535526685548,ground,1
6.125,93.625,0.25,0.2592323755875419,0.2592323755875419,ground,1
6.125,94.875,0.25,0.3298937197873034,0.3298937197873034,ground,1
6.375,-79.625,0.25,-0.4133339426195367,-0.4133339426195367,ground,1
6.375,-78.625,0.25,-0.4007855280051106,-0.4007855280051106,ground,1
6.375,-75.625,0.25,-0.40370420858758727,-0.40370420858758727,ground,1
6.375,-75.375,0.25,0.8583106867864443,0.8583106867864443,vegetation,1
6.375,-73.625,0.25,-0.34404256415180073,-0.34404256415180073,ground,1
6.375,-65.625,0.25,-0.40268732046478206,-0.40268732046478206,ground,1
6.375,-49.875,0.25,-0.2577586425638048,-0.2577586425638048,ground,1
6.375,-46.125,0.25,-0.29752733289243033,-0.29752733289243033,ground,1
6.375,-29.625,0.25,-0.22610070918576058,-0.22610070918576058,ground,1
6.375,-15.125,0.25,-0.17600670700012375,-0.17600670700012375,ground,1
6.375,-12.125,0.25,-0.15120586028161298,-0.15120586028161298,ground,1
6.375,-5.875,0.25,-0.10485595752522948,-0.10485595752522948,ground,1
6.375,-3.875,0.25,-0.12754921309893918,-0.12754921309893918,ground,1
6.375,-3.375,0.25,-0.10073016976690044,-0.10073016976690044,ground,1
6.375,-2.375,0.25,-0.08479204084563868,-0.08479204084563868,ground,1
6.375,2.875,0.25,-0.11578031366106177,-0.11578031366106177,ground,1
6.375,3.375,0.25,-0.05524078272472967,-0.05524078272472967,ground,1
6.375,6.875,0.25,-0.044927314635290094,-0.044927314635290094,ground,1
6.375,10.375,0.25,-0.02248683897100072,-0.02248683897100072,ground,1
6.375,19.875,0.25,-0.040761556821168915,-0.040761556821168915,ground,1
6.375,22.375,0.25,-0.02341076587468111,-0.02341076587468111,ground,1
6.375,26.875,0.25,2.5137048687813883,2.5137048687813883,vegetation,1
6.375,33.875,0.25,-0.016262186882109536,-0.016262186882109536,ground,1
6.375,37.875,0.25,0.06215633696679245,0.06215633696679245,ground,1
6.375,41.125,0.25,0.06848443313492295,0.06848443313492295,ground,1
6.375,50.375,0.25,0.12079372192284611,0.12079372192284611,ground,1
6.375,54.875,0.25,0.12201824520402661,0.12201824520402661,ground,1
6.375,59.625,0.25,1.4660556352966077,1.4660556352966077,vegetation,1
6.375,60.125,0.25,0.1394366360494559,0.1394366360494559,ground,1
6.375,68.625,0.25,0.20124906294961273,0.20124906294961273,ground,1
6.375,78.875,0.25,0.2201082929134345,0.2201082929134345,ground,1
6.375,79.875,0.25,2.161632650182566,2.161632650182566,vegetation,1
6.375,81.375,0.25,0.21990186041253362,0.21990186041253362,ground,1
6.375,88.375,0.25,0.2705504146122133,0.2705504146122133,ground,1
6.625,-85.875,0.25,1.3399412742327534,1.3399412742327534,vegetation,1
6.625,-55.875,0.25,-0.28712925266490025,-0.28712925266490025,ground,1
6.625,-41.875,0.25,-0.23813153228327083,-0.23813153228327083,ground,1
6.625,-41.625,0.25,-0.27282049192506724,-0.27282049192506724,ground,1
6.625,-33.125,0.25,-0.25833711448430235,-0.25833711448430235,ground,1
6.625,-32.375,0.25,-0.2286581945748957,-0.2286581945748957,ground,1
6.625,-28.875,0.25,-0.23037656358097627,-0.23037656358097627,ground,1
6.625,-19.375,0.25,-0.1821944885891232,-0.1821944885891232,ground,1
6.625,-18.125,0.25,-0.17637193777216292,-0.17637193777216292,ground,1
6.625,-7.375,0.25,-0.12568812558849507,-0.12568812558849507,ground,1
6.625,0.125,0.25,-0.08713197330181396,-0.08713197330181396,ground,1
6.625,13.125,0.25,-0.06556262980126133,-0.06556262980126133,ground,1
6.625,16.875,0.25,-0.016397801370490208,-0.016397801370490208,ground,1
6.625,31.375,0.25,1.0919332015777492,1.0919332015777492,vegetation,1
6.625,34.375,0.25,1.7484488289354108,1.7484488289354108,vegetation,1
6.625,49.375,0.25,0.07048995257945322,0.07048995257945322,ground,1
6.625,65.375,0.25,3.1525614954204086,3.1525614954204086,vegetation,1
6.625,66.625,0.25,0.1399234965077859,0.1399234965077859,ground,1
6.875,-87.125,0.25,2.2133486311317476,2.2133486311317476,vegetation,1
6.875,-71.625,0.25,1.794451163431623,1.794451163431623,vegetation,1
6.875,-65.625,0.25,-0.3606174301296302,-0.3606174301296302,ground,1
6.875,-52.875,0.25,1.1313940667330207,1.1313940667330207,vegetation,1
6.875,-47.125,0.25,2.470545452492144,2.470545452492144,vegetation,1
6.875,-3.625,0.25,-0.10525649257320632,-0.10525649257320632,ground,1
6.875,2.125,0.25,-0.08679972750699635,-0.08679972750699635,ground,1
6.875,7.125,0.25,-0.0857372866154521,-0.0857372866154521,ground,1
6.875,12.125,0.25,-0.06625925837475444,-0.06625925837475444,ground,1
6.875,14.375,0.25,-0.0628740196674889,-0.0628740196674889,ground,1
6.875,15.125,0.25,-0.030075533394942372,-0.030075533394942372,ground,1
6.875,38.375,0.25,0.05928651817479404,0.05928651817479404,ground,1
6.875,39.375,0.25,2.9011559141206282,2.9011559141206282,vegetation,1
6.875,51.875,0.25,2.804654405540117,2.804654405540117,vegetation,1
6.875,60.125,0.25,0.2285833884646888,0.2285833884646888,ground,1
6.875,74.125,0.25,0.20504087749289596,0.20504087749289596,ground,1
6.875,96.125,0.25,0.29829994833476947,0.29829994833476947,ground,1
7.125,-97.875,0.25,-0.4624460381211676,-0.4624460381211676,ground,1
7.125,-92.625,0.25,-0.48450421464609933,-0.48450421464609933,ground,1
7.125,-79.125,0.25,-0.46963538939939997,-0.46963538939939997,ground,1
7.125,-52.875,0.25,-0.2952054030424066,-0.2952054030424066,ground,1
7.125,-25.375,0.25,-0.1875869403214616,-0.1875869403214616,ground,1
7.125,-4.625,0.25,-0.14093955073041306,-0.14093955073041306,ground,1
7.125,-2.625,0.25,-0.14103998271046103,-0.14103998271046103,ground,1
7.125,-2.375,0.25,-0.14304531301843076,-0.14304531301843076,ground,1
7.125,21.625,0.25,-0.03385541605470285,-0.03385541605470285,ground,1
7.125,32.375,0.25,1.8891164165713135,1.8891164165713135,vegetation,1
7.125,42.625,0.25,0.08272760389601395,0.08272760389601395,ground,1
7.125,48.875,0.25,2.1309761715243565,2.1309761715243565,vegetation,1
7.125,65.125,0.25,2.7028534794635006,2.7028534794635006,vegetation,1
7.125,65.375,0.25,1.7645152169941012,1.7645152169941012,vegetation,1
7.125,69.375,0.25,0.1821637895566344,0.1821637895566344,ground,1
7.125,70.375,0.25,0.15819279013134346,0.15819279013134346,ground,1
7.125,79.375,0.25,0.23125084265995438,0.23125084265995438,ground,1
7.125,92.375,0.25,2.5159662604983133,2.5159662604983133,vegetation,1
7.125,95.125,0.25,2.2911102046467957,2.2911102046467957,vegetation,1
7.125,95.375,0.25,0.2818293431778385,0.2818293431778385,ground,1
7.375,-86.125,0.25,-0.4698111769836698,-0.4698111769836698,ground,1
7.375,-71.625,0.25,-0.38271577629512293,-0.38271577629512293,ground,1
7.375,-67.125,0.25,-0.43544248387894235,-0.43544248387894235,ground,1
7.375,-59.375,0.25,-0.38001583353558577,-0.38001583353558577,ground,1
7.375,-44.625,0.25,2.5733276654648547,2.5733276654648547,vegetation,1
7.375,-32.875,0.25,-0.2358013225403275,-0.2358013225403275,ground,1
7.375,-22.875,0.25,-0.19136398683468264,-0.19136398683468264,ground,1
7.375,-18.375,0.25,-0.2392113809609076,-0.2392113809609076,ground,1
7.375,2.625,0.25,-0.11147103002512798,-0.11147103002512798,ground,1
7.375,9.875,0.25,-0.07309032110997568,-0.07309032110997568,ground,1
7.375,18.875,0.25,0.0008106670105045774,0.0008106670105045774,ground,1
7.375,20.875,0.25,-0.006266153426663111,-0.006266153426663111,ground,1
7.375,23.375,0.25,0.002093291639813668,0.002093291639813668,ground,1
7.375,24.875,0.25,-0.016715823991298465,-0.016715823991298465,ground,1
7.375,28.125,0.25,-0.029862133479453955,-0.029862133479453955,ground,1
7.375,37.375,0.25,1.4161072067923341,1.4161072067923341,vegetation,1
7.375,51.625,0.25,0.0810095422807013,0.0810095422807013,ground,1
7.375,67.625,0.25,0.12156460444654892,0.12156460444654892,ground,1
7.375,73.125,0.25,2.286818648174173,2.286818648174173,vegetation,1
7.375,74.625,0.25,1.2074624335433257,0.6843752476747045,ground,2
7.375,91.625,0.25,0.2501591147597308,0.2501591147597308,ground,1
7.625,-75.125,0.25,1.6603245307950605,1.6603245307950605,vegetation,1
7.625,-68.875,0.25,1.2500378411913085,1.2500378411913085,vegetation,1
7.625,-68.125,0.25,-0.40908865719505383,-0.40908865719505383,ground,1
7.625,-67.875,0.25,-0.3540593303422276,-0.3540593303422276,ground,1
7.625,-51.125,0.25,0.7464005723513238,0.7464005723513238,vegetation,1
7.625,-48.375,0.25,0.5764256293608295,0.5764256293608295,vegetation,1
7.625,-37.875,0.25,-0.2971351184580806,-0.2971351184580806,ground,1
7.625,-37.125,0.25,-0.2744005755357841,-0.2744005755357841,ground,1
7.625,-33.375,0.25,-0.2756507509832163,-0.2756507509832163,ground,1
7.625,-18.375,0.25,-0.18055833962848006,-0.18055833962848006,ground,1
7.625,-14.375,0.25,-0.20354124101360338,-0.20354124101360338,ground,1
7.625,-0.875,0.25,-0.14029200872314712,-0.14029200872314712,ground,1
7.625,9.375,0.25,-0.08696194209152035,-0.08696194209152035,ground,1
7.625,12.125,0.25,-0.09087271643774192,-0.09087271643774192,ground,1
7.625,20.875,0.25,-0.048116598125728965,-0.048116598125728965,ground,1
7.625,24.875,0.25,0.01212499151545703,0.01212499151545703,ground,1
7.625,26.125,0.25,0.004819350816602251,0.004819350816602251,ground,1
7.625,38.875,0.25,0.0466073894051448,0.0466073894051448,ground,1
7.625,40.375,0.25,0.03245825897302621,0.03245825897302621,ground,1
7.625,43.625,0.25,0.09026963757573986,0.09026963757573986,ground,1
7.625,45.625,0.25,0.07379175130968234,0.07379175130968234,ground,1
7.625,81.625,0.25,1.2402636982776465,1.2402636982776465,vegetation,1
7.625,91.625,0.25,0.23871907831510142,0.23871907831510142,ground,1
7.875,-78.625,0.25,1.5970978702109928,1.5970978702109928,vegetation,1
7.875,-76.125,0.25,-0.4294261787873367,-0.4294261787873367,ground,1
7.875,-71.125,0.25,2.1011198997199307,2.1011198997199307,vegetation,1
7.875,-66.875,0.25,-0.37855092098930365,-0.37855092098930365,ground,1
7.875,-53.875,0.25,0.6793201838509538,0.6793201838509538,vegetation,1
7.875,-44.875,0.25,2.113278354610217,2.113278354610217,vegetation,1
7.875,-30.125,0.25,-0.27082844037636783,-0.27082844037636783,ground,1
7.875,-15.875,0.25,-0.22791811476087223,-0.22791811476087223,ground,1
7.875,-10.625,0.25,-0.13498245545911228,-0.13498245545911228,ground,1
7.875,6.125,0.25,-0.060930121172778476,-0.060930121172778476,ground,1
7.875,6.625,0.25,-0.1118899408035656,-0.1118899408035656,ground,1
7.875,15.875,0.25,-0.07458914838045064,-0.07458914838045064,ground,1
7.875,18.375,0.25,-0.022305305016283375,-0.022305305016283375,ground,1
7.875,23.375,0.25,-0.04203381836140983,-0.04203381836140983,ground,1
7.875,30.125,0.25,0.014210004666806247,0.014210004666806247,ground,1
7.875,33.625,0.25,-0.03258376137467615,-0.03258376137467615,ground,1
7.875,48.125,0.25,0.06331232833531666,0.06331232833531666,ground,1
7.875,59.875,0.25,0.10493630188764491,0.10493630188764491,ground,1
7.875,93.125,0.25,0.26211439614593074,0.26211439614593074,ground,1
8.125,-88.125,0.25,-0.4800762151876342,-0.4800762151876342,ground,1
8.125,-86.375,0.25,-0.4560950230997509,-0.4560950230997509,ground,1
8.125,-78.375,0.25,2.539528964072397,2.539528964072397,vegetation,1
8.125,-73.875,0.25,0.5077330896909903,0.5077330896909903,vegetation,1
8.125,-42.375,0.25,-0.2666585866396491,-0.2666585866396491,ground,1
8.125,-23.375,0.25,-0.2162550205658721,-0.2162550205658721,ground,1
8.125,-7.875,0.25,-0.17118901366720443,-0.17118901366720443,ground,1
8.125,-7.125,0.25,-0.16860526458111866,-0.16860526458111866,ground,1
8.125,-6.375,0.25,-0.18651090752784932,-0.18651090752784932,ground,1
8.125,6.375,0.25,-0.07435773745461144,-0.07435773745461144,ground,1
8.125,6.625,0.25,-0.09165563353245262,-0.09165563353245262,ground,1
8.125,7.875,0.25,-0.08796220437121574,-0.08796220437121574,ground,1
8.125,31.125,0.25,2.5840585730502514,2.5840585730502514,vegetation,1
8.125,39.875,0.25,0.028135121513817855,0.028135121513817855,ground,1
8.125,42.625,0.25,0.08591688159927754,0.08591688159927754,ground,1
8.125,44.875,0.25,0.016447133865489856,0.016447133865489856,ground,1
8.125,48.875,0.25,0.03641276403600421,0.03641276403600421,ground,1
8.125,52.875,0.25,0.07765763962624671,0.07765763962624671,ground,1
8.125,55.625,0.25,0.11191319855722891,0.11191319855722891,ground,1
8.125,71.625,0.25,0.13599132023081895,0.13599132023081895,ground,1
8.125,80.625,0.25,0.14052344634378025,0.14052344634378025,ground,1
8.125,87.875,0.25,1.2987738023825726,1.2987738023825726,vegetation,1
8.125,91.875,0.25,1.5483592788376708,1.5483592788376708,vegetation,1
8.375,-78.375,0.25,-0.4415019859534509,-0.4415019859534509,ground,1
8.375,-77.625,0.25,2.492242028082731,2.492242028082731,vegetation,1
8.375,-54.625,0.25,0.547138867631193,0.547138867631193,vegetation,1
8.375,-52.875,0.25,2.2074311619968503,2.2074311619968503,vegetation,1
8.375,-52.625,0.25,1.4959615229722862,1.4959615229722862,vegetation,1
8.375,-51.875,0.25,2.5352981644386716,2.5352981644386716,vegetation,1
8.375,-34.125,0.25,-0.23085749502612887,-0.23085749502612887,ground,1
8.375,-31.375,0.25,-0.22472737337568166,-0.22472737337568166,ground,1
8.375,-24.125,0.25,-0.1912283816150434,-0.1912283816150434,ground,1
8.375,-16.375,0.25,-0.1523798035215888,-0.1523798035215888,ground,1
8.375,12.125,0.25,-0.07946807081218706,-0.07946807081218706,ground,1
8.375,21.875,0.25,-0.012437262887245466,-0.012437262887245466,ground,1
8.375,23.125,0.25,-0.03840427659762259,-0.03840427659762259,ground,1
8.375,33.125,0.25,0.04550108310396983,0.04550108310396983,ground,1
8.375,35.125,0.25,-0.010567669790074802,-0.010567669790074802,ground,1
8.375,37.875,0.25,0.007392615503080541,0.007392615503080541,ground,1
8.375,40.875,0.25,0.02183375899374348,0.02183375899374348,ground,1
8.375,57.375,0.25,0.0824797154271156,0.0824797154271156,ground,1
8.375,60.875,0.25,0.09652399387823495,0.09652399387823495,ground,1
8.375,71.125,0.25,0.16211300052742167,0.16211300052742167,ground,1
8.375,76.875,0.25,2.9796210257177482,2.9796210257177482,vegetation,1
8.375,92.375,0.25,1.9399063925150841,1.9399063925150841,vegetation,1
8.625,-99.625,0.25,-0.567506462081226,-0.567506462081226,ground,1
8.625,-79.625,0.25,1.3389566736135132,1.3389566736135132,vegetation,1
8.625,-71.375,0.25,1.5737677046327732,1.5737677046327732,vegetation,1
8.625,-60.875,0.25,-0.3691513204880264,-0.3691513204880264,ground,1
8.625,-49.125,0.25,-0.30297056234744885,-0.30297056234744885,ground,1
8.625,-48.125,0.25,-0.32199585529919356,-0.32199585529919356,ground,1
8.625,-43.625,0.25,-0.3303352394765854,-0.3303352394765854,ground,1
8.625,-34.375,0.25,-0.27023187069731636,-0.27023187069731636,ground,1
8.625,-28.875,0.25,-0.2514346333966769,-0.2514346333966769,ground,1
8.625,-27.125,0.25,-0.25123286509336673,-0.25123286509336673,ground,1
8.625,-20.875,0.25,-0.2252042016557519,-0.2252042016557519,ground,1
8.625,-20.125,0.25,-0.22109055117584642,-0.22109055117584642,ground,1
8.625,-12.875,0.25,-0.1781159011783979,-0.1781159011783979,ground,1
8.625,4.625,0.25,-0.13144645292203075,-0.13144645292203075,ground,1
8.625,7.875,0.25,-0.0929431577999551,-0.0929431577999551,ground,1
8.625,8.125,0.25,-0.1015326789835608,-0.1015326789835608,ground,1
8.625,22.875,0.25,-0.017647762133092354,-0.017647762133092354,ground,1
8.625,30.875,0.25,-0.03963037000567871,-0.03963037000567871,ground,1
8.625,40.375,0.25,1.9147952070267449,1.9147952070267449,vegetation,1
8.625,45.375,0.25,0.08737997831214595,0.08737997831214595,ground,1
8.625,70.375,0.25,0.13410579080513574,0.13410579080513574,ground,1
8.625,84.125,0.25,0.2135537921849498,0.2135537921849498,ground,1
8.625,95.375,0.25,2.876921318987348,2.876921318987348,vegetation,1
8.625,97.875,0.25,2.1738830341430564,2.1738830341430564,vegetation,1
8.625,98.125,0.25,0.25759390763639767,0.25759390763639767,ground,1
8.875,-83.125,0.25,-0.46827102034727036,-0.46827102034727036,ground,1
8.875,-71.625,0.25,-0.4460001068041018,-0.4460001068041018,ground,1
8.875,-65.125,0.25,-0.4208805318379061,-0.4208805318379061,ground,1
8.875,-46.125,0.25,-0.33842521957512217,-0.33842521957512217,ground,1
8.875,-32.125,0.25,2.4643769800512603,2.4643769800512603,vegetation,1
8.875,-31.625,0.25,0.9117009867515763,0.9117009867515763,vegetation,1
8.875,-17.375,0.25,-0.20410107252983123,-0.20410107252983123,ground,1
8.875,-9.125,0.25,-0.16378304718727554,-0.16378304718727554,ground,1
8.875,-3.625,0.25,-0.15431085002307715,-0.15431085002307715,ground,1
8.875,-2.625,0.25,-0.1206927642849478,-0.1206927642849478,ground,1
8.875,6.875,0.25,-0.0677467869324406,-0.0677467869324406,ground,1
8.875,14.625,0.25,-0.10772591101857051,-0.10772591101857051,ground,1
8.875,29.625,0.25,-0.01664351163103893,-0.01664351163103893,ground,1
8.875,39.875,0.25,0.01697107889534284,0.01697107889534284,ground,1
8.875,44.625,0.25,0.04409048630841693,0.04409048630841693,ground,1
8.875,48.875,0.25,0.0961775988846912,0.0961775988846912,ground,1
8.875,52.875,0.25,0.07860797289787642,0.07860797289787642,ground,1
8.875,68.125,0.25,0.14994805065986352,0.14994805065986352,ground,1
9.125,-93.625,0.25,-0.5684405797362571,-0.5684405797362571,ground,1
9.125,-91.875,0.25,1.4969886572488407,1.4969886572488407,vegetation,1
9.125,-76.875,0.25,-0.4979834381324493,-0.4979834381324493,ground,1
9.125,-72.875,0.25,-0.4278362997093611,-0.4278362997093611,ground,1
9.125,-71.875,0.25,-0.40050863417177524,-0.40050863417177524,ground,1
9.125,-50.875,0.25,-0.31383930211746974,-0.31383930211746974,ground,1
9.125,-45.625,0.25,-0.3146439738933449,-0.3146439738933449,ground,1
9.125,-22.625,0.25,-0.2465900293966018,-0.2465900293966018,ground,1
9.125,-20.125,0.25,-0.20018747859697072,-0.20018747859697072,ground,1
9.125,-18.625,0.25,-0.2068437219075385,-0.2068437219075385,ground,1
9.125,-16.625,0.25,-0.210764109383243,-0.210764109383243,ground,1
9.125,-15.375,0.25,-0.2178011273214965,-0.2178011273214965,ground,1
9.125,-14.375,0.25,-0.17488095586186433,-0.17488095586186433,ground,1
9.125,-8.375,0.25,-0.15814351964228868,-0.15814351964228868,ground,1
9.125,0.125,0.25,-0.1623209881688839,-0.1623209881688839,ground,1
9.125,12.875,0.25,-0.1304706034293341,-0.1304706034293341,ground,1
9.125,16.125,0.25,-0.00638481251450547,-0.00638481251450547,ground,1
9.125,42.625,0.25,0.050754332480993106,0.050754332480993106,ground,1
9.125,56.125,0.25,3.0194141711625164,3.0194141711625164,vegetation,1
9.125,62.125,0.25,0.11556257996858646,0.11556257996858646,ground,1
9.125,63.625,0.25,0.1133143916834789,0.1133143916834789,ground,1
9.125,65.125,0.25,1.0337651852277827,1.0337651852277827,vegetation,1
9.125,92.875,0.25,0.23215402005946303,0.23215402005946303,ground,1
9.375,-89.375,0.25,-0.49640699771729274,-0.49640699771729274,ground,1
9.375,-73.125,0.25,-0.4460166683497357,-0.4460166683497357,ground,1
9.375,-50.875,0.25,-0.33247031715687325,-0.33247031715687325,ground,1
9.375,-37.875,0.25,-0.3569827372957805,-0.3569827372957805,ground,1
9.375,-36.875,0.25,-0.3052464629109129,-0.3052464629109129,ground,1
9.375,-22.125,0.25,-0.2105474425396674,-0.2105474425396674,ground,1
9.375,-21.875,0.25,-0.2130827000937399,-0.2130827000937399,ground,1
9.375,-12.875,0.25,-0.20213789335681864,-0.20213789335681864,ground,1
9.375,-12.375,0.25,-0.1771664798495859,-0.1771664798495859,ground,1
9.375,11.125,0.25,-0.08011002528908281,-0.08011002528908281,ground,1
9.375,21.875,0.25,-0.05913373516512964,-0.05913373516512964,ground,1
9.375,23.875,0.25,-0.030918439523608288,-0.030918439523608288,ground,1
9.375,26.875,0.25,-0.02534615554814429,-0.02534615554814429,ground,1
9.375,29.625,0.25,-0.038173144849638664,-0.038173144849638664,ground,1
9.375,37.375,0.25,2.448921123303515,2.448921123303515,vegetation,1
9.375,49.375,0.25,0.07386979037668913,0.07386979037668913,ground,1
9.375,51.375,0.25,0.07047432533779258,0.07047432533779258,ground,1
9.375,76.875,0.25,0.17910362600737073,0.17910362600737073,ground,1
9.375,91.125,0.25,0.230861026350595,0.230861026350595,ground,1
9.375,98.375,0.25,0.3069078841962477,0.3069078841962477,ground,1
9.625,-63.375,0.25,-0.345065009445965,-0.345065009445965,ground,1
9.625,-45.125,0.25,-0.32300176149048876,-0.32300176149048876,ground,1
9.625,-9.125,0.25,-0.1983941747909133,-0.1983941747909133,ground,1
9.625,-8.875,0.25,-0.2219323506604733,-0.2219323506604733,ground,1
9.625,-1.625,0.25,-0.16051178130851101,-0.16051178130851101,ground,1
9.625,-0.125,0.25,-0.13438429633671822,-0.13438429633671822,ground,1
9.625,9.375,0.25,-0.10192843601015888,-0.10192843601015888,ground,1
9.625,10.625,0.25,-0.07866768244926253,-0.07866768244926253,ground,1
9.625,13.875,0.25,-0.07831818671528176,-0.07831818671528176,ground,1
9.625,21.875,0.25,-0.057666040081092024,-0.057666040081092024,ground,1
9.625,23.875,0.25,-0.0751186019867643,-0.0751186019867643,ground,1
9.625,24.875,0.25,-0.0985975899717256,-0.0985975899717256,ground,1
9.625,40.375,0.25,0.020709321919152708,0.020709321919152708,ground,1
9.625,50.375,0.25,0.10935403519983927,0.10935403519983927,ground,1
9.625,65.375,0.25,1.2118989023805904,1.2118989023805904,vegetation,1
9.625,72.625,0.25,1.6073174597592375,1.6073174597592375,vegetation,1
9.875,-90.625,0.25,-0.5188643748742722,-0.5188643748742722,ground,1
9.875,-76.375,0.25,0.6825364322952947,0.6825364322952947,vegetation,1
9.875,-59.125,0.25,-0.3894999970466441,-0.3894999970466441,ground,1
9.875,-49.625,0.25,-0.36814952425933345,-0.36814952425933345,ground,1
9.875,-31.875,0.25,-0.27246581825886884,-0.27246581825886884,ground,1
9.875,-18.625,0.25,-0.2034054714134481,-0.2034054714134481,ground,1
9.875,4.875,0.25,-0.09165300535759191,-0.09165300535759191,ground,1
9.875,5.875,0.25,-0.12557667330201633,-0.12557667330201633,ground,1
9.875,7.875,0.25,-0.0795596074596402,-0.0795596074596402,ground,1
9.875,18.875,0.25,-0.040320324226553156,-0.040320324226553156,ground,1
9.875,19.375,0.25,-0.09610025686694801,-0.09610025686694801,ground,1
9.875,20.875,0.25,-0.01782615890518656,-0.01782615890518656,ground,1
9.875,49.625,0.25,0.04333602180877601,0.04333602180877601,ground,1
9.875,60.125,0.25,0.12124392362674756,0.12124392362674756,ground,1
9.875,68.375,0.25,0.14057921089586173,0.14057921089586173,ground,1
9.875,97.625,0.25,2.1318239521794644,2.1318239521794644,vegetation,1
10.125,-90.625,0.25,-0.5541560182598773,-0.5541560182598773,ground,1
10.125,-77.875,0.25,-0.47245024132661795,-0.47245024132661795,ground,1
10.125,-57.375,0.25,-0.36701948492529224,-0.36701948492529224,ground,1
10.125,-53.125,0.25,-0.3901995442610566,-0.3901995442610566,ground,1
10.125,-44.625,0.25,1.9210766859047739,1.9210766859047739,vegetation,1
10.125,-34.625,0.25,2.1052940357799317,2.1052940357799317,vegetation,1
10.125,-30.625,0.25,-0.2841801651103381,-0.2841801651103381,ground,1
10.125,-21.375,0.25,-0.2548615732240818,-0.2585264568785308,ground,2
10.125,-19.875,0.25,-0.24895654843907705,-0.24895654843907705,ground,1
10.125,-15.875,0.25,-0.20184584156854052,-0.20184584156854052,ground,1
10.125,-15.625,0.25,-0.1987615906438663,-0.1987615906438663,ground,1
10.125,-15.125,0.25,-0.2126289605672264,-0.2126289605672264,ground,1
10.125,-14.125,0.25,-0.2589219097134476,-0.2589219097134476,ground,1
10.125,-13.875,0.25,-0.21006887083345172,-0.21006887083345172,ground,1
10.125,-12.875,0.25,-0.23490512101387942,-0.23490512101387942,ground,1
10.125,-11.875,0.25,-0.21853845070269307,-0.21853845070269307,ground,1
10.125,-7.375,0.25,-0.18204584848252306,-0.18204584848252306,ground,1
10.125,15.125,0.25,-0.07484397762824495,-0.07484397762824495,ground,1
10.125,25.375,0.25,-0.024320958682411093,-0.024320958682411093,ground,1
10.125,26.125,0.25,-0.029088294267766154,-0.029088294267766154,ground,1
10.125,28.875,0.25,-0.04665706832633971,-0.04665706832633971,ground,1
10.125,37.375,0.25,0.014488916683602505,0.014488916683602505,ground,1
10.125,49.125,0.25,0.008582969988380651,0.008582969988380651,ground,1
10.125,49.875,0.25,1.931496067929616,1.931496067929616,vegetation,1
10.125,50.375,0.25,0.10145509010006568,0.10145509010006568,ground,1
10.125,53.625,0.25,0.06192466413418805,0.06192466413418805,ground,1
10.125,54.625,0.25,2.147239642501138,2.147239642501138,vegetation,1
10.125,60.625,0.25,0.11748584443816701,0.11748584443816701,ground,1
10.125,65.625,0.25,0.06851097239176264,0.06851097239176264,ground,1
10.125,65.875,0.25,0.11688179618961535,0.11688179618961535,ground,1
10.125,74.875,0.25,0.16603152268176752,0.16603152268176752,ground,1
10.125,75.625,0.25,2.609317571659356,2.609317571659356,vegetation,1
10.125,91.625,0.25,0.2500708758048924,0.2500708758048924,ground,1
10.125,94.125,0.25,0.24524371378432158,0.24524371378432158,ground,1
10.125,96.375,0.25,3.101493949364473,3.101493949364473,vegetation,1
10.125,96.625,0.25,0.24964020847983673,0.24964020847983673,ground,1
10.375,-72.375,0.25,0.34312151283603126,0.34312151283603126,vegetation,1
10.375,-51.625,0.25,1.9855740504062611,0.8248179093270197,ground,2
10.375,-50.125,0.25,-0.3892649329085607,-0.3892649329085607,ground,1
10.375,-44.875,0.25,0.8861776031080791,0.8861776031080791,vegetation,1
10.375,-42.625,0.25,-0.27059686635467334,-0.27059686635467334,ground,1
10.375,-39.375,0.25,-0.3146422959710763,-0.3146422959710763,ground,1
10.375,-38.625,0.25,1.2076387268924476,1.2076387268924476,vegetation,1
10.375,-26.625,0.25,-0.23475690768767848,-0.23475690768767848,ground,1
10.375,-7.875,0.25,-0.21797735913638372,-0.21797735913638372,ground,1
10.375,-2.375,0.25,-0.170007546980532,-0.170007546980532,ground,1
10.375,14.125,0.25,-0.034769718612405257,-0.034769718612405257,ground,1
10.375,21.625,0.25,-0.03454061604585402,-0.03454061604585402,ground,1
10.375,22.125,0.25,-0.08612619701219586,-0.08612619701219586,ground,1
10.375,24.375,0.25,-0.0713919076435027,-0.0713919076435027,ground,1
10.375,42.625,0.25,0.03607976890956973,0.03607976890956973,ground,1
10.375,62.625,0.25,0.12397055157943918,0.12397055157943918,ground,1
10.375,64.125,0.25,2.5253051194198157,2.5253051194198157,vegetation,1
10.375,67.875,0.25,0.11325851711868815,0.11325851711868815,ground,1
10.375,91.875,0.25,0.20786982164052747,0.20786982164052747,ground,1
10.625,-75.625,0.25,-0.4139749053422424,-0.4139749053422424,ground,1
10.625,-49.375,0.25,-0.3919887599226254,-0.3919887599226254,ground,1
10.625,-44.875,0.25,-0.3396075592297444,-0.3396075592297444,ground,1
10.625,-39.125,0.25,1.683409306782685,1.683409306782685,vegetation,1
10.625,-31.875,0.25,2.454547372327837,2.454547372327837,vegetation,1
10.625,-15.875,0.25,-0.2629003912791036,-0.2629003912791036,ground,1
10.625,-9.875,0.25,-0.24803912698752872,-0.24803912698752872,ground,1
10.625,-3.875,0.25,-0.19576154096045265,-0.19576154096045265,ground,1
10.625,4.125,0.25,-0.12156443224708707,-0.12156443224708707,ground,1
10.625,24.125,0.25,-0.033597481843404456,-0.033597481843404456,ground,1
10.625,36.375,0.25,0.8894806568029936,0.8894806568029936,vegetation,1
10.625,49.875,0.25,-0.004825606932481574,-0.004825606932481574,ground,1
10.625,57.125,0.25,1.7234289726302612,1.7234289726302612,vegetation,1
10.625,57.375,0.25,0.035078360808543686,0.035078360808543686,ground,1
10.625,72.375,0.25,0.11103765759212833,0.11103765759212833,ground,1
10.625,72.625,0.25,0.09132860571892856,0.09132860571892856,ground,1
10.625,97.375,0.25,0.1858018759827306,0.1858018759827306,ground,1
10.875,-76.625,0.25,-0.43327300557811127,-0.43327300557811127,ground,1
10.875,-76.125,0.25,1.7726512688176905,1.7726512688176905,vegetation,1
10.875,-74.125,0.25,1.586070856199043,1.586070856199043,vegetation,1
10.875,-73.625,0.25,-0.46172131878644235,-0.46172131878644235,ground,1
10.875,-59.125,0.25,-0.36782166724158777,-0.36782166724158777,ground,1
10.875,-56.125,0.25,-0.38731184520443424,-0.38731184520443424,ground,1
10.875,-41.625,0.25,-0.28946339323191694,-0.28946339323191694,ground,1
10.875,-38.375,0.25,2.3997709030805736,2.3997709030805736,vegetation,1
10.875,-27.625,0.25,1.278503440371626,1.278503440371626,vegetation,1
10.875,-26.125,0.25,-0.29196134168006604,-0.29196134168006604,ground,1
10.875,-22.125,0.25,-0.2232523833349554,-0.2232523833349554,ground,1
10.875,-19.375,0.25,-0.2351625671622724,-0.2351625671622724,ground,1
10.875,-7.875,0.25,-0.20698578070749946,-0.20698578070749946,ground,1
10.875,-6.375,0.25,-0.21384935369424385,-0.21384935369424385,ground,1
10.875,22.375,0.25,-0.11251776367424135,-0.11251776367424135,ground,1
10.875,33.875,0.25,2.8561445996534216,2.8561445996534216,vegetation,1
10.875,45.125,0.25,0.038744604531291874,0.038744604531291874,ground,1
10.875,49.375,0.25,0.020905942979416677,0.020905942979416677,ground,1
10.875,80.875,0.25,0.21074813979904947,0.21074813979904947,ground,1
10.875,89.125,0.25,0.15912258735558504,0.15912258735558504,ground,1
11.125,-95.625,0.25,2.299294603410329,2.299294603410329,vegetation,1
11.125,-93.875,0.25,-0.527381744076,-0.527381744076,ground,1
11.125,-93.125,0.25,-0.5141928309863604,-0.5141928309863604,ground,1
11.125,-90.375,0.25,-0.5687051066181148,-0.5687051066181148,ground,1
11.125,-87.875,0.25,-0.5273112662943908,-0.5273112662943908,ground,1
11.125,-78.625,0.25,-0.49545303831369686,-0.49545303831369686,ground,1
11.125,-55.375,0.25,1.7297220031673584,1.7297220031673584,vegetation,1
11.125,-35.125,0.25,-0.26613081101576574,-0.26613081101576574,ground,1
11.125,-0.125,0.25,-0.1360651999936337,-0.1360651999936337,ground,1
11.125,2.375,0.25,-0.135593243186572,-0.135593243186572,ground,1
11.125,42.125,0.25,1.273954695512664,1.273954695512664,vegetation,1
11.125,42.875,0.25,2.923198618574351,2.923198618574351,vegetation,1
11.125,61.625,0.25,2.5074721145773364,2.5074721145773364,vegetation,1
11.125,97.125,0.25,0.25728874091061893,0.25728874091061893,ground,1
11.375,-77.625,0.25,-0.4311236275246611,-0.4311236275246611,ground,1
11.375,-68.625,0.25,-0.4460789993349954,-0.4460789993349954,ground,1
11.375,-66.375,0.25,-0.43027614475200765,-0.43027614475200765,ground,1
11.375,-33.625,0.25,-0.35299911856260674,-0.35299911856260674,ground,1
11.375,-28.875,0.25,1.352519676925093,1.352519676925093,vegetation,1
11.375,-28.125,0.25,0.6769980250202967,0.6769980250202967,vegetation,1
11.375,-20.625,0.25,-0.21491572393051928,-0.21491572393051928,ground,1
11.375,2.625,0.25,-0.1484617840762611,-0.1484617840762611,ground,1
11.375,4.125,0.25,-0.188215857870374,-0.188215857870374,ground,1
11.375,6.875,0.25,-0.21929382268112996,-0.21929382268112996,ground,1
11.375,12.375,0.25,-0.12080700820553024,-0.12080700820553024,ground,1
11.375,16.875,0.25,-0.14554599543496965,-0.14554599543496965,ground,1
11.375,17.875,0.25,-0.10377492660460466,-0.10377492660460466,ground,1
11.375,25.625,0.25,1.1167387238134665,1.1167387238134665,vegetation,1
11.375,30.875,0.25,2.4164682908210837,2.4164682908210837,vegetation,1
11.375,39.625,0.25,-0.03793250205939484,-0.03793250205939484,ground,1
11.375,62.375,0.25,1.1889988697980876,1.1889988697980876,vegetation,1
11.375,66.375,0.25,0.0885979670581794,0.0885979670581794,ground,1
11.375,67.125,0.25,0.11080712294426631,0.11080712294426631,ground,1
11.375,70.625,0.25,0.09182268110222318,0.09182268110222318,ground,1
11.375,97.625,0.25,1.4318869943175445,1.4318869943175445,vegetation,1
11.625,-81.375,0.25,0.6942257496021785,0.6942257496021785,vegetation,1
11.625,-77.125,0.25,-0.4741183962660742,-0.4741183962660742,ground,1
11.625,-66.875,0.25,-0.4607597379707902,-0.4607597379707902,ground,1
11.625,-64.625,0.25,-0.45303509723313684,-0.45303509723313684,ground,1
11.625,-37.875,0.25,2.041985915444733,2.041985915444733,vegetation,1
11.625,-33.875,0.25,1.724153641431504,1.724153641431504,vegetation,1
11.625,-26.625,0.25,-0.29835816899872813,-0.29835816899872813,ground,1
11.625,-21.375,0.25,-0.22375098306441152,-0.22375098306441152,ground,1
11.625,-17.625,0.25,-0.2574453181856963,-0.2574453181856963,ground,1
11.625,-11.125,0.25,-0.20220652319514498,-0.20220652319514498,ground,1
11.625,-10.125,0.25,-0.2130667230371851,-0.2130667230371851,ground,1
11.625,-9.875,0.25,-0.19841292048041947,-0.19841292048041947,ground,1
11.625,-5.625,0.25,-0.20781377925076094,-0.20781377925076094,ground,1
11.625,-5.125,0.25,-0.17894841029788627,-0.17894841029788627,ground,1
11.625,-4.625,0.25,-0.23221176048296394,-0.23221176048296394,ground,1
11.625,-1.375,0.25,-0.1703256482930048,-0.1703256482930048,ground,1
11.625,12.375,0.25,-0.12180849679321946,-0.12180849679321946,ground,1
11.625,12.875,0.25,-0.12335246150451812,-0.12335246150451812,ground,1
11.625,14.125,0.25,-0.11110680639477886,-0.11110680639477886,ground,1
11.625,19.375,0.25,-0.1470166205613212,-0.1470166205613212,ground,1
11.625,21.125,0.25,-0.09927278073253372,-0.09927278073253372,ground,1
11.625,21.625,0.25,-0.1003038671725961,-0.1003038671725961,ground,1
11.625,23.375,0.25,-0.10235979467372498,-0.10235979467372498,ground,1
11.625,27.875,0.25,2.803642414721557,2.803642414721557,vegetation,1
11.625,34.875,0.25,2.890474861494685,2.890474861494685,vegetation,1
11.625,44.625,0.25,0.028775098760111147,0.028775098760111147,ground,1
11.625,51.125,0.25,0.033768878815529715,0.033768878815529715,ground,1
11.625,62.125,0.25,0.04823125225209312,0.04823125225209312,ground,1
11.625,77.125,0.25,0.11860004218592168,0.11860004218592168,ground,1
11.875,-69.375,0.25,-0.45905843791310885,-0.45905843791310885,ground,1
11.875,-63.375,0.25,-0.4465441366902088,-0.4465441366902088,ground,1
11.875,-51.375,0.25,-0.4023527244097126,-0.4023527244097126,ground,1
11.875,-42.125,0.25,-0.33088510796753295,-0.33088510796753295,ground,1
11.875,-24.875,0.25,-0.33053061529949657,-0.33053061529949657,ground,1
11.875,-21.125,0.25,-0.2500069479481121,-0.2500069479481121,ground,1
11.875,-10.125,0.25,-0.1966759225426381,-0.1966759225426381,ground,1
11.875,-3.625,0.25,-0.18722183012059038,-0.18722183012059038,ground,1
11.875,1.875,0.25,-0.2090273730019576,-0.2090273730019576,ground,1
11.875,6.125,0.25,-0.19083811192794725,-0.19083811192794725,ground,1
11.875,25.125,0.25,-0.10094825545172827,-0.10094825545172827,ground,1
11.875,37.125,0.25,-0.041920387904771095,-0.041920387904771095,ground,1
11.875,41.625,0.25,-0.05891620901714473,-0.05891620901714473,ground,1
11.875,49.125,0.25,2.2199996898878602,2.2199996898878602,vegetation,1
11.875,55.625,0.25,2.585036128293053,2.585036128293053,vegetation,1
11.875,70.375,0.25,0.11606890782373426,0.11606890782373426,ground,1
11.875,71.625,0.25,0.1167261094976266,0.1167261094976266,ground,1
11.875,89.375,0.25,0.1851506990773874,0.1851506990773874,ground,1
11.875,92.125,0.25,0.22169604866649437,0.22169604866649437,ground,1
11.875,92.875,0.25,0.19555001682389933,0.19555001682389933,ground,1
12.125,-98.375,0.25,0.7418450928445033,0.7418450928445033,vegetation,1
12.125,-94.625,0.25,1.8409079587927155,1.8409079587927155,vegetation,1
12.125,-76.375,0.25,2.2603530508284932,2.2603530508284932,vegetation,1
12.125,-76.125,0.25,0.4590021588523133,0.4590021588523133,vegetation,1
12.125,-53.625,0.25,0.8845463664698083,0.8845463664698083,vegetation,1
12.125,-44.625,0.25,-0.299108053537035,-0.299108053537035,ground,1
12.125,-39.375,0.25,-0.3284427578635604,-0.3284427578635604,ground,1
12.125,-37.875,0.25,-0.3112217621585908,-0.3112217621585908,ground,1
12.125,-37.375,0.25,-0.3796948033039643,-0.3796948033039643,ground,1
12.125,-30.125,0.25,-0.28473773543204656,-0.28473773543204656,ground,1
12.125,-29.375,0.25,0.556621690125494,0.556621690125494,vegetation,1
12.125,-25.625,0.25,-0.2810891452449062,-0.2810891452449062,ground,1
12.125,-24.875,0.25,-0.28167726784972463,-0.28167726784972463,ground,1
12.125,3.125,0.25,-0.12054299722879466,-0.12054299722879466,ground,1
12.125,8.375,0.25,-0.11096674006656855,-0.11096674006656855,ground,1
12.125,11.875,0.25,-0.1408206195440461,-0.1408206195440461,ground,1
12.125,16.375,0.25,-0.11010979230409201,-0.11010979230409201,ground,1
12.125,31.875,0.25,-0.030872217482554136,-0.030872217482554136,ground,1
12.125,35.375,0.25,-0.0008557479122657044,-0.0008557479122657044,ground,1
12.125,37.125,0.25,-0.0619692464279261,-0.0619692464279261,ground,1
12.125,43.875,0.25,1.3334627206857248,1.3334627206857248,vegetation,1
12.125,44.625,0.25,-0.016760581045206932,-0.016760581045206932,ground,1
12.125,54.875,0.25,0.0002251656432462612,0.0002251656432462612,ground,1
12.125,58.375,0.25,0.041126193200391965,0.041126193200391965,ground,1
12.125,58.875,0.25,0.05357836698804767,0.05357836698804767,ground,1
12.125,77.875,0.25,1.560695749562238,1.560695749562238,vegetation,1
12.375,-80.375,0.25,-0.5130893270106376,-0.5130893270106376,ground,1
12.375,-67.875,0.25,-0.47641291767020455,-0.47641291767020455,ground,1
12.375,-63.375,0.25,-0.44116306643467784,-0.44116306643467784,ground,1
12.375,-56.875,0.25,-0.41845853203446526,-0.41845853203446526,ground,1
12.375,-40.625,0.25,-0.33612870999662126,-0.33612870999662126,ground,1
12.375,-40.125,0.25,0.5930691931442718,0.5930691931442718,vegetation,1
12.375,-35.375,0.25,-0.3069093221564925,-0.3069093221564925,ground,1
12.375,-34.125,0.25,-0.3196514505218066,-0.3196514505218066,ground,1
12.375,-33.875,0.25,-0.30105819955382407,-0.30105819955382407,ground,1
12.375,-20.875,0.25,-0.23532696762977068,-0.23532696762977068,ground,1
12.375,-18.625,0.25,-0.2151004229852297,-0.2151004229852297,ground,1
12.375,-12.875,0.25,-0.23738450796766863,-0.23738450796766863,ground,1
12.375,-1.875,0.25,1.254957139526978,1.254957139526978,vehicle,1
12.375,14.875,0.25,-0.11347113383460532,-0.11347113383460532,ground,1
12.375,15.875,0.25,-0.09412433766660863,-0.09412433766660863,ground,1
12.375,18.125,0.25,-0.1201184891554384,-0.1201184891554384,ground,1
12.375,30.875,0.25,-0.027660798107863024,-0.05675868161437375,ground,2
12.375,32.375,0.25,-0.02547938003928793,-0.02547938003928793,ground,1
12.375,41.875,0.25,2.1006359259880503,2.1006359259880503,vegetation,1
12.375,77.625,0.25,0.16542264540610346,0.16542264540610346,ground,1
12.375,83.875,0.25,0.13053231733070092,0.13053231733070092,ground,1
12.375,88.875,0.25,2.414920109633476,2.414920109633476,vegetation,1
12.625,-93.125,0.25,-0.5428171596343401,-0.5428171596343401,ground,1
12.625,-90.625,0.25,-0.5576540538831657,-0.5576540538831657,ground,1
12.625,-67.625,0.25,-0.48923783082033856,-0.48923783082033856,ground,1
12.625,-64.125,0.25,-0.43657550406610013,-0.43657550406610013,ground,1
12.625,-51.625,0.25,-0.39467062792012136,-0.39467062792012136,ground,1
12.625,-40.375,0.25,1.6916761835021676,1.6916761835021676,vegetation,1
12.625,-36.125,0.25,-0.33427628043920765,-0.33427628043920765,ground,1
12.625,-30.875,0.25,-0.2818828821689813,-0.2818828821689813,ground,1
12.625,-29.875,0.25,-0.3251673075909701,-0.3251673075909701,ground,1
12.625,-29.125,0.25,1.920398820677927,1.920398820677927,vegetation,1
12.625,-15.125,0.25,-0.27793630153953647,-0.27793630153953647,ground,1
12.625,-2.875,0.25,1.3310341244369879,1.3310341244369879,vehicle,1
12.625,9.125,0.25,-0.13794318391544855,-0.1405385177811937,ground,2
12.625,27.375,0.25,-0.08119433826530109,-0.08119433826530109,ground,1
12.625,35.875,0.25,1.419398524467632,1.419398524467632,vegetation,1
12.625,40.125,0.25,2.9604131400715272,2.9604131400715272,vegetation,1
12.625,41.875,0.25,-0.02906193103645337,-0.02906193103645337,ground,1
12.875,-91.125,0.25,-0.5781971898246391,-0.5781971898246391,ground,1
12.875,-65.125,0.25,-0.4117806290656395,-0.4117806290656395,ground,1
12.875,-64.625,0.25,-0.4761463714989091,-0.4761463714989091,ground,1
12.875,-46.875,0.25,-0.40788746205889714,-0.40788746205889714,ground,1
12.875,-36.375,0.25,-0.3603642225764939,-0.3603642225764939,ground,1
12.875,-25.125,0.25,1.2708953555703397,1.2708953555703397,vegetation,1
12.875,-24.375,0.25,-0.3252328947682733,-0.3252328947682733,ground,1
12.875,-20.625,0.25,-0.21945707207758977,-0.21945707207758977,ground,1
12.875,-17.125,0.25,-0.29092033814401025,-0.29092033814401025,ground,1
12.875,-4.875,0.25,-0.2511028166279036,-0.2511028166279036,ground,1
12.875,2.125,0.25,1.2050539720185542,1.2050539720185542,vehicle,1
12.875,15.875,0.25,-0.12824611537586714,-0.12824611537586714,ground,1
12.875,23.125,0.25,-0.09415435673432214,-0.09415435673432214,ground,1
12.875,40.125,0.25,-0.03645311232377793,-0.03645311232377793,ground,1
12.875,41.125,0.25,-0.057782555359128414,-0.057782555359128414,ground,1
12.875,42.625,0.25,-0.040861518972867994,-0.040861518972867994,ground,1
12.875,57.625,0.25,-0.010535663173062954,-0.010535663173062954,ground,1
12.875,92.125,0.25,2.789055241214867,2.789055241214867,vegetation,1
12.875,93.875,0.25,0.16095662701647065,0.16095662701647065,ground,1
13.125,-98.875,0.25,1.5352880207249293,1.5352880207249293,vegetation,1
13.125,-94.625,0.25,2.001561303333231,2.001561303333231,vegetation,1
13.125,-86.625,0.25,1.4783630812429962,1.4783630812429962,vegetation,1
13.125,-71.375,0.25,-0.4827402990874706,-0.4827402990874706,ground,1
13.125,-69.125,0.25,1.6491646598475591,1.6491646598475591,vegetation,1
13.125,-64.375,0.25,-0.4749802746630828,-0.4749802746630828,ground,1
13.125,-57.375,0.25,-0.4619254377582597,-0.4619254377582597,ground,1
13.125,-53.625,0.25,2.54985695284528,2.54985695284528,vegetation,1
13.125,-47.625,0.25,-0.4323866636029448,-0.4323866636029448,ground,1
13.125,-36.875,0.25,-0.3369162006925593,-0.3369162006925593,ground,1
13.125,-20.625,0.25,-0.2897054550687429,-0.2897054550687429,ground,1
13.125,-19.125,0.25,-0.2797937729690773,-0.2797937729690773,ground,1
13.125,-14.875,0.25,-0.23712185885565076,-0.23712185885565076,ground,1
13.125,-8.375,0.25,-0.2449921335408989,-0.2449921335408989,ground,1
13.125,-7.875,0.25,-0.22264532691026007,-0.22264532691026007,ground,1
13.125,3.375,0.25,-0.19130175365963803,-0.19130175365963803,ground,1
13.125,4.125,0.25,-0.15492304308026983,-0.15492304308026983,ground,1
13.125,9.375,0.25,-0.15263382542594106,-0.15263382542594106,ground,1
13.125,13.875,0.25,-0.1363129475613484,-0.1363129475613484,ground,1
13.125,17.125,0.25,-0.0916669091029107,-0.0916669091029107,ground,1
13.125,30.875,0.25,-0.04694670005975722,-0.04694670005975722,ground,1
13.125,48.875,0.25,-0.030185543797448977,-0.030185543797448977,ground,1
13.125,70.625,0.25,0.0979979112626442,0.0979979112626442,ground,1
13.125,72.375,0.25,2.9840965842754894,2.9840965842754894,vegetation,1
13.125,76.875,0.25,0.14323388485703295,0.14323388485703295,ground,1
13.125,85.875,0.25,0.10527251849900252,0.10527251849900252,ground,1
13.375,-88.875,0.25,-0.5528816750448584,-0.5528816750448584,ground,1
13.375,-75.375,0.25,-0.5179552384980937,-0.5179552384980937,ground,1
13.375,-67.125,0.25,1.6618308590647048,1.6618308590647048,vegetation,1
13.375,-62.375,0.25,2.063064600182396,2.063064600182396,vegetation,1
13.375,-48.875,0.25,-0.39542664648172643,-0.39542664648172643,ground,1
13.375,-45.125,0.25,-0.37713549798873086,-0.37713549798873086,ground,1
13.375,-40.125,0.25,-0.384563051920083,-0.384563051920083,ground,1
13.375,-36.375,0.25,-0.36859160195303314,-0.36859160195303314,ground,1
13.375,-34.375,0.25,-0.3183207142277052,-0.3183207142277052,ground,1
13.375,-31.875,0.25,-0.3334916350604611,-0.3334916350604611,ground,1
13.375,-19.125,0.25,-0.2530430800647477,-0.2530430800647477,ground,1
13.375,-12.875,0.25,-0.2677905120622542,-0.2677905120622542,ground,1
13.375,-10.375,0.25,-0.22031306668462403,-0.22031306668462403,ground,1
13.375,8.125,0.25,-0.16383225327534173,-0.16383225327534173,ground,1
13.375,8.625,0.25,-0.11141965859845321,-0.11141965859845321,ground,1
13.375,31.125,0.25,-0.09684692783062258,-0.09684692783062258,ground,1
13.375,35.625,0.25,-0.09980061317617828,-0.09980061317617828,ground,1
13.375,42.875,0.25,0.9650214021848267,0.9650214021848267,vegetation,1
13.375,65.875,0.25,0.05952320930429122,0.05952320930429122,ground,1
13.375,66.375,0.25,0.05645204041765722,0.05645204041765722,ground,1
13.375,66.875,0.25,0.06773137428547718,0.06773137428547718,ground,1
13.375,67.375,0.25,0.05577281644365571,0.05577281644365571,ground,1
13.375,79.875,0.25,2.3382444760023318,2.3382444760023318,vegetation,1
13.375,81.375,0.25,0.18084285478512946,0.18084285478512946,ground,1
13.375,95.625,0.25,2.799982645884949,2.799982645884949,vegetation,1
13.625,-64.875,0.25,-0.46217505512981905,-0.46217505512981905,ground,1
13.625,-63.625,0.25,-0.48536707520934197,-0.48536707520934197,ground,1
13.625,-42.875,0.25,-0.361235988635386,-0.361235988635386,ground,1
13.625,-32.125,0.25,0.7051523896014904,0.7051523896014904,vegetation,1
13.625,-25.375,0.25,-0.30716318120461367,-0.30716318120461367,ground,1
13.625,-20.125,0.25,-0.2842955627862437,-0.2842955627862437,ground,1
13.625,-6.875,0.25,-0.24682872437402256,-0.24682872437402256,ground,1
13.625,-1.125,0.25,1.2489703919443298,1.2489703919443298,vehicle,1
13.625,1.625,0.25,1.2115845027824708,1.2115845027824708,vehicle,1
13.625,2.625,0.25,1.2470948634315233,1.2470948634315233,vehicle,1
13.625,31.125,0.25,-0.08588815332025428,-0.08588815332025428,ground,1
13.625,37.875,0.25,-0.04284327741271307,-0.04284327741271307,ground,1
13.625,43.625,0.25,1.9885094938946617,1.9885094938946617,vegetation,1
13.625,70.125,0.25,0.08859594995317892,0.08859594995317892,ground,1
13.625,73.375,0.25,0.10477323182724953,0.10477323182724953,ground,1
13.625,74.875,0.25,0.055754675671977616,0.055754675671977616,ground,1
13.625,88.125,0.25,0.19687939828333334,0.19687939828333334,ground,1
13.625,97.125,0.25,0.1830204017005162,0.1830204017005162,ground,1
13.875,-97.125,0.25,-0.572396666962993,-0.572396666962993,ground,1
13.875,-82.375,0.25,-0.5418556784872752,-0.5418556784872752,ground,1
13.875,-78.875,0.25,0.8874396980096119,0.8874396980096119,vegetation,1
13.875,-46.625,0.25,-0.40162004552607283,-0.40162004552607283,ground,1
13.875,-46.375,0.25,-0.42333883015497664,-0.42333883015497664,ground,1
13.875,-45.875,0.25,2.2790688674155066,2.2790688674155066,vegetation,1
13.875,-33.375,0.25,1.3178425890782306,1.3178425890782306,vegetation,1
13.875,-27.625,0.25,-0.3616733873946363,-0.3616733873946363,ground,1
13.875,-26.125,0.25,-0.3042680659411555,-0.3042680659411555,ground,1
13.875,-19.375,0.25,-0.2853417748148545,-0.2853417748148545,ground,1
13.875,-15.625,0.25,-0.28119037804662095,-0.28119037804662095,ground,1
13.875,-15.125,0.25,-0.3127358498958867,-0.3127358498958867,ground,1
13.875,-11.125,0.25,-0.26054437852108164,-0.26054437852108164,ground,1
13.875,-7.375,0.25,-0.22724335981021976,-0.22724335981021976,ground,1
13.875,0.375,0.25,1.267866910998496,1.267866910998496,vehicle,1
13.875,20.875,0.25,-0.1259621577233214,-0.1259621577233214,ground,1
13.875,25.125,0.25,2.741275222253859,2.741275222253859,vegetation,1
13.875,31.125,0.25,-0.10402826055759333,-0.10402826055759333,ground,1
13.875,32.625,0.25,-0.05334125216788613,-0.05334125216788613,ground,1
13.875,47.625,0.25,-0.05966061204801946,-0.05966061204801946,ground,1
13.875,52.125,0.25,-0.028802088352737856,-0.028802088352737856,ground,1
13.875,54.125,0.25,0.024034635905939187,0.024034635905939187,ground,1
13.875,56.125,0.25,0.047805171021802456,0.047805171021802456,ground,1
13.875,69.625,0.25,0.0625442380199209,0.0625442380199209,ground,1
13.875,92.375,0.25,0.16902283878815313,0.16902283878815313,ground,1
13.875,93.375,0.25,0.16122363023297215,0.16122363023297215,ground,1
13.875,97.125,0.25,0.1558545486276701,0.1558545486276701,ground,1
14.125,-94.125,0.25,-0.5772186515762702,-0.5772186515762702,ground,1
14.125,-90.875,0.25,2.0413625864899934,2.0413625864899934,vegetation,1
14.125,-62.875,0.25,1.263398939471505,1.263398939471505,vegetation,1
14.125,-48.625,0.25,1.2728573295632795,1.2728573295632795,vegetation,1
14.125,-41.875,0.25,-0.3630452858862051,-0.3630452858862051,ground,1
14.125,-36.875,0.25,-0.39196863061619613,-0.39196863061619613,ground,1
14.125,-1.875,0.25,1.278024480920941,1.278024480920941,vehicle,1
14.125,1.375,0.25,1.25229073596903,1.25229073596903,vehicle,1
14.125,3.875,0.25,-0.2142060768941754,-0.2142060768941754,ground,1
14.125,12.375,0.25,-0.14159809358484984,-0.14333701471150578,ground,2
14.125,14.625,0.25,-0.12917728953875335,-0.12917728953875335,ground,1
14.125,22.625,0.25,-0.09261582621187117,-0.09261582621187117,ground,1
14.125,47.875,0.25,-0.021899154399566193,-0.021899154399566193,ground,1
14.125,53.875,0.25,-0.0232129296300311,-0.0232129296300311,ground,1
14.125,68.875,0.25,0.046271369886144956,0.046271369886144956,ground,1
14.125,76.875,0.25,0.9552327232203899,0.9552327232203899,vegetation,1
14.125,83.375,0.25,0.10171982304235531,0.10171982304235531,ground,1
14.375,-97.375,0.25,-0.58747099983874,-0.58747099983874,ground,1
14.375,-81.375,0.25,-0.5687365487202449,-0.5687365487202449,ground,1
14.375,-76.375,0.25,-0.5285715255812332,-0.5285715255812332,ground,1
14.375,-63.875,0.25,0.808880909325538,0.808880909325538,vegetation,1
14.375,-56.375,0.25,-0.43914138547389486,-0.43914138547389486,ground,1
14.375,-55.375,0.25,-0.4390818633000235,-0.4390818633000235,ground,1
14.375,-45.125,0.25,1.781358012673112,1.781358012673112,vegetation,1
14.375,-38.375,0.25,2.2280883214886402,2.2280883214886402,vegetation,1
14.375,-4.125,0.25,-0.25310500582802475,-0.25310500582802475,ground,1
14.375,12.125,0.25,-0.1735788608905884,-0.1735788608905884,ground,1
14.375,34.875,0.25,-0.04180348008915212,-0.04180348008915212,ground,1
14.375,41.375,0.25,-0.032373476339557526,-0.032373476339557526,ground,1
14.375,57.375,0.25,2.421373854788948,2.421373854788948,vegetation,1
14.375,64.625,0.25,0.07327444139336953,0.07327444139336953,ground,1
14.625,-73.375,0.25,-0.48856222968607266,-0.48856222968607266,ground,1
14.625,-62.625,0.25,0.8976302892808476,0.8976302892808476,vegetation,1
14.625,-56.375,0.25,0.6224719428418657,0.6224719428418657,vegetation,1
14.625,-44.625,0.25,1.9462493894870667,1.9462493894870667,vegetation,1
14.625,-39.125,0.25,-0.3542178699277523,-0.3542178699277523,ground,1
14.625,-37.375,0.25,-0.4007432271797585,-0.4007432271797585,ground,1
14.625,-26.875,0.25,-0.30593448273205237,-0.30593448273205237,ground,1
14.625,-23.375,0.25,-0.3612157645028085,-0.3612157645028085,ground,1
14.625,-2.375,0.25,1.1886014760572445,1.1886014760572445,vehicle,1
14.625,26.875,0.25,-0.06446611417868985,-0.06446611417868985,ground,1
14.625,33.125,0.25,2.2382625700357246,2.2382625700357246,vegetation,1
14.625,58.625,0.25,2.9714535239553332,2.9714535239553332,vegetation,1
14.625,59.375,0.25,0.04630091388813577,0.04630091388813577,ground,1
14.625,89.375,0.25,0.12425894059758252,0.12425894059758252,ground,1
14.875,-90.875,0.25,1.443674565630385,1.443674565630385,vegetation,1
14.875,-75.125,0.25,-0.5380431450326832,-0.5380431450326832,ground,1
14.875,-55.125,0.25,0.8656631231686336,0.8656631231686336,vegetation,1
14.875,-52.375,0.25,-0.46146727168276824,-0.46146727168276824,ground,1
14.875,-48.125,0.25,-0.43408289341904943,-0.43408289341904943,ground,1
14.875,-43.625,0.25,-0.35010918147712966,-0.35010918147712966,ground,1
14.875,-40.875,0.25,1.3334710665435006,1.3334710665435006,vegetation,1
14.875,-38.375,0.25,-0.3852768746620125,-0.3852768746620125,ground,1
14.875,-30.125,0.25,-0.37009370812748593,-0.37009370812748593,ground,1
14.875,-25.125,0.25,-0.3303258022265862,-0.3303258022265862,ground,1
14.875,-24.625,0.25,-0.29610094235398077,-0.29610094235398077,ground,1
14.875,-15.125,0.25,-0.25491064960529036,-0.25491064960529036,ground,1
14.875,10.625,0.25,-0.1729913652876439,-0.1729913652876439,ground,1
14.875,12.125,0.25,-0.16848684196214858,-0.16848684196214858,ground,1
14.875,13.375,0.25,-0.1657217694644256,-0.1657217694644256,ground,1
14.875,19.625,0.25,-0.13788986730802177,-0.13788986730802177,ground,1
14.875,32.375,0.25,2.0317283859876074,2.0317283859876074,vegetation,1
14.875,55.125,0.25,-0.044143875327774,-0.044143875327774,ground,1
14.875,63.125,0.25,0.00787120226912753,0.00787120226912753,ground,1
14.875,68.625,0.25,2.935862140085278,2.935862140085278,vegetation,1
14.875,73.625,0.25,0.08043775597632197,0.08043775597632197,ground,1
14.875,90.875,0.25,0.1604291255104275,0.1604291255104275,ground,1
15.125,-84.625,0.25,-0.5846254357102503,-0.5846254357102503,ground,1
15.125,-70.375,0.25,-0.5156105361163624,-0.5156105361163624,ground,1
15.125,-59.875,0.25,1.7855638606227389,1.7855638606227389,vegetation,1
15.125,-58.125,0.25,-0.48062559197583143,-0.48062559197583143,ground,1
15.125,-45.125,0.25,-0.4397103111855797,-0.4397103111855797,ground,1
15.125,-30.625,0.25,2.606100489013937,2.606100489013937,vegetation,1
15.125,-20.875,0.25,-0.387366845712837,-0.387366845712837,ground,1
15.125,-20.125,0.25,-0.28407755693780623,-0.28407755693780623,ground,1
15.125,-17.125,0.25,-0.33190323044450787,-0.33190323044450787,ground,1
15.125,11.125,0.25,-0.16287772693119085,-0.16287772693119085,ground,1
15.125,17.375,0.25,-0.1525864719124528,-0.1525864719124528,ground,1
15.125,27.625,0.25,-0.08907479482205044,-0.08907479482205044,ground,1
15.125,36.375,0.25,2.478898387264099,2.478898387264099,vegetation,1
15.125,42.125,0.25,2.496416778436025,2.496416778436025,vegetation,1
15.125,50.375,0.25,2.8173712136786744,2.8173712136786744,vegetation,1
15.125,58.125,0.25,0.015503641937110017,0.015503641937110017,ground,1
15.125,66.125,0.25,0.03301860643822774,0.03301860643822774,ground,1
15.125,67.125,0.25,0.03072918699634427,0.03072918699634427,ground,1
15.125,68.125,0.25,0.0014384959397885089,0.0014384959397885089,ground,1
15.125,70.875,0.25,2.1338550902522284,2.1338550902522284,vegetation,1
15.375,-72.375,0.25,-0.49815837854787315,-0.49815837854787315,ground,1
15.375,-64.125,0.25,1.6082430635885983,1.6082430635885983,vegetation,1
15.375,-59.875,0.25,2.395315424089912,2.395315424089912,vegetation,1
15.375,-42.125,0.25,2.097926466512727,2.097926466512727,vegetation,1
15.375,-39.375,0.25,-0.37435362323997207,-0.37435362323997207,ground,1
15.375,-37.125,0.25,-0.3865878824708426,-0.3865878824708426,ground,1
15.375,-33.125,0.25,-0.36031817615637945,-0.36031817615637945,ground,1
15.375,-30.625,0.25,-0.3481495972628521,-0.3481495972628521,ground,1
15.375,-16.125,0.25,-0.2870771149445581,-0.2870771149445581,ground,1
15.375,-13.875,0.25,-0.28181004755946826,-0.28181004755946826,ground,1
15.375,2.625,0.25,1.2433001612323584,1.2433001612323584,vehicle,1
15.375,10.125,0.25,-0.14628351487744712,-0.14628351487744712,ground,1
15.375,19.875,0.25,-0.13202957706166213,-0.13202957706166213,ground,1
15.375,29.625,0.25,-0.11533792370528535,-0.11533792370528535,ground,1
15.375,33.875,0.25,-0.09647601187845697,-0.09647601187845697,ground,1
15.375,41.125,0.25,-0.07385323493334986,-0.07385323493334986,ground,1
15.375,74.375,0.25,0.05010383863140038,0.05010383863140038,ground,1
15.375,94.125,0.25,0.12131562795508752,0.12131562795508752,ground,1
15.625,-84.375,0.25,0.6097073801948283,0.6097073801948283,vegetation,1
15.625,-82.125,0.25,-0.5607936600691834,-0.5607936600691834,ground,1
15.625,-81.125,0.25,-0.5927364608219863,-0.5927364608219863,ground,1
15.625,-75.125,0.25,0.7797736298216915,0.7797736298216915,vegetation,1
15.625,-38.125,0.25,0.7152048553132095,0.7152048553132095,vegetation,1
15.625,-28.625,0.25,-0.3523738386241274,-0.3523738386241274,ground,1
15.625,-10.625,0.25,-0.2647157407618688,-0.2647157407618688,ground,1
15.625,-8.625,0.25,-0.2750215495020531,-0.2750215495020531,ground,1
15.625,-5.625,0.25,-0.23587501353011242,-0.23587501353011242,ground,1
15.625,-1.625,0.25,1.2755001923153972,1.2755001923153972,vehicle,1
15.625,1.625,0.25,1.2638362574662014,1.2638362574662014,vehicle,1
15.625,20.375,0.25,-0.1387580467592118,-0.1387580467592118,ground,1
15.625,28.125,0.25,-0.14339392408220586,-0.14339392408220586,ground,1
15.625,47.125,0.25,-0.07080781955951346,-0.07080781955951346,ground,1
15.625,48.375,0.25,2.1645284672836698,2.1645284672836698,vegetation,1
15.625,49.125,0.25,-0.03042402124314335,-0.03042402124314335,ground,1
15.625,56.375,0.25,-0.02699049630452539,-0.02699049630452539,ground,1
15.625,72.875,0.25,0.07782437371812449,0.07782437371812449,ground,1
15.625,77.375,0.25,3.0937850916300986,3.0937850916300986,vegetation,1
15.625,78.125,0.25,2.1684996133655927,1.118294741086886,ground,2
15.625,94.375,0.25,0.1304159688281763,0.1304159688281763,ground,1
15.875,-83.125,0.25,-0.5827741703252008,-0.5827741703252008,ground,1
15.875,-81.625,0.25,-0.5901470004098794,-0.5901470004098794,ground,1
15.875,-69.125,0.25,-0.5012850509793442,-0.5012850509793442,ground,1
15.875,-56.875,0.25,2.272864520430136,2.272864520430136,vegetation,1
15.875,-55.375,0.25,1.6112503425165576,1.6112503425165576,vegetation,1
15.875,-31.625,0.25,-0.3533481600484091,-0.3533481600484091,ground,1
15.875,-29.375,0.25,-0.37886816789129335,-0.37886816789129335,ground,1
15.875,-25.375,0.25,-0.3526536629414895,-0.3526536629414895,ground,1
15.875,-19.375,0.25,-0.36946892397660486,-0.36946892397660486,ground,1
15.875,-13.375,0.25,-0.3002551320133884,-0.3002551320133884,ground,1
15.875,-10.375,0.25,-0.26928845985247934,-0.26928845985247934,ground,1
15.875,-9.625,0.25,-0.30840405419120365,-0.30840405419120365,ground,1
15.875,-8.875,0.25,-0.19566453173415999,-0.19566453173415999,ground,1
15.875,-7.375,0.25,-0.2586937183066345,-0.2586937183066345,ground,1
15.875,-1.875,0.25,1.16578254924575,1.16578254924575,vehicle,1
15.875,0.125,0.25,1.217764916820685,1.217764916820685,vehicle,1
15.875,0.875,0.25,1.21405361130186,1.21405361130186,vehicle,1
15.875,1.875,0.25,1.2303897529199739,1.2263440613898973,vehicle,2
15.875,16.625,0.25,-0.16055215864307282,-0.16055215864307282,ground,1
15.875,18.375,0.25,-0.18072793147111418,-0.18072793147111418,ground,1
15.875,24.625,0.25,-0.11842514271319907,-0.11842514271319907,ground,1
15.875,33.125,0.25,-0.13959297849928576,-0.13959297849928576,ground,1
15.875,35.125,0.25,0.8696161864504579,0.8696161864504579,vegetation,1
15.875,46.125,0.25,-0.054859988976314764,-0.054859988976314764,ground,1
15.875,47.875,0.25,-0.030817380187446078,-0.030817380187446078,ground,1
15.875,60.625,0.25,0.033791692939411644,0.033791692939411644,ground,1
15.875,68.875,0.25,0.07171579092741437,0.07171579092741437,ground,1
15.875,87.625,0.25,0.12996111994164306,0.12996111994164306,ground,1
16.125,-87.875,0.25,-0.5906922333211336,-0.5906922333211336,ground,1
16.125,-87.375,0.25,1.8781742057138713,1.8781742057138713,vegetation,1
16.125,-82.625,0.25,1.4451896258596681,1.4451896258596681,vegetation,1
16.125,-80.625,0.25,-0.5722042879703474,-0.5722042879703474,ground,1
16.125,-80.125,0.25,1.037541362538997,1.037541362538997,vegetation,1
16.125,-76.875,0.25,-0.5691284855477052,-0.5691284855477052,ground,1
16.125,-52.375,0.25,0.42028213556054295,0.42028213556054295,vegetation,1
16.125,-50.625,0.25,1.769938869576783,1.769938869576783,vegetation,1
16.125,-46.875,0.25,1.7660786703977172,1.7660786703977172,vegetation,1
16.125,-46.625,0.25,-0.45776104944584023,-0.45776104944584023,ground,1
16.125,-43.875,0.25,-0.42042576616675564,-0.42042576616675564,ground,1
16.125,-39.125,0.25,1.6897871174153045,1.6897871174153045,vegetation,1
16.125,-32.125,0.25,-0.3407146215813211,-0.3407146215813211,ground,1
16.125,-29.875,0.25,-0.38475744769198517,-0.38475744769198517,ground,1
16.125,-27.125,0.25,-0.32520975342474523,-0.32520975342474523,ground,1
16.125,-20.375,0.25,-0.3500026263902881,-0.3500026263902881,ground,1
16.125,-16.375,0.25,-0.3335823002652045,-0.3335823002652045,ground,1
16.125,-13.625,0.25,-0.2674540968296121,-0.2674540968296121,ground,1
16.125,-10.625,0.25,-0.2857033866318187,-0.2857033866318187,ground,1
16.125,-9.875,0.25,-0.2802043230013388,-0.2802043230013388,ground,1
16.125,-4.625,0.25,-0.2522012267385288,-0.2522012267385288,ground,1
16.125,-4.375,0.25,-0.2644555920239751,-0.2644555920239751,ground,1
16.125,0.375,0.25,1.2395236807298313,1.2395236807298313,vehicle,1
16.125,5.625,0.25,-0.22987733137596195,-0.22987733137596195,ground,1
16.125,6.625,0.25,-0.21507939905872847,-0.21507939905872847,ground,1
16.125,21.125,0.25,-0.14633847350155782,-0.14633847350155782,ground,1
16.125,26.375,0.25,-0.16336892700194044,-0.16336892700194044,ground,1
16.125,30.875,0.25,1.9193169029289985,1.9193169029289985,vegetation,1
16.125,32.875,0.25,-0.11864324831769034,-0.11864324831769034,ground,1
16.125,43.375,0.25,2.2477775033798455,2.2477775033798455,vegetation,1
16.125,46.625,0.25,-0.07264168436580531,-0.07264168436580531,ground,1
16.125,65.375,0.25,1.3963840487220294,1.3963840487220294,vegetation,1
16.125,67.875,0.25,0.006701803206183576,0.006701803206183576,ground,1
16.125,68.625,0.25,1.3845213875049502,1.3845213875049502,vegetation,1
16.125,78.375,0.25,0.04777670594519362,0.04777670594519362,ground,1
16.125,89.375,0.25,0.1262448669600457,0.1262448669600457,ground,1
16.375,-94.375,0.25,-0.5973612849159092,-0.5973612849159092,ground,1
16.375,-70.625,0.25,-0.5694337596208853,-0.5694337596208853,ground,1
16.375,-64.375,0.25,-0.47147978883686037,-0.47147978883686037,ground,1
16.375,-42.875,0.25,-0.44401295467917273,-0.44401295467917273,ground,1
16.375,-32.625,0.25,-0.39083891126459547,-0.39083891126459547,ground,1
16.375,-32.125,0.25,-0.41615299135003136,-0.41615299135003136,ground,1
16.375,-29.375,0.25,-0.3357695079926413,-0.3357695079926413,ground,1
16.375,-23.125,0.25,-0.3515659927231376,-0.3515659927231376,ground,1
16.375,-14.625,0.25,-0.3557902069372108,-0.3557902069372108,ground,1
16.375,23.625,0.25,-0.13760279773094464,-0.13760279773094464,ground,1
16.375,28.375,0.25,2.54244657369772,2.54244657369772,vegetation,1
16.375,35.125,0.25,1.1385013140318998,1.1385013140318998,vegetation,1
16.375,35.875,0.25,-0.08888580423953396,-0.08888580423953396,ground,1
16.375,63.875,0.25,0.023720700036248155,0.023720700036248155,ground,1
16.375,70.125,0.25,0.03328650442180527,0.03328650442180527,ground,1
16.375,78.875,0.25,0.07171115437036775,0.07171115437036775,ground,1
16.375,84.875,0.25,0.07151651402120825,0.07151651402120825,ground,1
16.625,-84.875,0.25,-0.6064164907514331,-0.6064164907514331,ground,1
16.625,-76.625,0.25,-0.5020221319580601,-0.5020221319580601,ground,1
16.625,-47.125,0.25,-0.46637303860773943,-0.46637303860773943,ground,1
16.625,-41.625,0.25,1.5714329863007273,1.5714329863007273,vegetation,1
16.625,-39.875,0.25,-0.4245442713604556,-0.4245442713604556,ground,1
16.625,-35.625,0.25,-0.38195488011355433,-0.38195488011355433,ground,1
16.625,-34.625,0.25,-0.36990571806506073,-0.36990571806506073,ground,1
16.625,-29.375,0.25,-0.3682109006087314,-0.3682109006087314,ground,1
16.625,-26.125,0.25,0.8307709466593786,0.8307709466593786,vegetation,1
16.625,-23.875,0.25,-0.3473205548018959,-0.3473205548018959,ground,1
16.625,-18.375,0.25,-0.3204474326561124,-0.3204474326561124,ground,1
16.625,-3.375,0.25,1.1765668065405852,1.1765668065405852,vehicle,1
16.625,14.875,0.25,-0.204958536045158,-0.204958536045158,ground,1
16.625,30.625,0.25,-0.1633762514920063,-0.1633762514920063,ground,1
16.625,38.875,0.25,-0.08249259321948607,-0.08249259321948607,ground,1
16.625,43.875,0.25,-0.10348119749794639,-0.10348119749794639,ground,1
16.625,76.125,0.25,0.08041673601021247,0.08041673601021247,ground,1
16.875,-85.875,0.25,0.4050537631191786,0.4050537631191786,vegetation,1
16.875,-71.125,0.25,-0.5797591264671715,-0.5797591264671715,ground,1
16.875,-68.875,0.25,-0.5563523720757333,-0.5563523720757333,ground,1
16.875,-64.875,0.25,-0.4659534639300048,-0.4659534639300048,ground,1
16.875,-58.125,0.25,-0.5038439105593807,-0.5038439105593807,ground,1
16.875,-46.625,0.25,-0.4160511840314461,-0.4160511840314461,ground,1
16.875,-44.375,0.25,-0.42702267555788087,-0.42702267555788087,ground,1
16.875,-37.375,0.25,-0.3565354100219502,-0.3565354100219502,ground,1
16.875,-29.125,0.25,-0.388513165721442,-0.388513165721442,ground,1
16.875,-27.625,0.25,-0.38562770287739095,-0.38562770287739095,ground,1
16.875,-26.625,0.25,-0.38471478891958055,-0.38471478891958055,ground,1
16.875,-19.375,0.25,-0.31005114172912923,-0.31005114172912923,ground,1
16.875,-16.125,0.25,-0.30328680887021786,-0.30328680887021786,ground,1
16.875,-7.625,0.25,-0.27981922776723583,-0.27981922776723583,ground,1
16.875,10.375,0.25,-0.24658336479826098,-0.24658336479826098,ground,1
16.875,19.125,0.25,-0.1736166948131968,-0.1736166948131968,ground,1
16.875,22.625,0.25,-0.19494129266378818,-0.19494129266378818,ground,1
16.875,53.875,0.25,-0.0432577729900295,-0.0432577729900295,ground,1
16.875,56.625,0.25,-0.023662881595100965,-0.023662881595100965,ground,1
16.875,61.625,0.25,1.6257094750157017,1.6257094750157017,vegetation,1
16.875,71.375,0.25,0.09378179968722765,0.09378179968722765,ground,1
16.875,88.375,0.25,0.12327197173645399,0.12327197173645399,ground,1
17.125,-72.375,0.25,2.374649661303,2.374649661303,vegetation,1
17.125,-68.125,0.25,-0.5115968321018001,-0.5115968321018001,ground,1
17.125,-47.125,0.25,0.7246047923791403,0.7246047923791403,vegetation,1
17.125,-41.875,0.25,-0.4638981191492803,-0.4638981191492803,ground,1
17.125,-37.625,0.25,-0.3679920617563049,-0.3679920617563049,ground,1
17.125,-37.375,0.25,2.535933884587631,2.535933884587631,vegetation,1
17.125,-26.375,0.25,0.7237117986204844,0.7237117986204844,vegetation,1
17.125,-11.125,0.25,-0.3087748585751841,-0.3087748585751841,ground,1
17.125,-5.875,0.25,-0.25471542731778235,-0.25471542731778235,ground,1
17.125,-4.875,0.25,-0.30533031598660343,-0.30533031598660343,ground,1
17.125,-2.625,0.25,1.1745050684802452,1.1745050684802452,vehicle,1
17.125,2.125,0.25,1.226723047023461,1.226723047023461,vehicle,1
17.125,6.375,0.25,-0.20956021330447414,-0.20956021330447414,ground,1
17.125,18.125,0.25,-0.16103458139204618,-0.16103458139204618,ground,1
17.125,22.875,0.25,-0.17464431195611582,-0.17464431195611582,ground,1
17.125,23.375,0.25,-0.16449749785499723,-0.16449749785499723,ground,1
17.125,27.375,0.25,-0.06906642380728675,-0.06906642380728675,ground,1
17.125,28.375,0.25,-0.15471853927718818,-0.15471853927718818,ground,1
17.125,38.625,0.25,-0.11726499565033371,-0.11726499565033371,ground,1
17.125,51.625,0.25,-0.024302586405208958,-0.024302586405208958,ground,1
17.125,53.625,0.25,2.6830042509968024,2.6830042509968024,vegetation,1
17.125,71.875,0.25,0.04568161447312732,0.04568161447312732,ground,1
17.125,90.125,0.25,2.005445664640433,2.005445664640433,vegetation,1
17.375,-97.875,0.25,-0.6664140294155114,-0.6664140294155114,ground,1
17.375,-91.625,0.25,-0.6169310389453119,-0.6169310389453119,ground,1
17.375,-82.125,0.25,-0.5968796566787204,-0.5968796566787204,ground,1
17.375,-57.625,0.25,0.982202417502635,0.982202417502635,vegetation,1
17.375,-56.125,0.25,-0.48111469581741295,-0.48111469581741295,ground,1
17.375,-40.125,0.25,2.3206053211261057,2.3206053211261057,vegetation,1
17.375,-11.625,0.25,-0.3073936758029578,-0.3073936758029578,ground,1
17.375,-11.375,0.25,-0.32883444074461954,-0.32883444074461954,ground,1
17.375,-11.125,0.25,-0.27402724026032865,-0.27402724026032865,ground,1
17.375,-6.125,0.25,-0.29571108042949845,-0.29571108042949845,ground,1
17.375,1.875,0.25,1.2207692923397155,1.2207692923397155,vehicle,1
17.375,10.875,0.25,-0.22218360894325512,-0.22218360894325512,ground,1
17.375,21.875,0.25,-0.15797670893811258,-0.15797670893811258,ground,1
17.375,26.875,0.25,-0.15298403141181244,-0.15298403141181244,ground,1
17.375,31.375,0.25,-0.12730166894347977,-0.12730166894347977,ground,1
17.375,41.875,0.25,-0.07617067002533073,-0.07617067002533073,ground,1
17.375,44.375,0.25,-0.056940539967017464,-0.056940539967017464,ground,1
17.375,50.625,0.25,-0.0721955198711619,-0.0721955198711619,ground,1
17.375,58.625,0.25,2.5382112155090066,2.5382112155090066,vegetation,1
17.375,60.875,0.25,0.012783288987855714,0.012783288987855714,ground,1
17.375,62.625,0.25,1.3428665720063768,1.3428665720063768,vegetation,1
17.375,65.125,0.25,-0.06171682647613526,-0.06171682647613526,ground,1
17.375,77.625,0.25,0.03464837146365507,0.03464837146365507,ground,1
17.375,90.125,0.25,0.980708134451981,0.980708134451981,vegetation,1
17.625,-94.125,0.25,0.4018056418393837,0.4018056418393837,vegetation,1
17.625,-84.375,0.25,-0.543234025726863,-0.543234025726863,ground,1
17.625,-67.625,0.25,0.31179465833319264,0.31179465833319264,vegetation,1
17.625,-61.375,0.25,-0.5230216713243565,-0.5230216713243565,ground,1
17.625,-56.875,0.25,-0.4907341200542336,-0.4907341200542336,ground,1
17.625,-45.375,0.25,-0.44297254964061683,-0.44297254964061683,ground,1
17.625,-33.375,0.25,-0.45906028339585436,-0.45906028339585436,ground,1
17.625,-25.875,0.25,-0.32331319229584693,-0.32331319229584693,ground,1
17.625,-23.125,0.25,-0.3587197615540241,-0.3587197615540241,ground,1
17.625,-21.625,0.25,-0.34087071258887336,-0.34087071258887336,ground,1
17.625,-15.875,0.25,-0.36918419617455184,-0.36918419617455184,ground,1
17.625,6.875,0.25,-0.23222267076516245,-0.23222267076516245,ground,1
17.625,13.625,0.25,-0.17554380295756866,-0.17554380295756866,ground,1
17.625,30.625,0.25,0.9946638624810105,0.9946638624810105,vegetation,1
17.625,38.125,0.25,-0.11201371741902054,-0.11201371741902054,ground,1
17.625,45.625,0.25,-0.040403384562161415,-0.040403384562161415,ground,1
17.625,58.125,0.25,0.9626801284598627,0.9626801284598627,vegetation,1
17.625,64.625,0.25,-0.014807953936349679,-0.014807953936349679,ground,1
17.625,76.875,0.25,1.4193648105345742,1.4193648105345742,vegetation,1
17.875,-83.125,0.25,-0.5919844089765693,-0.5919844089765693,ground,1
17.875,-78.375,0.25,2.107023855209539,2.107023855209539,vegetation,1
17.875,-69.875,0.25,-0.5419514238580279,-0.5419514238580279,ground,1
17.875,-64.875,0.25,1.649353881110808,1.649353881110808,vegetation,1
17.875,-60.125,0.25,-0.47844534543031414,-0.47844534543031414,ground,1
17.875,-20.125,0.25,-0.3054160536250491,-0.3054160536250491,ground,1
17.875,-4.625,0.25,-0.28028954269301226,-0.28028954269301226,ground,1
17.875,-2.875,0.25,1.1338571383337976,1.1338571383337976,vehicle,1
17.875,4.625,0.25,-0.21964320516649505,-0.21964320516649505,ground,1
17.875,7.375,0.25,-0.24098780854929147,-0.24098780854929147,ground,1
17.875,13.625,0.25,-0.23371332204335452,-0.23371332204335452,ground,1
17.875,16.125,0.25,-0.19626399873127903,-0.19626399873127903,ground,1
17.875,18.625,0.25,-0.23090924782954106,-0.23090924782954106,ground,1
17.875,31.875,0.25,-0.1147389411457577,-0.1147389411457577,ground,1
17.875,32.375,0.25,1.8007091255879137,1.8007091255879137,vegetation,1
17.875,35.375,0.25,-0.1243964462525457,-0.1243964462525457,ground,1
17.875,39.875,0.25,-0.13508277796291984,-0.13508277796291984,ground,1
17.875,43.625,0.25,1.88920094248944,1.88920094248944,vegetation,1
17.875,44.875,0.25,-0.13165003231443378,-0.13165003231443378,ground,1
17.875,53.375,0.25,-0.033306838069648244,-0.033306838069648244,ground,1
18.125,-52.375,0.25,0.37778561591709325,0.37778561591709325,vegetation,1
18.125,-46.125,0.25,-0.4558519212576319,-0.4558519212576319,ground,1
18.125,-38.125,0.25,-0.4004623335707668,-0.4004623335707668,ground,1
18.125,-37.875,0.25,-0.43052626853588427,-0.43052626853588427,ground,1
18.125,-31.625,0.25,-0.4145108138060484,-0.4145108138060484,ground,1
18.125,-20.875,0.25,-0.3517474654678712,-0.3517474654678712,ground,1
18.125,-18.125,0.25,-0.3425623230432141,-0.3425623230432141,ground,1
18.125,-3.375,0.25,-0.31548585863855894,-0.31548585863855894,ground,1
18.125,12.625,0.25,-0.18767641418595066,-0.18767641418595066,ground,1
18.125,22.375,0.25,-0.19547327467588138,-0.19547327467588138,ground,1
18.125,23.375,0.25,-0.1991301687623152,-0.1991301687623152,ground,1
18.125,46.625,0.25,1.2632326830282636,1.2632326830282636,vegetation,1
18.125,49.125,0.25,-0.09741788734004722,-0.09741788734004722,ground,1
18.125,52.625,0.25,-0.09364894439246674,-0.09364894439246674,ground,1
18.125,53.875,0.25,2.0538144093066792,2.0538144093066792,vegetation,1
18.125,59.125,0.25,-0.016736158422784243,-0.016736158422784243,ground,1
18.125,75.875,0.25,1.265175343098932,1.265175343098932,vegetation,1
18.375,-96.125,0.25,-0.661373410429467,-0.661373410429467,ground,1
18.375,-60.875,0.25,-0.529462500366986,-0.529462500366986,ground,1
18.375,-50.375,0.25,1.8880936127182841,1.8880936127182841,vegetation,1
18.375,-38.875,0.25,-0.4517871144844514,-0.4517871144844514,ground,1
18.375,-35.875,0.25,-0.3828258713279191,-0.3828258713279191,ground,1
18.375,-23.125,0.25,-0.34527443818946907,-0.34527443818946907,ground,1
18.375,-2.125,0.25,-0.2856654028862813,-0.2856654028862813,ground,1
18.375,0.875,0.25,-0.24688968784553425,-0.24688968784553425,ground,1
18.375,5.875,0.25,-0.2557699050214696,-0.2557699050214696,ground,1
18.375,17.375,0.25,-0.21739911771041842,-0.21739911771041842,ground,1
18.375,35.375,0.25,-0.156313526570187,-0.156313526570187,ground,1
18.375,35.625,0.25,-0.10215049567056603,-0.10215049567056603,ground,1
18.375,63.375,0.25,-0.034093424224227425,-0.034093424224227425,ground,1
18.625,-86.875,0.25,-0.636577503843721,-0.636577503843721,ground,1
18.625,-86.125,0.25,-0.618254645578122,-0.618254645578122,ground,1
18.625,-68.625,0.25,-0.5577655801505751,-0.5577655801505751,ground,1
18.625,-61.625,0.25,-0.5207556592422238,-0.5207556592422238,ground,1
18.625,-61.375,0.25,-0.5323183408600728,-0.5323183408600728,ground,1
18.625,-54.875,0.25,-0.48974143217367977,-0.48974143217367977,ground,1
18.625,-54.375,0.25,1.2590511933800599,1.2590511933800599,vegetation,1
18.625,-53.625,0.25,-0.4953778552587267,-0.4953778552587267,ground,1
18.625,-51.375,0.25,-0.4908748423983875,-0.4908748423983875,ground,1
18.625,-50.375,0.25,0.42301965162166444,0.42301965162166444,vegetation,1
18.625,-41.625,0.25,-0.3986094394713396,-0.3986094394713396,ground,1
18.625,-31.875,0.25,-0.3262022787857348,-0.3262022787857348,ground,1
18.625,-22.625,0.25,-0.3664533926863109,-0.3664533926863109,ground,1
18.625,-0.375,0.25,-0.3416523232547204,-0.3416523232547204,ground,1
18.625,3.875,0.25,-0.18742217008550327,-0.18742217008550327,ground,1
18.625,4.125,0.25,-0.2697359290198944,-0.2697359290198944,ground,1
18.625,9.375,0.25,-0.21154931134381083,-0.21154931134381083,ground,1
18.625,10.625,0.25,-0.24140921919904812,-0.24140921919904812,ground,1
18.625,15.625,0.25,-0.2350314872027897,-0.2350314872027897,ground,1
18.625,32.125,0.25,-0.1605689155497706,-0.1605689155497706,ground,1
18.625,36.625,0.25,-0.1518466485621829,-0.1518466485621829,ground,1
18.625,37.875,0.25,-0.12336839255681065,-0.12336839255681065,ground,1
18.625,49.875,0.25,-0.10207672953618395,-0.10207672953618395,ground,1
18.625,54.875,0.25,1.2543055331673116,1.2543055331673116,vegetation,1
18.625,58.375,0.25,-0.04431152512280569,-0.04431152512280569,ground,1
18.875,-85.625,0.25,-0.6493642592567798,-0.6493642592567798,ground,1
18.875,-78.625,0.25,1.544406937543902,1.544406937543902,vegetation,1
18.875,-75.375,0.25,0.49837408572540975,0.49837408572540975,vegetation,1
18.875,-65.125,0.25,-0.5648332720437881,-0.5648332720437881,ground,1
18.875,-46.875,0.25,0.8234450236552253,0.8234450236552253,vegetation,1
18.875,-39.375,0.25,-0.4839919185677266,-0.4839919185677266,ground,1
18.875,-31.625,0.25,0.6715882807927129,0.6715882807927129,vegetation,1
18.875,-24.625,0.25,-0.3890932076816726,-0.3890932076816726,ground,1
18.875,-13.625,0.25,-0.3463578321537644,-0.3463578321537644,ground,1
18.875,0.875,0.25,-0.25063103352635563,-0.25063103352635563,ground,1
18.875,11.875,0.25,-0.2293970957213493,-0.2293970957213493,ground,1
18.875,32.375,0.25,-0.1474630642387695,-0.1474630642387695,ground,1
18.875,38.875,0.25,-0.12585755570886803,-0.12585755570886803,ground,1
18.875,42.875,0.25,-0.13683315134422125,-0.13683315134422125,ground,1
18.875,47.375,0.25,-0.12504750022731234,-0.12504750022731234,ground,1
18.875,51.375,0.25,-0.08251572284711874,-0.08251572284711874,ground,1
18.875,61.375,0.25,-0.020495275878799603,-0.020495275878799603,ground,1
18.875,63.625,0.25,-0.02108563995135551,-0.02108563995135551,ground,1
18.875,77.125,0.25,0.06496273571600913,0.06496273571600913,ground,1
18.875,83.375,0.25,1.6992689729150778,1.6992689729150778,vegetation,1
19.125,-92.625,0.25,1.9429132154317785,1.9429132154317785,vegetation,1
19.125,-58.875,0.25,-0.5275995611806636,-0.5275995611806636,ground,1
19.125,-40.375,0.25,-0.4365635172271818,-0.4365635172271818,ground,1
19.125,-39.375,0.25,-0.4208457663093312,-0.4208457663093312,ground,1
19.125,-39.125,0.25,1.113274779590361,1.113274779590361,vegetation,1
19.125,26.125,0.25,2.7275004959938918,2.7275004959938918,vegetation,1
19.125,37.125,0.25,-0.1902553774735337,-0.1902553774735337,ground,1
19.125,40.875,0.25,-0.15844445818195202,-0.15844445818195202,ground,1
19.125,43.625,0.25,-0.08759558695366297,-0.08759558695366297,ground,1
19.125,47.625,0.25,-0.12535960322239859,-0.12535960322239859,ground,1
19.125,47.875,0.25,-0.05972176182307599,-0.05972176182307599,ground,1
19.125,71.625,0.25,-0.010225302525504916,-0.010225302525504916,ground,1
19.125,72.625,0.25,0.05796979602478302,0.05796979602478302,ground,1
19.125,85.375,0.25,0.0542907718927194,0.0542907718927194,ground,1
19.125,89.625,0.25,0.07165990953114833,0.07165990953114833,ground,1
19.375,-95.375,0.25,0.7923130176210333,0.7923130176210333,vegetation,1
19.375,-86.375,0.25,-0.6292908368006894,-0.6292908368006894,ground,1
19.375,-66.125,0.25,-0.5380658582713747,-0.5380658582713747,ground,1
19.375,-58.375,0.25,-0.5103389120308244,-0.5103389120308244,ground,1
19.375,-56.125,0.25,2.225745596436601,2.225745596436601,vegetation,1
19.375,-55.875,0.25,-0.4796057124610643,-0.4796057124610643,ground,1
19.375,-55.375,0.25,2.1947097148959616,2.1947097148959616,vegetation,1
19.375,-55.125,0.25,0.5489361229940759,0.5489361229940759,vegetation,1
19.375,-48.125,0.25,-0.4851454889587218,-0.4851454889587218,ground,1
19.375,-41.875,0.25,2.1727041006259027,2.1727041006259027,vegetation,1
19.375,-35.625,0.25,-0.4364352366194256,-0.4364352366194256,ground,1
19.375,-26.875,0.25,1.1878687301629134,1.1878687301629134,vegetation,1
19.375,-18.375,0.25,-0.3919259416016409,-0.3919259416016409,ground,1
19.375,-14.125,0.25,-0.38333870275136867,-0.38333870275136867,ground,1
19.375,-4.875,0.25,-0.3140393135056,-0.3140393135056,ground,1
19.375,3.625,0.25,-0.2694518577789571,-0.2694518577789571,ground,1
19.375,8.625,0.25,-0.30108067587023984,-0.30108067587023984,ground,1
19.375,19.625,0.25,-0.21499215571289612,-0.21499215571289612,ground,1
19.375,27.625,0.25,0.8262628189727748,0.8262628189727748,vegetation,1
19.375,42.625,0.25,-0.13246707942267458,-0.13246707942267458,ground,1
19.375,54.125,0.25,-0.09029067560161536,-0.09029067560161536,ground,1
19.375,65.625,0.25,-0.012001624710904202,-0.012001624710904202,ground,1
19.375,65.875,0.25,-0.0028473853291498194,-0.0028473853291498194,ground,1
19.375,68.625,0.25,-0.03509197491282498,-0.03509197491282498,ground,1
19.375,71.375,0.25,-0.02539199989198701,-0.02539199989198701,ground,1
19.375,77.875,0.25,1.7935403442587174,1.7935403442587174,vegetation,1
19.375,79.625,0.25,1.7122223478794543,1.7122223478794543,vegetation,1
19.375,97.875,0.25,2.781193668539025,2.781193668539025,vegetation,1
19.625,-84.625,0.25,1.261686843158868,1.261686843158868,vegetation,1
19.625,-58.875,0.25,1.0077007320291775,1.0077007320291775,vegetation,1
19.625,-41.125,0.25,-0.4736090442290008,-0.4736090442290008,ground,1
19.625,-13.125,0.25,-0.3778402824661674,-0.3778402824661674,ground,1
19.625,8.875,0.25,-0.25212488273073336,-0.25212488273073336,ground,1
19.625,13.375,0.25,-0.2574567607195326,-0.26502144831293756,ground,2
19.625,20.625,0.25,-0.2200355340054791,-0.2200355340054791,ground,1
19.625,26.375,0.25,-0.18092975935645705,-0.18092975935645705,ground,1
19.625,33.625,0.25,-0.15830757110293128,-0.15830757110293128,ground,1
19.625,54.625,0.25,-0.10310561425560033,-0.10310561425560033,ground,1
19.625,65.375,0.25,-0.03620297643366507,-0.03620297643366507,ground,1
19.875,-92.125,0.25,2.184458700721643,2.184458700721643,vegetation,1
19.875,-59.875,0.25,-0.5616748441740753,-0.5616748441740753,ground,1
19.875,-55.875,0.25,1.4758145495909676,1.4758145495909676,vegetation,1
19.875,-51.125,0.25,-0.49037466486463915,-0.49037466486463915,ground,1
19.875,-43.375,0.25,0.6311313683432924,0.6311313683432924,vegetation,1
19.875,-42.125,0.25,-0.4767343582949938,-0.4767343582949938,ground,1
19.875,-34.125,0.25,-0.41731812335144014,-0.41731812335144014,ground,1
19.875,-29.625,0.25,0.8832510403363166,0.8832510403363166,vegetation,1
19.875,-4.875,0.25,-0.35194444274399905,-0.35194444274399905,ground,1
19.875,30.875,0.25,-0.16337598464353353,-0.16337598464353353,ground,1
19.875,44.875,0.25,-0.1009702785428301,-0.1009702785428301,ground,1
19.875,46.625,0.25,-0.10675387671126105,-0.10675387671126105,ground,1
19.875,59.125,0.25,1.2276427565978274,1.2276427565978274,vegetation,1
19.875,80.625,0.25,0.017618814368233177,0.017618814368233177,ground,1
19.875,84.625,0.25,0.04988012958628134,0.04988012958628134,ground,1
19.875,86.625,0.25,0.007127133355558625,0.007127133355558625,ground,1
19.875,94.375,0.25,0.0480059714144653,0.0480059714144653,ground,1
20.125,-69.875,0.25,2.1499856828688197,2.1499856828688197,vegetation,1
20.125,-45.875,0.25,-0.521403215056922,-0.521403215056922,ground,1
20.125,-43.875,0.25,-0.49148366546736433,-0.49148366546736433,ground,1
20.125,-40.625,0.25,-0.46588271572117074,-0.4728718649334312,ground,2
20.125,-28.125,0.25,-0.36768533173542156,-0.36768533173542156,ground,1
20.125,-15.125,0.25,-0.36070764110995585,-0.36070764110995585,ground,1
20.125,-11.625,0.25,-0.3912598154394174,-0.3912598154394174,ground,1
20.125,-4.375,0.25,-0.325959718101653,-0.325959718101653,ground,1
20.125,2.625,0.25,-0.27921807242233854,-0.27921807242233854,ground,1
20.125,6.125,0.25,-0.27753123812285724,-0.27753123812285724,ground,1
20.125,11.875,0.25,-0.23148495084734025,-0.23148495084734025,ground,1
20.125,28.625,0.25,2.302454261420079,2.302454261420079,vegetation,1
20.125,32.625,0.25,-0.18151962877463654,-0.18151962877463654,ground,1
20.125,52.875,0.25,1.4738160488155936,1.4738160488155936,vegetation,1
20.125,56.625,0.25,-0.07649749834142323,-0.07649749834142323,ground,1
20.125,56.875,0.25,2.0650285723093424,2.0650285723093424,vegetation,1
20.375,-80.875,0.25,1.1280589593542973,1.1280589593542973,vegetation,1
20.375,-60.875,0.25,-0.5165242384910215,-0.5165242384910215,ground,1
20.375,-42.875,0.25,2.4426049126778753,2.4426049126778753,vegetation,1
20.375,-30.125,0.25,1.3923117532573024,1.3923117532573024,vegetation,1
20.375,-15.125,0.25,-0.38251393428459995,-0.38251393428459995,ground,1
20.375,-11.875,0.25,-0.3805678906422143,-0.3805678906422143,ground,1
20.375,-11.625,0.25,-0.42803793263315093,-0.42803793263315093,ground,1
20.375,-2.875,0.25,-0.30448063745185844,-0.30448063745185844,ground,1
20.375,1.625,0.25,-0.28011559071398195,-0.28011559071398195,ground,1
20.375,4.375,0.25,-0.2671186799882992,-0.2671186799882992,ground,1
20.375,10.125,0.25,-0.23683128294632527,-0.23683128294632527,ground,1
20.375,27.875,0.25,-0.20671106972034028,-0.20671106972034028,ground,1
20.375,33.125,0.25,-0.14472831812438186,-0.14472831812438186,ground,1
20.375,44.625,0.25,-0.1217292070861635,-0.1217292070861635,ground,1
20.375,50.375,0.25,1.5637142576015775,1.5637142576015775,vegetation,1
20.375,51.125,0.25,2.7112915355501572,2.7112915355501572,vegetation,1
20.375,85.375,0.25,1.5351603820905158,1.5351603820905158,vegetation,1
20.625,-97.875,0.25,-0.747735234467682,-0.747735234467682,ground,1
20.625,-88.875,0.25,2.039870692743286,2.039870692743286,vegetation,1
20.625,-74.625,0.25,1.3448999974325337,1.3448999974325337,vegetation,1
20.625,-72.875,0.25,-0.607820826977923,-0.607820826977923,ground,1
20.625,-61.875,0.25,1.3779473619835056,1.3779473619835056,vegetation,1
20.625,-46.125,0.25,2.035776259476812,2.035776259476812,vegetation,1
20.625,-45.125,0.25,-0.4773893710200101,-0.4773893710200101,ground,1
20.625,-38.625,0.25,1.2857850820692929,1.2857850820692929,vegetation,1
20.625,-33.375,0.25,1.7566406837718067,1.7566406837718067,vegetation,1
20.625,-29.125,0.25,0.3887699416928321,0.3887699416928321,vegetation,1
20.625,-1.625,0.25,-0.3232883546474711,-0.3232883546474711,ground,1
20.625,16.125,0.25,-0.2700769068107999,-0.2700769068107999,ground,1
20.625,19.875,0.25,-0.19526686433673246,-0.19526686433673246,ground,1
20.625,33.625,0.25,-0.1943454790078099,-0.1943454790078099,ground,1
20.625,34.375,0.25,-0.18309042824423755,-0.18309042824423755,ground,1
20.625,42.875,0.25,-0.1675423916509225,-0.1675423916509225,ground,1
20.625,54.875,0.25,-0.05984809517413058,-0.05984809517413058,ground,1
20.625,61.375,0.25,2.3547162032406352,2.3547162032406352,vegetation,1
20.625,67.375,0.25,-0.014606291443687639,-0.014606291443687639,ground,1
20.625,68.375,0.25,-0.02984940277279711,-0.02984940277279711,ground,1
20.625,88.875,0.25,1.266208740099854,1.266208740099854,vegetation,1
20.875,-76.125,0.25,2.2728786343864384,2.2728786343864384,vegetation,1
20.875,-75.125,0.25,0.3525141238790702,0.3525141238790702,vegetation,1
20.875,-74.875,0.25,0.5952629666704181,0.5952629666704181,vegetation,1
20.875,-64.125,0.25,-0.5553945777811298,-0.5553945777811298,ground,1
20.875,-61.875,0.25,-0.5528548954883777,-0.5528548954883777,ground,1
20.875,-49.125,0.25,-0.5025263960655048,-0.5025263960655048,ground,1
20.875,-31.875,0.25,-0.4558736584763274,-0.4558736584763274,ground,1
20.875,-28.125,0.25,0.896416274022751,0.896416274022751,vegetation,1
20.875,-14.875,0.25,-0.38261316380531213,-0.38261316380531213,ground,1
20.875,-10.125,0.25,-0.3860846775857638,-0.3860846775857638,ground,1
20.875,-5.375,0.25,-0.32122337618020813,-0.32122337618020813,ground,1
20.875,10.875,0.25,-0.25212165481720766,-0.25212165481720766,ground,1
20.875,28.125,0.25,1.9484256933515134,1.9484256933515134,vegetation,1
20.875,35.625,0.25,1.9656408940232404,1.9656408940232404,vegetation,1
20.875,42.125,0.25,-0.15334426960052328,-0.15334426960052328,ground,1
20.875,45.875,0.25,-0.12396944560016943,-0.12396944560016943,ground,1
20.875,61.625,0.25,-0.06925927069172252,-0.06925927069172252,ground,1
20.875,68.625,0.25,1.4453668643652962,1.4453668643652962,vegetation,1
20.875,74.125,0.25,1.268236922238389,1.2036164566407805,vegetation,2
21.125,-95.375,0.25,-0.7224398762074106,-0.7224398762074106,ground,1
21.125,-85.625,0.25,-0.6406925562945087,-0.6406925562945087,ground,1
21.125,-78.375,0.25,2.1029550080172514,2.1029550080172514,vegetation,1
21.125,-60.375,0.25,0.7049973283233281,0.7049973283233281,vegetation,1
21.125,-59.875,0.25,-0.6081207717370515,-0.6081207717370515,ground,1
21.125,-49.125,0.25,0.7073995512133389,0.7073995512133389,vegetation,1
21.125,-42.625,0.25,0.39765691816686033,-0.04499682870035779,ground,2
21.125,-39.375,0.25,-0.5277494020368334,-0.5277494020368334,ground,1
21.125,-21.875,0.25,-0.40187176968190397,-0.40187176968190397,ground,1
21.125,-18.625,0.25,-0.43121473328369825,-0.43121473328369825,ground,1
21.125,-17.375,0.25,-0.38503766934694067,-0.38503766934694067,ground,1
21.125,16.375,0.25,-0.24910521447430375,-0.24910521447430375,ground,1
21.125,16.625,0.25,-0.23893999187113638,-0.23893999187113638,ground,1
21.125,21.125,0.25,-0.2389078341448522,-0.2389078341448522,ground,1
21.125,38.625,0.25,-0.1607883173580783,-0.1607883173580783,ground,1
21.125,40.875,0.25,1.7291108927957164,1.7291108927957164,vegetation,1
21.125,53.875,0.25,1.9826498561427337,1.9826498561427337,vegetation,1
21.125,62.375,0.25,-0.047398341496983326,-0.047398341496983326,ground,1
21.125,84.125,0.25,0.06166389173389329,0.06166389173389329,ground,1
21.375,-97.375,0.25,1.0761234734046896,1.0761234734046896,vegetation,1
21.375,-93.625,0.25,-0.6977062684685302,-0.6977062684685302,ground,1
21.375,-84.625,0.25,-0.6663322640788277,-0.6663322640788277,ground,1
21.375,-80.875,0.25,0.6075788684884197,0.6075788684884197,vegetation,1
21.375,-78.875,0.25,-0.606341296083943,-0.606341296083943,ground,1
21.375,-78.375,0.25,-0.7080493016870857,-0.7080493016870857,ground,1
21.375,-50.625,0.25,-0.5662073629224236,-0.5662073629224236,ground,1
21.375,-50.125,0.25,1.562972500398449,1.562972500398449,vegetation,1
21.375,-32.625,0.25,0.6289471661661057,0.6289471661661057,vegetation,1
21.375,-10.875,0.25,-0.311255613908263,-0.311255613908263,ground,1
21.375,10.125,0.25,-0.29382902350328755,-0.29382902350328755,ground,1
21.375,35.375,0.25,-0.15285915194237354,-0.15285915194237354,ground,1
21.375,44.625,0.25,1.106797624740847,1.106797624740847,vegetation,1
21.375,59.125,0.25,-0.10985452531846196,-0.10985452531846196,ground,1
21.375,65.125,0.25,-0.020623111375019126,-0.020623111375019126,ground,1
21.375,85.625,0.25,1.8370901208853967,1.8370901208853967,vegetation,1
21.625,-97.125,0.25,0.09528359545927159,0.09528359545927159,vegetation,1
21.625,-64.625,0.25,-0.6075429441404384,-0.6075429441404384,ground,1
21.625,-49.875,0.25,-0.5438956044852602,-0.5438956044852602,ground,1
21.625,-48.125,0.25,-0.5066137150797824,-0.5066137150797824,ground,1
21.625,-39.625,0.25,-0.5057670604748157,-0.5057670604748157,ground,1
21.625,-29.375,0.25,-0.4314571513324788,-0.4314571513324788,ground,1
21.625,-27.625,0.25,0.9475315662551849,0.9475315662551849,vegetation,1
21.625,-20.375,0.25,-0.4041916856757326,-0.4041916856757326,ground,1
21.625,-8.875,0.25,-0.38281080274312634,-0.38281080274312634,ground,1
21.625,-5.875,0.25,-0.3498288150012857,-0.3498288150012857,ground,1
21.625,10.125,0.25,-0.22713929437369962,-0.24998269371999265,ground,2
21.625,24.375,0.25,-0.22808026511318083,-0.22808026511318083,ground,1
21.625,55.375,0.25,-0.12317197854028711,-0.12317197854028711,ground,1
21.625,81.875,0.25,2.0286834625705596,2.0286834625705596,vegetation,1
21.875,-91.375,0.25,-0.7307337325877303,-0.7307337325877303,ground,1
21.875,-58.875,0.25,-0.5316689448798846,-0.5316689448798846,ground,1
21.875,-55.125,0.25,-0.5052222142354073,-0.5052222142354073,ground,1
21.875,-50.125,0.25,-0.5443610000677218,-0.5443610000677218,ground,1
21.875,-45.875,0.25,-0.4886727897286319,-0.4886727897286319,ground,1
21.875,-43.125,0.25,1.7611540021848324,1.7611540021848324,vegetation,1
21.875,-40.625,0.25,-0.45587131429266325,-0.45587131429266325,ground,1
21.875,-30.875,0.25,-0.49110500872990537,-0.49110500872990537,ground,1
21.875,-28.375,0.25,-0.46497591558572504,-0.46497591558572504,ground,1
21.875,-25.125,0.25,-0.42467724550768143,-0.42467724550768143,ground,1
21.875,-15.375,0.25,-0.39779801704109974,-0.39779801704109974,ground,1
21.875,-0.375,0.25,-0.2903351693176159,-0.2903351693176159,ground,1
21.875,0.125,0.25,-0.29407952125636183,-0.29407952125636183,ground,1
21.875,35.375,0.25,-0.20063998171108358,-0.20063998171108358,ground,1
21.875,39.875,0.25,-0.13061237413381688,-0.13061237413381688,ground,1
21.875,47.375,0.25,-0.09012142663865598,-0.09012142663865598,ground,1
21.875,59.125,0.25,-0.12817150516341452,-0.12817150516341452,ground,1
21.875,65.875,0.25,-0.031981173077431785,-0.031981173077431785,ground,1
21.875,97.625,0.25,0.06563893206702578,0.06563893206702578,ground,1
22.125,-84.875,0.25,-0.6876171517001549,-0.6876171517001549,ground,1
22.125,-80.625,0.25,-0.6729170992612699,-0.6729170992612699,ground,1
22.125,-63.875,0.25,-0.6316152486011981,-0.6316152486011981,ground,1
22.125,-58.875,0.25,-0.5989782492934395,-0.5989782492934395,ground,1
22.125,-40.875,0.25,-0.5356182326385739,-0.5356182326385739,ground,1
22.125,-39.125,0.25,2.4169533646571306,2.4169533646571306,vegetation,1
22.125,-30.875,0.25,-0.4424669881384904,-0.4424669881384904,ground,1
22.125,-30.625,0.25,1.814746984646817,1.814746984646817,vegetation,1
22.125,-19.125,0.25,-0.4045606655349041,-0.4045606655349041,ground,1
22.125,-12.125,0.25,-0.3888495561311116,-0.3888495561311116,ground,1
22.125,-4.125,0.25,-0.35772552928410983,-0.35772552928410983,ground,1
22.125,2.875,0.25,-0.3189044226751564,-0.3189044226751564,ground,1
22.125,14.875,0.25,-0.25578409613168634,-0.25578409613168634,ground,1
22.125,25.625,0.25,-0.26312532660497856,-0.26312532660497856,ground,1
22.125,31.625,0.25,-0.17354206991598886,-0.17354206991598886,ground,1
22.125,46.375,0.25,-0.15155748077543377,-0.15155748077543377,ground,1
22.125,55.375,0.25,-0.1412386183808058,-0.1412386183808058,ground,1
22.125,64.875,0.25,-0.10745636961759697,-0.10745636961759697,ground,1
22.125,65.125,0.25,2.6364757561960617,2.6364757561960617,vegetation,1
22.375,-80.875,0.25,-0.6773531158098248,-0.6773531158098248,ground,1
22.375,-79.125,0.25,1.9993180332931204,1.9993180332931204,vegetation,1
22.375,-69.625,0.25,-0.6494972153708092,-0.6494972153708092,ground,1
22.375,-66.375,0.25,1.0067909277731188,1.0067909277731188,vegetation,1
22.375,-59.625,0.25,-0.581455918499805,-0.581455918499805,ground,1
22.375,-51.125,0.25,-0.5417430558179172,-0.5417430558179172,ground,1
22.375,-48.625,0.25,-0.5378841230916326,-0.5378841230916326,ground,1
22.375,-45.875,0.25,1.5174622873283004,1.5174622873283004,vegetation,1
22.375,-36.875,0.25,-0.4519300073230322,-0.4519300073230322,ground,1
22.375,-34.375,0.25,-0.46840643638823937,-0.46840643638823937,ground,1
22.375,-4.875,0.25,-0.3550840850051605,-0.3550840850051605,ground,1
22.375,5.875,0.25,-0.3128688061088483,-0.3128688061088483,ground,1
22.375,6.125,0.25,-0.32984988987406916,-0.32984988987406916,ground,1
22.375,17.375,0.25,-0.27022320846462033,-0.27022320846462033,ground,1
22.375,26.625,0.25,-0.24036738719083842,-0.24036738719083842,ground,1
22.375,37.125,0.25,2.1204395666870317,2.1204395666870317,vegetation,1
22.375,67.875,0.25,2.2880460211643183,2.2880460211643183,vegetation,1
22.625,-92.125,0.25,-0.7233155226774055,-0.7233155226774055,ground,1
22.625,-82.125,0.25,-0.6947616129623861,-0.6947616129623861,ground,1
22.625,-79.125,0.25,-0.6407943018676403,-0.6407943018676403,ground,1
22.625,-70.375,0.25,-0.6235384697104216,-0.6235384697104216,ground,1
22.625,-55.625,0.25,-0.5380952553433369,-0.5380952553433369,ground,1
22.625,-51.375,0.25,-0.5505836907754619,-0.5505836907754619,ground,1
22.625,-48.125,0.25,1.2939944657037825,1.2939944657037825,vegetation,1
22.625,-41.625,0.25,1.7789149928277206,1.7789149928277206,vegetation,1
22.625,-41.125,0.25,-0.4905232545762548,-0.4905232545762548,ground,1
22.625,-35.625,0.25,-0.5058267439314074,-0.5058267439314074,ground,1
22.625,-27.875,0.25,-0.4618724068690994,-0.4618724068690994,ground,1
22.625,-27.375,0.25,-0.442726267697932,-0.442726267697932,ground,1
22.625,-22.375,0.25,-0.44377385379355416,-0.44377385379355416,ground,1
22.625,-2.875,0.25,-0.39545055408298435,-0.39545055408298435,ground,1
22.625,2.125,0.25,-0.3202677831160626,-0.3202677831160626,ground,1
22.625,3.625,0.25,-0.31292831566027796,-0.31292831566027796,ground,1
22.625,13.125,0.25,-0.32683756706810185,-0.32683756706810185,ground,1
22.625,20.125,0.25,-0.23276697509896296,-0.23276697509896296,ground,1
22.625,21.625,0.25,-0.2740458414173901,-0.2740458414173901,ground,1
22.625,25.625,0.25,1.1313717976432631,1.1313717976432631,vegetation,1
22.625,28.875,0.25,-0.22840496278328226,-0.22840496278328226,ground,1
22.625,34.375,0.25,-0.1603027502396921,-0.1603027502396921,ground,1
22.625,52.625,0.25,1.1680855608779313,1.1680855608779313,vegetation,1
22.625,53.125,0.25,1.7642190704872638,1.7642190704872638,vegetation,1
22.625,56.125,0.25,2.8862203999080522,2.8862203999080522,vegetation,1
22.625,60.625,0.25,-0.08277858643238593,-0.08277858643238593,ground,1
22.625,63.625,0.25,2.8647280031722797,2.8647280031722797,vegetation,1
22.625,95.875,0.25,0.06237778755203063,0.06237778755203063,ground,1
22.875,-93.125,0.25,-0.7120430449971402,-0.7120430449971402,ground,1
22.875,-80.625,0.25,-0.6526040767815264,-0.6526040767815264,ground,1
22.875,-54.875,0.25,2.007818228016225,2.007818228016225,vegetation,1
22.875,-49.875,0.25,-0.5095262440199129,-0.5095262440199129,ground,1
22.875,-41.625,0.25,-0.5351597604079698,-0.5351597604079698,ground,1
22.875,-39.375,0.25,2.102972567559998,2.102972567559998,vegetation,1
22.875,-35.625,0.25,0.5037854017529834,0.5037854017529834,vegetation,1
22.875,-18.625,0.25,-0.3776619638454358,-0.3776619638454358,ground,1
22.875,-12.875,0.25,-0.3929046389632431,-0.3929046389632431,ground,1
22.875,-3.875,0.25,-0.38438514033430277,-0.38438514033430277,ground,1
22.875,3.375,0.25,-0.3626534361236801,-0.3626534361236801,ground,1
22.875,9.625,0.25,-0.29981251184582824,-0.29981251184582824,ground,1
22.875,11.125,0.25,-0.29051503705771126,-0.29051503705771126,ground,1
22.875,12.875,0.25,-0.28624580521323745,-0.28624580521323745,ground,1
22.875,22.625,0.25,-0.2986436851363649,-0.2986436851363649,ground,1
22.875,24.125,0.25,-0.2580489331907295,-0.2580489331907295,ground,1
22.875,31.625,0.25,-0.22537141661324375,-0.22537141661324375,ground,1
22.875,32.125,0.25,2.0040667842022413,2.0040667842022413,vegetation,1
22.875,37.625,0.25,2.1835234612148358,2.1835234612148358,vegetation,1
22.875,37.875,0.25,-0.17542550648073754,-0.17542550648073754,ground,1
22.875,55.375,0.25,2.884172404752759,2.884172404752759,vegetation,1
22.875,63.875,0.25,-0.10681741733856119,-0.10681741733856119,ground,1
22.875,72.375,0.25,-0.0056126621652480765,-0.0056126621652480765,ground,1
22.875,72.625,0.25,-0.043911574777893356,-0.043911574777893356,ground,1
22.875,78.125,0.25,1.597065715740486,1.597065715740486,vegetation,1
22.875,91.875,0.25,0.007357296990435365,0.007357296990435365,ground,1
23.125,-89.875,0.25,-0.6908517857810621,-0.6908517857810621,ground,1
23.125,-65.375,0.25,1.209624634557969,1.209624634557969,vegetation,1
23.125,-61.625,0.25,-0.5497860350264401,-0.5773901951629208,ground,2
23.125,-60.125,0.25,-0.5541266742670977,-0.5541266742670977,ground,1
23.125,-36.125,0.25,2.1249639626560635,2.1249639626560635,vegetation,1
23.125,-30.875,0.25,-0.49448808844617526,-0.49448808844617526,ground,1
23.125,21.125,0.25,-0.22140017568635278,-0.22140017568635278,ground,1
23.125,24.625,0.25,-0.24555465885518982,-0.24555465885518982,ground,1
23.125,41.125,0.25,-0.2086377239501189,-0.2086377239501189,ground,1
23.125,49.375,0.25,1.1520944650375773,0.5293755913090129,ground,2
23.125,63.125,0.25,-0.11164646945553085,-0.11164646945553085,ground,1
23.125,74.625,0.25,-0.09297997219995195,-0.09297997219995195,ground,1
23.125,79.375,0.25,-0.014869117583754587,-0.014869117583754587,ground,1
23.125,80.875,0.25,-0.03739685319854483,-0.03739685319854483,ground,1
23.375,-96.125,0.25,0.4456206388906718,0.4456206388906718,vegetation,1
23.375,-70.875,0.25,-0.6228608450423128,-0.6228608450423128,ground,1
23.375,-59.875,0.25,2.146460127511517,2.146460127511517,vegetation,1
23.375,-47.375,0.25,-0.5665107053901265,-0.5665107053901265,ground,1
23.375,-41.375,0.25,1.5445275419662452,1.5445275419662452,vegetation,1
23.375,-34.625,0.25,0.7580513979888964,0.7580513979888964,vegetation,1
23.375,-34.375,0.25,-0.5094436945784254,-0.5094436945784254,ground,1
23.375,-33.625,0.25,-0.44589543967845374,-0.44589543967845374,ground,1
23.375,-27.125,0.25,1.2179698434721058,1.2179698434721058,vegetation,1
23.375,-25.375,0.25,-0.4631146368874294,-0.4631146368874294,ground,1
23.375,-20.375,0.25,-0.3837636960981735,-0.3837636960981735,ground,1
23.375,-12.625,0.25,-0.3788208059765971,-0.3788208059765971,ground,1
23.375,-8.125,0.25,-0.35915814598086054,-0.35915814598086054,ground,1
23.375,1.125,0.25,-0.3545609576588801,-0.3545609576588801,ground,1
23.375,7.625,0.25,-0.31057237433563223,-0.31057237433563223,ground,1
23.375,13.875,0.25,-0.3057556158074567,-0.3057556158074567,ground,1
23.375,20.125,0.25,-0.2737029825076982,-0.2737029825076982,ground,1
23.375,27.125,0.25,2.08930563027104,1.8978591380709804,vegetation,2
23.375,28.375,0.25,-0.2580015075075469,-0.2580015075075469,ground,1
23.375,56.875,0.25,-0.14329234410708994,-0.14329234410708994,ground,1
23.375,78.375,0.25,-0.014790052957431542,-0.014790052957431542,ground,1
23.375,85.625,0.25,1.4230647707645718,1.4230647707645718,vegetation,1
23.625,-94.875,0.25,-0.7669798307329152,-0.7669798307329152,ground,1
23.625,-87.625,0.25,-0.7083469050954886,-0.7083469050954886,ground,1
23.625,-72.875,0.25,-0.6084610436237733,-0.6216332711158054,ground,2
23.625,-72.375,0.25,-0.6603308977620622,-0.6603308977620622,ground,1
23.625,-57.625,0.25,1.6332421117505436,1.6332421117505436,vegetation,1
23.625,-45.375,0.25,1.1693973272238305,1.1693973272238305,vegetation,1
23.625,-40.625,0.25,-0.5042218830367476,-0.5042218830367476,ground,1
23.625,-31.875,0.25,-0.45174881967666325,-0.45174881967666325,ground,1
23.625,-27.375,0.25,-0.4615735141078936,-0.4698949191937698,ground,2
23.625,-11.625,0.25,-0.4019348388676097,-0.4019348388676097,ground,1
23.625,-0.375,0.25,-0.38435536600972076,-0.38435536600972076,ground,1
23.625,6.125,0.25,-0.3352361368488426,-0.3352361368488426,ground,1
23.625,16.625,0.25,-0.2825453882450283,-0.2825453882450283,ground,1
23.625,29.375,0.25,1.7173112340192842,1.7173112340192842,vegetation,1
23.625,38.625,0.25,0.9137710121905142,0.9137710121905142,vegetation,1
23.625,54.625,0.25,-0.18044686458915804,-0.18044686458915804,ground,1
23.625,73.875,0.25,-0.08069211003141502,-0.08069211003141502,ground,1
23.625,74.875,0.25,-0.015024263446481723,-0.015024263446481723,ground,1
23.875,-96.125,0.25,0.8947789609385411,0.8947789609385411,vegetation,1
23.875,-91.625,0.25,-0.7407522548227139,-0.7407522548227139,ground,1
23.875,-82.625,0.25,-0.6631966440892184,-0.6631966440892184,ground,1
23.875,-81.875,0.25,-0.7311554539933428,-0.7311554539933428,ground,1
23.875,-78.875,0.25,-0.6242121437712621,-0.6242121437712621,ground,1
23.875,-78.625,0.25,-0.6823198931230552,-0.6823198931230552,ground,1
23.875,-68.375,0.25,-0.6425338914489163,-0.6425338914489163,ground,1
23.875,-58.875,0.25,-0.595164884897046,-0.595164884897046,ground,1
23.875,-47.875,0.25,-0.5008606318982024,-0.5008606318982024,ground,1
23.875,-40.875,0.25,-0.5236433904775473,-0.5236433904775473,ground,1
23.875,-38.125,0.25,2.0472637035433596,2.0472637035433596,vegetation,1
23.875,-8.875,0.25,-0.4118511191447655,-0.4118511191447655,ground,1
23.875,-3.375,0.25,-0.38872418810998155,-0.38872418810998155,ground,1
23.875,26.375,0.25,-0.2408409228973954,-0.2408409228973954,ground,1
23.875,39.875,0.25,-0.17138238028967642,-0.17138238028967642,ground,1
23.875,43.125,0.25,-0.18305835019274258,-0.18305835019274258,ground,1
23.875,43.875,0.25,-0.2207823644965749,-0.2207823644965749,ground,1
23.875,45.375,0.25,-0.20431166955302846,-0.20431166955302846,ground,1
23.875,49.625,0.25,1.6568718065607517,1.6568718065607517,vegetation,1
23.875,57.875,0.25,-0.12524292244174887,-0.12524292244174887,ground,1
23.875,85.625,0.25,-0.03739645133550916,-0.03739645133550916,ground,1
23.875,95.125,0.25,0.027096474084335194,0.027096474084335194,ground,1
24.125,-89.125,0.25,-0.7079340612507036,-0.7079340612507036,ground,1
24.125,-85.875,0.25,-0.7007257357318697,-0.7007257357318697,ground,1
24.125,-80.375,0.25,-0.6813400080690533,-0.6813400080690533,ground,1
24.125,-77.375,0.25,1.551492927910938,1.551492927910938,vegetation,1
24.125,-65.375,0.25,2.2449867437975204,2.2449867437975204,vegetation,1
24.125,-65.125,0.25,-0.6199367939052189,-0.6199367939052189,ground,1
24.125,-43.125,0.25,-0.5473589972987296,-0.5473589972987296,ground,1
24.125,-37.125,0.25,-0.5212738513256724,-0.5212738513256724,ground,1
24.125,-29.125,0.25,-0.47270248657801645,-0.47270248657801645,ground,1
24.125,-19.625,0.25,-0.43273947183779776,-0.43273947183779776,ground,1
24.125,-12.625,0.25,-0.4368707509335331,-0.4368707509335331,ground,1
24.125,-8.625,0.25,-0.3534775444588955,-0.3534775444588955,ground,1
24.125,-7.125,0.25,-0.3662295255308273,-0.3662295255308273,ground,1
24.125,-3.875,0.25,-0.36626596981281784,-0.36626596981281784,ground,1
24.125,3.125,0.25,-0.3261019158028583,-0.3261019158028583,ground,1
24.125,6.875,0.25,-0.3480040643303505,-0.3480040643303505,ground,1
24.125,11.625,0.25,-0.2958793854382634,-0.2958793854382634,ground,1
24.125,15.625,0.25,-0.3385655989928406,-0.3385655989928406,ground,1
24.125,16.375,0.25,-0.2800703100095786,-0.2800703100095786,ground,1
24.125,22.125,0.25,-0.24452672323032748,-0.24452672323032748,ground,1
24.125,35.375,0.25,-0.20037571177294627,-0.20037571177294627,ground,1
24.125,61.375,0.25,-0.13351509304286485,-0.13351509304286485,ground,1
24.375,-91.625,0.25,-0.762137887779266,-0.762137887779266,ground,1
24.375,-66.625,0.25,-0.6189854366484545,-0.6189854366484545,ground,1
24.375,-53.875,0.25,2.101705465675022,2.101705465675022,vegetation,1
24.375,-34.125,0.25,-0.48384739327424897,-0.48384739327424897,ground,1
24.375,-10.375,0.25,-0.3966551499909092,-0.3966551499909092,ground,1
24.375,5.125,0.25,-0.40018401560208083,-0.40018401560208083,ground,1
24.375,10.375,0.25,-0.33082985963477207,-0.33082985963477207,ground,1
24.375,25.125,0.25,-0.2846730989048892,-0.2846730989048892,ground,1
24.375,25.875,0.25,-0.2543779988858154,-0.2543779988858154,ground,1
24.375,45.125,0.25,-0.15316598394709918,-0.15316598394709918,ground,1
24.375,54.875,0.25,-0.13083846660720108,-0.13083846660720108,ground,1
24.375,58.625,0.25,-0.107677546881635,-0.107677546881635,ground,1
24.375,68.375,0.25,2.5012433739030144,2.5012433739030144,vegetation,1
24.375,76.125,0.25,-0.03366132696345124,-0.03366132696345124,ground,1
24.375,79.625,0.25,-0.08086048300548462,-0.08086048300548462,ground,1
24.625,-81.375,0.25,-0.6885085069584747,-0.6885085069584747,ground,1
24.625,-72.375,0.25,0.7896133179172863,0.7896133179172863,vegetation,1
24.625,-64.125,0.25,1.2449326977026138,1.2449326977026138,vegetation,1
24.625,-48.875,0.25,1.1740653829201366,1.1740653829201366,vegetation,1
24.625,-37.875,0.25,-0.5039644650758484,-0.5039644650758484,ground,1
24.625,-26.625,0.25,-0.48058363691743555,-0.48058363691743555,ground,1
24.625,-13.125,0.25,-0.4408525650650079,-0.4408525650650079,ground,1
24.625,-8.375,0.25,-0.4048728649668412,-0.4048728649668412,ground,1
24.625,-7.375,0.25,-0.4173790818918459,-0.4173790818918459,ground,1
24.625,5.625,0.25,-0.3580384824789337,-0.3580384824789337,ground,1
24.625,13.375,0.25,-0.3118572544136038,-0.3118572544136038,ground,1
24.625,30.625,0.25,2.431540521429815,2.431540521429815,vegetation,1
24.625,33.375,0.25,-0.2482999497163195,-0.2482999497163195,ground,1
24.625,37.125,0.25,1.6482262221542117,1.6482262221542117,vegetation,1
24.625,42.625,0.25,-0.2162343334819437,-0.2162343334819437,ground,1
24.875,-85.875,0.25,-0.6686345547702351,-0.6686345547702351,ground,1
24.875,-68.125,0.25,-0.6099575848370486,-0.6099575848370486,ground,1
24.875,-45.375,0.25,-0.5837732015412562,-0.5837732015412562,ground,1
24.875,-42.375,0.25,1.0854637423857598,1.0854637423857598,vegetation,1
24.875,-36.125,0.25,-0.5031201920794536,-0.5031201920794536,ground,1
24.875,-25.375,0.25,-0.4701263982331879,-0.4701263982331879,ground,1
24.875,-20.125,0.25,-0.4028742492048725,-0.4028742492048725,ground,1
24.875,-16.875,0.25,-0.4017595755625524,-0.4017595755625524,ground,1
24.875,-9.125,0.25,-0.4276896774528816,-0.4276896774528816,ground,1
24.875,-8.625,0.25,-0.38632882448649986,-0.38632882448649986,ground,1
24.875,11.125,0.25,-0.346345415266727,-0.346345415266727,ground,1
24.875,20.875,0.25,-0.3083688408162404,-0.3083688408162404,ground,1
24.875,35.125,0.25,-0.23241050784436512,-0.23241050784436512,ground,1
24.875,47.125,0.25,-0.1682744258003994,-0.1682744258003994,ground,1
24.875,54.125,0.25,2.6324345566375724,2.6324345566375724,vegetation,1
24.875,66.125,0.25,-0.09425513114386697,-0.09425513114386697,ground,1
25.125,-94.625,0.25,-0.7178427383260001,-0.7178427383260001,ground,1
25.125,-84.375,0.25,-0.7019450316954221,-0.7019450316954221,ground,1
25.125,-56.625,0.25,-0.5819705407493323,-0.5819705407493323,ground,1
25.125,-55.375,0.25,-0.5950831398403069,-0.5950831398403069,ground,1
25.125,-51.625,0.25,-0.618441567706055,-0.618441567706055,ground,1
25.125,-44.875,0.25,-0.5430387296619094,-0.5430387296619094,ground,1
25.125,-35.625,0.25,1.2512218113735927,1.2512218113735927,vegetation,1
25.125,-31.125,0.25,1.5928635014504102,1.5928635014504102,vegetation,1
25.125,-23.375,0.25,-0.44022560812734407,-0.44022560812734407,ground,1
25.125,9.375,0.25,-0.3360233175198138,-0.3360233175198138,ground,1
25.125,21.375,0.25,-0.30011636796550806,-0.30011636796550806,ground,1
25.125,23.125,0.25,-0.2652342109071956,-0.2652342109071956,ground,1
25.125,33.375,0.25,-0.28269305931974664,-0.28269305931974664,ground,1
25.125,36.375,0.25,-0.23208394599028234,-0.23208394599028234,ground,1
25.125,36.875,0.25,2.2702183688517437,2.2702183688517437,vegetation,1
25.125,37.625,0.25,-0.2272937233024297,-0.2272937233024297,ground,1
25.125,44.625,0.25,-0.21826559287905495,-0.21826559287905495,ground,1
25.125,56.625,0.25,-0.21721801827869144,-0.21721801827869144,ground,1
25.125,59.125,0.25,-0.17683618288973868,-0.17683618288973868,ground,1
25.125,63.125,0.25,2.1990680895392822,2.1990680895392822,vegetation,1
25.125,78.875,0.25,-0.08740926185064077,-0.08740926185064077,ground,1
25.125,82.625,0.25,0.004713153090216138,0.004713153090216138,ground,1
25.125,87.125,0.25,-0.07692403682722145,-0.07692403682722145,ground,1
25.125,88.375,0.25,-0.023771181194344303,-0.023771181194344303,ground,1
25.375,-77.375,0.25,1.0081292382995752,1.0081292382995752,vegetation,1
25.375,-70.625,0.25,-0.6392328353758117,-0.6392328353758117,ground,1
25.375,-57.375,0.25,1.3569367667249272,1.3569367667249272,vegetation,1
25.375,-48.125,0.25,-0.5765110457060771,-0.5765110457060771,ground,1
25.375,-39.125,0.25,0.78075806309405,0.78075806309405,vegetation,1
25.375,-19.375,0.25,-0.3840203269859822,-0.3840203269859822,ground,1
25.375,-3.875,0.25,-0.3719950808799416,-0.3719950808799416,ground,1
25.375,-3.125,0.25,-0.427217257270911,-0.427217257270911,ground,1
25.375,4.875,0.25,-0.37148033078688164,-0.37148033078688164,ground,1
25.375,5.375,0.25,-0.30051769924474486,-0.30051769924474486,ground,1
25.375,13.375,0.25,-0.3419011150884551,-0.3419011150884551,ground,1
25.375,17.125,0.25,-0.34200087119848255,-0.34200087119848255,ground,1
25.375,22.625,0.25,-0.3140259273530067,-0.3140259273530067,ground,1
25.375,23.125,0.25,-0.303429390058924,-0.303429390058924,ground,1
25.375,32.875,0.25,2.5050307040174298,2.5050307040174298,vegetation,1
25.375,40.375,0.25,0.9180851912415767,0.9180851912415767,vegetation,1
25.375,41.875,0.25,-0.21647855683764242,-0.21647855683764242,ground,1
25.375,59.375,0.25,1.3521741424255045,1.3521741424255045,vegetation,1
25.375,60.125,0.25,1.063096907149577,1.063096907149577,vegetation,1
25.375,74.875,0.25,1.1147169404470807,1.1147169404470807,vegetation,1
25.375,89.375,0.25,-0.06722613534935104,-0.06722613534935104,ground,1
25.625,-94.875,0.25,1.7993178585198328,1.7993178585198328,vegetation,1
25.625,-81.375,0.25,-0.7095919605874852,-0.7095919605874852,ground,1
25.625,-69.125,0.25,0.3455545307767851,0.3455545307767851,vegetation,1
25.625,-58.625,0.25,-0.562480852457713,-0.562480852457713,ground,1
25.625,-27.125,0.25,-0.5339927435031661,-0.5339927435031661,ground,1
25.625,-22.375,0.25,-0.4755958902301116,-0.4755958902301116,ground,1
25.625,-19.625,0.25,-0.45352859048729516,-0.45352859048729516,ground,1
25.625,-18.625,0.25,-0.4627367316583101,-0.4627367316583101,ground,1
25.625,-18.375,0.25,-0.48697092849425844,-0.48697092849425844,ground,1
25.625,-5.125,0.25,-0.3843710476607339,-0.3843710476607339,ground,1
25.625,2.625,0.25,-0.365912405155835,-0.365912405155835,ground,1
25.625,12.875,0.25,-0.3912495530705444,-0.3912495530705444,ground,1
25.625,14.125,0.25,-0.3085485230714447,-0.3085485230714447,ground,1
25.625,15.625,0.25,-0.3183534722899632,-0.3183534722899632,ground,1
25.625,49.125,0.25,-0.1986798911591406,-0.1986798911591406,ground,1
25.625,56.375,0.25,1.6339446341403867,1.6339446341403867,vegetation,1
25.625,70.875,0.25,-0.12217698074682093,-0.12217698074682093,ground,1
25.875,-60.875,0.25,0.8004804247194697,0.8004804247194697,vegetation,1
25.875,-45.375,0.25,-0.5855436489276524,-0.5855436489276524,ground,1
25.875,-37.125,0.25,-0.5109305688470294,-0.5109305688470294,ground,1
25.875,-31.625,0.25,2.2858118737897093,2.2858118737897093,vegetation,1
25.875,-13.375,0.25,-0.45651267764742925,-0.45651267764742925,ground,1
25.875,-6.875,0.25,-0.42148273033328026,-0.42148273033328026,ground,1
25.875,-0.875,0.25,-0.3608441324347436,-0.3608441324347436,ground,1
25.875,12.625,0.25,-0.2871585129441157,-0.2871585129441157,ground,1
25.875,16.125,0.25,-0.3430809123296205,-0.3430809123296205,ground,1
25.875,23.375,0.25,-0.3022603979589822,-0.3022603979589822,ground,1
25.875,28.375,0.25,1.6588235809548526,1.6588235809548526,vegetation,1
25.875,41.125,0.25,-0.22385112582264816,-0.22385112582264816,ground,1
25.875,73.375,0.25,-0.10579473540306054,-0.10579473540306054,ground,1
25.875,80.875,0.25,-0.09035581320169167,-0.09035581320169167,ground,1
25.875,84.375,0.25,-0.025841267811525334,-0.025841267811525334,ground,1
26.125,-92.375,0.25,-0.7891900192635056,-0.7891900192635056,ground,1
26.125,-91.375,0.25,0.3902196628270824,0.3902196628270824,vegetation,1
26.125,-85.125,0.25,-0.7131625644155988,-0.7131625644155988,ground,1
26.125,-84.375,0.25,1.57302291352303,1.57302291352303,vegetation,1
26.125,-83.125,0.25,-0.7055208919372776,-0.7055208919372776,ground,1
26.125,-47.875,0.25,-0.5922631576277579,-0.5922631576277579,ground,1
26.125,-40.125,0.25,-0.6083225840262632,-0.6083225840262632,ground,1
26.125,-26.375,0.25,-0.493977092115999,-0.493977092115999,ground,1
26.125,-23.125,0.25,-0.5132641740610162,-0.5132641740610162,ground,1
26.125,1.875,0.25,-0.37762043673965623,-0.37762043673965623,ground,1
26.125,8.375,0.25,-0.3500365213808261,-0.3500365213808261,ground,1
26.125,9.375,0.25,-0.34653298326209436,-0.34653298326209436,ground,1
26.125,9.875,0.25,-0.34115667262368055,-0.34115667262368055,ground,1
26.125,23.875,0.25,-0.28320041005775587,-0.28320041005775587,ground,1
26.125,29.125,0.25,-0.26358030860578563,-0.26358030860578563,ground,1
26.125,32.625,0.25,-0.3008317853271215,-0.3008317853271215,ground,1
26.125,51.875,0.25,-0.17520806833619912,-0.17520806833619912,ground,1
26.125,52.125,0.25,-0.20275271900707292,-0.20275271900707292,ground,1
26.125,58.375,0.25,-0.15900208036399938,-0.15900208036399938,ground,1
26.125,74.375,0.25,-0.10045664733315121,-0.10045664733315121,ground,1
26.125,82.875,0.25,-0.06020322761304242,-0.06020322761304242,ground,1
26.125,85.875,0.25,1.2505773353511045,1.2505773353511045,vegetation,1
26.375,-80.625,0.25,-0.7189589912193334,-0.7189589912193334,ground,1
26.375,-68.125,0.25,-0.6254677813229057,-0.6254677813229057,ground,1
26.375,-59.625,0.25,0.7930249519364403,0.7930249519364403,vegetation,1
26.375,-52.125,0.25,1.7355972332745742,1.7355972332745742,vegetation,1
26.375,-45.125,0.25,0.7511086328444767,0.7511086328444767,vegetation,1
26.375,-31.375,0.25,-0.5801677684134937,-0.5801677684134937,ground,1
26.375,-18.875,0.25,-0.47859107951252405,-0.47859107951252405,ground,1
26.375,-13.375,0.25,-0.4159215186410255,-0.4159215186410255,ground,1
26.375,0.625,0.25,-0.3507663429729213,-0.3507663429729213,ground,1
26.375,7.375,0.25,-0.39216280256563496,-0.39216280256563496,ground,1
26.375,8.625,0.25,-0.2995863862304222,-0.2995863862304222,ground,1
26.375,23.375,0.25,-0.29161349028791256,-0.29161349028791256,ground,1
26.375,25.625,0.25,-0.2954938416436733,-0.2954938416436733,ground,1
26.375,31.625,0.25,-0.2624920438597006,-0.2624920438597006,ground,1
26.375,38.125,0.25,-0.21013283535680052,-0.21013283535680052,ground,1
26.375,47.125,0.25,-0.24747602356873524,-0.24747602356873524,ground,1
26.375,58.625,0.25,-0.14560127636227538,-0.14560127636227538,ground,1
26.625,-44.125,0.25,-0.576438219042096,-0.576438219042096,ground,1
26.625,-29.125,0.25,-0.47549809375118074,-0.47549809375118074,ground,1
26.625,-17.875,0.25,-0.4994321564330018,-0.4994321564330018,ground,1
26.625,-17.375,0.25,-0.46348647827759504,-0.46348647827759504,ground,1
26.625,-16.375,0.25,-0.5100230101988116,-0.5100230101988116,ground,1
26.625,-13.875,0.25,-0.4781390727903189,-0.4781390727903189,ground,1
26.625,8.875,0.25,-0.3510201134601081,-0.3510201134601081,ground,1
26.625,11.625,0.25,-0.3883142452416103,-0.3883142452416103,ground,1
26.625,13.875,0.25,-0.34438958784131496,-0.34438958784131496,ground,1
26.625,42.625,0.25,-0.227384491587851,-0.227384491587851,ground,1
26.625,95.375,0.25,-0.001149755932820462,-0.001149755932820462,ground,1
26.875,-69.875,0.25,-0.7071788768311326,-0.7071788768311326,ground,1
26.875,-68.875,0.25,-0.6804235337814525,-0.6804235337814525,ground,1
26.875,-56.375,0.25,-0.6614909946941522,-0.6614909946941522,ground,1
26.875,-46.375,0.25,1.5077575102320795,1.5077575102320795,vegetation,1
26.875,-40.375,0.25,1.718196140209201,1.718196140209201,vegetation,1
26.875,-40.125,0.25,1.031647385639928,1.031647385639928,vegetation,1
26.875,-26.125,0.25,-0.4775284682448497,-0.4775284682448497,ground,1
26.875,-7.625,0.25,-0.4248793302121897,-0.4248793302121897,ground,1
26.875,-0.625,0.25,-0.4075203693488938,-0.4075203693488938,ground,1
26.875,5.875,0.25,-0.39284942385482463,-0.39284942385482463,ground,1
26.875,9.375,0.25,-0.401365821274251,-0.401365821274251,ground,1
26.875,18.875,0.25,-0.2912926248646402,-0.2912926248646402,ground,1
26.875,21.625,0.25,-0.3339250722561834,-0.3339250722561834,ground,1
26.875,25.875,0.25,-0.2945833222974784,-0.2945833222974784,ground,1
26.875,49.375,0.25,-0.208288514623552,-0.208288514623552,ground,1
26.875,58.375,0.25,-0.18488036267673097,-0.18488036267673097,ground,1
26.875,69.875,0.25,-0.11251926034249919,-0.11251926034249919,ground,1
26.875,78.875,0.25,2.695268830494544,2.695268830494544,vegetation,1
27.125,-67.125,0.25,1.0121237901416351,1.0121237901416351,vegetation,1
27.125,-66.875,0.25,1.3601734130588055,1.3601734130588055,vegetation,1
27.125,-57.375,0.25,-0.6555359486529245,-0.6555359486529245,ground,1
27.125,-55.875,0.25,1.1721628294222284,1.1721628294222284,vegetation,1
27.125,-54.625,0.25,-0.6580379547043835,-0.6580379547043835,ground,1
27.125,-51.875,0.25,-0.6431356801663821,-0.6431356801663821,ground,1
27.125,-41.875,0.25,-0.5579766786064829,-0.5579766786064829,ground,1
27.125,-38.125,0.25,0.32124093686174704,0.32124093686174704,vegetation,1
27.125,-28.375,0.25,-0.5283764168654299,-0.5283764168654299,ground,1
27.125,-13.625,0.25,-0.4451460278076048,-0.4451460278076048,ground,1
27.125,-3.625,0.25,-0.4129143169141586,-0.4129143169141586,ground,1
27.125,-1.125,0.25,-0.37144333361662174,-0.37144333361662174,ground,1
27.125,7.875,0.25,-0.3834575533262554,-0.3834575533262554,ground,1
27.125,24.375,0.25,-0.311624199890528,-0.311624199890528,ground,1
27.125,38.625,0.25,-0.24677138183223848,-0.24677138183223848,ground,1
27.125,41.125,0.25,-0.22316062349497684,-0.22316062349497684,ground,1
27.125,45.625,0.25,1.912849464908361,1.912849464908361,vegetation,1
27.125,62.125,0.25,-0.16856996876481176,-0.16856996876481176,ground,1
27.125,68.625,0.25,-0.08032259423074692,-0.08032259423074692,ground,1
27.125,77.375,0.25,1.9781715682686882,1.9781715682686882,vegetation,1
27.125,78.625,0.25,-0.08196044730872168,-0.08196044730872168,ground,1
27.375,-74.625,0.25,-0.6930953806926392,-0.6930953806926392,ground,1
27.375,-60.375,0.25,1.2053696764280422,1.2053696764280422,vegetation,1
27.375,-57.125,0.25,0.511709316086115,0.511709316086115,vegetation,1
27.375,-46.375,0.25,-0.5835972731969089,-0.5835972731969089,ground,1
27.375,-45.125,0.25,-0.5960514257395171,-0.5960514257395171,ground,1
27.375,-26.125,0.25,0.8049840913885299,0.8049840913885299,vegetation,1
27.375,-12.125,0.25,-0.4577792505339933,-0.4767236952065262,ground,2
27.375,-1.125,0.25,-0.4396775913991052,-0.4396775913991052,ground,1
27.375,1.625,0.25,-0.38742572471970277,-0.38742572471970277,ground,1
27.375,3.625,0.25,-0.396619729103614,-0.396619729103614,ground,1
27.375,5.875,0.25,-0.40216595983348774,-0.40216595983348774,ground,1
27.375,8.375,0.25,-0.38846161659279316,-0.38846161659279316,ground,1
27.375,9.125,0.25,-0.4001176198298194,-0.4001176198298194,ground,1
27.375,15.625,0.25,-0.3648368087733189,-0.3666293858720241,ground,2
27.375,19.625,0.25,-0.36036575462177267,-0.36036575462177267,ground,1
27.375,25.125,0.25,1.4096704294158569,1.4096704294158569,vegetation,1
27.625,-84.375,0.25,-0.747856931107298,-0.747856931107298,ground,1
27.625,-81.375,0.25,1.7676894049058602,1.7676894049058602,vegetation,1
27.625,-74.625,0.25,-0.7281385712371822,-0.7281385712371822,ground,1
27.625,-70.625,0.25,-0.689889487084043,-0.689889487084043,ground,1
27.625,-67.375,0.25,-0.6410820062638642,-0.6410820062638642,ground,1
27.625,-37.625,0.25,-0.6028799208035956,-0.6028799208035956,ground,1
27.625,-28.875,0.25,1.7896773691563075,1.7896773691563075,vegetation,1
27.625,-22.125,0.25,-0.5573522544039458,-0.5573522544039458,ground,1
27.625,-18.625,0.25,-0.5392270419512957,-0.5392270419512957,ground,1
27.625,-13.375,0.25,-0.47046823886161654,-0.47046823886161654,ground,1
27.625,-5.125,0.25,-0.46134098109376565,-0.46134098109376565,ground,1
27.625,12.875,0.25,-0.3208313306658106,-0.3208313306658106,ground,1
27.625,40.875,0.25,-0.2377647114508046,-0.2377647114508046,ground,1
27.625,50.375,0.25,-0.2349377517201988,-0.2349377517201988,ground,1
27.625,57.375,0.25,-0.2048596484970568,-0.2048596484970568,ground,1
27.625,62.875,0.25,-0.1934608585679091,-0.1934608585679091,ground,1
27.625,64.375,0.25,-0.16439384580398153,-0.16439384580398153,ground,1
27.625,66.875,0.25,-0.13485762232529647,-0.13485762232529647,ground,1
27.625,72.125,0.25,-0.09571374278657652,-0.09571374278657652,ground,1
27.875,-30.375,0.25,-0.5868534096460543,-0.5868534096460543,ground,1
27.875,-28.875,0.25,-0.5400969081678537,-0.5400969081678537,ground,1
27.875,-12.875,0.25,-0.4419538042309831,-0.44861761862626015,ground,2
27.875,4.125,0.25,-0.4290411453388933,-0.4290411453388933,ground,1
27.875,45.125,0.25,-0.25481579547363575,-0.25481579547363575,ground,1
27.875,47.125,0.25,-0.24333335458217115,-0.24333335458217115,ground,1
27.875,53.125,0.25,-0.2073881086465552,-0.2073881086465552,ground,1
27.875,60.375,0.25,-0.20947754667720755,-0.20947754667720755,ground,1
27.875,83.625,0.25,-0.045228341814465375,-0.045228341814465375,ground,1
27.875,93.625,0.25,1.723912833954542,1.723912833954542,vegetation,1
27.875,94.875,0.25,-0.007995914306704276,-0.007995914306704276,ground,1
28.125,-88.625,0.25,-0.783627116141145,-0.783627116141145,ground,1
28.125,-83.375,0.25,-0.7493421009909959,-0.7493421009909959,ground,1
28.125,-79.375,0.25,-0.7479183607393535,-0.7479183607393535,ground,1
28.125,-67.625,0.25,-0.7063309770894628,-0.7063309770894628,ground,1
28.125,-37.125,0.25,1.8136383827391045,1.8136383827391045,vegetation,1
28.125,-30.375,0.25,0.7280860897995466,0.7280860897995466,vegetation,1
28.125,-23.875,0.25,-0.46041700070764446,-0.46041700070764446,ground,1
28.125,-17.625,0.25,-0.4770381815610007,-0.4770381815610007,ground,1
28.125,-6.125,0.25,-0.4596691861594908,-0.4596691861594908,ground,1
28.125,-0.375,0.25,-0.444081374858749,-0.444081374858749,ground,1
28.125,14.875,0.25,-0.3916976373980119,-0.3916976373980119,ground,1
28.125,15.875,0.25,-0.40281494351441227,-0.40281494351441227,ground,1
28.125,23.875,0.25,-0.33403819408930835,-0.33403819408930835,ground,1
28.125,37.625,0.25,-0.29535245995474996,-0.29535245995474996,ground,1
28.125,68.875,0.25,0.8795357902598467,0.8795357902598467,vegetation,1
28.125,85.125,0.25,-0.12907892879448613,-0.12907892879448613,ground,1
28.125,88.125,0.25,-0.07017590847593863,-0.07017590847593863,ground,1
28.375,-89.125,0.25,-0.7908275998833333,-0.7908275998833333,ground,1
28.375,-67.875,0.25,2.119633998745932,2.119633998745932,vegetation,1
28.375,-57.375,0.25,2.1973822221467025,2.1973822221467025,vegetation,1
28.375,-56.625,0.25,1.5308945749053324,1.5308945749053324,vegetation,1
28.375,-31.875,0.25,0.6376554347663352,0.6376554347663352,vegetation,1
28.375,-28.125,0.25,-0.5746219174032389,-0.5746219174032389,ground,1
28.375,-22.875,0.25,-0.5135553351082843,-0.5135553351082843,ground,1
28.375,-21.625,0.25,-0.5212316961797746,-0.5212316961797746,ground,1
28.375,0.625,0.25,-0.40720712870306697,-0.40720712870306697,ground,1
28.375,21.125,0.25,-0.31854650613987123,-0.3288477256350828,ground,2
28.375,28.625,0.25,-0.3106954011541983,-0.3106954011541983,ground,1
28.375,50.625,0.25,1.5331193479731093,1.5331193479731093,vegetation,1
28.375,58.375,0.25,-0.19425391198173633,-0.19425391198173633,ground,1
28.375,61.625,0.25,1.7970360902164926,1.7970360902164926,vegetation,1
28.375,79.375,0.25,1.836991699368215,1.836991699368215,vegetation,1
28.375,82.125,0.25,-0.07569480014550149,-0.07569480014550149,ground,1
28.375,93.625,0.25,0.9006581675970292,0.9006581675970292,vegetation,1
28.625,-92.375,0.25,-0.8002754999879114,-0.8002754999879114,ground,1
28.625,-84.875,0.25,-0.7570505223744348,-0.7570505223744348,ground,1
28.625,-71.125,0.25,-0.7040782525518605,-0.7040782525518605,ground,1
28.625,-61.875,0.25,-0.6503736108914413,-0.6503736108914413,ground,1
28.625,-42.125,0.25,-0.6213570790498946,-0.6213570790498946,ground,1
28.625,-36.125,0.25,-0.525310967006265,-0.525310967006265,ground,1
28.625,-35.625,0.25,-0.5370777280461019,-0.5370777280461019,ground,1
28.625,-25.125,0.25,-0.527945067944698,-0.527945067944698,ground,1
28.625,-15.125,0.25,-0.4657241885956232,-0.4657241885956232,ground,1
28.625,0.375,0.25,-0.42401462617328106,-0.42401462617328106,ground,1
28.625,22.125,0.25,-0.3480974983707355,-0.3480974983707355,ground,1
28.625,28.625,0.25,1.9620271011746877,1.9620271011746877,vegetation,1
28.625,40.375,0.25,-0.26445205777946723,-0.26445205777946723,ground,1
28.625,58.875,0.25,-0.1789147905520807,-0.1789147905520807,ground,1
28.625,59.875,0.25,2.774044797664821,2.774044797664821,vegetation,1
28.625,60.125,0.25,2.4699157679624264,2.4699157679624264,vegetation,1
28.875,-67.375,0.25,-0.7097794541208874,-0.7097794541208874,ground,1
28.875,-64.375,0.25,-0.6921568995947762,-0.6921568995947762,ground,1
28.875,-60.375,0.25,-0.6814701069220395,-0.6814701069220395,ground,1
28.875,-31.875,0.25,-0.549690984712421,-0.549690984712421,ground,1
28.875,-27.875,0.25,-0.5370258552563606,-0.5370258552563606,ground,1
28.875,-15.625,0.25,-0.5023644552512989,-0.5023644552512989,ground,1
28.875,-15.125,0.25,-0.4781939241433262,-0.4781939241433262,ground,1
28.875,-9.125,0.25,-0.4540873185151054,-0.4540873185151054,ground,1
28.875,-6.375,0.25,-0.4621725288426668,-0.4621725288426668,ground,1
28.875,-4.625,0.25,-0.4561617126531894,-0.4561617126531894,ground,1
28.875,-2.875,0.25,-0.43991163109098336,-0.43991163109098336,ground,1
28.875,42.625,0.25,-0.2374985863418665,-0.2374985863418665,ground,1
28.875,54.625,0.25,-0.25754934735770424,-0.25754934735770424,ground,1
28.875,64.875,0.25,0.9373626679183783,0.9373626679183783,vegetation,1
28.875,66.875,0.25,-0.12693016037242452,-0.12693016037242452,ground,1
28.875,67.625,0.25,-0.14102474283901495,-0.14102474283901495,ground,1
28.875,70.375,0.25,-0.13239951055562457,-0.13239951055562457,ground,1
28.875,76.375,0.25,2.7201208427970136,2.7201208427970136,vegetation,1
28.875,81.375,0.25,-0.1281966258806876,-0.1281966258806876,ground,1
29.125,-91.625,0.25,-0.7949119745697011,-0.7949119745697011,ground,1
29.125,-84.875,0.25,1.704967733737368,1.704967733737368,vegetation,1
29.125,-77.875,0.25,1.8937039777075146,1.8937039777075146,vegetation,1
29.125,-72.625,0.25,0.5340554024662999,0.5340554024662999,vegetation,1
29.125,-68.125,0.25,-0.694267745602682,-0.694267745602682,ground,1
29.125,-60.625,0.25,-0.6726905484288218,-0.6726905484288218,ground,1
29.125,-40.125,0.25,-0.6231042983492541,-0.6231042983492541,ground,1
29.125,-38.125,0.25,-0.6192760664048301,-0.6192760664048301,ground,1
29.125,-30.125,0.25,-0.5440610324610743,-0.5440610324610743,ground,1
29.125,-25.625,0.25,-0.5295004563985422,-0.5295004563985422,ground,1
29.125,-21.375,0.25,-0.5012053944814897,-0.5012053944814897,ground,1
29.125,-17.875,0.25,-0.494983135656465,-0.494983135656465,ground,1
29.125,-16.375,0.25,-0.5220341597453332,-0.5220341597453332,ground,1
29.125,-8.125,0.25,-0.4471670605975472,-0.4471670605975472,ground,1
29.125,-0.875,0.25,-0.44007404843696984,-0.44007404843696984,ground,1
29.125,10.625,0.25,-0.383812578078129,-0.383812578078129,ground,1
29.125,14.625,0.25,-0.39668496730403857,-0.39668496730403857,ground,1
29.125,26.875,0.25,-0.3642192199372188,-0.3642192199372188,ground,1
29.125,37.125,0.25,-0.2886605740783803,-0.2886605740783803,ground,1
29.125,43.625,0.25,1.2348544521871552,1.2348544521871552,vegetation,1
29.125,47.875,0.25,-0.21403508854807787,-0.21403508854807787,ground,1
29.125,74.375,0.25,-0.14903088099230188,-0.14903088099230188,ground,1
29.125,75.375,0.25,-0.16340403091501116,-0.16340403091501116,ground,1
29.375,-79.875,0.25,1.6532144169593934,1.6532144169593934,vegetation,1
29.375,-76.875,0.25,-0.7334181736150674,-0.7334181736150674,ground,1
29.375,-65.125,0.25,-0.6855491978720795,-0.6855491978720795,ground,1
29.375,-59.375,0.25,2.216471897031091,2.216471897031091,vegetation,1
29.375,-56.375,0.25,0.2758510462713117,0.2758510462713117,vegetation,1
29.375,-25.125,0.25,-0.5271187397378148,-0.5271187397378148,ground,1
29.375,-8.375,0.25,-0.45134214250151905,-0.45134214250151905,ground,1
29.375,0.625,0.25,-0.4559989820227065,-0.4559989820227065,ground,1
29.375,14.875,0.25,-0.3950224807519189,-0.3950224807519189,ground,1
29.375,38.125,0.25,-0.28036684654845045,-0.28036684654845045,ground,1
29.375,39.125,0.25,-0.33167608610768906,-0.33167608610768906,ground,1
29.375,40.125,0.25,1.77663457199708,1.77663457199708,vegetation,1
29.375,63.875,0.25,-0.18359005304503875,-0.18359005304503875,ground,1
29.375,68.125,0.25,2.7124127766154245,2.7124127766154245,vegetation,1
29.375,81.625,0.25,2.537136751966042,2.537136751966042,vegetation,1
29.625,-79.375,0.25,-0.8163941861750845,-0.8163941861750845,ground,1
29.625,-48.875,0.25,1.6321263060443951,1.6321263060443951,vegetation,1
29.625,-45.375,0.25,-0.6382729349255519,-0.6382729349255519,ground,1
29.625,-13.375,0.25,-0.5465861403732634,-0.5465861403732634,ground,1
29.625,-10.375,0.25,-0.5065000279311366,-0.5065000279311366,ground,1
29.625,8.625,0.25,-0.3630201595543464,-0.3630201595543464,ground,1
29.625,19.625,0.25,-0.35542145947176973,-0.35542145947176973,ground,1
29.625,44.125,0.25,1.3215092148104293,1.3215092148104293,vegetation,1
29.625,49.875,0.25,-0.24988249233422727,-0.24988249233422727,ground,1
29.625,51.875,0.25,-0.27447458603871566,-0.27447458603871566,ground,1
29.625,57.125,0.25,-0.22897718319180246,-0.22897718319180246,ground,1
29.625,68.875,0.25,-0.13378338786171473,-0.13378338786171473,ground,1
29.875,-84.875,0.25,-0.8074520132303413,-0.8074520132303413,ground,1
29.875,-83.875,0.25,1.5223342044378012,1.5223342044378012,vegetation,1
29.875,-63.125,0.25,-0.7438209241976352,-0.7438209241976352,ground,1
29.875,-53.125,0.25,-0.6200317576781345,-0.6200317576781345,ground,1
29.875,-16.625,0.25,-0.5051766180595817,-0.5051766180595817,ground,1
29.875,-5.625,0.25,-0.46745741438633076,-0.46745741438633076,ground,1
29.875,19.375,0.25,-0.3922262497065261,-0.3922262497065261,ground,1
29.875,44.625,0.25,-0.25724050142277505,-0.25724050142277505,ground,1
29.875,52.625,0.25,2.546638090445434,2.546638090445434,vegetation,1
29.875,54.875,0.25,-0.2589271202551572,-0.2589271202551572,ground,1
29.875,87.375,0.25,2.2582284808540476,2.2582284808540476,vegetation,1
29.875,93.875,0.25,-0.07846881062955813,-0.07846881062955813,ground,1
30.125,-72.375,0.25,-0.76990279731832,-0.76990279731832,ground,1
30.125,-54.375,0.25,-0.6782365481258305,-0.6782365481258305,ground,1
30.125,-45.125,0.25,0.6293581331619926,0.6293581331619926,vegetation,1
30.125,-43.125,0.25,-0.6187735519500553,-0.6187735519500553,ground,1
30.125,-40.375,0.25,-0.6641417148682985,-0.6641417148682985,ground,1
30.125,-20.125,0.25,-0.5373797661532365,-0.5373797661532365,ground,1
30.125,-19.625,0.25,-0.5213584003259737,-0.5213584003259737,ground,1
30.125,-13.875,0.25,-0.5240300998914887,-0.5240300998914887,ground,1
30.125,-13.125,0.25,-0.5746583692965351,-0.5746583692965351,ground,1
30.125,-6.125,0.25,-0.47566239664318044,-0.47566239664318044,ground,1
30.125,-1.625,0.25,-0.48187460493644574,-0.48187460493644574,ground,1
30.125,1.875,0.25,-0.41120536159119625,-0.41120536159119625,ground,1
30.125,7.625,0.25,-0.41633157054548886,-0.41633157054548886,ground,1
30.125,17.625,0.25,-0.3678686819545041,-0.3678686819545041,ground,1
30.125,19.875,0.25,-0.396660392966509,-0.396660392966509,ground,1
30.125,22.125,0.25,-0.4038740344472156,-0.4038740344472156,ground,1
30.125,36.125,0.25,-0.31790970896120896,-0.31790970896120896,ground,1
30.125,44.375,0.25,-0.2428461718893466,-0.2428461718893466,ground,1
30.125,49.625,0.25,-0.23413955231312547,-0.23413955231312547,ground,1
30.125,68.875,0.25,-0.16415811008871273,-0.16415811008871273,ground,1
30.125,85.625,0.25,1.4824149880074695,1.4824149880074695,vegetation,1
30.125,86.625,0.25,-0.11398842478135594,-0.11398842478135594,ground,1
30.125,89.375,0.25,-0.10422475598702764,-0.10422475598702764,ground,1
30.375,-88.625,0.25,-0.8084339268758689,-0.8084339268758689,ground,1
30.375,-85.625,0.25,0.1654807667660605,0.1654807667660605,vegetation,1
30.375,-85.375,0.25,-0.8075606579696364,-0.8075606579696364,ground,1
30.375,-75.125,0.25,1.016686646221097,1.016686646221097,vegetation,1
30.375,-67.375,0.25,1.6991428219713467,1.6991428219713467,vegetation,1
30.375,-58.125,0.25,0.5727247798541258,0.5727247798541258,vegetation,1
30.375,-52.875,0.25,0.16293889558852917,0.16293889558852917,vegetation,1
30.375,-39.625,0.25,-0.6063217333169162,-0.6063217333169162,ground,1
30.375,-28.125,0.25,-0.5516491677145215,-0.5516491677145215,ground,1
30.375,9.625,0.25,-0.4293676476841239,-0.4293676476841239,ground,1
30.375,9.875,0.25,-0.39906544784407805,-0.39906544784407805,ground,1
30.375,14.125,0.25,-0.35499227881476814,-0.35499227881476814,ground,1
30.375,18.375,0.25,-0.39210362153623673,-0.39210362153623673,ground,1
30.375,19.125,0.25,-0.33693840526976904,-0.33693840526976904,ground,1
30.375,28.125,0.25,-0.2962787538581455,-0.2962787538581455,ground,1
30.375,32.875,0.25,-0.35005472054115994,-0.35005472054115994,ground,1
30.375,44.375,0.25,-0.2649638948265445,-0.2649638948265445,ground,1
30.375,65.875,0.25,1.7290328659354885,1.7290328659354885,vegetation,1
30.625,-82.875,0.25,0.6688682515876646,0.6688682515876646,vegetation,1
30.625,-78.875,0.25,-0.7735165137683694,-0.7735165137683694,ground,1
30.625,-41.875,0.25,-0.6661385753382694,-0.6661385753382694,ground,1
30.625,-30.625,0.25,-0.6016970111896127,-0.6016970111896127,ground,1
30.625,-23.875,0.25,-0.5690998774995222,-0.5690998774995222,ground,1
30.625,-17.375,0.25,-0.5545327593165529,-0.5545327593165529,ground,1
30.625,-12.875,0.25,-0.4639400814928387,-0.4639400814928387,ground,1
30.625,-4.875,0.25,-0.4205743537984008,-0.4205743537984008,ground,1
30.625,8.125,0.25,-0.4348321618272645,-0.4348321618272645,ground,1
30.625,34.875,0.25,-0.29289130479728265,-0.29289130479728265,ground,1
30.625,44.375,0.25,-0.3126189311897513,-0.3126189311897513,ground,1
30.625,59.125,0.25,-0.18963855713194802,-0.18963855713194802,ground,1
30.625,67.375,0.25,-0.20257588206226607,-0.20257588206226607,ground,1
30.625,67.875,0.25,-0.18441908772234403,-0.18441908772234403,ground,1
30.625,68.375,0.25,1.8833632515050163,1.8833632515050163,vegetation,1
30.625,82.625,0.25,2.183315220404265,2.183315220404265,vegetation,1
30.875,-89.875,0.25,-0.820326379355244,-0.820326379355244,ground,1
30.875,-75.625,0.25,-0.7466186062328349,-0.7466186062328349,ground,1
30.875,-47.625,0.25,-0.6696668888103918,-0.6696668888103918,ground,1
30.875,-36.875,0.25,-0.6330956076593719,-0.6330956076593719,ground,1
30.875,-31.125,0.25,-0.5488970303375975,-0.5488970303375975,ground,1
30.875,-29.625,0.25,-0.6069899798367259,-0.6069899798367259,ground,1
30.875,-20.625,0.25,-0.5400901628609045,-0.5400901628609045,ground,1
30.875,-18.625,0.25,-0.5001976822594583,-0.5001976822594583,ground,1
30.875,-9.375,0.25,-0.48622922786401584,-0.48622922786401584,ground,1
30.875,11.625,0.25,-0.39213892276201967,-0.39213892276201967,ground,1
30.875,16.375,0.25,-0.36813883407184844,-0.36813883407184844,ground,1
30.875,38.875,0.25,-0.3338310172610791,-0.3338310172610791,ground,1
30.875,43.125,0.25,2.311232701374999,2.311232701374999,vegetation,1
30.875,46.625,0.25,-0.2794612263683835,-0.2794612263683835,ground,1
30.875,72.125,0.25,-0.2142020460618133,-0.2142020460618133,ground,1
31.125,-93.875,0.25,-0.8524324526218476,-0.8524324526218476,ground,1
31.125,-78.625,0.25,-0.7631211317824906,-0.7631211317824906,ground,1
31.125,-71.875,0.25,-0.7533479032735032,-0.7533479032735032,ground,1
31.125,-57.125,0.25,0.25323502401252224,0.25323502401252224,vegetation,1
31.125,-52.125,0.25,0.42820920223357506,0.42820920223357506,vegetation,1
31.125,-47.875,0.25,1.0938759215362963,1.0938759215362963,vegetation,1
31.125,-35.625,0.25,1.4004630112569179,1.4004630112569179,vegetation,1
31.125,-21.125,0.25,-0.551620599505499,-0.551620599505499,ground,1
31.125,-16.375,0.25,-0.5169703421336269,-0.5169703421336269,ground,1
31.125,-11.625,0.25,-0.5509378238866884,-0.5509378238866884,ground,1
31.125,-8.875,0.25,-0.49238567778356085,-0.49238567778356085,ground,1
31.125,5.125,0.25,-0.4609210721367249,-0.4609210721367249,ground,1
31.125,13.125,0.25,-0.42254059129808563,-0.42254059129808563,ground,1
31.125,20.375,0.25,-0.3771390106815514,-0.3771390106815514,ground,1
31.125,46.875,0.25,-0.2598953819723071,-0.2598953819723071,ground,1
31.125,89.375,0.25,-0.0969019353707979,-0.0969019353707979,ground,1
31.375,-84.125,0.25,-0.7976870430342816,-0.7976870430342816,ground,1
31.375,-78.875,0.25,2.010728932337745,2.010728932337745,vegetation,1
31.375,-46.375,0.25,-0.6396728667821052,-0.6396728667821052,ground,1
31.375,-23.625,0.25,-0.5934694692091176,-0.5934694692091176,ground,1
31.375,-19.375,0.25,-0.5823808416241414,-0.5823808416241414,ground,1
31.375,-7.375,0.25,-0.45749055837021474,-0.45749055837021474,ground,1
31.375,-4.375,0.25,-0.4876788793408805,-0.4876788793408805,ground,1
31.375,1.375,0.25,-0.4962472595041811,-0.4962472595041811,ground,1
31.375,20.875,0.25,-0.38902337419200683,-0.38902337419200683,ground,1
31.375,23.625,0.25,-0.3821226304814809,-0.3821226304814809,ground,1
31.375,39.125,0.25,-0.33110105763278563,-0.33110105763278563,ground,1
31.375,43.875,0.25,-0.27183454216944136,-0.27183454216944136,ground,1
31.375,69.625,0.25,0.896282255904122,0.896282255904122,vegetation,1
31.375,93.125,0.25,-0.0746127231233503,-0.0746127231233503,ground,1
31.625,-75.625,0.25,2.0372056436394814,2.0372056436394814,vegetation,1
31.625,-67.875,0.25,-0.7543926748989916,-0.7543926748989916,ground,1
31.625,-62.625,0.25,-0.7547158196315321,-0.7547158196315321,ground,1
31.625,-60.375,0.25,1.0862082028113926,1.0862082028113926,vegetation,1
31.625,-32.625,0.25,-0.5574672309462627,-0.5574672309462627,ground,1
31.625,-32.125,0.25,-0.626506358910783,-0.626506358910783,ground,1
31.625,-30.375,0.25,0.9382441993784143,0.9382441993784143,vegetation,1
31.625,-17.125,0.25,-0.5715944417238741,-0.5715944417238741,ground,1
31.625,-9.875,0.25,-0.5661763861686145,-0.5661763861686145,ground,1
31.625,-9.625,0.25,-0.4829540621642388,-0.4829540621642388,ground,1
31.625,-7.625,0.25,-0.5221192420203913,-0.5221192420203913,ground,1
31.625,-5.875,0.25,-0.5089913933972616,-0.5089913933972616,ground,1
31.625,-2.875,0.25,-0.5282933783877,-0.5282933783877,ground,1
31.625,26.375,0.25,-0.3800853452645964,-0.3800853452645964,ground,1
31.625,51.625,0.25,-0.29171940476009883,-0.29171940476009883,ground,1
31.625,53.125,0.25,1.844460730276619,1.844460730276619,vegetation,1
31.875,-88.375,0.25,-0.819075168315598,-0.819075168315598,ground,1
31.875,-81.375,0.25,-0.8215111122300865,-0.8215111122300865,ground,1
31.875,-70.625,0.25,0.7165997437912829,0.7165997437912829,vegetation,1
31.875,-63.375,0.25,-0.7514929484997867,-0.7514929484997867,ground,1
31.875,-48.875,0.25,1.9215854328675217,1.9215854328675217,vegetation,1
31.875,-44.875,0.25,-0.638528207763352,-0.638528207763352,ground,1
31.875,-5.375,0.25,-0.43930702370093255,-0.43930702370093255,ground,1
31.875,3.625,0.25,-0.48682174765145847,-0.48682174765145847,ground,1
31.875,8.625,0.25,-0.45125111807455076,-0.45125111807455076,ground,1
31.875,15.875,0.25,-0.4289546086174838,-0.4289546086174838,ground,1
31.875,16.125,0.25,-0.42676283719055624,-0.42676283719055624,ground,1
31.875,17.875,0.25,-0.44108693579171576,-0.44108693579171576,ground,1
31.875,19.625,0.25,-0.43282583032266814,-0.43282583032266814,ground,1
31.875,20.375,0.25,-0.40696358681215694,-0.40696358681215694,ground,1
31.875,45.875,0.25,-0.30600591394778925,-0.30600591394778925,ground,1
31.875,47.375,0.25,-0.2635192794609045,-0.2635192794609045,ground,1
31.875,60.625,0.25,-0.24061017198660692,-0.24061017198660692,ground,1
31.875,75.375,0.25,-0.17908647895020285,-0.17908647895020285,ground,1
31.875,75.875,0.25,1.9955207821015595,1.9955207821015595,vegetation,1
31.875,82.375,0.25,1.0334170457009195,1.0334170457009195,vegetation,1
31.875,94.125,0.25,-0.06369591514169809,-0.06369591514169809,ground,1
32.125,-70.625,0.25,-0.7941911761584685,-0.7941911761584685,ground,1
32.125,-58.125,0.25,-0.6911207181696315,-0.6911207181696315,ground,1
32.125,-57.125,0.25,-0.656637016647594,-0.656637016647594,ground,1
32.125,-53.875,0.25,-0.6722335387588193,-0.6722335387588193,ground,1
32.125,-50.125,0.25,-0.6685960380790852,-0.6685960380790852,ground,1
32.125,-31.625,0.25,-0.6068414885705115,-0.6068414885705115,ground,1
32.125,-27.875,0.25,-0.5944688134658633,-0.5944688134658633,ground,1
32.125,-21.125,0.25,-0.5980180851605857,-0.5980180851605857,ground,1
32.125,-12.125,0.25,-0.5021940463825841,-0.5021940463825841,ground,1
32.125,1.125,0.25,-0.47456920619899684,-0.47456920619899684,ground,1
32.125,5.875,0.25,-0.4224676858251971,-0.4224676858251971,ground,1
32.125,11.375,0.25,-0.4733945510421127,-0.4733945510421127,ground,1
32.125,14.375,0.25,-0.4344236734695953,-0.4344236734695953,ground,1
32.125,16.875,0.25,-0.38973542093788754,-0.38973542093788754,ground,1
32.125,20.875,0.25,-0.3759120707599624,-0.3759120707599624,ground,1
32.125,24.625,0.25,-0.33437668038187796,-0.33437668038187796,ground,1
32.125,31.625,0.25,2.191735087328948,2.191735087328948,vegetation,1
32.125,33.375,0.25,-0.39401111624235136,-0.39401111624235136,ground,1
32.125,35.375,0.25,-0.3632500754171566,-0.3632500754171566,ground,1
32.125,35.625,0.25,-0.333916602352294,-0.333916602352294,ground,1
32.125,45.625,0.25,2.4763572418516704,2.4763572418516704,vegetation,1
32.125,49.875,0.25,-0.287340494830747,-0.287340494830747,ground,1
32.125,58.125,0.25,-0.20537845929281798,-0.20537845929281798,ground,1
32.125,65.125,0.25,-0.2356142222299113,-0.2356142222299113,ground,1
32.125,65.375,0.25,-0.24428087881176472,-0.24428087881176472,ground,1
32.125,77.375,0.25,-0.16076073967157495,-0.16076073967157495,ground,1
32.375,-52.625,0.25,-0.670441065872054,-0.6754748357989037,ground,2
32.375,-45.125,0.25,-0.6673724957378003,-0.6673724957378003,ground,1
32.375,-41.875,0.25,-0.6174269239106714,-0.6174269239106714,ground,1
32.375,-41.625,0.25,-0.6456676174928829,-0.6456676174928829,ground,1
32.375,-32.625,0.25,-0.6463819118383194,-0.6463819118383194,ground,1
32.375,-29.625,0.25,-0.6183691989030656,-0.6183691989030656,ground,1
32.375,-20.125,0.25,-0.5423800879963488,-0.5423800879963488,ground,1
32.375,-17.875,0.25,-0.5453213551194278,-0.5453213551194278,ground,1
32.375,-17.125,0.25,-0.5353167039114872,-0.5353167039114872,ground,1
32.375,-10.375,0.25,-0.5326959494939782,-0.5326959494939782,ground,1
32.375,-10.125,0.25,-0.5086694239406467,-0.5086694239406467,ground,1
32.375,-1.625,0.25,-0.4736740593826779,-0.4736740593826779,ground,1
32.375,16.125,0.25,-0.43386267938892387,-0.43386267938892387,ground,1
32.375,22.875,0.25,-0.38430873610234084,-0.38430873610234084,ground,1
32.375,35.625,0.25,-0.31805698570383995,-0.31805698570383995,ground,1
32.375,45.875,0.25,1.0704244951356334,1.0704244951356334,vegetation,1
32.375,47.875,0.25,-0.33313892446417515,-0.33313892446417515,ground,1
32.375,48.125,0.25,0.6152255581767484,0.6152255581767484,vegetation,1
32.375,57.875,0.25,-0.2814157261813792,-0.2814157261813792,ground,1
32.375,65.875,0.25,2.598373885222345,2.598373885222345,vegetation,1
32.375,66.625,0.25,-0.22592784678181474,-0.22592784678181474,ground,1
32.375,81.375,0.25,-0.1585724928693681,-0.1585724928693681,ground,1
32.375,91.125,0.25,-0.11656105211181625,-0.11656105211181625,ground,1
32.375,93.125,0.25,-0.1604162524895508,-0.1604162524895508,ground,1
32.375,94.125,0.25,1.5834808679002523,1.5834808679002523,vegetation,1
32.625,-93.375,0.25,0.5263999566789298,0.5263999566789298,vegetation,1
32.625,-88.125,0.25,1.8015882431428984,1.8015882431428984,vegetation,1
32.625,-85.125,0.25,-0.8498809014960741,-0.8498809014960741,ground,1
32.625,-58.875,0.25,-0.7584069263397691,-0.7584069263397691,ground,1
32.625,-47.875,0.25,-0.6549500738698443,-0.6549500738698443,ground,1
32.625,-43.375,0.25,-0.6199876666583279,-0.6199876666583279,ground,1
32.625,-34.625,0.25,-0.5939548483174594,-0.5939548483174594,ground,1
32.625,-30.375,0.25,0.8776624966849588,0.8776624966849588,vegetation,1
32.625,-12.375,0.25,-0.5193059455074479,-0.5193059455074479,ground,1
32.625,-2.875,0.25,-0.5154736037030893,-0.5154736037030893,ground,1
32.625,4.875,0.25,-0.4469382740772654,-0.4469382740772654,ground,1
32.625,10.625,0.25,-0.46521531176003056,-0.46521531176003056,ground,1
32.625,19.625,0.25,-0.4194447467955825,-0.4194447467955825,ground,1
32.625,22.875,0.25,-0.37124594821239687,-0.37124594821239687,ground,1
32.625,37.125,0.25,2.0258175246320507,2.0258175246320507,vegetation,1
32.625,40.625,0.25,0.9309511950707466,0.9309511950707466,vegetation,1
32.625,56.125,0.25,-0.2698064939618417,-0.2698064939618417,ground,1
32.625,75.375,0.25,-0.16538448806342454,-0.16538448806342454,ground,1
32.875,-39.375,0.25,-0.7025924732078981,-0.7025924732078981,ground,1
32.875,-18.375,0.25,-0.5379956754179204,-0.5379956754179204,ground,1
32.875,-15.875,0.25,-0.5676359105043369,-0.5676359105043369,ground,1
32.875,-6.625,0.25,-0.5315266153136536,-0.5315266153136536,ground,1
32.875,1.625,0.25,-0.49098972931013224,-0.49098972931013224,ground,1
32.875,5.875,0.25,-0.4857605595585465,-0.4857605595585465,ground,1
32.875,17.875,0.25,-0.40399319198913836,-0.40399319198913836,ground,1
32.875,19.875,0.25,-0.4758594512772766,-0.4758594512772766,ground,1
32.875,20.625,0.25,-0.374109722305199,-0.374109722305199,ground,1
32.875,42.875,0.25,-0.29003711509170504,-0.29003711509170504,ground,1
32.875,52.625,0.25,-0.27497079632680793,-0.27497079632680793,ground,1
32.875,54.375,0.25,-0.27609073219390223,-0.27609073219390223,ground,1
32.875,60.125,0.25,-0.23804643971120418,-0.23804643971120418,ground,1
32.875,61.625,0.25,2.0842339555431293,2.0842339555431293,vegetation,1
32.875,71.125,0.25,-0.23875846729639463,-0.23875846729639463,ground,1
32.875,80.125,0.25,-0.14086432250071407,-0.14086432250071407,ground,1
32.875,86.125,0.25,-0.15787180523672403,-0.15787180523672403,ground,1
32.875,91.375,0.25,-0.11697806950542972,-0.11697806950542972,ground,1
33.125,-90.875,0.25,1.2764905898781813,1.2764905898781813,vegetation,1
33.125,-73.875,0.25,0.6079485885975997,0.6079485885975997,vegetation,1
33.125,-71.875,0.25,-0.7685929046727459,-0.7685929046727459,ground,1
33.125,-64.625,0.25,-0.7447921192805802,-0.7447921192805802,ground,1
33.125,-32.375,0.25,-0.6390413070558212,-0.6390413070558212,ground,1
33.125,-21.375,0.25,-0.5846418343693709,-0.5846418343693709,ground,1
33.125,6.875,0.25,-0.4385529209860386,-0.4385529209860386,ground,1
33.125,25.875,0.25,-0.44577841672384966,-0.44577841672384966,ground,1
33.125,38.375,0.25,-0.3226164643781007,-0.3226164643781007,ground,1
33.125,49.625,0.25,-0.2950516269993551,-0.2950516269993551,ground,1
33.125,64.875,0.25,-0.29004853117808704,-0.29004853117808704,ground,1
33.125,75.875,0.25,0.8359765063181115,0.8359765063181115,vegetation,1
33.375,-78.875,0.25,-0.8118513164020114,-0.8118513164020114,ground,1
33.375,-73.875,0.25,1.149175782262399,1.149175782262399,vegetation,1
33.375,-68.875,0.25,-0.7557267884961049,-0.7557267884961049,ground,1
33.375,-61.375,0.25,0.3420115731275353,0.3420115731275353,vegetation,1
33.375,-27.375,0.25,-0.5978189514029292,-0.5978189514029292,ground,1
33.375,-25.375,0.25,-0.5886917646380333,-0.5886917646380333,ground,1
33.375,-24.375,0.25,-0.6218997842688163,-0.6218997842688163,ground,1
33.375,-16.625,0.25,-0.6135867504045145,-0.6135867504045145,ground,1
33.375,-9.875,0.25,-0.544029500049301,-0.544029500049301,ground,1
33.375,7.625,0.25,-0.46772923551785517,-0.46772923551785517,ground,1
33.375,10.875,0.25,-0.47758331953302524,-0.47758331953302524,ground,1
33.375,14.125,0.25,-0.4581063223715431,-0.4581063223715431,ground,1
33.375,17.875,0.25,-0.4306638260899733,-0.4306638260899733,ground,1
33.375,24.875,0.25,-0.4155293688594008,-0.4155293688594008,ground,1
33.375,35.875,0.25,-0.3696352451160719,-0.3696352451160719,ground,1
33.375,36.875,0.25,-0.3483376718728386,-0.3483376718728386,ground,1
33.375,46.375,0.25,-0.2937459475540862,-0.2937459475540862,ground,1
33.375,52.875,0.25,-0.2901307670691333,-0.2901307670691333,ground,1
33.375,60.375,0.25,-0.24668223008376275,-0.24668223008376275,ground,1
33.375,73.625,0.25,-0.23451695512445378,-0.23451695512445378,ground,1
33.375,78.125,0.25,-0.17266153131372475,-0.17266153131372475,ground,1
33.375,82.375,0.25,1.2172865429060713,1.2172865429060713,vegetation,1
33.625,-92.375,0.25,1.7640084333549018,1.7640084333549018,vegetation,1
33.625,-61.875,0.25,-0.7547102942767971,-0.7547102942767971,ground,1
33.625,-61.375,0.25,-0.7535843261282891,-0.7535843261282891,ground,1
33.625,-31.125,0.25,-0.6721412104380878,-0.6721412104380878,ground,1
33.625,-6.875,0.25,-0.514264605432372,-0.514264605432372,ground,1
33.625,0.625,0.25,-0.4654893595716687,-0.4654893595716687,ground,1
33.625,4.875,0.25,-0.42680582267806877,-0.42680582267806877,ground,1
33.625,40.625,0.25,-0.3141499828226513,-0.3141499828226513,ground,1
33.625,47.375,0.25,-0.31083538668279886,-0.31083538668279886,ground,1
33.625,65.375,0.25,-0.2329007827144903,-0.2329007827144903,ground,1
33.625,82.125,0.25,-0.20585867376587383,-0.20585867376587383,ground,1
33.875,-91.875,0.25,0.8247750489536007,0.8247750489536007,vegetation,1
33.875,-41.125,0.25,1.4456736074688097,1.4456736074688097,vegetation,1
33.875,-39.625,0.25,-0.6572212095989658,-0.6572212095989658,ground,1
33.875,-35.125,0.25,1.5068933442311363,1.5068933442311363,vegetation,1
33.875,-20.875,0.25,-0.5867849487476751,-0.5867849487476751,ground,1
33.875,-15.625,0.25,-0.5627165453028007,-0.5627165453028007,ground,1
33.875,-14.125,0.25,-0.5193141883914418,-0.5193141883914418,ground,1
33.875,-13.875,0.25,-0.5471430159273252,-0.5471430159273252,ground,1
33.875,-13.375,0.25,-0.5971130133159822,-0.5971130133159822,ground,1
33.875,10.125,0.25,-0.4578491761905624,-0.4578491761905624,ground,1
33.875,11.375,0.25,-0.4502936489683754,-0.4502936489683754,ground,1
33.875,17.125,0.25,-0.4541012454660861,-0.4541012454660861,ground,1
33.875,20.625,0.25,-0.4233453213160346,-0.4233453213160346,ground,1
33.875,23.125,0.25,-0.41779069627210147,-0.41779069627210147,ground,1
33.875,37.125,0.25,1.988485183475259,1.988485183475259,vegetation,1
33.875,46.125,0.25,-0.3374374451383451,-0.3374374451383451,ground,1
33.875,46.375,0.25,1.9656169163307835,1.9656169163307835,vegetation,1
33.875,54.875,0.25,-0.30117131410624776,-0.30117131410624776,ground,1
33.875,65.875,0.25,-0.2464311489794511,-0.2464311489794511,ground,1
33.875,70.375,0.25,-0.2015530126284608,-0.2015530126284608,ground,1
33.875,77.625,0.25,-0.18150587931350318,-0.18150587931350318,ground,1
33.875,87.125,0.25,-0.13849833492053062,-0.13849833492053062,ground,1
33.875,92.875,0.25,-0.09795704647494113,-0.09795704647494113,ground,1
34.125,-91.625,0.25,1.9753498154008613,1.9753498154008613,vegetation,1
34.125,-82.125,0.25,0.2653109046309799,0.2653109046309799,vegetation,1
34.125,-63.125,0.25,1.3403538712149592,1.3403538712149592,vegetation,1
34.125,-50.375,0.25,-0.7217106851783816,-0.7217106851783816,ground,1
34.125,-48.125,0.25,-0.6671543740055862,-0.6671543740055862,ground,1
34.125,-35.875,0.25,-0.6578290967305879,-0.6578290967305879,ground,1
34.125,-22.875,0.25,-0.5707759854932581,-0.5707759854932581,ground,1
34.125,-21.625,0.25,-0.6033210399991957,-0.6033210399991957,ground,1
34.125,-12.625,0.25,-0.6027297297038483,-0.6027297297038483,ground,1
34.125,27.375,0.25,-0.40662056716437894,-0.40662056716437894,ground,1
34.125,48.625,0.25,-0.3159064937019809,-0.3159064937019809,ground,1
34.125,56.875,0.25,2.198509051354815,2.198509051354815,vegetation,1
34.125,67.375,0.25,-0.24562529626395652,-0.24562529626395652,ground,1
34.125,73.125,0.25,-0.25985861088232537,-0.25985861088232537,ground,1
34.125,81.125,0.25,-0.17031624560839684,-0.17031624560839684,ground,1
34.125,84.625,0.25,0.6070054989906417,0.6070054989906417,vegetation,1
34.125,90.125,0.25,-0.13875842747507916,-0.13875842747507916,ground,1
34.375,-85.625,0.25,-0.851708799486916,-0.851708799486916,ground,1
34.375,-71.625,0.25,-0.8386622607147834,-0.8386622607147834,ground,1
34.375,-71.375,0.25,-0.8015446654671746,-0.8015446654671746,ground,1
34.375,-68.625,0.25,-0.8190245362293234,-0.8190245362293234,ground,1
34.375,-61.125,0.25,0.36344821765226487,0.36344821765226487,vegetation,1
34.375,-45.125,0.25,0.6801091494937743,0.6801091494937743,vegetation,1
34.375,-42.875,0.25,-0.6902431750150144,-0.6902431750150144,ground,1
34.375,-41.375,0.25,-0.6446712721184334,-0.6446712721184334,ground,1
34.375,-35.875,0.25,1.1097448825014022,1.1097448825014022,vegetation,1
34.375,-34.875,0.25,-0.6126721983154219,-0.6126721983154219,ground,1
34.375,-28.875,0.25,0.5109812116918606,0.5109812116918606,vegetation,1
34.375,-23.625,0.25,-0.6191121685717156,-0.6191121685717156,ground,1
34.375,-5.625,0.25,-0.5568724940751687,-0.5568724940751687,ground,1
34.375,-3.875,0.25,-0.5299158715029164,-0.5299158715029164,ground,1
34.375,3.875,0.25,-0.49945700709912716,-0.49945700709912716,ground,1
34.375,18.625,0.25,-0.39448460133022367,-0.39448460133022367,ground,1
34.375,19.875,0.25,-0.46428589817928617,-0.46428589817928617,ground,1
34.375,29.625,0.25,2.3112639680476783,2.3112639680476783,vegetation,1
34.375,32.375,0.25,-0.390135002978172,-0.390135002978172,ground,1
34.375,35.875,0.25,-0.40627136869679176,-0.40627136869679176,ground,1
34.375,41.375,0.25,0.5255608777469195,0.5255608777469195,vegetation,1
34.375,58.125,0.25,2.676671544784024,2.676671544784024,vegetation,1
34.375,62.875,0.25,2.0305055163364076,2.0305055163364076,vegetation,1
34.375,63.125,0.25,-0.2674219326284871,-0.2674219326284871,ground,1
34.375,83.875,0.25,-0.20602381875445266,-0.20602381875445266,ground,1
34.375,93.375,0.25,-0.13088889604255785,-0.13088889604255785,ground,1
34.625,-88.375,0.25,1.8475603594450531,1.8475603594450531,vegetation,1
34.625,-83.125,0.25,-0.8730172598383379,-0.8730172598383379,ground,1
34.625,-79.375,0.25,-0.8356600657547025,-0.8356600657547025,ground,1
34.625,-69.125,0.25,-0.831895554793153,-0.831895554793153,ground,1
34.625,-61.875,0.25,0.45200291046199487,0.45200291046199487,vegetation,1
34.625,-47.625,0.25,-0.6926869866480583,-0.6926869866480583,ground,1
34.625,-31.875,0.25,-0.6377336611387437,-0.6377336611387437,ground,1
34.625,-29.875,0.25,-0.663256995708218,-0.663256995708218,ground,1
34.625,-28.375,0.25,1.3696070689368989,1.3696070689368989,vegetation,1
34.625,-23.375,0.25,-0.6264874646100475,-0.6264874646100475,ground,1
34.625,-10.875,0.25,-0.5621154501498432,-0.5621154501498432,ground,1
34.625,-2.875,0.25,-0.5567817868295497,-0.5567817868295497,ground,1
34.625,-1.875,0.25,-0.5151579720964237,-0.5151579720964237,ground,1
34.625,0.625,0.25,-0.5237312115252308,-0.5237312115252308,ground,1
34.625,1.625,0.25,-0.514305367828293,-0.514305367828293,ground,1
34.625,10.125,0.25,-0.5051020493623953,-0.5051020493623953,ground,1
34.625,18.375,0.25,-0.4806300274985917,-0.4806300274985917,ground,1
34.625,19.375,0.25,-0.45206351443577514,-0.45206351443577514,ground,1
34.625,24.625,0.25,-0.4071037466035394,-0.4071037466035394,ground,1
34.625,28.375,0.25,1.4704518444293142,1.4704518444293142,vegetation,1
34.625,60.375,0.25,-0.22522925006276742,-0.22522925006276742,ground,1
34.625,71.625,0.25,0.9778986091635855,0.9778986091635855,vegetation,1
34.625,74.125,0.25,0.9391457499865492,0.9391457499865492,vegetation,1
34.625,86.875,0.25,-0.1799405219732339,-0.1799405219732339,ground,1
34.625,88.875,0.25,2.112447950048291,2.112447950048291,vegetation,1
34.875,-83.375,0.25,-0.8970848124033656,-0.8970848124033656,ground,1
34.875,-76.375,0.25,-0.8302304703221537,-0.8302304703221537,ground,1
34.875,-70.625,0.25,0.6670578973280473,0.6670578973280473,vegetation,1
34.875,-17.625,0.25,-0.5676482301569956,-0.5676482301569956,ground,1
34.875,-7.625,0.25,-0.5611610657566393,-0.5611610657566393,ground,1
34.875,3.875,0.25,-0.5287213207245737,-0.5287213207245737,ground,1
34.875,14.875,0.25,-0.4285836209746526,-0.4285836209746526,ground,1
34.875,16.625,0.25,-0.47482907981555394,-0.47482907981555394,ground,1
34.875,49.625,0.25,-0.34423324582582415,-0.34423324582582415,ground,1
34.875,51.375,0.25,-0.3414099892684141,-0.3414099892684141,ground,1
34.875,58.375,0.25,-0.30210755312765425,-0.30210755312765425,ground,1
34.875,63.875,0.25,-0.27016191760734054,-0.27016191760734054,ground,1
34.875,66.375,0.25,-0.24708968129141745,-0.24708968129141745,ground,1
35.125,-64.625,0.25,-0.8105403568758546,-0.8105403568758546,ground,1
35.125,-62.125,0.25,-0.8012270607392034,-0.8012270607392034,ground,1
35.125,-61.625,0.25,1.1360280330590746,1.1360280330590746,vegetation,1
35.125,-56.125,0.25,-0.7466965837054523,-0.7466965837054523,ground,1
35.125,-53.875,0.25,-0.756686127665589,-0.756686127665589,ground,1
35.125,-52.375,0.25,-0.6943581061876184,-0.6943581061876184,ground,1
35.125,-30.875,0.25,-0.614619351776177,-0.614619351776177,ground,1
35.125,-15.875,0.25,-0.6103493867834339,-0.6103493867834339,ground,1
35.125,-7.625,0.25,-0.5417516877511884,-0.5417516877511884,ground,1
35.125,24.625,0.25,-0.43349325914705067,-0.43349325914705067,ground,1
35.125,33.125,0.25,-0.4144687162971052,-0.4144687162971052,ground,1
35.125,33.875,0.25,-0.391430567620242,-0.391430567620242,ground,1
35.125,41.375,0.25,-0.35557954863354757,-0.35557954863354757,ground,1
35.125,48.875,0.25,-0.37522424670822857,-0.37522424670822857,ground,1
35.125,53.125,0.25,1.1354951802647806,1.1354951802647806,vegetation,1
35.375,-87.875,0.25,0.4534150240399968,0.4534150240399968,vegetation,1
35.375,-80.875,0.25,1.0173353226392499,1.0173353226392499,vegetation,1
35.375,-60.125,0.25,0.7190807150594446,0.7190807150594446,vegetation,1
35.375,-59.375,0.25,-0.7662734622761486,-0.7662734622761486,ground,1
35.375,-54.125,0.25,-0.795270630039542,-0.795270630039542,ground,1
35.375,-50.625,0.25,-0.7565155665114897,-0.7565155665114897,ground,1
35.375,-46.125,0.25,-0.7363311041842147,-0.7363311041842147,ground,1
35.375,-36.375,0.25,-0.6508587004875183,-0.6508587004875183,ground,1
35.375,-34.375,0.25,1.9325712643946007,1.9325712643946007,vegetation,1
35.375,-10.625,0.25,-0.5648132713822959,-0.5648132713822959,ground,1
35.375,-7.375,0.25,-0.5370106423199824,-0.5370106423199824,ground,1
35.375,-2.375,0.25,-0.5293213505968108,-0.5293213505968108,ground,1
35.375,55.375,0.25,1.3376405614214881,1.3376405614214881,vegetation,1
35.375,59.875,0.25,2.3818799961062025,2.3818799961062025,vegetation,1
35.375,67.375,0.25,1.0867635939662437,1.0867635939662437,vegetation,1
35.375,69.125,0.25,-0.23065308771596993,-0.23065308771596993,ground,1
35.375,88.375,0.25,-0.1721396409877231,-0.1721396409877231,ground,1
35.625,-87.625,0.25,-0.8443677086789321,-0.8443677086789321,ground,1
35.625,-50.875,0.25,-0.7489912073365719,-0.7489912073365719,ground,1
35.625,-47.625,0.25,-0.7159131880079812,-0.7159131880079812,ground,1
35.625,-42.375,0.25,-0.7259523503409963,-0.7259523503409963,ground,1
35.625,-41.375,0.25,-0.6708784202778004,-0.6708784202778004,ground,1
35.625,-15.375,0.25,-0.5792549771238996,-0.5792549771238996,ground,1
35.625,7.125,0.25,-0.472708816623883,-0.472708816623883,ground,1
35.625,9.125,0.25,-0.48458611935687523,-0.48458611935687523,ground,1
35.625,10.125,0.25,-0.4626756567133393,-0.4626756567133393,ground,1
35.625,19.625,0.25,-0.4489066035160207,-0.4489066035160207,ground,1
35.625,26.625,0.25,-0.44018338875570956,-0.44018338875570956,ground,1
35.625,75.375,0.25,-0.21918956163077877,-0.21918956163077877,ground,1
35.625,91.375,0.25,0.9823576891147059,0.9823576891147059,vegetation,1
35.875,-87.875,0.25,-0.8939313385051015,-0.8939313385051015,ground,1
35.875,-29.125,0.25,-0.6472354548028996,-0.6472354548028996,ground,1
35.875,-4.375,0.25,-0.551877100863085,-0.551877100863085,ground,1
35.875,2.125,0.25,-0.5069231852698642,-0.5069231852698642,ground,1
35.875,3.125,0.25,-0.5254172334201589,-0.5254172334201589,ground,1
35.875,7.875,0.25,-0.5056543807676617,-0.5056543807676617,ground,1
35.875,15.375,0.25,-0.4669619914397697,-0.4669619914397697,ground,1
35.875,27.875,0.25,-0.44894717215224633,-0.44894717215224633,ground,1
35.875,38.375,0.25,-0.3844286432133328,-0.3844286432133328,ground,1
35.875,43.375,0.25,1.400714929400579,0.5137629323800961,ground,2
35.875,68.125,0.25,-0.2631699879485945,-0.2631699879485945,ground,1
35.875,75.625,0.25,-0.2521110095921941,-0.2521110095921941,ground,1
35.875,83.875,0.25,-0.20677056560042475,-0.20677056560042475,ground,1
35.875,92.125,0.25,1.847243342670601,1.847243342670601,vegetation,1
36.125,-89.125,0.25,1.721288088459552,1.721288088459552,vegetation,1
36.125,-79.875,0.25,-0.87967896762105,-0.87967896762105,ground,1
36.125,-68.375,0.25,-0.8639149187896338,-0.8639149187896338,ground,1
36.125,-64.625,0.25,-0.7854283596073796,-0.785948988919978,ground,2
36.125,-56.375,0.25,-0.7454995168921629,-0.7454995168921629,ground,1
36.125,-49.375,0.25,0.9127668089508577,0.9127668089508577,vegetation,1
36.125,-47.875,0.25,-0.7290139442948472,-0.7290139442948472,ground,1
36.125,-44.125,0.25,-0.7372512068497783,-0.7372512068497783,ground,1
36.125,-42.375,0.25,1.7914123614929318,1.7914123614929318,vegetation,1
36.125,-37.125,0.25,1.164043483810227,1.164043483810227,vegetation,1
36.125,-23.875,0.25,-0.6401605198585636,-0.6401605198585636,ground,1
36.125,-5.625,0.25,-0.5591083627173675,-0.5591083627173675,ground,1
36.125,-0.375,0.25,-0.573544241976218,-0.573544241976218,ground,1
36.125,2.875,0.25,-0.5077844623126663,-0.5077844623126663,ground,1
36.125,9.625,0.25,-0.49522939789378273,-0.49522939789378273,ground,1
36.125,14.375,0.25,-0.4472439190354516,-0.4472439190354516,ground,1
36.125,18.125,0.25,-0.48882198942534777,-0.48882198942534777,ground,1
36.125,19.625,0.25,-0.41716665100214767,-0.41716665100214767,ground,1
36.125,23.375,0.25,-0.401357293893852,-0.401357293893852,ground,1
36.125,28.125,0.25,-0.4598106255857094,-0.4598106255857094,ground,1
36.125,40.875,0.25,-0.3778191159222357,-0.3778191159222357,ground,1
36.125,55.875,0.25,1.9193332296650767,1.9193332296650767,vegetation,1
36.125,57.375,0.25,-0.3730388323720465,-0.3730388323720465,ground,1
36.125,58.375,0.25,-0.32686906424299833,-0.32686906424299833,ground,1
36.125,64.625,0.25,2.1145484047666727,2.1145484047666727,vegetation,1
36.375,-80.625,0.25,-0.9035182460036211,-0.9035182460036211,ground,1
36.375,-51.125,0.25,-0.7032795116735754,-0.7032795116735754,ground,1
36.375,-48.375,0.25,-0.7462101246201418,-0.7462101246201418,ground,1
36.375,-47.625,0.25,-0.7392387579915258,-0.7392387579915258,ground,1
36.375,-43.875,0.25,-0.695008637468851,-0.695008637468851,ground,1
36.375,-38.375,0.25,0.9109096360650736,0.9109096360650736,vegetation,1
36.375,-37.125,0.25,-0.7033451221931166,-0.7033451221931166,ground,1
36.375,-29.375,0.25,0.4364320377618013,0.4364320377618013,vegetation,1
36.375,-19.375,0.25,-0.647915016588668,-0.647915016588668,ground,1
36.375,-14.125,0.25,-0.6232743367253899,-0.6232743367253899,ground,1
36.375,-7.375,0.25,-0.5652597521965051,-0.5652597521965051,ground,1
36.375,-6.625,0.25,-0.5396732162881298,-0.5396732162881298,ground,1
36.375,6.625,0.25,-0.5063779859010302,-0.5063779859010302,ground,1
36.375,37.875,0.25,-0.3790296261484697,-0.3790296261484697,ground,1
36.375,60.875,0.25,1.6866452177857294,1.6866452177857294,vegetation,1
36.375,66.375,0.25,-0.3541852740558517,-0.3541852740558517,ground,1
36.375,81.625,0.25,-0.1732456115724009,-0.1732456115724009,ground,1
36.375,84.625,0.25,-0.19173464557442652,-0.19173464557442652,ground,1
36.625,-79.125,0.25,-0.8480641407464202,-0.8480641407464202,ground,1
36.625,-35.625,0.25,-0.6207608527629408,-0.6207608527629408,ground,1
36.625,-33.125,0.25,0.5859115638545205,0.5859115638545205,vegetation,1
36.625,-28.375,0.25,-0.6598673140985137,-0.6598673140985137,ground,1
36.625,-5.625,0.25,-0.5650952718982742,-0.5650952718982742,ground,1
36.625,-4.625,0.25,-0.5628798393321942,-0.5628798393321942,ground,1
36.625,4.375,0.25,-0.5540537794044809,-0.5540537794044809,ground,1
36.625,8.125,0.25,-0.472001647943133,-0.472001647943133,ground,1
36.625,13.125,0.25,-0.4980774296150312,-0.4980774296150312,ground,1
36.625,16.625,0.25,-0.45909757884733504,-0.45909757884733504,ground,1
36.625,17.625,0.25,-0.46782350401006095,-0.46782350401006095,ground,1
36.625,20.625,0.25,-0.45674004270671725,-0.45674004270671725,ground,1
36.625,26.375,0.25,-0.42309251760750816,-0.42309251760750816,ground,1
36.625,27.875,0.25,2.146167294144406,2.146167294144406,vegetation,1
36.625,37.875,0.25,-0.38565921427185673,-0.38565921427185673,ground,1
36.625,45.125,0.25,-0.34063250231357717,-0.34063250231357717,ground,1
36.625,76.375,0.25,1.1081414861541388,1.1081414861541388,vegetation,1
36.625,80.875,0.25,-0.22974986695264119,-0.22974986695264119,ground,1
36.625,83.875,0.25,-0.14618623741037867,-0.14618623741037867,ground,1
36.875,-62.125,0.25,-0.8221859529391612,-0.8221859529391612,ground,1
36.875,-52.625,0.25,0.6268341150352615,0.6268341150352615,vegetation,1
36.875,-49.875,0.25,-0.7526086667076303,-0.7526086667076303,ground,1
36.875,-28.875,0.25,-0.6880908375048531,-0.6880908375048531,ground,1
36.875,-16.625,0.25,-0.5895089450536276,-0.5895089450536276,ground,1
36.875,-8.375,0.25,-0.5815424337319485,-0.5916825002001909,ground,2
36.875,-8.125,0.25,-0.6141854133413716,-0.6141854133413716,ground,1
36.875,-0.625,0.25,-0.5633361682492014,-0.5633361682492014,ground,1
36.875,18.375,0.25,-0.5082435525087067,-0.5082435525087067,ground,1
36.875,21.625,0.25,-0.47274659394751134,-0.47274659394751134,ground,1
36.875,23.125,0.25,-0.42658319019747337,-0.42658319019747337,ground,1
36.875,29.125,0.25,1.8384421202576018,1.8384421202576018,vegetation,1
36.875,30.125,0.25,2.429151619964182,2.429151619964182,vegetation,1
36.875,31.375,0.25,-0.40895689566855026,-0.40895689566855026,ground,1
36.875,46.875,0.25,0.6107841116467075,0.6107841116467075,vegetation,1
36.875,65.125,0.25,-0.28295904609007805,-0.28295904609007805,ground,1
37.125,-87.625,0.25,1.055810791389657,1.055810791389657,vegetation,1
37.125,-78.375,0.25,1.0795749114565334,1.0795749114565334,vegetation,1
37.125,-70.125,0.25,-0.8229814501373776,-0.8229814501373776,ground,1
37.125,-62.875,0.25,-0.805174210840152,-0.805174210840152,ground,1
37.125,-57.625,0.25,-0.7801827036157514,-0.7801827036157514,ground,1
37.125,-45.375,0.25,-0.7115699989355896,-0.7115699989355896,ground,1
37.125,-44.625,0.25,-0.6826994494136847,-0.6826994494136847,ground,1
37.125,-39.625,0.25,-0.7298925468974847,-0.7298925468974847,ground,1
37.125,-38.625,0.25,-0.7125535683020435,-0.7125535683020435,ground,1
37.125,-37.875,0.25,-0.7482946019330285,-0.7482946019330285,ground,1
37.125,-21.875,0.25,-0.6459642519540105,-0.6459642519540105,ground,1
37.125,-8.875,0.25,-0.6079606559317937,-0.6079606559317937,ground,1
37.125,0.375,0.25,-0.5593073095185503,-0.5593073095185503,ground,1
37.125,5.625,0.25,-0.5220343940108743,-0.5220343940108743,ground,1
37.125,6.625,0.25,-0.5190062841448126,-0.534959927972593,ground,2
37.125,6.875,0.25,-0.5265448357114987,-0.5265448357114987,ground,1
37.125,8.375,0.25,-0.5213594242712739,-0.5213594242712739,ground,1
37.125,17.875,0.25,-0.4530372831002567,-0.4530372831002567,ground,1
37.125,44.375,0.25,0.5866998965000731,0.5866998965000731,vegetation,1
37.125,73.125,0.25,1.083588493815715,1.083588493815715,vegetation,1
37.125,82.125,0.25,-0.27121962632614116,-0.27121962632614116,ground,1
37.125,84.875,0.25,-0.22013528801496018,-0.22013528801496018,ground,1
37.125,85.375,0.25,1.4492901192526473,1.4492901192526473,vegetation,1
37.375,-90.625,0.25,-0.9278240922778006,-0.9278240922778006,ground,1
37.375,-81.125,0.25,1.483221486817274,1.483221486817274,vegetation,1
37.375,-74.625,0.25,-0.8757318384261626,-0.8757318384261626,ground,1
37.375,-65.125,0.25,1.2691109988494857,1.2691109988494857,vegetation,1
37.375,-63.375,0.25,-0.8311503247575609,-0.8311503247575609,ground,1
37.375,-55.875,0.25,2.0124868714374418,2.0124868714374418,vegetation,1
37.375,-46.625,0.25,-0.7777274832094344,-0.7777274832094344,ground,1
37.375,-37.125,0.25,-0.7386701473610922,-0.7386701473610922,ground,1
37.375,-31.375,0.25,1.7485100080513514,1.7485100080513514,vegetation,1
37.375,-27.625,0.25,1.8047453255603365,1.8047453255603365,vegetation,1
37.375,-5.625,0.25,-0.5631368849183606,-0.5631368849183606,ground,1
37.375,-3.125,0.25,-0.5289589615780695,-0.5289589615780695,ground,1
37.375,13.875,0.25,-0.47577290886631085,-0.47577290886631085,ground,1
37.375,18.625,0.25,-0.5032147902008356,-0.5032147902008356,ground,1
37.375,20.125,0.25,-0.5003853576426268,-0.5003853576426268,ground,1
37.375,25.375,0.25,0.7878830349166612,0.7878830349166612,vegetation,1
37.375,25.625,0.25,-0.481138689085958,-0.481138689085958,ground,1
37.375,34.625,0.25,-0.39427004312685454,-0.39427004312685454,ground,1
37.375,38.375,0.25,-0.39884579487982846,-0.39884579487982846,ground,1
37.375,45.125,0.25,-0.37208372074672846,-0.37208372074672846,ground,1
37.375,51.625,0.25,-0.30915571000320985,-0.30915571000320985,ground,1
37.375,58.375,0.25,-0.3106744382233491,-0.3106744382233491,ground,1
37.375,86.125,0.25,-0.247786718230087,-0.247786718230087,ground,1
37.625,-81.125,0.25,-0.8680203815444507,-0.8680203815444507,ground,1
37.625,-54.125,0.25,1.9051657410989211,1.9051657410989211,vegetation,1
37.625,-53.375,0.25,-0.8400234894946594,-0.8400234894946594,ground,1
37.625,-31.375,0.25,0.13709044579370314,0.13709044579370314,vegetation,1
37.625,-21.625,0.25,-0.6986925654664174,-0.6986925654664174,ground,1
37.625,-16.625,0.25,-0.6397948368233319,-0.6397948368233319,ground,1
37.625,17.125,0.25,-0.490818941018216,-0.490818941018216,ground,1
37.625,21.125,0.25,-0.47426168833940646,-0.47426168833940646,ground,1
37.625,39.625,0.25,2.334962294839557,2.334962294839557,vegetation,1
37.625,83.875,0.25,-0.2293671966440014,-0.2293671966440014,ground,1
37.875,-47.125,0.25,1.3551236126776869,1.3551236126776869,vegetation,1
37.875,-46.125,0.25,0.3952548795149161,0.3952548795149161,vegetation,1
37.875,-39.625,0.25,-0.7161212705662272,-0.7161212705662272,ground,1
37.875,-32.375,0.25,-0.6533678871612127,-0.6533678871612127,ground,1
37.875,-29.125,0.25,-0.7214129766458924,-0.7214129766458924,ground,1
37.875,-26.625,0.25,-0.6568618926846455,-0.6568618926846455,ground,1
37.875,-19.375,0.25,-0.6302869149371644,-0.6302869149371644,ground,1
37.875,-18.875,0.25,-0.6602337165417611,-0.6602337165417611,ground,1
37.875,-14.125,0.25,-0.6479557300017323,-0.6479557300017323,ground,1
37.875,-12.375,0.25,-0.6442969595326876,-0.6442969595326876,ground,1
37.875,-4.875,0.25,-0.5828459500009703,-0.5828459500009703,ground,1
37.875,12.625,0.25,-0.48373376944617763,-0.48373376944617763,ground,1
37.875,17.875,0.25,-0.5178120783904762,-0.5178120783904762,ground,1
37.875,21.875,0.25,-0.4575390007739963,-0.4575390007739963,ground,1
37.875,29.625,0.25,0.992025546065832,0.992025546065832,vegetation,1
37.875,32.125,0.25,1.1346872217241575,1.1346872217241575,vegetation,1
37.875,42.875,0.25,-0.4323513966142164,-0.4323513966142164,ground,1
37.875,43.125,0.25,1.0095433946760095,1.0095433946760095,vegetation,1
37.875,51.375,0.25,-0.36792982973664634,-0.36792982973664634,ground,1
37.875,51.625,0.25,1.0721314877774517,1.0721314877774517,vegetation,1
37.875,62.375,0.25,-0.3201131714644056,-0.3201131714644056,ground,1
37.875,71.375,0.25,-0.28525407589600515,-0.28525407589600515,ground,1
37.875,89.875,0.25,-0.19777797329198732,-0.19777797329198732,ground,1
38.125,-63.875,0.25,-0.8123427821757989,-0.8123427821757989,ground,1
38.125,-48.125,0.25,2.1756693525480415,2.1756693525480415,vegetation,1
38.125,-13.875,0.25,-0.6360829553081175,-0.6360829553081175,ground,1
38.125,-5.625,0.25,-0.5991352882696086,-0.5991352882696086,ground,1
38.125,-0.875,0.25,-0.5528429713619991,-0.5528429713619991,ground,1
38.125,6.125,0.25,-0.533069069540038,-0.533069069540038,ground,1
38.125,10.875,0.25,-0.5364409217237276,-0.5364409217237276,ground,1
38.125,15.875,0.25,-0.5067159108607343,-0.5067159108607343,ground,1
38.125,24.125,0.25,-0.4614538853037726,-0.4614538853037726,ground,1
38.125,65.875,0.25,-0.29790015408120174,-0.29790015408120174,ground,1
38.125,84.375,0.25,1.3394818299856568,1.3394818299856568,vegetation,1
38.375,-89.125,0.25,-0.9247022038246756,-0.9247022038246756,ground,1
38.375,-73.125,0.25,-0.866474969702574,-0.866474969702574,ground,1
38.375,-43.375,0.25,-0.7332203309031438,-0.7332203309031438,ground,1
38.375,-36.125,0.25,-0.6952676870091705,-0.6952676870091705,ground,1
38.375,-25.125,0.25,-0.6963908377445325,-0.6963908377445325,ground,1
38.375,3.375,0.25,-0.5848736760793173,-0.5848736760793173,ground,1
38.375,7.875,0.25,-0.5367843646927167,-0.5367843646927167,ground,1
38.375,14.375,0.25,-0.5265181897626428,-0.5265181897626428,ground,1
38.375,18.125,0.25,-0.4447248954470836,-0.4447248954470836,ground,1
38.375,23.125,0.25,-0.4544170319402403,-0.4544170319402403,ground,1
38.375,34.375,0.25,-0.416976146292185,-0.416976146292185,ground,1
38.375,37.875,0.25,2.0821190418074584,2.0821190418074584,vegetation,1
38.375,40.375,0.25,-0.47620226443005,-0.47620226443005,ground,1
38.375,47.375,0.25,-0.3611174830747134,-0.3611174830747134,ground,1
38.375,52.875,0.25,-0.33102547879617433,-0.33102547879617433,ground,1
38.375,58.625,0.25,2.3741465970551747,2.3741465970551747,vegetation,1
38.375,59.625,0.25,2.0461464580183155,2.0461464580183155,vegetation,1
38.375,64.625,0.25,-0.3128206453749235,-0.3128206453749235,ground,1
38.375,74.125,0.25,-0.29302236242808444,-0.29302236242808444,ground,1
38.625,-70.625,0.25,-0.875739987657388,-0.875739987657388,ground,1
38.625,-61.375,0.25,-0.8333296471802343,-0.8333296471802343,ground,1
38.625,-59.125,0.25,-0.8167811117660763,-0.8167811117660763,ground,1
38.625,-48.375,0.25,1.8659005225105307,1.8659005225105307,vegetation,1
38.625,-46.625,0.25,-0.7305487776539175,-0.7305487776539175,ground,1
38.625,-45.125,0.25,-0.7372754785166682,-0.7372754785166682,ground,1
38.625,-44.625,0.25,-0.7240463399240394,-0.7240463399240394,ground,1
38.625,-44.125,0.25,-0.7721894090501913,-0.7721894090501913,ground,1
38.625,-32.375,0.25,-0.6563097621264432,-0.6563097621264432,ground,1
38.625,-27.875,0.25,-0.7188528676230951,-0.7188528676230951,ground,1
38.625,-22.875,0.25,-0.6643894856514864,-0.6643894856514864,ground,1
38.625,-21.125,0.25,-0.672856688796837,-0.672856688796837,ground,1
38.625,-11.875,0.25,-0.6249926121947567,-0.6249926121947567,ground,1
38.625,-7.125,0.25,-0.5520310121037724,-0.5520310121037724,ground,1
38.625,1.125,0.25,-0.5974950364682288,-0.5974950364682288,ground,1
38.625,17.875,0.25,-0.4712646229331766,-0.4712646229331766,ground,1
38.625,41.375,0.25,-0.40304233184381094,-0.40304233184381094,ground,1
38.625,62.625,0.25,-0.2720667825800893,-0.2720667825800893,ground,1
38.875,-81.875,0.25,-0.91247101679391,-0.91247101679391,ground,1
38.875,-77.875,0.25,1.298735521598938,1.298735521598938,vegetation,1
38.875,-58.125,0.25,0.7502634626419589,0.7502634626419589,vegetation,1
38.875,-48.375,0.25,-0.7548664537967558,-0.7548664537967558,ground,1
38.875,-43.375,0.25,-0.7470353892828945,-0.7470353892828945,ground,1
38.875,-39.125,0.25,-0.7257668898258708,-0.7257668898258708,ground,1
38.875,-17.125,0.25,-0.6569970345467354,-0.6569970345467354,ground,1
38.875,-12.375,0.25,-0.6030167631732486,-0.6030167631732486,ground,1
38.875,4.125,0.25,-0.5470738707178633,-0.5470738707178633,ground,1
38.875,7.375,0.25,-0.5458514041303607,-0.5458514041303607,ground,1
38.875,22.875,0.25,-0.47381499193248877,-0.47381499193248877,ground,1
38.875,27.625,0.25,1.9477474748682333,1.9477474748682333,vegetation,1
38.875,58.375,0.25,0.5459570872189611,0.5459570872189611,vegetation,1
38.875,90.875,0.25,-0.22488507740484232,-0.22488507740484232,ground,1
39.125,-86.875,0.25,0.5314581769624266,0.5314581769624266,vegetation,1
39.125,-86.125,0.25,0.8308918228611575,0.8308918228611575,vegetation,1
39.125,-66.875,0.25,1.3346594324535006,1.3346594324535006,vegetation,1
39.125,-65.875,0.25,-0.8242367677865804,-0.8242367677865804,ground,1
39.125,-54.875,0.25,1.9104538565023232,1.9104538565023232,vegetation,1
39.125,-43.125,0.25,-0.7179227735366087,-0.7179227735366087,ground,1
39.125,-40.875,0.25,-0.8198405566857276,-0.8198405566857276,ground,1
39.125,-36.375,0.25,-0.7232444849153946,-0.7232444849153946,ground,1
39.125,-27.125,0.25,0.7885218448757403,0.7885218448757403,vegetation,1
39.125,-13.875,0.25,-0.6673958778129302,-0.6673958778129302,ground,1
39.125,-12.875,0.25,-0.6526047653291471,-0.6526047653291471,ground,1
39.125,4.625,0.25,-0.5468211959843376,-0.5468211959843376,ground,1
39.125,18.375,0.25,-0.5033298544147315,-0.5033298544147315,ground,1
39.125,24.875,0.25,-0.4890250877223843,-0.4890250877223843,ground,1
39.125,25.625,0.25,1.7570432209447104,1.7570432209447104,vegetation,1
39.125,43.625,0.25,-0.4066876649749142,-0.4066876649749142,ground,1
39.125,48.125,0.25,1.816565799571019,1.816565799571019,vegetation,1
39.125,66.125,0.25,-0.2898157669479345,-0.2898157669479345,ground,1
39.125,82.625,0.25,1.7637150663179728,1.7637150663179728,vegetation,1
39.125,86.375,0.25,-0.21102941366474873,-0.2176656754709859,ground,2
39.375,-70.875,0.25,-0.8759534855799833,-0.8759534855799833,ground,1
39.375,-58.625,0.25,-0.8178675861742518,-0.8178675861742518,ground,1
39.375,-43.875,0.25,-0.772327495722938,-0.772327495722938,ground,1
39.375,-40.625,0.25,0.5897771420580497,0.5897771420580497,vegetation,1
39.375,-27.625,0.25,-0.6719380072259576,-0.6719380072259576,ground,1
39.375,-18.875,0.25,-0.6691587707412755,-0.6691587707412755,ground,1
39.375,-18.375,0.25,-0.6585547701371494,-0.6585547701371494,ground,1
39.375,-17.875,0.25,-0.6832575735092062,-0.6832575735092062,ground,1
39.375,-10.125,0.25,-0.6217980421465353,-0.6217980421465353,ground,1
39.375,4.125,0.25,-0.5598670677938312,-0.5598670677938312,ground,1
39.375,7.625,0.25,-0.5670082737612729,-0.5670082737612729,ground,1
39.375,20.125,0.25,-0.547731256783086,-0.547731256783086,ground,1
39.375,24.625,0.25,-0.47726297741257795,-0.47726297741257795,ground,1
39.375,41.875,0.25,-0.37736808376105957,-0.37736808376105957,ground,1
39.375,58.375,0.25,-0.35339084039378177,-0.35339084039378177,ground,1
39.375,71.125,0.25,-0.3039455820029522,-0.3039455820029522,ground,1
39.375,89.375,0.25,-0.2633073620042639,-0.2633073620042639,ground,1
39.625,-90.125,0.25,0.8776278295318297,0.8776278295318297,vegetation,1
39.625,-89.625,0.25,-0.9660327371368166,-0.9660327371368166,ground,1
39.625,-79.375,0.25,-0.8347107472848865,-0.8347107472848865,ground,1
39.625,-78.625,0.25,1.8018564476888135,1.8018564476888135,vegetation,1
39.625,-59.625,0.25,0.12449289315378644,0.12449289315378644,vegetation,1
39.625,-39.625,0.25,-0.7439368612631013,-0.7439368612631013,ground,1
39.625,-38.625,0.25,-0.7690309376303454,-0.7690309376303454,ground,1
39.625,-19.125,0.25,-0.6388635427450433,-0.6388635427450433,ground,1
39.625,-11.125,0.25,-0.6330282955520151,-0.6330282955520151,ground,1
39.625,-9.875,0.25,-0.6169699876308076,-0.6169699876308076,ground,1
39.625,-2.875,0.25,-0.5789868033396547,-0.5789868033396547,ground,1
39.625,12.875,0.25,-0.5138355989635902,-0.5138355989635902,ground,1
39.625,22.625,0.25,-0.5177948400987884,-0.5177948400987884,ground,1
39.625,42.625,0.25,2.4888655221631835,2.4888655221631835,vegetation,1
39.625,72.625,0.25,-0.2815722724646042,-0.2815722724646042,ground,1
39.625,79.125,0.25,0.6309632478227072,0.6309632478227072,vegetation,1
39.875,-84.875,0.25,1.5828741602257907,1.5828741602257907,vegetation,1
39.875,-71.625,0.25,1.255840745109303,1.255840745109303,vegetation,1
39.875,-63.125,0.25,-0.8812907657070328,-0.8812907657070328,ground,1
39.875,-55.875,0.25,0.5349847213926383,0.5349847213926383,vegetation,1
39.875,-51.375,0.25,-0.7933982957741446,-0.7933982957741446,ground,1
39.875,-21.875,0.25,-0.6567830517022327,-0.6567830517022327,ground,1
39.875,-16.125,0.25,-0.6736647430258289,-0.6736647430258289,ground,1
39.875,-14.375,0.25,-0.6309694834071813,-0.6309694834071813,ground,1
39.875,-13.375,0.25,-0.6355262751426195,-0.6355262751426195,ground,1
39.875,-8.875,0.25,-0.6068189106007994,-0.6068189106007994,ground,1
39.875,0.375,0.25,-0.5807483103321198,-0.5807483103321198,ground,1
39.875,5.625,0.25,-0.5576120779255245,-0.5576120779255245,ground,1
39.875,18.125,0.25,-0.5525315424094865,-0.5525315424094865,ground,1
39.875,24.125,0.25,-0.5153755718442156,-0.5153755718442156,ground,1
39.875,27.875,0.25,0.7569110091833815,0.7569110091833815,vegetation,1
39.875,50.375,0.25,-0.3826586830538651,-0.3826586830538651,ground,1
39.875,76.125,0.25,-0.32405367399632756,-0.32405367399632756,ground,1
40.125,-81.625,0.25,-0.9181050874466291,-0.9181050874466291,ground,1
40.125,-76.875,0.25,-0.9162988723987844,-0.9162988723987844,ground,1
40.125,-74.125,0.25,-0.9126389523871552,-0.9126389523871552,ground,1
40.125,-72.375,0.25,-0.9162421721790392,-0.9162421721790392,ground,1
40.125,-66.875,0.25,1.4581641757954047,1.4581641757954047,vegetation,1
40.125,-62.125,0.25,-0.8772900720600136,-0.8772900720600136,ground,1
40.125,-60.125,0.25,0.3931190050886645,0.3931190050886645,vegetation,1
40.125,-44.375,0.25,-0.7822657279526676,-0.7822657279526676,ground,1
40.125,-31.625,0.25,0.5305452288104022,0.5305452288104022,vegetation,1
40.125,-11.875,0.25,-0.6429385279599326,-0.6429385279599326,ground,1
40.125,-11.625,0.25,-0.652017345272233,-0.652017345272233,ground,1
40.125,8.375,0.25,-0.5853547239866623,-0.5853547239866623,ground,1
40.125,14.375,0.25,-0.5355107472746281,-0.5355107472746281,ground,1
40.125,18.625,0.25,-0.5123517601346099,-0.5123517601346099,ground,1
40.125,56.125,0.25,1.6271248818304116,1.6271248818304116,vegetation,1
40.125,58.625,0.25,-0.3570788119980028,-0.3570788119980028,ground,1
40.125,84.875,0.25,2.4062224979186997,2.4062224979186997,vegetation,1
40.375,-80.375,0.25,-0.9126454358223234,-0.9126454358223234,ground,1
40.375,-50.125,0.25,1.687802017811967,1.687802017811967,vegetation,1
40.375,-34.125,0.25,1.7874243175620044,1.7874243175620044,vegetation,1
40.375,-20.375,0.25,-0.7075887069541148,-0.7075887069541148,ground,1
40.375,-10.125,0.25,-0.6661042654675481,-0.6661042654675481,ground,1
40.375,-4.125,0.25,-0.6320027119899332,-0.6320027119899332,ground,1
40.375,-2.625,0.25,-0.612431272950522,-0.612431272950522,ground,1
40.375,3.375,0.25,-0.5731874547353701,-0.5731874547353701,ground,1
40.375,6.125,0.25,-0.584499510817583,-0.584499510817583,ground,1
40.375,22.625,0.25,-0.5311803480834775,-0.5311803480834775,ground,1
40.375,27.375,0.25,0.9125847969487139,0.9125847969487139,vegetation,1
40.375,34.625,0.25,1.0116192784444098,1.0116192784444098,vegetation,1
40.375,46.375,0.25,-0.41010595248929843,-0.41010595248929843,ground,1
40.375,63.375,0.25,-0.3416705416355197,-0.3416705416355197,ground,1
40.375,74.125,0.25,2.068651694477315,2.068651694477315,vegetation,1
40.625,-89.375,0.25,1.1745558553655087,1.1745558553655087,vegetation,1
40.625,-84.125,0.25,-0.9746714009333654,-0.9746714009333654,ground,1
40.625,-71.625,0.25,0.29829365488061327,0.29829365488061327,vegetation,1
40.625,-53.375,0.25,-0.832509407278058,-0.832509407278058,ground,1
40.625,-35.375,0.25,-0.8010473092196881,-0.8010473092196881,ground,1
40.625,-23.375,0.25,-0.6748452893623867,-0.6748452893623867,ground,1
40.625,0.875,0.25,-0.6437356059414477,-0.6446609676929347,ground,2
40.625,13.625,0.25,-0.5525469879584148,-0.5525469879584148,ground,1
40.625,21.625,0.25,-0.5178933924870138,-0.5178933924870138,ground,1
40.625,35.625,0.25,-0.46794659231239355,-0.46794659231239355,ground,1
40.625,53.125,0.25,-0.34944295295988903,-0.34944295295988903,ground,1
40.625,56.125,0.25,0.5641647160943156,0.5641647160943156,vegetation,1
40.625,56.625,0.25,-0.36705573434082056,-0.36705573434082056,ground,1
40.625,71.125,0.25,1.294367958587721,1.294367958587721,vegetation,1
40.875,-83.375,0.25,-0.9448576650249562,-0.9448576650249562,ground,1
40.875,-60.125,0.25,1.2583023465786694,1.2583023465786694,vegetation,1
40.875,-32.875,0.25,-0.8093053466501667,-0.8093053466501667,ground,1
40.875,-25.875,0.25,-0.7558272912477298,-0.7558272912477298,ground,1
40.875,-25.625,0.25,-0.7185432386884087,-0.7185432386884087,ground,1
40.875,-9.125,0.25,-0.6730701791488767,-0.6730701791488767,ground,1
40.875,-3.875,0.25,-0.6012028911161138,-0.6012028911161138,ground,1
40.875,-2.125,0.25,-0.580627617898472,-0.580627617898472,ground,1
40.875,19.625,0.25,-0.5033993244988539,-0.5033993244988539,ground,1
40.875,21.125,0.25,-0.5306316507849029,-0.5306316507849029,ground,1
40.875,32.625,0.25,2.531479475865253,1.7898636932392573,vegetation,2
40.875,57.375,0.25,-0.38988599487691555,-0.38988599487691555,ground,1
40.875,67.875,0.25,-0.36949579993354054,-0.36949579993354054,ground,1
40.875,77.375,0.25,-0.30613438555643424,-0.30613438555643424,ground,1
40.875,79.375,0.25,-0.28342640224082644,-0.28342640224082644,ground,1
41.125,-72.625,0.25,1.3931258824861579,1.3931258824861579,vegetation,1
41.125,-68.625,0.25,0.2655575876406661,-0.319059561651045,ground,2
41.125,-53.875,0.25,-0.8646281826478968,-0.8646281826478968,ground,1
41.125,-52.875,0.25,0.6366002952503415,0.6366002952503415,vegetation,1
41.125,-46.875,0.25,2.0122590350641723,2.0122590350641723,vegetation,1
41.125,-44.125,0.25,-0.8290993531244341,-0.8290993531244341,ground,1
41.125,-34.125,0.25,-0.7998186127147964,-0.7998186127147964,ground,1
41.125,-30.375,0.25,2.198900739483926,2.198900739483926,vegetation,1
41.125,-17.875,0.25,-0.7076188775274928,-0.7076188775274928,ground,1
41.125,-1.625,0.25,-0.6574936439748464,-0.6574936439748464,ground,1
41.125,13.375,0.25,-0.557655973801797,-0.5786480590007357,ground,2
41.125,22.625,0.25,-0.49897313185484277,-0.49897313185484277,ground,1
41.125,32.625,0.25,-0.48248284406103026,-0.48248284406103026,ground,1
41.125,35.625,0.25,-0.47134958753153994,-0.47134958753153994,ground,1
41.125,68.125,0.25,-0.3260920518871757,-0.3260920518871757,ground,1
41.125,90.375,0.25,-0.26583785894570056,-0.26583785894570056,ground,1
41.375,-87.125,0.25,-0.13341001933592125,-0.13341001933592125,vegetation,1
41.375,-77.625,0.25,-0.9684151529570812,-0.9684151529570812,ground,1
41.375,-72.875,0.25,-0.9204149774508924,-0.9204149774508924,ground,1
41.375,-65.875,0.25,-0.8904895656919243,-0.8904895656919243,ground,1
41.375,-57.375,0.25,-0.8418246142419343,-0.8418246142419343,ground,1
41.375,-49.875,0.25,-0.8379171461342642,-0.8379171461342642,ground,1
41.375,-36.375,0.25,-0.7560910948548776,-0.7560910948548776,ground,1
41.375,-35.375,0.25,-0.7523100525710091,-0.7523100525710091,ground,1
41.375,-25.875,0.25,-0.7121603942885011,-0.7121603942885011,ground,1
41.375,-13.125,0.25,-0.680353625523783,-0.680353625523783,ground,1
41.375,-12.125,0.25,-0.6352685492900301,-0.6352685492900301,ground,1
41.375,-3.125,0.25,-0.6363290325226527,-0.6363290325226527,ground,1
41.375,-1.625,0.25,-0.6333201136639128,-0.6333201136639128,ground,1
41.375,1.375,0.25,-0.7028543604608207,-0.7028543604608207,ground,1
41.375,33.625,0.25,1.1700895385363468,1.1700895385363468,vegetation,1
41.375,38.625,0.25,-0.4035060093576084,-0.4035060093576084,ground,1
41.375,39.875,0.25,-0.4521922739272971,-0.4521922739272971,ground,1
41.375,42.375,0.25,0.7451039009200842,0.7451039009200842,vegetation,1
41.375,51.875,0.25,-0.4158191239671038,-0.4158191239671038,ground,1
41.375,53.625,0.25,-0.39728781604978863,-0.39728781604978863,ground,1
41.375,73.125,0.25,-0.2882437444147183,-0.2882437444147183,ground,1
41.375,85.875,0.25,1.0997084226035616,1.0997084226035616,vegetation,1
41.625,-82.375,0.25,-0.9033442545355392,-0.9033442545355392,ground,1
41.625,-79.125,0.25,-0.9534191212706961,-0.9534191212706961,ground,1
41.625,-77.875,0.25,-0.9458794297088262,-0.9458794297088262,ground,1
41.625,-63.875,0.25,-0.8757723990620748,-0.8757723990620748,ground,1
41.625,-62.125,0.25,0.4420643164425393,0.4420643164425393,vegetation,1
41.625,-25.375,0.25,1.537303966641457,1.537303966641457,vegetation,1
41.625,-18.375,0.25,-0.7262898315856824,-0.7262898315856824,ground,1
41.625,-0.625,0.25,-0.6053299239235247,-0.6053299239235247,ground,1
41.625,7.625,0.25,-0.6404146172760691,-0.6404146172760691,ground,1
41.625,20.125,0.25,-0.5265921976717839,-0.5265921976717839,ground,1
41.625,22.375,0.25,-0.535221942127168,-0.535221942127168,ground,1
41.625,22.625,0.25,-0.5314716453027414,-0.5314716453027414,ground,1
41.625,26.125,0.25,-0.5356512628520124,-0.5356512628520124,ground,1
41.625,28.625,0.25,-0.4923897570222818,-0.4923897570222818,ground,1
41.625,31.625,0.25,2.3152959802830146,2.3152959802830146,vegetation,1
41.625,34.875,0.25,-0.4878538538621286,-0.4878538538621286,ground,1
41.625,37.125,0.25,-0.47950571090698607,-0.47950571090698607,ground,1
41.625,45.125,0.25,0.6464342849455633,0.6464342849455633,vegetation,1
41.625,67.875,0.25,1.9515752926909398,1.9515752926909398,vegetation,1
41.625,88.875,0.25,-0.28094309778954507,-0.28094309778954507,ground,1
41.875,-82.875,0.25,1.3264004445546695,1.3264004445546695,vegetation,1
41.875,-71.375,0.25,1.4443088747059116,1.4443088747059116,vegetation,1
41.875,-62.125,0.25,0.3444974804573837,0.3444974804573837,vegetation,1
41.875,-45.625,0.25,-0.8094799042829773,-0.8094799042829773,ground,1
41.875,-45.125,0.25,-0.797312962189593,-0.797312962189593,ground,1
41.875,-39.875,0.25,1.413090669321996,1.413090669321996,vegetation,1
41.875,-33.875,0.25,-0.7696481913715898,-0.7696481913715898,ground,1
41.875,-24.625,0.25,-0.7576129610955638,-0.7576129610955638,ground,1
41.875,-7.375,0.25,-0.6286188994951099,-0.6286188994951099,ground,1
41.875,-4.375,0.25,-0.6193491001319023,-0.6193491001319023,ground,1
41.875,5.125,0.25,-0.5995949714179558,-0.5995949714179558,ground,1
41.875,14.625,0.25,-0.5736716511238542,-0.5736716511238542,ground,1
41.875,18.375,0.25,-0.5645969658006509,-0.5645969658006509,ground,1
41.875,25.875,0.25,-0.5521552637941511,-0.5521552637941511,ground,1
41.875,33.875,0.25,-0.5140008082463561,-0.5140008082463561,ground,1
41.875,42.125,0.25,-0.5163383262654757,-0.5163383262654757,ground,1
41.875,66.125,0.25,-0.3681018063956329,-0.3681018063956329,ground,1
41.875,71.125,0.25,-0.3477930045316752,-0.3477930045316752,ground,1
41.875,80.125,0.25,-0.3191366828321385,-0.3191366828321385,ground,1
41.875,86.375,0.25,-0.2922750351865315,-0.2922750351865315,ground,1
42.125,-80.375,0.25,0.48728746858870464,0.48728746858870464,vegetation,1
42.125,-71.375,0.25,1.3558793871731543,1.3558793871731543,vegetation,1
42.125,-56.125,0.25,1.6628962168974784,1.6628962168974784,vegetation,1
42.125,-33.625,0.25,-0.7323702858302383,-0.7323702858302383,ground,1
42.125,-14.875,0.25,-0.6592080631157292,-0.6592080631157292,ground,1
42.125,-13.125,0.25,-0.666874563399337,-0.666874563399337,ground,1
42.125,-10.375,0.25,-0.6261576211079258,-0.6261576211079258,ground,1
42.125,-5.875,0.25,-0.6247950772245882,-0.6247950772245882,ground,1
42.125,-0.875,0.25,-0.6149499118020664,-0.6149499118020664,ground,1
42.125,3.375,0.25,-0.5709737035387038,-0.5709737035387038,ground,1
42.125,8.625,0.25,-0.636262105758032,-0.636262105758032,ground,1
42.125,41.875,0.25,-0.46731952196851656,-0.46731952196851656,ground,1
42.125,54.125,0.25,-0.3860446485623502,-0.3860446485623502,ground,1
42.125,59.875,0.25,1.0284763246919657,1.0284763246919657,vegetation,1
42.125,62.625,0.25,-0.3912467280193915,-0.3912467280193915,ground,1
42.125,63.875,0.25,-0.38849266166440566,-0.38849266166440566,ground,1
42.375,-76.625,0.25,1.951320068572262,1.951320068572262,vegetation,1
42.375,-75.125,0.25,-0.939876973424579,-0.939876973424579,ground,1
42.375,-74.375,0.25,-0.9170155237507356,-0.9170155237507356,ground,1
42.375,-70.625,0.25,-0.9286628493592615,-0.9286628493592615,ground,1
42.375,-64.875,0.25,-0.8963779022432744,-0.8963779022432744,ground,1
42.375,-56.875,0.25,-0.8807517837631932,-0.8807517837631932,ground,1
42.375,-51.625,0.25,-0.8446708014480974,-0.8446708014480974,ground,1
42.375,-33.875,0.25,-0.7742880341010011,-0.7742880341010011,ground,1
42.375,-28.625,0.25,-0.7529712066925466,-0.7529712066925466,ground,1
42.375,-24.625,0.25,-0.7421666084886706,-0.7421666084886706,ground,1
42.375,-17.625,0.25,-0.7235596104357186,-0.7235596104357186,ground,1
42.375,-15.625,0.25,-0.7033911900344763,-0.7033911900344763,ground,1
42.375,-7.625,0.25,-0.6646415043866971,-0.6646415043866971,ground,1
42.375,-0.875,0.25,-0.6337360591761337,-0.6337360591761337,ground,1
42.375,0.375,0.25,-0.6453944987390279,-0.6453944987390279,ground,1
42.375,2.375,0.25,-0.6079845272695864,-0.6079845272695864,ground,1
42.375,2.625,0.25,-0.6218170189369899,-0.6218170189369899,ground,1
42.375,12.625,0.25,-0.6315948422221391,-0.6315948422221391,ground,1
42.375,14.875,0.25,-0.5736855694638086,-0.5736855694638086,ground,1
42.375,24.875,0.25,-0.5393805347437944,-0.5393805347437944,ground,1
42.375,35.625,0.25,2.133814112781856,2.133814112781856,vegetation,1
42.375,41.125,0.25,-0.46850698012797515,-0.46850698012797515,ground,1
42.625,-87.625,0.25,-0.9886591548037221,-0.9886591548037221,ground,1
42.625,-79.375,0.25,-0.9262210415701825,-0.9262210415701825,ground,1
42.625,-78.375,0.25,-0.9243533203484104,-0.9243533203484104,ground,1
42.625,-74.625,0.25,-0.9614032611480826,-0.9614032611480826,ground,1
42.625,-52.625,0.25,-0.02641871407408447,-0.02641871407408447,vegetation,1
42.625,-40.625,0.25,-0.7924266692523962,-0.7924266692523962,ground,1
42.625,-12.375,0.25,-0.6846051482398255,-0.6846051482398255,ground,1
42.625,-11.375,0.25,-0.6686349703365586,-0.6686349703365586,ground,1
42.625,-3.875,0.25,-0.6419839870004028,-0.6419839870004028,ground,1
42.625,-2.625,0.25,-0.6081481407560695,-0.6081481407560695,ground,1
42.625,18.375,0.25,-0.5646707303969261,-0.5646707303969261,ground,1
42.625,30.625,0.25,-0.5100847387684954,-0.5100847387684954,ground,1
42.625,33.875,0.25,-0.5389098518477892,-0.5389098518477892,ground,1
42.625,53.375,0.25,-0.43316170828352046,-0.43316170828352046,ground,1
42.625,73.375,0.25,2.5678365811590775,2.5678365811590775,vegetation,1
42.625,75.875,0.25,0.5432599013288671,0.5432599013288671,vegetation,1
42.875,-77.875,0.25,-0.9388647672460663,-0.9388647672460663,ground,1
42.875,-75.875,0.25,-1.0027361452777226,-1.0027361452777226,ground,1
42.875,-75.375,0.25,1.0893141481689015,1.0893141481689015,vegetation,1
42.875,-68.875,0.25,-0.9185121510024875,-0.9185121510024875,ground,1
42.875,-66.625,0.25,0.5789008877021039,0.5789008877021039,vegetation,1
42.875,-63.875,0.25,-0.8683340079871821,-0.8683340079871821,ground,1
42.875,-62.375,0.25,-0.8555451088151937,-0.8555451088151937,ground,1
42.875,-46.625,0.25,-0.8217881098048614,-0.8217881098048614,ground,1
42.875,-36.875,0.25,1.7151134352258752,1.7151134352258752,vegetation,1
42.875,-10.125,0.25,-0.6535047131006392,-0.6535047131006392,ground,1
42.875,-2.625,0.25,-0.6592691890239497,-0.6592691890239497,ground,1
42.875,3.125,0.25,-0.600848762096064,-0.600848762096064,ground,1
42.875,5.875,0.25,-0.6355240268233304,-0.6355240268233304,ground,1
42.875,16.375,0.25,-0.6097658339115956,-0.6097658339115956,ground,1
42.875,17.375,0.25,-0.5983436986581616,-0.5983436986581616,ground,1
42.875,36.375,0.25,-0.513610262477539,-0.513610262477539,ground,1
42.875,55.625,0.25,-0.44124230787670643,-0.44124230787670643,ground,1
42.875,57.125,0.25,-0.3932026096308229,-0.3932026096308229,ground,1
42.875,80.375,0.25,1.6943844799030308,1.6943844799030308,vegetation,1
43.125,-89.875,0.25,-1.0225106846857386,-1.0225106846857386,ground,1
43.125,-89.125,0.25,-0.9913763142588611,-1.0245579696381442,ground,2
43.125,-86.625,0.25,0.31720923393556905,0.31720923393556905,vegetation,1
43.125,-82.625,0.25,-0.9336754345316636,-0.9336754345316636,ground,1
43.125,-68.375,0.25,-0.9592100884923807,-0.9592100884923807,ground,1
43.125,-59.125,0.25,1.2567252264766702,1.2567252264766702,vegetation,1
43.125,-50.875,0.25,-0.8579709693003876,-0.8579709693003876,ground,1
43.125,-46.875,0.25,-0.8456281991567578,-0.8456281991567578,ground,1
43.125,-42.375,0.25,-0.8505398503891419,-0.8505398503891419,ground,1
43.125,-36.875,0.25,0.6371701539278589,0.6371701539278589,vegetation,1
43.125,-33.875,0.25,2.017250666545464,2.017250666545464,vegetation,1
43.125,-10.875,0.25,-0.6934764645092042,-0.6934764645092042,ground,1
43.125,-1.625,0.25,-0.6534800336192427,-0.6534800336192427,ground,1
43.125,0.375,0.25,-0.6342662014713826,-0.6342662014713826,ground,1
43.125,0.875,0.25,-0.6279362051664897,-0.6279362051664897,ground,1
43.125,2.125,0.25,-0.6407748382791394,-0.6407748382791394,ground,1
43.125,3.125,0.25,-0.5817000116507705,-0.5817000116507705,ground,1
43.125,12.875,0.25,-0.6126155992568639,-0.6126155992568639,ground,1
43.125,26.625,0.25,-0.520215460655509,-0.520215460655509,ground,1
43.125,36.625,0.25,1.4445087512130312,0.48705804307901895,ground,2
43.125,42.125,0.25,1.5017168384572002,1.5017168384572002,vegetation,1
43.125,43.375,0.25,1.3758915759514938,1.3758915759514938,vegetation,1
43.125,43.625,0.25,1.7536975394072902,1.7536975394072902,vegetation,1
43.125,52.375,0.25,2.1935154594251443,2.1935154594251443,vegetation,1
43.375,-78.875,0.25,1.2280401861377424,1.2280401861377424,vegetation,1
43.375,-58.125,0.25,-0.8919028829792122,-0.8919028829792122,ground,1
43.375,-32.625,0.25,-0.7452282306533391,-0.7452282306533391,ground,1
43.375,-9.125,0.25,-0.699761913503782,-0.699761913503782,ground,1
43.375,-3.125,0.25,-0.6142252711353999,-0.6142252711353999,ground,1
43.375,9.125,0.25,-0.6335279937875532,-0.6335279937875532,ground,1
43.375,9.875,0.25,-0.593838311759839,-0.593838311759839,ground,1
43.375,14.125,0.25,-0.5927521906786356,-0.5927521906786356,ground,1
43.375,17.125,0.25,-0.5292879655557532,-0.5292879655557532,ground,1
43.375,30.375,0.25,-0.4793685747310668,-0.4793685747310668,ground,1
43.375,51.875,0.25,-0.4280690388142744,-0.4280690388142744,ground,1
43.625,-73.875,0.25,-0.9453462670977256,-0.9453462670977256,ground,1
43.625,-44.625,0.25,-0.8320182829556614,-0.8320182829556614,ground,1
43.625,-26.625,0.25,1.3415559344343388,1.3415559344343388,vegetation,1
43.625,4.875,0.25,-0.6248103375069707,-0.6248103375069707,ground,1
43.625,13.625,0.25,-0.5584765817396923,-0.5584765817396923,ground,1
43.625,19.875,0.25,-0.5756364588978365,-0.5756364588978365,ground,1
43.625,28.625,0.25,-0.5455862264162342,-0.5455862264162342,ground,1
43.625,29.125,0.25,-0.5202776218925832,-0.5202776218925832,ground,1
43.625,35.125,0.25,-0.5461115635424584,-0.5461115635424584,ground,1
43.625,36.375,0.25,-0.48944466577876944,-0.48944466577876944,ground,1
43.625,40.625,0.25,0.4856069247585178,0.4856069247585178,vegetation,1
43.625,58.125,0.25,-0.40520472160866977,-0.40520472160866977,ground,1
43.625,63.375,0.25,0.6294833090831811,0.6294833090831811,vegetation,1
43.625,73.625,0.25,1.405330513276044,1.405330513276044,vegetation,1
43.625,74.125,0.25,0.6151173989979836,0.6151173989979836,vegetation,1
43.625,78.875,0.25,1.4295024955162603,1.4295024955162603,vegetation,1
43.875,-39.625,0.25,0.2842932630349935,0.2842932630349935,vegetation,1
43.875,-31.625,0.25,-0.8012035837110895,-0.8012035837110895,ground,1
43.875,-15.125,0.25,-0.7139337885109571,-0.7139337885109571,ground,1
43.875,-9.875,0.25,-0.6859362797935535,-0.6859362797935535,ground,1
43.875,-2.125,0.25,-0.6147145729636568,-0.6147145729636568,ground,1
43.875,4.375,0.25,-0.6550626913967534,-0.6550626913967534,ground,1
43.875,15.625,0.25,-0.5554246092871329,-0.5554246092871329,ground,1
43.875,63.625,0.25,-0.3832024383096595,-0.3832024383096595,ground,1
43.875,80.625,0.25,1.4705065464598206,1.4705065464598206,vegetation,1
43.875,83.875,0.25,-0.3311832974370172,-0.3311832974370172,ground,1
44.125,-72.125,0.25,-0.9788703342457166,-0.9788703342457166,ground,1
44.125,-71.875,0.25,-0.9271900238510464,-0.9271900238510464,ground,1
44.125,-70.625,0.25,-0.9115922424061147,-0.9115922424061147,ground,1
44.125,-59.625,0.25,0.5464186895806634,0.5464186895806634,vegetation,1
44.125,-44.375,0.25,-0.8457720502719945,-0.8457720502719945,ground,1
44.125,-28.375,0.25,0.6858937533092269,0.6858937533092269,vegetation,1
44.125,-22.625,0.25,-0.7216063102272073,-0.7216063102272073,ground,1
44.125,-8.875,0.25,-0.6852426952736498,-0.6852426952736498,ground,1
44.125,-6.875,0.25,-0.6771898279078711,-0.6771898279078711,ground,1
44.125,-6.125,0.25,-0.6818625936215597,-0.6818625936215597,ground,1
44.125,-0.625,0.25,-0.6470670814746033,-0.6470670814746033,ground,1
44.125,16.125,0.25,-0.5719452849026123,-0.5719452849026123,ground,1
44.125,22.375,0.25,-0.6268201511108552,-0.6268201511108552,ground,1
44.125,32.875,0.25,-0.5476494752967214,-0.5476494752967214,ground,1
44.125,42.125,0.25,1.4767155391718345,1.4767155391718345,vegetation,1
44.125,46.375,0.25,-0.4818672852384903,-0.4818672852384903,ground,1
44.125,49.625,0.25,2.0262945533969923,2.0262945533969923,vegetation,1
44.125,51.125,0.25,-0.4389673205393595,-0.4389673205393595,ground,1
44.125,59.375,0.25,2.4672419697324335,2.4672419697324335,vegetation,1
44.125,81.125,0.25,2.4523771200006097,2.4523771200006097,vegetation,1
44.125,82.125,0.25,-0.33767172584787974,-0.33767172584787974,ground,1
44.125,84.125,0.25,1.0208056839834612,1.0208056839834612,vegetation,1
44.125,85.625,0.25,-0.33510481821412375,-0.33510481821412375,ground,1
44.125,85.875,0.25,0.5849993555259144,0.5849993555259144,vegetation,1
44.375,-84.125,0.25,-0.974495386357925,-0.974495386357925,ground,1
44.375,-75.375,0.25,-1.0083509996317275,-1.0083509996317275,ground,1
44.375,-64.375,0.25,1.1435199707075183,1.1435199707075183,vegetation,1
44.375,-52.875,0.25,-0.882493475732356,-0.882493475732356,ground,1
44.375,-39.875,0.25,-0.7994194757760075,-0.7994194757760075,ground,1
44.375,-19.125,0.25,-0.7383018700369399,-0.7383018700369399,ground,1
44.375,-17.625,0.25,-0.7141181927589118,-0.7141181927589118,ground,1
44.375,-16.125,0.25,-0.6949366917377134,-0.6949366917377134,ground,1
44.375,-10.875,0.25,-0.6770426960777945,-0.6770426960777945,ground,1
44.375,-7.375,0.25,-0.7022703886953566,-0.7022703886953566,ground,1
44.375,67.375,0.25,-0.3755937666329185,-0.3755937666329185,ground,1
44.625,-79.625,0.25,-0.9925466246937074,-0.9925466246937074,ground,1
44.625,-65.625,0.25,-0.8820172668989847,-0.8820172668989847,ground,1
44.625,-64.125,0.25,-0.950815950395289,-0.950815950395289,ground,1
44.625,-57.375,0.25,0.9264019023076074,0.9264019023076074,vegetation,1
44.625,-53.875,0.25,1.858561322604415,1.858561322604415,vegetation,1
44.625,-41.375,0.25,0.4150917182016066,0.4150917182016066,vegetation,1
44.625,-13.375,0.25,-0.6767471899408749,-0.6767471899408749,ground,1
44.625,3.625,0.25,-0.6781639684517035,-0.6781639684517035,ground,1
44.625,35.375,0.25,-0.5189188628778455,-0.5189188628778455,ground,1
44.625,36.625,0.25,-0.5190638456967924,-0.5190638456967924,ground,1
44.625,37.375,0.25,2.3285257452562433,2.3285257452562433,vegetation,1
44.625,63.125,0.25,1.3050377444655008,1.3050377444655008,vegetation,1
44.625,66.625,0.25,-0.338205772486089,-0.338205772486089,ground,1
44.625,68.625,0.25,-0.3881037954928439,-0.3881037954928439,ground,1
44.875,-81.375,0.25,-0.9630487958250696,-0.9630487958250696,ground,1
44.875,-68.625,0.25,-0.965681351765298,-0.965681351765298,ground,1
44.875,-52.375,0.25,-0.9167648543555819,-0.9167648543555819,ground,1
44.875,-29.875,0.25,-0.7943852762487416,-0.7943852762487416,ground,1
44.875,-29.375,0.25,-0.7909047131790979,-0.7909047131790979,ground,1
44.875,-29.125,0.25,-0.7405159468672214,-0.7405159468672214,ground,1
44.875,-18.375,0.25,-0.7588022419943066,-0.7588022419943066,ground,1
44.875,-17.875,0.25,-0.7590023396387517,-0.7590023396387517,ground,1
44.875,-5.875,0.25,-0.6737585528365102,-0.6737585528365102,ground,1
44.875,-1.875,0.25,-0.6589966230373673,-0.6589966230373673,ground,1
44.875,10.875,0.25,-0.6396576565341904,-0.6396576565341904,ground,1
44.875,27.125,0.25,-0.5449700959945629,-0.5449700959945629,ground,1
44.875,60.625,0.25,-0.481064281769383,-0.481064281769383,ground,1
44.875,77.375,0.25,-0.34618628984367,-0.34618628984367,ground,1
44.875,82.875,0.25,-0.34493233760092096,-0.34493233760092096,ground,1
45.125,-67.125,0.25,-0.8897479446360677,-0.8897479446360677,ground,1
45.125,-53.875,0.25,-0.8805654730833101,-0.8805654730833101,ground,1
45.125,-47.375,0.25,1.0685604133166993,1.0685604133166993,vegetation,1
45.125,-45.625,0.25,-0.8305929669350103,-0.8305929669350103,ground,1
45.125,-25.875,0.25,1.4604943065451421,1.4604943065451421,vegetation,1
45.125,-25.625,0.25,-0.7561065959207988,-0.7561065959207988,ground,1
45.125,-19.375,0.25,-0.716929811395346,-0.716929811395346,ground,1
45.125,-12.625,0.25,-0.7657496364026765,-0.7657496364026765,ground,1
45.125,-9.625,0.25,-0.6906228414448449,-0.6906228414448449,ground,1
45.125,24.875,0.25,-0.5822693103794533,-0.5822693103794533,ground,1
45.125,38.625,0.25,-0.5446370517723975,-0.5446370517723975,ground,1
45.125,52.625,0.25,-0.4440083778869318,-0.4440083778869318,ground,1
45.125,60.875,0.25,-0.4521097507670731,-0.4521097507670731,ground,1
45.125,73.875,0.25,1.2087325175699637,1.2087325175699637,vegetation,1
45.375,-80.875,0.25,1.2805837461777227,1.2805837461777227,vegetation,1
45.375,-76.625,0.25,-0.9360711324946401,-0.9360711324946401,ground,1
45.375,-75.125,0.25,-0.9506730986350879,-0.9506730986350879,ground,1
45.375,-74.875,0.25,-0.9383411606679756,-0.9383411606679756,ground,1
45.375,-62.125,0.25,-0.901925669810899,-0.901925669810899,ground,1
45.375,-52.375,0.25,-0.8705778144609628,-0.8705778144609628,ground,1
45.375,-27.375,0.25,-0.8248020379908723,-0.8248020379908723,ground,1
45.375,-15.375,0.25,-0.7297479457949044,-0.7297479457949044,ground,1
45.375,25.875,0.25,-0.5904951808371841,-0.5904951808371841,ground,1
45.375,37.875,0.25,-0.5045986864460473,-0.5045986864460473,ground,1
45.375,42.625,0.25,-0.4899238528895321,-0.4899238528895321,ground,1
45.375,45.125,0.25,0.7847175907280804,0.7847175907280804,vegetation,1
45.375,52.375,0.25,-0.46421772730403416,-0.46421772730403416,ground,1
45.375,68.625,0.25,-0.4053550105380889,-0.4053550105380889,ground,1
45.375,73.375,0.25,-0.359693404425046,-0.359693404425046,ground,1
45.625,-77.625,0.25,-0.9946917011547098,-0.9946917011547098,ground,1
45.625,-75.875,0.25,-1.020230138454803,-1.020230138454803,ground,1
45.625,-63.375,0.25,0.4423842575488358,0.4423842575488358,vegetation,1
45.625,-46.375,0.25,2.035749946977694,2.035749946977694,vegetation,1
45.625,-43.875,0.25,0.2602559357806883,0.2602559357806883,vegetation,1
45.625,-41.625,0.25,-0.8252451484885972,-0.8252451484885972,ground,1
45.625,-27.125,0.25,-0.7371882113908559,-0.7371882113908559,ground,1
45.625,-23.375,0.25,-0.7693880387070633,-0.7693880387070633,ground,1
45.625,-22.125,0.25,-0.7495973678028097,-0.7495973678028097,ground,1
45.625,-11.625,0.25,-0.7299351256541008,-0.7299351256541008,ground,1
45.625,1.625,0.25,-0.6801403628351522,-0.6801403628351522,ground,1
45.625,5.875,0.25,-0.6628622932554127,-0.6628622932554127,ground,1
45.625,15.125,0.25,-0.6422769241077682,-0.6422769241077682,ground,1
45.625,19.875,0.25,-0.5907100433899349,-0.5907100433899349,ground,1
45.625,22.625,0.25,-0.6062729185038752,-0.6062729185038752,ground,1
45.625,33.125,0.25,-0.5451661163914017,-0.5451661163914017,ground,1
45.625,37.375,0.25,1.827007621372657,1.827007621372657,vegetation,1
45.625,39.875,0.25,-0.5121789997436794,-0.5121789997436794,ground,1
45.625,64.875,0.25,0.900439671215427,0.900439671215427,vegetation,1
45.875,-75.625,0.25,-1.0240452166301433,-1.0240452166301433,ground,1
45.875,-73.375,0.25,1.949787536646315,1.949787536646315,vegetation,1
45.875,-55.125,0.25,0.29801601509579845,0.29801601509579845,vegetation,1
45.875,-32.125,0.25,-0.8236376971379183,-0.8236376971379183,ground,1
45.875,-23.625,0.25,-0.7445476601247838,-0.7445476601247838,ground,1
45.875,-21.375,0.25,-0.7668289936557086,-0.7668289936557086,ground,1
45.875,-17.375,0.25,-0.7203581423974925,-0.7203581423974925,ground,1
45.875,-16.375,0.25,-0.7207676579487973,-0.7207676579487973,ground,1
45.875,0.625,0.25,-0.6619651510219338,-0.6619651510219338,ground,1
45.875,8.625,0.25,-0.6440642639314202,-0.6440642639314202,ground,1
45.875,25.375,0.25,1.5391256468098065,1.5391256468098065,vegetation,1
45.875,34.125,0.25,-0.5662940245161014,-0.5662940245161014,ground,1
45.875,38.125,0.25,-0.5193886548951344,-0.5193886548951344,ground,1
45.875,42.125,0.25,1.036271300583521,1.036271300583521,vegetation,1
45.875,42.625,0.25,-0.5173329174645472,-0.5173329174645472,ground,1
45.875,50.125,0.25,-0.45901738804281017,-0.45901738804281017,ground,1
45.875,52.375,0.25,-0.48080033283024587,-0.48080033283024587,ground,1
45.875,58.125,0.25,-0.4374693723705091,-0.4374693723705091,ground,1
45.875,60.375,0.25,-0.47073266795958446,-0.47073266795958446,ground,1
45.875,62.625,0.25,-0.400313578680994,-0.400313578680994,ground,1
45.875,66.375,0.25,-0.42165931423815683,-0.42165931423815683,ground,1
45.875,68.625,0.25,-0.4024947744160158,-0.4024947744160158,ground,1
45.875,71.875,0.25,-0.44831619928965083,-0.44831619928965083,ground,1
46.125,-87.875,0.25,-1.0545003942635267,-1.0545003942635267,ground,1
46.125,-72.125,0.25,-0.9869679320406186,-0.9869679320406186,ground,1
46.125,-68.375,0.25,0.5919781907802041,0.5919781907802041,vegetation,1
46.125,-60.125,0.25,-0.8975384861330076,-0.8975384861330076,ground,1
46.125,-44.875,0.25,2.0540650144730224,2.0540650144730224,vegetation,1
46.125,-40.375,0.25,-0.7944607094466553,-0.7944607094466553,ground,1
46.125,-29.625,0.25,-0.8141481385754034,-0.8141481385754034,ground,1
46.125,-12.625,0.25,-0.7872261700256221,-0.7872261700256221,ground,1
46.125,-11.375,0.25,-0.7087262690884032,-0.7087262690884032,ground,1
46.125,11.125,0.25,-0.6553538497345389,-0.6553538497345389,ground,1
46.125,54.375,0.25,-0.5154806441598067,-0.5154806441598067,ground,1
46.125,58.875,0.25,1.415712719676188,1.415712719676188,vegetation,1
46.125,72.625,0.25,-0.3913861931461362,-0.3913861931461362,ground,1
46.125,78.625,0.25,-0.3831254311263261,-0.3831254311263261,ground,1
46.375,-84.625,0.25,-1.045803215045907,-1.045803215045907,ground,1
46.375,-69.375,0.25,-1.0039805542881237,-1.0039805542881237,ground,1
46.375,-65.875,0.25,-0.9510461800268298,-0.9510461800268298,ground,1
46.375,-65.125,0.25,-0.94814530193878,-0.94814530193878,ground,1
46.375,-58.625,0.25,-0.8999584877733046,-0.8999584877733046,ground,1
46.375,-54.125,0.25,-0.899433121831888,-0.899433121831888,ground,1
46.375,-49.625,0.25,-0.9116736651335446,-0.9116736651335446,ground,1
46.375,-49.125,0.25,1.8568811112328087,1.8568811112328087,vegetation,1
46.375,-16.625,0.25,-0.7479135117962633,-0.7479135117962633,ground,1
46.375,-11.875,0.25,-0.715270592252417,-0.715270592252417,ground,1
46.375,-0.375,0.25,-0.6953063103085273,-0.6953063103085273,ground,1
46.375,1.375,0.25,-0.6650990223686515,-0.6650990223686515,ground,1
46.375,19.875,0.25,-0.6377655747002683,-0.6377655747002683,ground,1
46.375,22.625,0.25,-0.6401005312081672,-0.6401005312081672,ground,1
46.375,27.625,0.25,0.504741214720295,0.504741214720295,vegetation,1
46.375,31.375,0.25,-0.5941752837379524,-0.5941752837379524,ground,1
46.375,34.375,0.25,-0.552481786748507,-0.552481786748507,ground,1
46.375,39.375,0.25,1.8504324665833531,1.8504324665833531,vegetation,1
46.375,45.625,0.25,-0.5284053006373396,-0.5284053006373396,ground,1
46.375,50.875,0.25,-0.4852192457938376,-0.5004934562748025,ground,2
46.375,62.375,0.25,-0.43339636006504106,-0.43339636006504106,ground,1
46.625,-43.625,0.25,2.130094252904769,2.130094252904769,vegetation,1
46.625,-36.375,0.25,-0.8856625138961794,-0.8856625138961794,ground,1
46.625,-35.625,0.25,0.7394665580081187,0.7394665580081187,vegetation,1
46.625,-22.125,0.25,-0.7543769301842504,-0.7543769301842504,ground,1
46.625,-12.875,0.25,-0.7496898780594025,-0.7496898780594025,ground,1
46.625,-0.125,0.25,-0.7313573068641691,-0.7313573068641691,ground,1
46.625,7.375,0.25,-0.6723725318208087,-0.6723725318208087,ground,1
46.625,22.125,0.25,-0.5991525911815383,-0.5991525911815383,ground,1
46.625,27.875,0.25,-0.6189385196751085,-0.6189385196751085,ground,1
46.625,43.875,0.25,-0.5032987909512567,-0.5032987909512567,ground,1
46.625,46.125,0.25,-0.5386484073807533,-0.5386484073807533,ground,1
46.625,56.375,0.25,-0.460198023562856,-0.460198023562856,ground,1
46.625,72.375,0.25,-0.39068688421588577,-0.39068688421588577,ground,1
46.625,72.625,0.25,2.3725772086497097,2.3725772086497097,vegetation,1
46.875,-70.625,0.25,-0.9793598036476118,-0.9793598036476118,ground,1
46.875,-40.125,0.25,-0.871958715251898,-0.871958715251898,ground,1
46.875,-35.375,0.25,-0.8611670333947691,-0.8611670333947691,ground,1
46.875,-34.125,0.25,-0.7901486697761885,-0.7901486697761885,ground,1
46.875,-32.625,0.25,-0.8245750086461273,-0.8245750086461273,ground,1
46.875,-12.125,0.25,-0.793651610613973,-0.793651610613973,ground,1
46.875,8.625,0.25,-0.6750686418387822,-0.6750686418387822,ground,1
46.875,15.875,0.25,-0.640181348667264,-0.640181348667264,ground,1
46.875,36.125,0.25,-0.5280340490243987,-0.5451251058428263,ground,2
46.875,55.375,0.25,-0.46487627375151475,-0.46487627375151475,ground,1
46.875,57.875,0.25,-0.4252019947015386,-0.4252019947015386,ground,1
46.875,71.375,0.25,-0.4016955397379561,-0.4016955397379561,ground,1
47.125,-83.625,0.25,-1.0431481987745468,-1.0431481987745468,ground,1
47.125,-75.625,0.25,0.4189258816171023,0.4189258816171023,vegetation,1
47.125,-69.375,0.25,-0.9807416605889191,-0.9807416605889191,ground,1
47.125,-66.375,0.25,-0.9374991188482794,-0.9374991188482794,ground,1
47.125,-50.625,0.25,-0.8998019669456461,-0.8998019669456461,ground,1
47.125,-42.125,0.25,0.49616672234875026,0.49616672234875026,vegetation,1
47.125,-40.875,0.25,-0.8308353973590545,-0.8308353973590545,ground,1
47.125,-31.875,0.25,-0.8366470292976912,-0.8366470292976912,ground,1
47.125,-26.375,0.25,1.5687075061691722,1.5687075061691722,vegetation,1
47.125,-7.375,0.25,-0.6968774754521762,-0.6968774754521762,ground,1
47.125,-2.625,0.25,-0.690262418257172,-0.690262418257172,ground,1
47.125,26.125,0.25,-0.5882168686728202,-0.5882168686728202,ground,1
47.125,34.875,0.25,-0.5365024890569838,-0.5365024890569838,ground,1
47.125,43.125,0.25,-0.5482029221276967,-0.5482029221276967,ground,1
47.125,65.375,0.25,2.3960362663946917,2.3960362663946917,vegetation,1
47.125,68.875,0.25,2.14489158778526,2.14489158778526,vegetation,1
47.125,74.875,0.25,-0.4076692363574809,-0.4076692363574809,ground,1
47.375,-71.375,0.25,0.18685578793254115,0.18685578793254115,vegetation,1
47.375,-44.125,0.25,1.307106678507733,1.307106678507733,vegetation,1
47.375,-39.875,0.25,-0.8784381648292957,-0.8784381648292957,ground,1
47.375,-39.625,0.25,0.9423350560527938,0.9423350560527938,vegetation,1
47.375,-35.125,0.25,-0.8623049177801348,-0.8623049177801348,ground,1
47.375,-25.875,0.25,-0.7783213227414334,-0.7783213227414334,ground,1
47.375,-24.375,0.25,-0.8227427700805262,-0.8227427700805262,ground,1
47.375,-23.125,0.25,-0.7700275946741738,-0.7700275946741738,ground,1
47.375,-0.125,0.25,-0.7211708867281522,-0.7211708867281522,ground,1
47.375,8.375,0.25,-0.6792365158303063,-0.6792365158303063,ground,1
47.375,16.625,0.25,-0.6571548736207447,-0.6571548736207447,ground,1
47.375,28.375,0.25,-0.5968232171108098,-0.5968232171108098,ground,1
47.375,59.375,0.25,-0.4586766948773599,-0.4586766948773599,ground,1
47.625,-57.125,0.25,0.5189507444486656,0.5189507444486656,vegetation,1
47.625,-38.875,0.25,0.7572245399687818,0.7572245399687818,vegetation,1
47.625,-27.625,0.25,-0.8012348156989818,-0.8012348156989818,ground,1
47.625,-0.125,0.25,-0.7031128379368039,-0.7031128379368039,ground,1
47.625,16.125,0.25,-0.6501999443408669,-0.6501999443408669,ground,1
47.625,17.375,0.25,-0.6465271977603085,-0.6465271977603085,ground,1
47.625,34.625,0.25,1.2411394241200897,1.2411394241200897,vegetation,1
47.625,36.125,0.25,-0.5705792122271498,-0.5705792122271498,ground,1
47.625,44.125,0.25,2.0757708173178195,2.0757708173178195,vegetation,1
47.625,51.625,0.25,-0.520626876062854,-0.520626876062854,ground,1
47.625,52.625,0.25,-0.46318209806789845,-0.46318209806789845,ground,1
47.625,53.875,0.25,-0.4982165571795541,-0.4982165571795541,ground,1
47.625,55.875,0.25,1.128353839457537,1.128353839457537,vegetation,1
47.625,57.375,0.25,-0.495981247887128,-0.495981247887128,ground,1
47.625,75.875,0.25,2.084161108185738,2.084161108185738,vegetation,1
47.625,77.625,0.25,-0.4049508226210155,-0.4049508226210155,ground,1
47.625,79.875,0.25,0.7942734536951936,0.7942734536951936,vegetation,1
47.875,-63.375,0.25,0.7685727196325127,0.7685727196325127,vegetation,1
47.875,-40.375,0.25,0.11124136410021035,0.11124136410021035,vegetation,1
47.875,-39.375,0.25,-0.8844521588342138,-0.8844521588342138,ground,1
47.875,-37.625,0.25,-0.817071503984102,-0.817071503984102,ground,1
47.875,-5.125,0.25,-0.7317048831134323,-0.7317048831134323,ground,1
47.875,14.375,0.25,-0.7018626271604698,-0.7018626271604698,ground,1
47.875,14.625,0.25,-0.7166467017180731,-0.7166467017180731,ground,1
47.875,43.375,0.25,0.3017509910497528,0.3017509910497528,vegetation,1
47.875,77.625,0.25,-0.41981494387664936,-0.41981494387664936,ground,1
47.875,78.875,0.25,-0.3943670211844768,-0.3943670211844768,ground,1
47.875,86.625,0.25,-0.3748349561425703,-0.3748349561425703,ground,1
48.125,-79.125,0.25,0.530414337933229,0.530414337933229,vegetation,1
48.125,-60.375,0.25,-0.9723720096830683,-0.9723720096830683,ground,1
48.125,-47.375,0.25,-0.8717424248014106,-0.8717424248014106,ground,1
48.125,-39.375,0.25,-0.9233811607837481,-0.9233811607837481,ground,1
48.125,-26.375,0.25,1.3472138588045715,1.3472138588045715,vegetation,1
48.125,-13.875,0.25,-0.7946608732052849,-0.7946608732052849,ground,1
48.125,-11.875,0.25,-0.72930047586746,-0.72930047586746,ground,1
48.125,1.375,0.25,-0.7174692670900263,-0.7174692670900263,ground,1
48.125,7.375,0.25,-0.6961385726198611,-0.6961385726198611,ground,1
48.125,8.125,0.25,-0.6855928353408264,-0.7045448031410919,ground,2
48.125,9.125,0.25,-0.7187416346720344,-0.7187416346720344,ground,1
48.125,16.625,0.25,-0.6438955673985838,-0.6438955673985838,ground,1
48.125,26.625,0.25,-0.5841423715236416,-0.5841423715236416,ground,1
48.125,32.625,0.25,-0.5563303266973983,-0.5563303266973983,ground,1
48.125,41.125,0.25,-0.5062771111417814,-0.5062771111417814,ground,1
48.125,42.375,0.25,-0.5392275329560002,-0.5392275329560002,ground,1
48.125,56.125,0.25,-0.50260770653469,-0.50260770653469,ground,1
48.125,68.375,0.25,-0.4553381081860404,-0.4553381081860404,ground,1
48.125,75.625,0.25,-0.4252254373979262,-0.4252254373979262,ground,1
48.375,-68.375,0.25,-0.968802453813507,-0.968802453813507,ground,1
48.375,-64.375,0.25,-1.0066174710098053,-1.0066174710098053,ground,1
48.375,-46.375,0.25,0.08215864221575075,0.08215864221575075,vegetation,1
48.375,-22.375,0.25,-0.8372090806259851,-0.8372090806259851,ground,1
48.375,-19.875,0.25,-0.7675854433360145,-0.7675854433360145,ground,1
48.375,0.375,0.25,-0.7629180818965162,-0.7629180818965162,ground,1
48.375,0.875,0.25,-0.7403498293786183,-0.7403498293786183,ground,1
48.375,5.875,0.25,-0.7191662079200419,-0.7191662079200419,ground,1
48.375,7.375,0.25,-0.7031070213252271,-0.7031070213252271,ground,1
48.375,16.625,0.25,-0.7342528166063119,-0.7342528166063119,ground,1
48.375,22.375,0.25,-0.6825193265839844,-0.6825193265839844,ground,1
48.375,29.625,0.25,-0.658666796432114,-0.658666796432114,ground,1
48.375,40.625,0.25,-0.5620671589905949,-0.5620671589905949,ground,1
48.375,73.625,0.25,1.9000540558952252,1.9000540558952252,vegetation,1
48.375,82.875,0.25,-0.39711035195768574,-0.39711035195768574,ground,1
48.625,-64.125,0.25,-1.00831598799686,-1.00831598799686,ground,1
48.625,-60.625,0.25,-0.9687231255124452,-0.9687231255124452,ground,1
48.625,-50.625,0.25,1.1988551020473486,0.12160091826811131,ground,2
48.625,-46.125,0.25,1.9439410696830055,1.9439410696830055,vegetation,1
48.625,-35.125,0.25,-0.8443900756229058,-0.8443900756229058,ground,1
48.625,-33.875,0.25,-0.8465673232353924,-0.8465673232353924,ground,1
48.625,-24.625,0.25,-0.8366360846492695,-0.8366360846492695,ground,1
48.625,-18.625,0.25,-0.8278935335643487,-0.8278935335643487,ground,1
48.625,-3.625,0.25,-0.7567371750223009,-0.7567371750223009,ground,1
48.625,3.125,0.25,-0.7015515149114002,-0.7015515149114002,ground,1
48.625,10.625,0.25,-0.6574851469030336,-0.6574851469030336,ground,1
48.625,26.125,0.25,-0.6217456982637727,-0.6217456982637727,ground,1
48.625,27.625,0.25,-0.6009801455774912,-0.6311767187243391,ground,2
48.625,30.875,0.25,0.9406944032767659,0.9406944032767659,vegetation,1
48.625,34.125,0.25,-0.5553009658070801,-0.5553009658070801,ground,1
48.625,42.625,0.25,-0.5549457652464053,-0.5549457652464053,ground,1
48.625,51.625,0.25,-0.5626024534161044,-0.5626024534161044,ground,1
48.625,52.875,0.25,0.3186845447613823,0.3186845447613823,vegetation,1
48.625,59.375,0.25,2.302570245880812,2.302570245880812,vegetation,1
48.625,66.125,0.25,-0.48420605511997483,-0.48420605511997483,ground,1
48.625,69.875,0.25,-0.4244492532158487,-0.4244492532158487,ground,1
48.625,74.125,0.25,1.065201626558772,1.065201626558772,vegetation,1
48.625,77.625,0.25,0.47529429187954186,0.47529429187954186,vegetation,1
48.625,83.625,0.25,-0.3625479603938309,-0.3625479603938309,ground,1
48.875,-78.875,0.25,-1.0595660263849334,-1.0595660263849334,ground,1
48.875,-75.875,0.25,-1.0249013291295073,-1.0249013291295073,ground,1
48.875,-75.625,0.25,0.21854711376254582,0.21854711376254582,vegetation,1
48.875,-72.875,0.25,1.4860520713083107,1.4860520713083107,vegetation,1
48.875,-63.875,0.25,1.779481032784279,1.779481032784279,vegetation,1
48.875,-54.625,0.25,-0.9379976841874215,-0.9379976841874215,ground,1
48.875,-24.625,0.25,-0.8058309194516045,-0.8058309194516045,ground,1
48.875,-11.875,0.25,-0.7903879174094416,-0.7942966767885786,ground,2
48.875,-8.625,0.25,-0.7847704700619985,-0.7847704700619985,ground,1
48.875,-7.875,0.25,-0.7317669541321161,-0.7317669541321161,ground,1
48.875,-7.125,0.25,-0.749631092794378,-0.749631092794378,ground,1
48.875,-6.125,0.25,-0.741589886125481,-0.741589886125481,ground,1
48.875,27.625,0.25,2.3101031009164075,2.3101031009164075,vegetation,1
48.875,58.125,0.25,-0.4882229774430745,-0.4882229774430745,ground,1
48.875,64.625,0.25,-0.45865083552443064,-0.45865083552443064,ground,1
48.875,79.875,0.25,-0.4004264105843016,-0.4004264105843016,ground,1
49.125,-64.875,0.25,-1.0550545021493767,-1.0550545021493767,ground,1
49.125,-42.125,0.25,-0.9111098639429104,-0.9111098639429104,ground,1
49.125,-38.125,0.25,-0.8850501989626242,-0.8850501989626242,ground,1
49.125,-24.375,0.25,-0.8409793744346088,-0.8409793744346088,ground,1
49.125,-22.875,0.25,-0.8109526463409472,-0.8109526463409472,ground,1
49.125,-10.875,0.25,-0.7784152543698183,-0.7784152543698183,ground,1
49.125,15.625,0.25,-0.6380039647568654,-0.6380039647568654,ground,1
49.125,35.625,0.25,1.2004909995269246,1.2004909995269246,vegetation,1
49.125,36.625,0.25,-0.5674943121508947,-0.5674943121508947,ground,1
49.125,73.125,0.25,-0.4766248818717658,-0.4766248818717658,ground,1
49.125,86.625,0.25,-0.39300132602242277,-0.39300132602242277,ground,1
49.375,-71.875,0.25,0.7826450941921487,-0.11945499058297687,ground,2
49.375,-43.875,0.25,-0.9395952502296563,-0.9395952502296563,ground,1
49.375,-43.375,0.25,-0.9345988894882745,-0.9345988894882745,ground,1
49.375,-41.875,0.25,0.16021827212613238,0.16021827212613238,vegetation,1
49.375,-29.875,0.25,-0.9044120917146439,-0.9044120917146439,ground,1
49.375,-27.875,0.25,-0.8769149820513505,-0.8769149820513505,ground,1
49.375,-22.125,0.25,-0.851892428011825,-0.851892428011825,ground,1
49.375,-21.875,0.25,-0.8522620216915129,-0.8522620216915129,ground,1
49.375,6.875,0.25,-0.6996456567612419,-0.6996456567612419,ground,1
49.375,26.875,0.25,1.066367001774199,1.066367001774199,vegetation,1
49.375,46.375,0.25,-0.5262089970062533,-0.5262089970062533,ground,1
49.625,-80.875,0.25,0.912188728317813,0.912188728317813,vegetation,1
49.625,-40.625,0.25,0.04496118892874121,0.04496118892874121,vegetation,1
49.625,-15.625,0.25,-0.796182419375851,-0.796182419375851,ground,1
49.625,-3.625,0.25,-0.753423724337845,-0.753423724337845,ground,1
49.625,10.375,0.25,-0.7170683757603485,-0.7170683757603485,ground,1
49.625,14.375,0.25,-0.6588055900176815,-0.6588055900176815,ground,1
49.625,23.375,0.25,-0.6922824206848297,-0.6922824206848297,ground,1
49.625,24.375,0.25,-0.6374376757300316,-0.6374376757300316,ground,1
49.625,35.625,0.25,0.5903870730633145,0.5903870730633145,vegetation,1
49.625,37.375,0.25,2.001021000646536,2.001021000646536,vegetation,1
49.625,57.375,0.25,0.9268470972113299,0.9268470972113299,vegetation,1
49.625,66.375,0.25,-0.45520723351147974,-0.45520723351147974,ground,1
49.875,-79.125,0.25,-1.0702662761128912,-1.0702662761128912,ground,1
49.875,-66.375,0.25,-1.043036975768109,-1.043036975768109,ground,1
49.875,-43.625,0.25,-0.9149579417657929,-0.9149579417657929,ground,1
49.875,-35.125,0.25,1.8660507503150456,1.8660507503150456,vegetation,1
49.875,-18.375,0.25,-0.813072371241835,-0.813072371241835,ground,1
49.875,-11.375,0.25,-0.7925527803310155,-0.7925527803310155,ground,1
49.875,17.125,0.25,-0.7018134607648999,-0.7018134607648999,ground,1
49.875,39.875,0.25,-0.5817203489107883,-0.5817203489107883,ground,1
49.875,55.625,0.25,-0.5560915675017049,-0.5560915675017049,ground,1
49.875,57.375,0.25,0.32811154255532005,0.32811154255532005,vegetation,1
49.875,77.375,0.25,-0.38415258742504443,-0.38415258742504443,ground,1
50.125,-80.625,0.25,-1.0860498928479345,-1.0860498928479345,ground,1
50.125,-62.125,0.25,1.2616929983712943,0.7745923651762063,vegetation,2
50.125,-47.625,0.25,-0.9230916963185481,-0.9230916963185481,ground,1
50.125,-20.375,0.25,-0.8084958822834417,-0.8084958822834417,ground,1
50.125,-5.125,0.25,-0.771920037419474,-0.771920037419474,ground,1
50.125,39.875,0.25,2.2102021920445045,2.2102021920445045,vegetation,1
50.125,57.625,0.25,-0.5241898972993172,-0.5241898972993172,ground,1
50.125,60.375,0.25,-0.5137831799177017,-0.5137831799177017,ground,1
50.125,73.125,0.25,-0.45528175364090695,-0.45528175364090695,ground,1
50.125,79.375,0.25,-0.46814730398894555,-0.46814730398894555,ground,1
50.375,-85.875,0.25,0.019951837570291175,0.019951837570291175,vegetation,1
50.375,-83.125,0.25,-1.05851562516627,-1.05851562516627,ground,1
50.375,-79.375,0.25,-1.0818450210009984,-1.0818450210009984,ground,1
50.375,-77.875,0.25,-1.0254817948379105,-1.0254817948379105,ground,1
50.375,-76.375,0.25,-1.0762275960990428,-1.0762275960990428,ground,1
50.375,-65.875,0.25,-1.018351882661563,-1.018351882661563,ground,1
50.375,-34.875,0.25,-0.8487845722345065,-0.8487845722345065,ground,1
50.375,-24.125,0.25,-0.8539980363600904,-0.8539980363600904,ground,1
50.375,5.125,0.25,-0.718195938655868,-0.718195938655868,ground,1
50.375,12.625,0.25,-0.6942161747519955,-0.6942161747519955,ground,1
50.375,21.875,0.25,-0.6477961536213289,-0.6477961536213289,ground,1
50.375,34.625,0.25,-0.6262766463192752,-0.6262766463192752,ground,1
50.375,39.375,0.25,2.2208021103775715,2.2208021103775715,vegetation,1
50.375,61.125,0.25,0.4630873163871675,0.4630873163871675,vegetation,1
50.625,-85.625,0.25,-1.0709861940274648,-1.0709861940274648,ground,1
50.625,-51.625,0.25,-0.9703294286642158,-0.9703294286642158,ground,1
50.625,-28.875,0.25,-0.8551651851403109,-0.8551651851403109,ground,1
50.625,0.125,0.25,-0.7352896239642535,-0.7352896239642535,ground,1
50.625,10.875,0.25,-0.6819773949396866,-0.6819773949396866,ground,1
50.625,17.625,0.25,-0.6695798056548439,-0.6695798056548439,ground,1
50.625,32.625,0.25,-0.6198447728750238,-0.6198447728750238,ground,1
50.625,39.125,0.25,-0.5687362795520131,-0.5687362795520131,ground,1
50.625,54.875,0.25,1.021657684052736,1.021657684052736,vegetation,1
50.625,75.875,0.25,1.9690449132624177,1.9690449132624177,vegetation,1
50.875,-75.125,0.25,1.9439597614441346,1.9439597614441346,vegetation,1
50.875,-66.875,0.25,0.3692626890709715,0.3692626890709715,vegetation,1
50.875,-55.375,0.25,-0.9351908930081055,-0.9351908930081055,ground,1
50.875,-48.875,0.25,-0.9638360019514093,-0.9638360019514093,ground,1
50.875,-34.125,0.25,1.3119202071346807,1.3119202071346807,vegetation,1
50.875,-14.125,0.25,-0.8076502642804965,-0.8076502642804965,ground,1
50.875,-6.375,0.25,-0.7608650087268681,-0.7608650087268681,ground,1
50.875,-3.125,0.25,-0.7653907511865321,-0.7653907511865321,ground,1
50.875,24.875,0.25,-0.6401614526740287,-0.6401614526740287,ground,1
50.875,25.125,0.25,-0.6550845003585826,-0.6550845003585826,ground,1
50.875,44.625,0.25,-0.5803381491386368,-0.5803381491386368,ground,1
50.875,47.125,0.25,1.3387885653185605,1.3387885653185605,vegetation,1
50.875,48.375,0.25,2.441146101333867,2.441146101333867,vegetation,1
50.875,53.375,0.25,-0.5286959267747726,-0.5286959267747726,ground,1
50.875,53.875,0.25,1.1910697422910674,1.1910697422910674,vegetation,1
50.875,63.875,0.25,-0.5094123304537063,-0.5094123304537063,ground,1
50.875,73.875,0.25,-0.46198181057456716,-0.46198181057456716,ground,1
50.875,85.125,0.25,-0.4604437790855988,-0.4604437790855988,ground,1
51.125,-85.125,0.25,-1.108984849509578,-1.108984849509578,ground,1
51.125,-84.125,0.25,-1.111804947463854,-1.111804947463854,ground,1
51.125,-83.375,0.25,-1.090680162848869,-1.090680162848869,ground,1
51.125,-34.125,0.25,-0.8970306901715861,-0.8970306901715861,ground,1
51.125,-16.875,0.25,-0.8235597093829693,-0.8235597093829693,ground,1
51.125,21.375,0.25,-0.7146629660083998,-0.7146629660083998,ground,1
51.125,37.125,0.25,-0.6148194379417812,-0.6148194379417812,ground,1
51.125,48.125,0.25,-0.5837042412052856,-0.5837042412052856,ground,1
51.125,48.375,0.25,0.917836175676208,0.917836175676208,vegetation,1
51.125,65.125,0.25,1.309018700720196,1.309018700720196,vegetation,1
51.125,71.375,0.25,-0.47497777932466845,-0.47497777932466845,ground,1
51.125,78.875,0.25,1.2892180292566253,1.2892180292566253,vegetation,1
51.125,80.875,0.25,-0.41377520789849415,-0.41377520789849415,ground,1
51.375,-67.375,0.25,-1.07448419867523,-1.07448419867523,ground,1
51.375,-55.375,0.25,-0.9920764601140211,-0.9920764601140211,ground,1
51.375,-13.125,0.25,-0.8177164740040562,-0.8177164740040562,ground,1
51.375,3.125,0.25,-0.723268365562258,-0.723268365562258,ground,1
51.375,5.125,0.25,-0.71778086581542,-0.71778086581542,ground,1
51.375,10.375,0.25,-0.7593027639550222,-0.7593027639550222,ground,1
51.375,19.125,0.25,-0.7015948167795697,-0.7015948167795697,ground,1
51.375,36.125,0.25,0.4720792991770478,0.4720792991770478,vegetation,1
51.375,47.375,0.25,0.6636827956609159,0.6636827956609159,vegetation,1
51.375,52.875,0.25,2.1506527090773435,2.1506527090773435,vegetation,1
51.375,53.875,0.25,-0.5642021554625449,-0.5642021554625449,ground,1
51.375,60.125,0.25,2.1565286352150284,2.1565286352150284,vegetation,1
51.375,60.875,0.25,-0.5147047756472122,-0.5147047756472122,ground,1
51.375,75.125,0.25,-0.4871978121929924,-0.4871978121929924,ground,1
51.625,-79.875,0.25,1.6414952326580727,1.6414952326580727,vegetation,1
51.625,-61.625,0.25,-0.9932295219757725,-0.9932295219757725,ground,1
51.625,-58.375,0.25,-1.0181163561695326,-1.0181163561695326,ground,1
51.625,-50.375,0.25,-0.9721303372101212,-0.9721303372101212,ground,1
51.625,-50.125,0.25,0.8947410779865026,0.8947410779865026,vegetation,1
51.625,-44.625,0.25,-0.9484305900102765,-0.9484305900102765,ground,1
51.625,-36.875,0.25,-0.8683019426189168,-0.8683019426189168,ground,1
51.625,-31.875,0.25,-0.8406719234121354,-0.8406719234121354,ground,1
51.625,-28.625,0.25,-0.8217254238421735,-0.8217254238421735,ground,1
51.625,-20.375,0.25,-0.8616623842374624,-0.8616623842374624,ground,1
51.625,-19.125,0.25,-0.8839449849771407,-0.8839449849771407,ground,1
51.625,9.375,0.25,-0.7561259105049664,-0.7561259105049664,ground,1
51.625,9.625,0.25,-0.7331300525443499,-0.7331300525443499,ground,1
51.625,17.875,0.25,-0.7346455592631282,-0.7346455592631282,ground,1
51.625,22.125,0.25,-0.6598711490186564,-0.6598711490186564,ground,1
51.625,29.625,0.25,-0.6321034045701688,-0.6321034045701688,ground,1
51.625,30.875,0.25,1.2917830455406971,1.2917830455406971,vegetation,1
51.625,43.375,0.25,1.439367625494898,1.439367625494898,vegetation,1
51.625,56.625,0.25,-0.5798950902330254,-0.5798950902330254,ground,1
51.875,-84.125,0.25,1.6982629979654162,1.6982629979654162,vegetation,1
51.875,-78.875,0.25,0.6311060204036566,0.6311060204036566,vegetation,1
51.875,-63.125,0.25,1.4143131639241735,1.4143131639241735,vegetation,1
51.875,-51.125,0.25,0.27242315282104135,0.27242315282104135,vegetation,1
51.875,-50.625,0.25,-0.021911981228823596,-0.021911981228823596,vegetation,1
51.875,-37.625,0.25,-0.9351888122246769,-0.9351888122246769,ground,1
51.875,-31.625,0.25,-0.9151751007340336,-0.9151751007340336,ground,1
51.875,-19.125,0.25,-0.8775063489177864,-0.8775063489177864,ground,1
51.875,-18.125,0.25,-0.8553325983044716,-0.8553325983044716,ground,1
51.875,-4.375,0.25,-0.7709359821690192,-0.7709359821690192,ground,1
51.875,-3.625,0.25,-0.763876866129451,-0.763876866129451,ground,1
51.875,3.125,0.25,-0.7407398460123052,-0.7407398460123052,ground,1
51.875,7.125,0.25,-0.7713503812285326,-0.7713503812285326,ground,1
51.875,29.875,0.25,-0.659035408876547,-0.659035408876547,ground,1
51.875,71.625,0.25,-0.519840938509552,-0.519840938509552,ground,1
51.875,75.625,0.25,-0.48232026284846136,-0.48232026284846136,ground,1
51.875,76.625,0.25,-0.4530240174303621,-0.4530240174303621,ground,1
51.875,85.375,0.25,-0.4235989183304696,-0.4235989183304696,ground,1
52.125,-85.125,0.25,0.40434578853498215,0.40434578853498215,vegetation,1
52.125,-30.375,0.25,-0.86433010002136,-0.86433010002136,ground,1
52.125,-18.875,0.25,-0.8507931040177915,-0.8637423049383868,ground,2
52.125,-6.125,0.25,-0.77370448877133,-0.77370448877133,ground,1
52.125,-5.875,0.25,-0.8201960387036842,-0.8201960387036842,ground,1
52.125,1.125,0.25,-0.7859586557298159,-0.7859586557298159,ground,1
52.125,11.625,0.25,-0.7725927791767353,-0.7725927791767353,ground,1
52.125,22.625,0.25,-0.6569471165512065,-0.6569471165512065,ground,1
52.125,27.625,0.25,1.7998730176222746,1.7998730176222746,vegetation,1
52.125,32.125,0.25,-0.6482649843978753,-0.6482649843978753,ground,1
52.125,43.625,0.25,-0.6114695461761906,-0.6114695461761906,ground,1
52.125,52.375,0.25,-0.570504280405464,-0.570504280405464,ground,1
52.375,-38.375,0.25,-0.9794347084206086,-0.9794347084206086,ground,1
52.375,-34.375,0.25,-0.9407165689993802,-0.9407165689993802,ground,1
52.375,-31.375,0.25,-0.9367785630344712,-0.9367785630344712,ground,1
52.375,-26.375,0.25,-0.891042824985327,-0.891042824985327,ground,1
52.375,-24.875,0.25,-0.8766828139840385,-0.8766828139840385,ground,1
52.375,-17.875,0.25,-0.8509284020829845,-0.8509284020829845,ground,1
52.375,-12.625,0.25,-0.7868932298411402,-0.7868932298411402,ground,1
52.375,4.375,0.25,-0.8009705354048464,-0.8009705354048464,ground,1
52.375,25.875,0.25,1.9344381917784288,1.9344381917784288,vegetation,1
52.375,31.625,0.25,0.594954656690412,0.594954656690412,vegetation,1
52.375,34.375,0.25,-0.6422696086970224,-0.6422696086970224,ground,1
52.375,48.125,0.25,1.1328090007202074,1.1328090007202074,vegetation,1
52.375,54.625,0.25,-0.6139065875225355,-0.6139065875225355,ground,1
52.375,56.625,0.25,-0.5677873367493875,-0.5677873367493875,ground,1
52.375,58.875,0.25,-0.6165190724065424,-0.6165190724065424,ground,1
52.375,59.875,0.25,-0.503087692817796,-0.503087692817796,ground,1
52.375,61.875,0.25,0.5709621784652621,0.5709621784652621,vegetation,1
52.375,82.125,0.25,-0.4505604467640548,-0.4505604467640548,ground,1
52.625,-35.625,0.25,1.9874959641247179,1.9874959641247179,vegetation,1
52.625,-31.125,0.25,-0.8778647101227051,-0.8778647101227051,ground,1
52.625,-29.875,0.25,-0.8611342999017252,-0.8611342999017252,ground,1
52.625,-27.625,0.25,-0.06318929393586085,-0.06318929393586085,vegetation,1
52.625,-20.375,0.25,-0.8901385720701793,-0.8901385720701793,ground,1
52.625,-18.125,0.25,-0.868908071040663,-0.868908071040663,ground,1
52.625,-11.875,0.25,-0.8716833844322276,-0.8716833844322276,ground,1
52.625,-3.875,0.25,-0.8252984231282157,-0.8252984231282157,ground,1
52.625,-1.125,0.25,-0.7756851905586943,-0.7756851905586943,ground,1
52.625,2.625,0.25,-0.7897862197932202,-0.7897862197932202,ground,1
52.625,4.125,0.25,-0.7530665169795487,-0.7530665169795487,ground,1
52.625,17.625,0.25,-0.7055502183762772,-0.7055502183762772,ground,1
52.625,57.625,0.25,0.5612386858606784,0.5612386858606784,vegetation,1
52.875,-81.375,0.25,-1.1466293557442975,-1.1466293557442975,ground,1
52.875,-60.375,0.25,-1.0311400142535314,-1.0311400142535314,ground,1
52.875,-53.125,0.25,-0.9686232674583591,-0.9686232674583591,ground,1
52.875,-35.625,0.25,-0.9424109602912729,-0.9424109602912729,ground,1
52.875,-34.625,0.25,-0.941501127501433,-0.941501127501433,ground,1
52.875,-29.125,0.25,0.3423442537768649,0.3423442537768649,vegetation,1
52.875,-19.875,0.25,-0.879530794743635,-0.879530794743635,ground,1
52.875,-7.125,0.25,-0.8298392104855946,-0.8298392104855946,ground,1
52.875,-2.625,0.25,-0.8318495936517424,-0.8318495936517424,ground,1
52.875,3.375,0.25,-0.7521653856946574,-0.7521653856946574,ground,1
52.875,4.875,0.25,-0.7686865498144712,-0.7820610633194848,ground,2
52.875,35.375,0.25,-0.6558759713649008,-0.6558759713649008,ground,1
52.875,57.625,0.25,-0.5454338439697151,-0.5454338439697151,ground,1
53.125,-73.125,0.25,-1.1007062859031176,-1.1007062859031176,ground,1
53.125,-59.125,0.25,0.2989543165428413,0.2989543165428413,vegetation,1
53.125,-51.125,0.25,-0.9940004756398471,-0.9940004756398471,ground,1
53.125,-6.375,0.25,-0.7665543234148399,-0.7665543234148399,ground,1
53.125,-4.125,0.25,-0.8186382593535394,-0.8186382593535394,ground,1
53.125,24.875,0.25,-0.7074455499723751,-0.7074455499723751,ground,1
53.125,27.875,0.25,-0.6817097750250245,-0.6817097750250245,ground,1
53.125,41.875,0.25,-0.644975450111465,-0.644975450111465,ground,1
53.125,62.375,0.25,-0.5491423399014796,-0.5491423399014796,ground,1
53.125,71.625,0.25,0.9234898737221798,0.9234898737221798,vegetation,1
53.375,-72.875,0.25,-1.1030445135010694,-1.1030445135010694,ground,1
53.375,-67.875,0.25,-1.0610063896443487,-1.0610063896443487,ground,1
53.375,-46.125,0.25,-0.9197518243661693,-0.9197518243661693,ground,1
53.375,-37.375,0.25,-0.9617950126247277,-0.9617950126247277,ground,1
53.375,-34.875,0.25,-0.956538737699751,-0.956538737699751,ground,1
53.375,-33.375,0.25,-0.8996009903124805,-0.8996009903124805,ground,1
53.375,-16.875,0.25,-0.8639610178729739,-0.8639610178729739,ground,1
53.375,-5.625,0.25,-0.8069299034779229,-0.8069299034779229,ground,1
53.375,-1.625,0.25,-0.8001275018105164,-0.8001275018105164,ground,1
53.375,14.375,0.25,-0.7303007166760119,-0.7303007166760119,ground,1
53.375,20.625,0.25,-0.6959497492192968,-0.6959497492192968,ground,1
53.375,25.125,0.25,-0.6995772617049567,-0.6995772617049567,ground,1
53.375,38.625,0.25,-0.6321401889795027,-0.6321401889795027,ground,1
53.375,39.375,0.25,2.0839822853175436,2.0839822853175436,vegetation,1
53.375,43.625,0.25,0.9374394424866167,0.9374394424866167,vegetation,1
53.375,50.875,0.25,1.3335360309506865,1.3335360309506865,vegetation,1
53.375,60.875,0.25,-0.550919092067945,-0.550919092067945,ground,1
53.625,-67.625,0.25,-0.19261185372119624,-0.19261185372119624,vegetation,1
53.625,-45.875,0.25,1.0352954670127361,1.0352954670127361,vegetation,1
53.625,-31.875,0.25,-0.9584983388534047,-0.9584983388534047,ground,1
53.625,-24.625,0.25,-0.8658350880490878,-0.8658350880490878,ground,1
53.625,-23.875,0.25,-0.9040244932977496,-0.9040244932977496,ground,1
53.625,-18.875,0.25,-0.8949699120850739,-0.8949699120850739,ground,1
53.625,10.875,0.25,-0.7490553122285022,-0.7490553122285022,ground,1
53.625,19.375,0.25,-0.7244958306847783,-0.7244958306847783,ground,1
53.625,21.375,0.25,-0.7249844375464887,-0.7249844375464887,ground,1
53.625,22.625,0.25,-0.6859246468928174,-0.6859246468928174,ground,1
53.625,56.875,0.25,-0.6024368286674578,-0.6024368286674578,ground,1
53.625,60.125,0.25,1.1799367216963912,1.1799367216963912,vegetation,1
53.625,65.875,0.25,-0.5844618240457407,-0.5844618240457407,ground,1
53.875,-73.125,0.25,-0.24847057954269447,-0.24847057954269447,vegetation,1
53.875,-61.375,0.25,1.1912730867397887,1.1912730867397887,vegetation,1
53.875,-39.375,0.25,0.9148723693816962,0.9148723693816962,vegetation,1
53.875,-33.375,0.25,-0.9501015018878485,-0.9501015018878485,ground,1
53.875,-26.625,0.25,-0.9019843426247356,-0.9019843426247356,ground,1
53.875,-26.125,0.25,-0.8811194684912189,-0.8811194684912189,ground,1
53.875,-8.125,0.25,-0.8270579155670411,-0.8270579155670411,ground,1
53.875,-3.375,0.25,-0.7613742030162689,-0.7613742030162689,ground,1
53.875,1.625,0.25,-0.8694029796637177,-0.8694029796637177,ground,1
53.875,3.375,0.25,-0.789114892482839,-0.789114892482839,ground,1
53.875,23.375,0.25,-0.707021203121224,-0.707021203121224,ground,1
53.875,24.375,0.25,-0.7075830431488497,-0.7075830431488497,ground,1
53.875,41.625,0.25,1.3606434580199416,1.3606434580199416,vegetation,1
53.875,47.625,0.25,-0.6089676315725053,-0.6089676315725053,ground,1
53.875,72.625,0.25,0.951097129802187,0.951097129802187,vegetation,1
53.875,77.125,0.25,-0.49180105065552676,-0.49180105065552676,ground,1
53.875,81.625,0.25,2.21423760294381,2.21423760294381,vegetation,1
54.125,-81.875,0.25,-1.1704208126044064,-1.1704208126044064,ground,1
54.125,-56.625,0.25,-1.034255576063651,-1.034255576063651,ground,1
54.125,-38.125,0.25,-0.9516152193290244,-0.9516152193290244,ground,1
54.125,-29.625,0.25,0.02359291088141177,0.02359291088141177,vegetation,1
54.125,-27.875,0.25,-0.9484444640961194,-0.9484444640961194,ground,1
54.125,-23.375,0.25,-0.9109826150663722,-0.9109826150663722,ground,1
54.125,-19.625,0.25,-0.9269467220964411,-0.9269467220964411,ground,1
54.125,-17.375,0.25,-0.8902714714646225,-0.8902714714646225,ground,1
54.125,-13.875,0.25,-0.8606008313803054,-0.8606008313803054,ground,1
54.125,-12.625,0.25,-0.8452008265667588,-0.8452008265667588,ground,1
54.125,-3.125,0.25,-0.8417841320979885,-0.8417841320979885,ground,1
54.125,-1.875,0.25,-0.8662912036545933,-0.8662912036545933,ground,1
54.125,1.625,0.25,-0.8115370889219279,-0.8115370889219279,ground,1
54.125,4.625,0.25,-0.8204925839095383,-0.8204925839095383,ground,1
54.125,8.625,0.25,-0.7643027844216989,-0.7643027844216989,ground,1
54.125,15.125,0.25,-0.7612087740778314,-0.7612087740778314,ground,1
54.125,18.375,0.25,-0.7497872690280907,-0.763126320610549,ground,2
54.125,22.375,0.25,-0.7255347416781662,-0.7255347416781662,ground,1
54.125,22.875,0.25,-0.7074814546995593,-0.7074814546995593,ground,1
54.125,53.875,0.25,-0.5669713269154079,-0.5669713269154079,ground,1
54.125,55.375,0.25,-0.5978820989208491,-0.5978820989208491,ground,1
54.125,72.625,0.25,-0.5173209585355429,-0.5173209585355429,ground,1
54.125,78.875,0.25,-0.4779175239893191,-0.4779175239893191,ground,1
54.125,79.875,0.25,0.4564692352625762,0.4564692352625762,vegetation,1
54.375,-64.875,0.25,-1.0930041226295402,-1.0930041226295402,ground,1
54.375,-53.625,0.25,-1.064240311216894,-1.064240311216894,ground,1
54.375,-51.625,0.25,1.3580094062911774,1.3580094062911774,vegetation,1
54.375,-36.125,0.25,-0.9851433944378873,-0.9851433944378873,ground,1
54.375,-30.375,0.25,-0.9323925205567023,-0.9323925205567023,ground,1
54.375,-24.125,0.25,-0.9234613567381117,-0.9234613567381117,ground,1
54.375,-23.875,0.25,-0.935177946231539,-0.935177946231539,ground,1
54.375,-6.625,0.25,-0.8472241724956691,-0.8472241724956691,ground,1
54.375,1.625,0.25,-0.7751554043106206,-0.7751554043106206,ground,1
54.375,14.125,0.25,-0.766442957120884,-0.766442957120884,ground,1
54.375,28.375,0.25,-0.6549438776917066,-0.6549438776917066,ground,1
54.375,32.375,0.25,1.917643599632851,1.917643599632851,vegetation,1
54.375,38.875,0.25,-0.6203351671826182,-0.6203351671826182,ground,1
54.375,54.125,0.25,-0.5746783832434734,-0.5746783832434734,ground,1
54.375,56.125,0.25,-0.6215028247361383,-0.6215028247361383,ground,1
54.375,59.375,0.25,-0.5602482184663089,-0.5602482184663089,ground,1
54.375,73.125,0.25,-0.5365660394183729,-0.5365660394183729,ground,1
54.375,79.125,0.25,-0.5059925954914658,-0.5059925954914658,ground,1
54.625,-70.375,0.25,-1.1163251237553553,-1.1163251237553553,ground,1
54.625,-69.875,0.25,-1.1367095589568104,-1.1367095589568104,ground,1
54.625,-43.375,0.25,1.6548175416248716,1.6548175416248716,vegetation,1
54.625,-28.625,0.25,-0.9164747560918808,-0.9164747560918808,ground,1
54.625,-17.125,0.25,-0.8741437607310297,-0.8741437607310297,ground,1
54.625,-4.375,0.25,-0.8276616003180678,-0.8276616003180678,ground,1
54.625,36.625,0.25,0.963680951265879,0.963680951265879,vegetation,1
54.625,43.125,0.25,-0.5946277088665134,-0.5946277088665134,ground,1
54.625,55.625,0.25,-0.5877743409212227,-0.5877743409212227,ground,1
54.875,-73.875,0.25,-1.172612810249392,-1.172612810249392,ground,1
54.875,-24.125,0.25,-0.945462370400554,-0.945462370400554,ground,1
54.875,-14.625,0.25,-0.8580806790605343,-0.8580806790605343,ground,1
54.875,-6.875,0.25,-0.8833369569108874,-0.8833369569108874,ground,1
54.875,-4.125,0.25,-0.8113749108724277,-0.8113749108724277,ground,1
54.875,0.125,0.25,-0.8166341218871517,-0.8166341218871517,ground,1
54.875,41.625,0.25,-0.655288301384203,-0.655288301384203,ground,1
54.875,47.125,0.25,1.864628830063685,1.864628830063685,vegetation,1
54.875,62.375,0.25,1.7593622340118924,1.7593622340118924,vegetation,1
54.875,69.375,0.25,2.243639528135407,2.243639528135407,vegetation,1
55.125,-76.625,0.25,0.22630210487068436,0.22630210487068436,vegetation,1
55.125,-72.375,0.25,-0.14401453081284923,-0.14401453081284923,vegetation,1
55.125,-50.375,0.25,0.09175849121917695,0.09175849121917695,vegetation,1
55.125,-43.375,0.25,-1.0204058272990748,-1.0204058272990748,ground,1
55.125,-42.125,0.25,-1.0245704485118066,-1.0245704485118066,ground,1
55.125,-0.875,0.25,-0.8396864180066126,-0.8396864180066126,ground,1
55.125,3.625,0.25,-0.792440911546719,-0.792440911546719,ground,1
55.125,7.375,0.25,-0.851645006389836,-0.851645006389836,ground,1
55.125,10.875,0.25,-0.8045651540021999,-0.8045651540021999,ground,1
55.125,11.375,0.25,-0.7594414400187564,-0.7594414400187564,ground,1
55.125,28.375,0.25,0.272051708116156,0.272051708116156,vegetation,1
55.125,50.375,0.25,-0.6173910020221515,-0.6173910020221515,ground,1
55.125,50.625,0.25,-0.6262564473796841,-0.6262564473796841,ground,1
55.125,60.375,0.25,-0.5700984578646975,-0.5700984578646975,ground,1
55.375,-69.375,0.25,-1.1385388472448605,-1.1385388472448605,ground,1
55.375,-55.625,0.25,1.3650500799199856,1.3650500799199856,vegetation,1
55.375,-46.125,0.25,-1.0342465082092065,-1.0342465082092065,ground,1
55.375,-37.125,0.25,-0.9976752063328052,-0.9976752063328052,ground,1
55.375,-34.375,0.25,-0.9569171730915339,-0.9569171730915339,ground,1
55.375,21.625,0.25,-0.7372416676090132,-0.7372416676090132,ground,1
55.375,24.625,0.25,-0.7480077948959818,-0.7480077948959818,ground,1
55.375,76.875,0.25,-0.5081577818738284,-0.5081577818738284,ground,1
55.625,-56.875,0.25,-1.0504951446504016,-1.0504951446504016,ground,1
55.625,-47.875,0.25,-1.00987555321179,-1.00987555321179,ground,1
55.625,-34.875,0.25,0.3760321592544932,0.3760321592544932,vegetation,1
55.625,-32.375,0.25,-0.9805938034907206,-0.9805938034907206,ground,1
55.625,-25.125,0.25,0.4174678351033757,0.4174678351033757,vegetation,1
55.625,-19.125,0.25,-0.8823579838896456,-0.8823579838896456,ground,1
55.625,-3.625,0.25,-0.8646952802033164,-0.8646952802033164,ground,1
55.625,15.625,0.25,-0.725553595583816,-0.725553595583816,ground,1
55.625,17.875,0.25,-0.7746900653640323,-0.7746900653640323,ground,1
55.625,23.125,0.25,-0.7306919139716617,-0.7306919139716617,ground,1
55.625,40.625,0.25,-0.6567017578160107,-0.6567017578160107,ground,1
55.625,58.875,0.25,-0.5889745305827901,-0.5889745305827901,ground,1
55.625,80.375,0.25,1.1320341214326748,1.1320341214326748,vegetation,1
55.875,-79.375,0.25,0.9767610516686882,0.9767610516686882,vegetation,1
55.875,-35.375,0.25,-0.9972969118811261,-0.9972969118811261,ground,1
55.875,-10.875,0.25,-0.9132985806545708,-0.9132985806545708,ground,1
55.875,-9.625,0.25,-0.8041747037925828,-0.8041747037925828,ground,1
55.875,-5.125,0.25,-0.854136970458957,-0.854136970458957,ground,1
55.875,1.125,0.25,-0.8273062300320189,-0.8273062300320189,ground,1
55.875,1.875,0.25,-0.8682370626300863,-0.8682370626300863,ground,1
55.875,14.125,0.25,-0.7940291715365024,-0.7940291715365024,ground,1
55.875,16.875,0.25,-0.7622856324000674,-0.7622856324000674,ground,1
55.875,22.625,0.25,-0.7963766582042258,-0.7963766582042258,ground,1
55.875,54.125,0.25,-0.6047104573560409,-0.6047104573560409,ground,1
55.875,54.625,0.25,-0.5930334055172439,-0.5930334055172439,ground,1
55.875,61.125,0.25,-0.5553330850969542,-0.5553330850969542,ground,1
56.125,-71.125,0.25,-1.1204302894968976,-1.1204302894968976,ground,1
56.125,-49.125,0.25,1.1579574366009928,1.1579574366009928,vegetation,1
56.125,-22.875,0.25,-0.940115989357449,-0.940115989357449,ground,1
56.125,-18.625,0.25,-0.9466940188476809,-0.9466940188476809,ground,1
56.125,-4.875,0.25,-0.8822035202289951,-0.8822035202289951,ground,1
56.125,11.625,0.25,-0.7523499598102863,-0.7523499598102863,ground,1
56.125,23.875,0.25,-0.7430993961233023,-0.7430993961233023,ground,1
56.125,27.875,0.25,-0.7052064319104485,-0.7052064319104485,ground,1
56.125,28.625,0.25,2.0095893201600346,2.0095893201600346,vegetation,1
56.125,44.875,0.25,-0.6283377614692188,-0.6283377614692188,ground,1
56.125,51.875,0.25,-0.6120020424962732,-0.6120020424962732,ground,1
56.125,76.375,0.25,-0.5771974698753206,-0.5771974698753206,ground,1
56.375,-75.375,0.25,0.8317080760152953,0.8317080760152953,vegetation,1
56.375,-70.875,0.25,-1.1456240175346848,-1.1456240175346848,ground,1
56.375,-66.625,0.25,-1.123546832587213,-1.123546832587213,ground,1
56.375,-60.375,0.25,-1.1141669717480194,-1.1141669717480194,ground,1
56.375,-25.375,0.25,-0.9256764474446428,-0.9256764474446428,ground,1
56.375,-25.125,0.25,1.5727901854511699,1.5727901854511699,vegetation,1
56.375,-14.625,0.25,-0.8748913201141524,-0.8748913201141524,ground,1
56.375,-8.625,0.25,-0.8952257652711992,-0.8952257652711992,ground,1
56.375,-2.375,0.25,-0.8558843495630404,-0.8558843495630404,ground,1
56.375,-0.375,0.25,-0.8308659064912023,-0.8308659064912023,ground,1
56.375,18.375,0.25,-0.789984546529345,-0.789984546529345,ground,1
56.375,23.875,0.25,-0.7660459508823219,-0.7660459508823219,ground,1
56.375,24.125,0.25,-0.7750487239854751,-0.7750487239854751,ground,1
56.375,35.375,0.25,0.20436669756633863,0.20436669756633863,vegetation,1
56.375,41.375,0.25,0.22716791691998484,0.22716791691998484,vegetation,1
56.375,43.125,0.25,0.26317799926036,0.26317799926036,vegetation,1
56.375,62.125,0.25,-0.6249832738700333,-0.6249832738700333,ground,1
56.375,62.875,0.25,-0.5979491397026355,-0.5979491397026355,ground,1
56.375,70.125,0.25,2.3935671068322684,2.3935671068322684,vegetation,1
56.375,70.875,0.25,-0.5510438558069845,-0.5510438558069845,ground,1
56.375,72.875,0.25,-0.5824328835284458,-0.5824328835284458,ground,1
56.625,-72.125,0.25,1.2284530889706282,1.2284530889706282,vegetation,1
56.625,-69.625,0.25,-1.123221662410982,-1.123221662410982,ground,1
56.625,-45.375,0.25,0.47435441151703317,0.47435441151703317,vegetation,1
56.625,-22.125,0.25,-0.9400339527839484,-0.9400339527839484,ground,1
56.625,-2.875,0.25,-0.8716058742833859,-0.8716058742833859,ground,1
56.625,25.625,0.25,-0.7478180370722822,-0.7478180370722822,ground,1
56.625,40.875,0.25,-0.7267102652551684,-0.7267102652551684,ground,1
56.625,56.875,0.25,-0.6299627487887983,-0.6299627487887983,ground,1
56.625,82.125,0.25,2.1647646045204914,2.1647646045204914,vegetation,1
56.875,-74.875,0.25,-1.1503349252215096,-1.1503349252215096,ground,1
56.875,-69.375,0.25,-1.154072287267894,-1.154072287267894,ground,1
56.875,-60.625,0.25,-1.1084024876189997,-1.1084024876189997,ground,1
56.875,-58.625,0.25,1.8073723542714364,1.8073723542714364,vegetation,1
56.875,-52.625,0.25,-1.0526125999201674,-1.0526125999201674,ground,1
56.875,-30.625,0.25,-1.012777850363231,-1.012777850363231,ground,1
56.875,-30.125,0.25,-0.9582677992121776,-0.9582677992121776,ground,1
56.875,-17.125,0.25,-0.910870752246355,-0.910870752246355,ground,1
56.875,-13.875,0.25,-0.8950423719449427,-0.9018800011378221,ground,2
56.875,-13.125,0.25,-0.8834698202601388,-0.8834698202601388,ground,1
56.875,-12.125,0.25,-0.8627619303732152,-0.8627619303732152,ground,1
56.875,-5.375,0.25,-0.8393232602117431,-0.8393232602117431,ground,1
56.875,-4.875,0.25,-0.8966904611932994,-0.8966904611932994,ground,1
56.875,-0.625,0.25,-0.8525135258119824,-0.8525135258119824,ground,1
56.875,9.875,0.25,-0.8098806203824435,-0.8098806203824435,ground,1
56.875,13.125,0.25,-0.8233087449127363,-0.8233087449127363,ground,1
56.875,19.125,0.25,-0.7686975316816296,-0.7686975316816296,ground,1
56.875,19.625,0.25,-0.7466579735094385,-0.7466579735094385,ground,1
56.875,25.375,0.25,2.2691757874506946,2.2691757874506946,vegetation,1
56.875,35.625,0.25,-0.7199226451207713,-0.7199226451207713,ground,1
56.875,41.125,0.25,-0.6669435229900913,-0.6669435229900913,ground,1
56.875,43.625,0.25,1.7882261920178415,1.7882261920178415,vegetation,1
56.875,50.875,0.25,-0.6981294020601719,-0.6981294020601719,ground,1
56.875,76.125,0.25,0.2936794001697082,0.2936794001697082,vegetation,1
57.125,-81.125,0.25,-1.1851970866892265,-1.1851970866892265,ground,1
57.125,-56.125,0.25,-1.0905245486087842,-1.0905245486087842,ground,1
57.125,-50.875,0.25,-1.0963064035158485,-1.0963064035158485,ground,1
57.125,-46.625,0.25,-1.0266896730184871,-1.0384422912703464,ground,2
57.125,-36.125,0.25,-0.9907476818650914,-0.9907476818650914,ground,1
57.125,-29.875,0.25,0.8936774411195189,0.8936774411195189,vegetation,1
57.125,-26.625,0.25,1.655584758502548,1.655584758502548,vegetation,1
57.125,-1.375,0.25,-0.8612455550327761,-0.8773332080104086,ground,2
57.125,-1.125,0.25,-0.8297603938263312,-0.8297603938263312,ground,1
57.125,2.875,0.25,-0.8427295774125881,-0.8427295774125881,ground,1
57.125,4.375,0.25,-0.7898157459193453,-0.7898157459193453,ground,1
57.125,9.375,0.25,-0.8178045373484455,-0.8178045373484455,ground,1
57.125,13.375,0.25,-0.8100942069198483,-0.8100942069198483,ground,1
57.125,29.125,0.25,-0.761947486549786,-0.761947486549786,ground,1
57.125,37.625,0.25,-0.6802452691915346,-0.6802452691915346,ground,1
57.125,43.125,0.25,2.2965071458257746,2.2965071458257746,vegetation,1
57.125,52.125,0.25,-0.636405176982459,-0.636405176982459,ground,1
57.125,53.125,0.25,-0.6557163161668166,-0.6557163161668166,ground,1
57.125,60.875,0.25,-0.612645220558034,-0.612645220558034,ground,1
57.125,65.625,0.25,0.36338209751419215,0.36338209751419215,vegetation,1
57.125,67.375,0.25,-0.5562928509887252,-0.5562928509887252,ground,1
57.125,71.625,0.25,-0.5626334110675338,-0.5626334110675338,ground,1
57.125,74.875,0.25,-0.5191312662060653,-0.5191312662060653,ground,1
57.375,-77.875,0.25,-1.159196218759278,-1.159196218759278,ground,1
57.375,-46.625,0.25,-1.0325904431406845,-1.0325904431406845,ground,1
57.375,-34.625,0.25,1.8535496244919778,1.8535496244919778,vegetation,1
57.375,-29.875,0.25,-1.035901708106235,-1.035901708106235,ground,1
57.375,-19.125,0.25,-0.922559227277071,-0.922559227277071,ground,1
57.375,-16.875,0.25,-0.9533172544007724,-0.9533172544007724,ground,1
57.375,3.625,0.25,-0.84044611785771,-0.84044611785771,ground,1
57.375,9.875,0.25,-0.8280925600576006,-0.8280925600576006,ground,1
57.375,12.625,0.25,-0.8514473378165459,-0.8514473378165459,ground,1
57.375,14.125,0.25,-0.7903632025947278,-0.7903632025947278,ground,1
57.375,17.375,0.25,-0.7947653989524919,-0.7947653989524919,ground,1
57.375,26.625,0.25,-0.7365496461756269,-0.7365496461756269,ground,1
57.375,35.625,0.25,-0.7342717827255715,-0.7342717827255715,ground,1
57.375,38.875,0.25,-0.757668522867099,-0.757668522867099,ground,1
57.375,43.625,0.25,0.27331144797989837,0.27331144797989837,vegetation,1
57.375,46.375,0.25,-0.6898123548192188,-0.6898123548192188,ground,1
57.375,62.625,0.25,-0.6092072132795051,-0.6092072132795051,ground,1
57.375,68.625,0.25,1.9009837322943055,1.9009837322943055,vegetation,1
57.375,76.125,0.25,1.9302910543650624,1.9302910543650624,vegetation,1
57.625,-75.375,0.25,-1.1817630395893586,-1.1817630395893586,ground,1
57.625,-54.375,0.25,-1.0754729089131345,-1.0754729089131345,ground,1
57.625,-33.125,0.25,-0.9811468678736794,-0.9811468678736794,ground,1
57.625,-28.625,0.25,-0.02760096158580072,-0.02760096158580072,vegetation,1
57.625,-23.125,0.25,-1.0138249764289853,-1.0138249764289853,ground,1
57.625,-22.125,0.25,-0.9512557465995001,-0.9512557465995001,ground,1
57.625,-8.125,0.25,-0.9080766010684811,-0.9080766010684811,ground,1
57.625,11.125,0.25,-0.8207096307666445,-0.8207096307666445,ground,1
57.625,19.125,0.25,-0.7761619027854125,-0.7761619027854125,ground,1
57.625,32.875,0.25,-0.7496148943226665,-0.7496148943226665,ground,1
57.625,44.375,0.25,-0.7195820206781616,-0.7195820206781616,ground,1
57.625,57.625,0.25,1.3121308515337256,1.3121308515337256,vegetation,1
57.625,60.375,0.25,-0.6149024369301029,-0.6149024369301029,ground,1
57.625,66.625,0.25,-0.6062022630787439,-0.6200399724492511,ground,2
57.625,78.875,0.25,-0.5689794211139801,-0.5689794211139801,ground,1
57.875,-67.375,0.25,-1.1319690181470488,-1.1319690181470488,ground,1
57.875,-44.125,0.25,0.18703667192075735,0.18703667192075735,vegetation,1
57.875,-41.875,0.25,-1.0304598217848828,-1.0304598217848828,ground,1
57.875,-39.125,0.25,-1.0098848983646376,-1.0098848983646376,ground,1
57.875,-15.125,0.25,-0.961039320543472,-0.961039320543472,ground,1
57.875,-8.125,0.25,-0.8889583120513178,-0.8889583120513178,ground,1
57.875,-7.625,0.25,-0.9175092488320268,-0.9175092488320268,ground,1
57.875,7.375,0.25,-0.8305121644824401,-0.8305121644824401,ground,1
57.875,9.625,0.25,-0.7947727415107068,-0.7947727415107068,ground,1
57.875,17.625,0.25,-0.8059756583656366,-0.8059756583656366,ground,1
57.875,21.875,0.25,-0.7814426229892015,-0.7814426229892015,ground,1
57.875,35.125,0.25,-0.7341677125271923,-0.7341677125271923,ground,1
57.875,50.875,0.25,1.5016288758229317,1.5016288758229317,vegetation,1
57.875,64.875,0.25,1.2414013383922984,1.2414013383922984,vegetation,1
57.875,76.625,0.25,-0.5626681426751381,-0.5626681426751381,ground,1
58.125,-56.625,0.25,-1.096290198085417,-1.096290198085417,ground,1
58.125,-36.125,0.25,-0.9675885577086242,-0.996611448375397,ground,2
58.125,17.375,0.25,-0.7763772853213265,-0.7763772853213265,ground,1
58.125,60.625,0.25,0.7355193517801893,0.7355193517801893,vegetation,1
58.125,70.125,0.25,-0.6446038818535779,-0.6446038818535779,ground,1
58.375,-79.875,0.25,1.7274917263884904,1.7274917263884904,vegetation,1
58.375,-73.375,0.25,-0.1981945305125146,-0.1981945305125146,vegetation,1
58.375,-71.625,0.25,-1.1578894281797962,-1.1578894281797962,ground,1
58.375,-36.125,0.25,-0.13116054923087583,-0.13116054923087583,vegetation,1
58.375,-21.875,0.25,-0.9698129605676014,-0.9698129605676014,ground,1
58.375,-20.875,0.25,-0.956806020523911,-0.956806020523911,ground,1
58.375,7.875,0.25,-0.8635486480518895,-0.8635486480518895,ground,1
58.375,9.875,0.25,-0.8638026991205319,-0.8638026991205319,ground,1
58.375,14.375,0.25,-0.8105158313539791,-0.8105158313539791,ground,1
58.375,14.625,0.25,-0.8302171695272287,-0.8302171695272287,ground,1
58.375,23.375,0.25,-0.8302958399066979,-0.8302958399066979,ground,1
58.375,32.625,0.25,0.08558254124513137,0.08558254124513137,vegetation,1
58.375,46.625,0.25,-0.7055730474377584,-0.7055730474377584,ground,1
58.625,-78.625,0.25,0.7186191771932715,0.7186191771932715,vegetation,1
58.625,-71.875,0.25,0.6598174878561615,0.6598174878561615,vegetation,1
58.625,-62.125,0.25,-1.1416722421228314,-1.1416722421228314,ground,1
58.625,-43.625,0.25,-1.0395699021228335,-1.0395699021228335,ground,1
58.625,-38.125,0.25,-1.0721876241224733,-1.0721876241224733,ground,1
58.625,7.875,0.25,-0.8492850029444142,-0.8492850029444142,ground,1
58.625,27.625,0.25,0.26344293413672254,0.26344293413672254,vegetation,1
58.625,31.375,0.25,-0.766069017721819,-0.766069017721819,ground,1
58.625,33.875,0.25,-0.7450062275785968,-0.7450062275785968,ground,1
58.625,65.875,0.25,2.273824440872593,2.273824440872593,vegetation,1
58.625,74.625,0.25,-0.5843554644600313,-0.5843554644600313,ground,1
58.875,-65.625,0.25,-0.11305842916562589,-0.11305842916562589,vegetation,1
58.875,-62.125,0.25,-1.1115874966986734,-1.1115874966986734,ground,1
58.875,-60.625,0.25,-0.01935037386382399,-0.01935037386382399,vegetation,1
58.875,-50.875,0.25,-1.0884655472683895,-1.0884655472683895,ground,1
58.875,-33.875,0.25,1.7893995870359214,1.7893995870359214,vegetation,1
58.875,-28.625,0.25,-1.0226945103905933,-1.0226945103905933,ground,1
58.875,-10.625,0.25,-0.9022867596700136,-0.9022867596700136,ground,1
58.875,0.625,0.25,-0.8680529358044753,-0.8680529358044753,ground,1
58.875,28.875,0.25,0.15476193947552003,0.15476193947552003,vegetation,1
58.875,30.375,0.25,-0.8120009580196296,-0.8120009580196296,ground,1
58.875,32.125,0.25,0.20349527672397558,0.20349527672397558,vegetation,1
58.875,40.125,0.25,-0.7144219219566617,-0.7144219219566617,ground,1
58.875,59.125,0.25,-0.6295261533376846,-0.6295261533376846,ground,1
58.875,62.125,0.25,-0.6270407834548045,-0.6270407834548045,ground,1
58.875,77.375,0.25,1.0447988686475824,1.0447988686475824,vegetation,1
59.125,-75.875,0.25,1.4018556221970915,1.4018556221970915,vegetation,1
59.125,-65.375,0.25,-1.1541641047976416,-1.1541641047976416,ground,1
59.125,-59.625,0.25,-1.1107973857607156,-1.1107973857607156,ground,1
59.125,-55.375,0.25,-1.1097987747843603,-1.1097987747843603,ground,1
59.125,-49.125,0.25,-1.094085303846664,-1.094085303846664,ground,1
59.125,-36.625,0.25,-1.0520038198610173,-1.0520038198610173,ground,1
59.125,-31.125,0.25,-1.0393652764415728,-1.0393652764415728,ground,1
59.125,7.875,0.25,-0.8457046991314555,-0.8457046991314555,ground,1
59.125,16.875,0.25,-0.7768225551238979,-0.7768225551238979,ground,1
59.125,22.375,0.25,-0.8056956570381826,-0.8056956570381826,ground,1
59.125,27.375,0.25,-0.7959737264767138,-0.7959737264767138,ground,1
59.125,47.875,0.25,-0.7056176999031296,-0.7056176999031296,ground,1
59.125,52.625,0.25,-0.665628261121461,-0.665628261121461,ground,1
59.125,65.375,0.25,-0.5726902927659356,-0.5726902927659356,ground,1
59.375,-80.125,0.25,-1.1805817778401966,-1.1805817778401966,ground,1
59.375,-77.625,0.25,0.3244473645075353,0.3244473645075353,vegetation,1
59.375,-75.875,0.25,0.7767102651087385,0.7767102651087385,vegetation,1
59.375,-49.625,0.25,-1.08188691912141,-1.08188691912141,ground,1
59.375,-42.125,0.25,-1.0615947279309945,-1.0615947279309945,ground,1
59.375,-28.375,0.25,0.987609403436463,0.987609403436463,vegetation,1
59.375,-21.875,0.25,-0.9652808248994539,-0.9652808248994539,ground,1
59.375,-19.625,0.25,-0.9727076001556969,-0.9727076001556969,ground,1
59.375,-16.375,0.25,-0.9658999673266737,-0.9658999673266737,ground,1
59.375,6.875,0.25,-0.8360664781712878,-0.8360664781712878,ground,1
59.375,58.875,0.25,1.2222221645768019,1.2222221645768019,vegetation,1
59.375,69.875,0.25,-0.5953886567748573,-0.5953886567748573,ground,1
59.375,75.875,0.25,-0.6009518015001191,-0.6009518015001191,ground,1
59.625,-68.625,0.25,1.2212712546658893,1.2212712546658893,vegetation,1
59.625,-53.625,0.25,0.16050051898008955,0.16050051898008955,vegetation,1
59.625,-46.625,0.25,0.726647193503511,0.726647193503511,vegetation,1
59.625,-30.625,0.25,-1.0278866160188649,-1.0278866160188649,ground,1
59.625,-11.125,0.25,-0.9370720187060118,-0.9370720187060118,ground,1
59.625,15.875,0.25,-0.8245658930284606,-0.8245658930284606,ground,1
59.625,49.125,0.25,-0.7230448369392245,-0.7230448369392245,ground,1
59.625,56.375,0.25,1.9649630181412037,1.9649630181412037,vegetation,1
59.625,60.125,0.25,-0.6558574571918948,-0.6558574571918948,ground,1
59.625,79.625,0.25,-0.586484684374609,-0.586484684374609,ground,1
59.875,-79.875,0.25,-1.2206763228111335,-1.2206763228111335,ground,1
59.875,-45.875,0.25,-1.072503598662039,-1.072503598662039,ground,1
59.875,-18.125,0.25,-1.0192973742459972,-1.0192973742459972,ground,1
59.875,-11.125,0.25,-0.9275686124851193,-0.9275686124851193,ground,1
59.875,-3.375,0.25,-0.9328916788833999,-0.9328916788833999,ground,1
59.875,28.375,0.25,-0.7895308042288045,-0.7895308042288045,ground,1
59.875,31.375,0.25,-0.7729986159941091,-0.7729986159941091,ground,1
59.875,32.625,0.25,0.3230221223590049,0.3230221223590049,vegetation,1
59.875,33.875,0.25,-0.8197044112363043,-0.8197044112363043,ground,1
59.875,37.125,0.25,-0.7340470955689813,-0.7340470955689813,ground,1
59.875,65.125,0.25,1.0965830906107485,1.0965830906107485,vegetation,1
59.875,66.125,0.25,2.3281946897128623,2.3281946897128623,vegetation,1
59.875,72.625,0.25,0.6258774441484947,0.6258774441484947,vegetation,1
60.125,-78.375,0.25,-1.1780185529538907,-1.1780185529538907,ground,1
60.125,-32.625,0.25,-1.0518294176772043,-1.0518294176772043,ground,1
60.125,-28.625,0.25,-1.0210508809800831,-1.0210508809800831,ground,1
60.125,-26.875,0.25,-1.0166579836785392,-1.0166579836785392,ground,1
60.125,-17.125,0.25,-0.9282952589586482,-0.9282952589586482,ground,1
60.125,2.375,0.25,-0.8873883294569547,-0.8873883294569547,ground,1
60.125,9.875,0.25,-0.8497040184388315,-0.8497040184388315,ground,1
60.125,38.125,0.25,1.9339224573714757,1.9339224573714757,vegetation,1
60.125,38.625,0.25,0.7617359423434542,0.7617359423434542,vegetation,1
60.125,48.875,0.25,-0.7253280424079634,-0.7253280424079634,ground,1
60.125,68.125,0.25,-0.630951671858148,-0.630951671858148,ground,1
60.375,-57.875,0.25,-1.1099493494537003,-1.1099493494537003,ground,1
60.375,-37.125,0.25,-1.0307595722138323,-1.0307595722138323,ground,1
60.375,-34.875,0.25,0.559121132276706,0.559121132276706,vegetation,1
60.375,-0.625,0.25,-0.8868923513296508,-0.8868923513296508,ground,1
60.375,-0.375,0.25,-0.8716978055328896,-0.8716978055328896,ground,1
60.375,16.375,0.25,-0.8128529673945922,-0.8128529673945922,ground,1
60.375,18.125,0.25,-0.840840120802395,-0.840840120802395,ground,1
60.375,48.125,0.25,-0.7107064209207665,-0.7107064209207665,ground,1
60.375,51.875,0.25,2.232705014525022,2.232705014525022,vegetation,1
60.375,55.375,0.25,-0.6523727268154567,-0.6523727268154567,ground,1
60.375,58.125,0.25,-0.679210776370149,-0.679210776370149,ground,1
60.375,74.625,0.25,1.11682565790362,1.11682565790362,vegetation,1
60.375,77.625,0.25,-0.6073321414556795,-0.6073321414556795,ground,1
60.625,-73.125,0.25,-1.205625628640842,-1.205625628640842,ground,1
60.625,-61.625,0.25,1.306540767727513,1.306540767727513,vegetation,1
60.625,-50.125,0.25,-1.0647325439904727,-1.0647325439904727,ground,1
60.625,-40.875,0.25,-1.0568607651158795,-1.0568607651158795,ground,1
60.625,-33.125,0.25,-1.0175723223587658,-1.0175723223587658,ground,1
60.625,-17.375,0.25,-0.9579614707301685,-0.9579614707301685,ground,1
60.625,0.875,0.25,-0.8663467268514986,-0.8663467268514986,ground,1
60.625,4.625,0.25,-0.893479707832627,-0.893479707832627,ground,1
60.625,5.875,0.25,-0.8981416775456048,-0.8981416775456048,ground,1
60.625,13.625,0.25,-0.8597192146258397,-0.8597192146258397,ground,1
60.625,19.625,0.25,-0.8198391648005646,-0.8198391648005646,ground,1
60.625,42.375,0.25,-0.7667987512327551,-0.7667987512327551,ground,1
60.625,46.125,0.25,-0.7143793262928197,-0.7143793262928197,ground,1
60.625,72.875,0.25,-0.6332696342608697,-0.6332696342608697,ground,1
60.875,-38.875,0.25,1.6955178867238807,1.6955178867238807,vegetation,1
60.875,-1.875,0.25,-0.9492728539423164,-0.9492728539423164,ground,1
60.875,6.375,0.25,-0.8819414552899482,-0.8819414552899482,ground,1
60.875,10.375,0.25,-0.838249884384557,-0.838249884384557,ground,1
60.875,12.625,0.25,-0.8271139976188091,-0.8271139976188091,ground,1
60.875,12.875,0.25,-0.8819331830964845,-0.8819331830964845,ground,1
60.875,15.625,0.25,-0.7994912719866029,-0.7994912719866029,ground,1
60.875,26.125,0.25,-0.8280843088398281,-0.8280843088398281,ground,1
60.875,27.125,0.25,-0.813169873587209,-0.813169873587209,ground,1
60.875,46.125,0.25,-0.745459453317427,-0.745459453317427,ground,1
60.875,63.375,0.25,-0.650090534904023,-0.650090534904023,ground,1
60.875,64.375,0.25,-0.6427507707240785,-0.6427507707240785,ground,1
60.875,74.125,0.25,1.6619450833252771,1.6619450833252771,vegetation,1
61.125,-60.625,0.25,1.5230027576687555,1.5230027576687555,vegetation,1
61.125,19.625,0.25,-0.8476487009584821,-0.8476487009584821,ground,1
61.125,23.375,0.25,-0.7703836040596217,-0.7703836040596217,ground,1
61.125,28.125,0.25,0.6540190532654264,0.6540190532654264,vegetation,1
61.125,32.375,0.25,-0.8334189854568075,-0.8334189854568075,ground,1
61.125,45.125,0.25,-0.7466626543728713,-0.7466626543728713,ground,1
61.125,48.125,0.25,-0.7317552110835983,-0.7317552110835983,ground,1
61.125,51.875,0.25,-0.7350471765062022,-0.7350471765062022,ground,1
61.125,63.375,0.25,-0.6459664364868926,-0.6459664364868926,ground,1
61.125,68.625,0.25,0.39207318171872774,0.39207318171872774,vegetation,1
61.125,70.125,0.25,-0.6561412712162435,-0.6561412712162435,ground,1
61.375,-71.125,0.25,1.13399268717539,1.13399268717539,vegetation,1
61.375,-70.875,0.25,-1.1745700498136868,-1.1745700498136868,ground,1
61.375,-62.875,0.25,0.06710849834953359,0.06710849834953359,vegetation,1
61.375,-43.375,0.25,-1.0142244758236236,-1.0142244758236236,ground,1
61.375,-39.125,0.25,0.6166626462078627,0.6166626462078627,vegetation,1
61.375,-38.375,0.25,1.5320775509679745,1.5320775509679745,vegetation,1
61.375,-24.125,0.25,-1.0132904877301727,-1.0132904877301727,ground,1
61.375,-17.125,0.25,-0.9876846176562958,-0.9876846176562958,ground,1
61.375,-16.375,0.25,-0.9757080182464061,-0.9757080182464061,ground,1
61.375,-11.375,0.25,-0.9601522697763755,-0.9601522697763755,ground,1
61.375,-10.625,0.25,-0.9784253912184032,-0.9784253912184032,ground,1
61.375,-7.125,0.25,-0.9915510199217523,-0.9915510199217523,ground,1
61.375,-6.875,0.25,-0.9737364458491603,-0.9737364458491603,ground,1
61.375,-4.875,0.25,-0.9563574215852277,-0.9563574215852277,ground,1
61.375,5.625,0.25,-0.8921098826709378,-0.8921098826709378,ground,1
61.375,21.125,0.25,-0.8958695846037698,-0.8958695846037698,ground,1
61.375,23.875,0.25,-0.8274152595856366,-0.8274152595856366,ground,1
61.375,32.375,0.25,-0.8122331542554434,-0.8122331542554434,ground,1
61.375,36.125,0.25,1.2605442992215754,1.2605442992215754,vegetation,1
61.625,-76.375,0.25,-1.234658163758704,-1.234658163758704,ground,1
61.625,-68.375,0.25,-1.1926674502162067,-1.1926674502162067,ground,1
61.625,-23.375,0.25,-1.0180090914066051,-1.0180090914066051,ground,1
61.625,-21.375,0.25,-0.9856947397751962,-0.9856947397751962,ground,1
61.625,5.125,0.25,-0.8998536135287888,-0.8998536135287888,ground,1
61.625,7.125,0.25,-0.8356811655342152,-0.8356811655342152,ground,1
61.625,10.625,0.25,-0.9418900195077515,-0.9418900195077515,ground,1
61.625,15.125,0.25,-0.8800561721577832,-0.8800561721577832,ground,1
61.625,27.875,0.25,-0.7723441097554778,-0.7723441097554778,ground,1
61.625,40.625,0.25,-0.8240888434959717,-0.8240888434959717,ground,1
61.625,46.875,0.25,-0.71858648591562,-0.71858648591562,ground,1
61.625,50.625,0.25,-0.7221687269483549,-0.7221687269483549,ground,1
61.625,58.625,0.25,2.2129317262782506,2.2129317262782506,vegetation,1
61.625,59.875,0.25,-0.6784966205125152,-0.6784966205125152,ground,1
61.625,75.625,0.25,-0.623936868600108,-0.623936868600108,ground,1
61.875,-74.125,0.25,-1.1973429717985142,-1.208636304218786,ground,2
61.875,-67.875,0.25,0.24880016883983735,0.24880016883983735,vegetation,1
61.875,-65.875,0.25,-1.1573717399903805,-1.1573717399903805,ground,1
61.875,-39.875,0.25,-1.0843500522080314,-1.0843500522080314,ground,1
61.875,-35.875,0.25,-1.1009666769210662,-1.1009666769210662,ground,1
61.875,-5.125,0.25,-0.9913929519077171,-0.9913929519077171,ground,1
61.875,-0.125,0.25,-0.936124372690384,-0.936124372690384,ground,1
61.875,9.125,0.25,-0.9269025188322598,-0.9269025188322598,ground,1
61.875,10.625,0.25,-0.8639112419891041,-0.8639112419891041,ground,1
61.875,15.125,0.25,-0.868761479169001,-0.868761479169001,ground,1
61.875,16.625,0.25,-0.8898435350776547,-0.8949586293951599,ground,2
61.875,24.375,0.25,-0.8133977745457441,-0.8133977745457441,ground,1
61.875,33.125,0.25,-0.7757400737024912,-0.7757400737024912,ground,1
61.875,48.875,0.25,0.8547180578407574,0.8547180578407574,vegetation,1
61.875,75.625,0.25,1.259645164753465,1.259645164753465,vegetation,1
62.125,-77.375,0.25,-1.2602623236557282,-1.2602623236557282,ground,1
62.125,-55.375,0.25,-1.1186863885671912,-1.1186863885671912,ground,1
62.125,-37.375,0.25,-1.0602995430843174,-1.0602995430843174,ground,1
62.125,-35.125,0.25,-1.0571357160908192,-1.0571357160908192,ground,1
62.125,-33.875,0.25,-1.0682399234686033,-1.0682399234686033,ground,1
62.125,-30.375,0.25,1.5914754837280738,1.5914754837280738,vegetation,1
62.125,-25.375,0.25,-1.0594863706204345,-1.0594863706204345,ground,1
62.125,-23.625,0.25,-1.0178826149443245,-1.0178826149443245,ground,1
62.125,-23.125,0.25,-1.0102487181385853,-1.0102487181385853,ground,1
62.125,0.125,0.25,-0.9175600735840761,-0.9175600735840761,ground,1
62.125,9.875,0.25,-0.8889260787997307,-0.8889260787997307,ground,1
62.125,36.625,0.25,-0.7953357261104271,-0.7953357261104271,ground,1
62.125,45.625,0.25,-0.7675259724674144,-0.7675259724674144,ground,1
62.125,57.875,0.25,1.3287403476163642,1.3287403476163642,vegetation,1
62.125,58.875,0.25,-0.6961600109480711,-0.6961600109480711,ground,1
62.125,62.625,0.25,-0.6816744190354114,-0.6816744190354114,ground,1
62.125,63.125,0.25,-0.6792199900906771,-0.6792199900906771,ground,1
62.375,-70.375,0.25,-1.2195810289805615,-1.2195810289805615,ground,1
62.375,-59.875,0.25,-0.044256289446789276,-0.044256289446789276,vegetation,1
62.375,-47.875,0.25,-1.1145189620815046,-1.1145189620815046,ground,1
62.375,-45.375,0.25,-1.1281631570799266,-1.1281631570799266,ground,1
62.375,-26.875,0.25,-1.0261299904606358,-1.0261299904606358,ground,1
62.375,-20.875,0.25,-1.0068658668748784,-1.0068658668748784,ground,1
62.375,-16.625,0.25,-0.966563876002592,-0.966563876002592,ground,1
62.375,-16.125,0.25,-1.0009293538388973,-1.0009293538388973,ground,1
62.375,-14.625,0.25,-1.0049643593168625,-1.0049643593168625,ground,1
62.375,7.125,0.25,-0.9134672119299635,-0.9134672119299635,ground,1
62.375,14.875,0.25,-0.8628412209156333,-0.8628412209156333,ground,1
62.375,23.375,0.25,-0.8573786565135956,-0.8573786565135956,ground,1
62.375,25.625,0.25,0.06276870032163835,0.06276870032163835,vegetation,1
62.375,30.375,0.25,-0.8090956004235317,-0.8090956004235317,ground,1
62.375,37.375,0.25,-0.8034951613244959,-0.8034951613244959,ground,1
62.375,61.125,0.25,1.10962741990159,1.10962741990159,vegetation,1
62.375,61.625,0.25,-0.6779063658073763,-0.6779063658073763,ground,1
62.375,72.125,0.25,1.5282942485763438,1.5282942485763438,vegetation,1
62.625,-34.625,0.25,-1.082301758413614,-1.082301758413614,ground,1
62.625,-29.375,0.25,-1.0444602105099174,-1.0444602105099174,ground,1
62.625,-15.875,0.25,-0.9899237989529116,-0.9899237989529116,ground,1
62.625,24.125,0.25,-0.8288525463668378,-0.8288525463668378,ground,1
62.625,34.125,0.25,-0.8017685807673138,-0.8017685807673138,ground,1
62.625,35.875,0.25,-0.8053793033021469,-0.8053793033021469,ground,1
62.625,37.375,0.25,-0.7750760481401872,-0.7750760481401872,ground,1
62.875,-75.875,0.25,-1.2499473124686802,-1.2499473124686802,ground,1
62.875,-75.125,0.25,-1.2098130936407685,-1.2098130936407685,ground,1
62.875,-63.625,0.25,-1.213530933615541,-1.213530933615541,ground,1
62.875,-52.625,0.25,-1.1512721649217599,-1.1512721649217599,ground,1
62.875,-50.125,0.25,-1.125701116857806,-1.125701116857806,ground,1
62.875,-49.875,0.25,-1.137781875325412,-1.137781875325412,ground,1
62.875,-41.625,0.25,-1.111124645674418,-1.111124645674418,ground,1
62.875,-39.875,0.25,-1.112893711349447,-1.112893711349447,ground,1
62.875,-13.625,0.25,-0.9706225045290725,-0.9706225045290725,ground,1
62.875,-6.375,0.25,-0.9741834353643916,-0.9741834353643916,ground,1
62.875,0.125,0.25,-0.9220003497330692,-0.9220003497330692,ground,1
62.875,9.625,0.25,-0.8929586468600347,-0.8929586468600347,ground,1
62.875,22.125,0.25,-0.8782143826898838,-0.8782143826898838,ground,1
62.875,26.125,0.25,-0.8434547404800428,-0.8434547404800428,ground,1
62.875,34.375,0.25,-0.8126931642311559,-0.8126931642311559,ground,1
62.875,47.125,0.25,0.495128014675785,0.495128014675785,vegetation,1
62.875,60.625,0.25,1.1169401667115983,1.1169401667115983,vegetation,1
63.125,-58.875,0.25,-1.177279187555068,-1.177279187555068,ground,1
63.125,-33.625,0.25,-1.0235544648830108,-1.0235544648830108,ground,1
63.125,-30.125,0.25,-1.1032025917975827,-1.1032025917975827,ground,1
63.125,-19.125,0.25,-0.987843629098658,-0.987843629098658,ground,1
63.125,3.875,0.25,-0.9505906997992791,-0.9505906997992791,ground,1
63.125,20.125,0.25,-0.8947543447345521,-0.8947543447345521,ground,1
63.125,42.375,0.25,-0.7457045574700073,-0.7457045574700073,ground,1
63.125,59.875,0.25,0.2321346432111807,0.2321346432111807,vegetation,1
63.375,-73.875,0.25,-1.275411862768874,-1.275411862768874,ground,1
63.375,-58.875,0.25,-1.2107284479556748,-1.2107284479556748,ground,1
63.375,-40.375,0.25,0.7408302723402664,0.7408302723402664,vegetation,1
63.375,-22.875,0.25,-1.0366666576210464,-1.0366666576210464,ground,1
63.375,-21.625,0.25,-1.0077890313791202,-1.0077890313791202,ground,1
63.375,-5.875,0.25,-1.0475251219987474,-1.0475251219987474,ground,1
63.375,13.625,0.25,-0.9053784173536106,-0.9053784173536106,ground,1
63.375,15.375,0.25,-0.8831277887357202,-0.8831277887357202,ground,1
63.375,19.375,0.25,-0.8027554105017567,-0.8027554105017567,ground,1
63.375,44.625,0.25,-0.7519831440154765,-0.7519831440154765,ground,1
63.625,-76.625,0.25,1.178655176081757,1.178655176081757,vegetation,1
63.625,-72.875,0.25,1.186517699115597,1.186517699115597,vegetation,1
63.625,-40.375,0.25,-1.1705852508204175,-1.1705852508204175,ground,1
63.625,-23.875,0.25,-1.020618545419035,-1.020618545419035,ground,1
63.625,7.625,0.25,-0.9322700830278542,-0.9322700830278542,ground,1
63.625,10.625,0.25,-0.9363716915433148,-0.9363716915433148,ground,1
63.625,16.125,0.25,-0.9216145930005837,-0.9216145930005837,ground,1
63.625,18.125,0.25,-0.9064220137070867,-0.9064220137070867,ground,1
63.625,18.375,0.25,-0.9179542514282899,-0.9179542514282899,ground,1
63.625,21.625,0.25,-0.8983615593587587,-0.8983615593587587,ground,1
63.625,25.125,0.25,1.3801062769335486,1.3801062769335486,vegetation,1
63.625,52.625,0.25,-0.7141759652329119,-0.7141759652329119,ground,1
63.625,55.625,0.25,-0.7876219860580184,-0.7876219860580184,ground,1
63.625,62.875,0.25,-0.6917835636654026,-0.6917835636654026,ground,1
63.625,65.625,0.25,1.2548231126503715,1.2548231126503715,vegetation,1
63.625,65.875,0.25,-0.7065831724013203,-0.7065831724013203,ground,1
63.875,-75.625,0.25,-1.281704652009244,-1.281704652009244,ground,1
63.875,-63.375,0.25,1.242686362857393,1.242686362857393,vegetation,1
63.875,-57.625,0.25,-1.1706255732254724,-1.1706255732254724,ground,1
63.875,-50.625,0.25,0.7991476832716466,0.7991476832716466,vegetation,1
63.875,-35.125,0.25,-1.112172444140374,-1.112172444140374,ground,1
63.875,-25.375,0.25,-1.0828902236793434,-1.0828902236793434,ground,1
63.875,-15.625,0.25,-1.0368319512350446,-1.0368319512350446,ground,1
63.875,-9.625,0.25,-0.9910970794953443,-0.9910970794953443,ground,1
63.875,-1.375,0.25,-0.9959560488240329,-0.9959560488240329,ground,1
63.875,4.625,0.25,-0.9746301316018391,-0.9746301316018391,ground,1
63.875,6.625,0.25,-0.9127782695081776,-0.9127782695081776,ground,1
63.875,9.375,0.25,-0.9333058436525128,-0.9333058436525128,ground,1
63.875,48.375,0.25,1.5526606874871591,1.5526606874871591,vegetation,1
63.875,53.875,0.25,-0.7409974156920295,-0.7409974156920295,ground,1
63.875,69.625,0.25,1.9505081541413574,1.9505081541413574,vegetation,1
64.125,-73.875,0.25,1.599189191775755,1.599189191775755,vegetation,1
64.125,-69.875,0.25,0.9414969888116094,0.9414969888116094,vegetation,1
64.125,-28.875,0.25,-1.0477315716915347,-1.0477315716915347,ground,1
64.125,-26.625,0.25,0.9326464775823413,0.9326464775823413,vegetation,1
64.125,-25.625,0.25,1.7358199452969658,1.7358199452969658,vegetation,1
64.125,-24.375,0.25,-1.0731331670717195,-1.0731331670717195,ground,1
64.125,-9.875,0.25,-0.9953135295003986,-0.9953135295003986,ground,1
64.125,-5.625,0.25,-0.9548122871232536,-0.9548122871232536,ground,1
64.125,5.875,0.25,-0.9245724727097875,-0.9245724727097875,ground,1
64.125,10.375,0.25,-0.9657180646246836,-0.9657180646246836,ground,1
64.125,23.125,0.25,-0.879505079011266,-0.879505079011266,ground,1
64.125,33.125,0.25,-0.792857749740033,-0.792857749740033,ground,1
64.125,38.125,0.25,-0.8147275153225637,-0.8147275153225637,ground,1
64.125,44.125,0.25,0.13545227128655718,0.13545227128655718,vegetation,1
64.125,56.625,0.25,0.14757109917912933,0.14757109917912933,vegetation,1
64.125,57.375,0.25,-0.7166935730497334,-0.7166935730497334,ground,1
64.125,65.125,0.25,-0.6845426948017713,-0.6845426948017713,ground,1
64.125,69.125,0.25,-0.6870311089292263,-0.6870311089292263,ground,1
64.375,-67.625,0.25,-1.2153746065566235,-1.2153746065566235,ground,1
64.375,-41.375,0.25,-1.1077055228935415,-1.1077055228935415,ground,1
64.375,-25.625,0.25,-1.066740776452,-1.066740776452,ground,1
64.375,-20.375,0.25,-1.0388004838841638,-1.0388004838841638,ground,1
64.375,-19.875,0.25,-1.0065862857631611,-1.0065862857631611,ground,1
64.375,-16.625,0.25,-1.0364784243737333,-1.0364784243737333,ground,1
64.375,2.125,0.25,-1.0109931295758883,-1.0109931295758883,ground,1
64.375,10.875,0.25,-0.8945991930633959,-0.8945991930633959,ground,1
64.375,13.375,0.25,-0.9209445419786509,-0.9209445419786509,ground,1
64.375,16.625,0.25,-0.9217753947498913,-0.9217753947498913,ground,1
64.375,18.625,0.25,-0.9359885380804895,-0.9359885380804895,ground,1
64.375,22.375,0.25,-0.8539955460026394,-0.8539955460026394,ground,1
64.375,31.875,0.25,-0.8429537241349153,-0.8429537241349153,ground,1
64.375,46.875,0.25,-0.8054394852318084,-0.8054394852318084,ground,1
64.625,-68.375,0.25,-1.274838250730818,-1.274838250730818,ground,1
64.625,-64.375,0.25,-1.1640964003052072,-1.1640964003052072,ground,1
64.625,-52.375,0.25,-1.161559183138779,-1.161559183138779,ground,1
64.625,-39.625,0.25,0.5974949283946634,0.4060525550383319,vegetation,2
64.625,-25.875,0.25,-1.0604251954652315,-1.0604251954652315,ground,1
64.625,0.125,0.25,-0.987896261635073,-0.987896261635073,ground,1
64.625,11.875,0.25,-0.9875476420998494,-0.9875476420998494,ground,1
64.625,20.875,0.25,-0.9053273469219766,-0.9053273469219766,ground,1
64.625,36.375,0.25,0.58568277693929,0.58568277693929,vegetation,1
64.625,39.875,0.25,-0.7955732059787504,-0.7955732059787504,ground,1
64.625,58.875,0.25,-0.7482997496831197,-0.7482997496831197,ground,1
64.875,-75.125,0.25,-1.2751999590438163,-1.2751999590438163,ground,1
64.875,-65.375,0.25,-1.2253222696523978,-1.2253222696523978,ground,1
64.875,-29.625,0.25,-1.0416566913672383,-1.0416566913672383,ground,1
64.875,-28.125,0.25,-1.0975621183330797,-1.0975621183330797,ground,1
64.875,5.625,0.25,-0.942060985044435,-0.942060985044435,ground,1
64.875,12.125,0.25,-0.9341906293120344,-0.9341906293120344,ground,1
64.875,17.875,0.25,-0.8894688320229703,-0.8894688320229703,ground,1
64.875,28.125,0.25,-0.846953763902051,-0.846953763902051,ground,1
64.875,39.125,0.25,-0.8332265223690201,-0.8332265223690201,ground,1
64.875,45.125,0.25,-0.7909269790460494,-0.7909269790460494,ground,1
64.875,45.375,0.25,1.6352877549127447,1.6352877549127447,vegetation,1
64.875,56.625,0.25,-0.791822020318096,-0.791822020318096,ground,1
64.875,65.375,0.25,-0.7013275257135558,-0.7013275257135558,ground,1
64.875,74.375,0.25,-0.7009501485373757,-0.7009501485373757,ground,1
65.125,-63.625,0.25,0.4850700594509586,0.4850700594509586,vegetation,1
65.125,-47.125,0.25,-1.1682582233435648,-1.1682582233435648,ground,1
65.125,-31.375,0.25,-1.134716133774467,-1.134716133774467,ground,1
65.125,-18.875,0.25,-1.0840063567160192,-1.0840063567160192,ground,1
65.125,-8.375,0.25,-1.0361725335149632,-1.0361725335149632,ground,1
65.125,25.375,0.25,1.3421578380892099,1.3421578380892099,vegetation,1
65.125,31.875,0.25,-0.820243663958763,-0.820243663958763,ground,1
65.125,32.875,0.25,-0.8086083458865039,-0.8086083458865039,ground,1
65.125,45.125,0.25,-0.8038094773559986,-0.8038094773559986,ground,1
65.125,51.375,0.25,-0.751708242596235,-0.751708242596235,ground,1
65.125,70.625,0.25,-0.6671613162026186,-0.6671613162026186,ground,1
65.375,-71.125,0.25,-1.2802723047352795,-1.2802723047352795,ground,1
65.375,-57.125,0.25,0.7351462412219614,0.7351462412219614,vegetation,1
65.375,-52.875,0.25,1.3579649821465678,1.3579649821465678,vegetation,1
65.375,-47.875,0.25,1.5445087867968332,1.5445087867968332,vegetation,1
65.375,-35.375,0.25,-0.060233655008167575,-0.060233655008167575,vegetation,1
65.375,-26.875,0.25,1.4215742430681573,1.4215742430681573,vegetation,1
65.375,16.375,0.25,-0.9398180311802976,-0.9398180311802976,ground,1
65.375,16.625,0.25,-0.9276773950702313,-0.9276773950702313,ground,1
65.375,27.125,0.25,-0.8477833664307192,-0.8477833664307192,ground,1
65.375,63.375,0.25,1.3260419053712127,1.3260419053712127,vegetation,1
65.625,-73.875,0.25,-1.2747289934449002,-1.2747289934449002,ground,1
65.625,-70.125,0.25,-1.3278576585733175,-1.3278576585733175,ground,1
65.625,-69.875,0.25,-1.2952272144035095,-1.2952272144035095,ground,1
65.625,-68.375,0.25,-1.2110579762154514,-1.2110579762154514,ground,1
65.625,-29.875,0.25,-1.0691474746141503,-1.0691474746141503,ground,1
65.625,6.375,0.25,-0.9838343415651797,-0.9838343415651797,ground,1
65.625,24.125,0.25,-0.8560288519639591,-0.8560288519639591,ground,1
65.625,24.625,0.25,-0.8950451037026191,-0.8950451037026191,ground,1
65.625,65.625,0.25,-0.7383486308202358,-0.7383486308202358,ground,1
65.625,67.875,0.25,-0.7065461500958053,-0.7065461500958053,ground,1
65.875,-74.625,0.25,-1.2730034157685264,-1.2730034157685264,ground,1
65.875,-50.625,0.25,1.0165767409839281,-0.07375671691772223,ground,2
65.875,-46.625,0.25,1.7563820369712364,1.7563820369712364,vegetation,1
65.875,-25.375,0.25,-1.0607516670362194,-1.0607516670362194,ground,1
65.875,-23.875,0.25,-1.046208416913414,-1.046208416913414,ground,1
65.875,-8.375,0.25,-0.9944065786887796,-0.9944065786887796,ground,1
65.875,-0.875,0.25,-1.0114486781276244,-1.0114486781276244,ground,1
65.875,-0.375,0.25,-0.9941507462643236,-0.9941507462643236,ground,1
65.875,3.125,0.25,-0.9956253117162643,-0.9956253117162643,ground,1
65.875,13.625,0.25,-0.950671349376594,-0.950671349376594,ground,1
65.875,16.375,0.25,-0.9586265683677073,-0.9586265683677073,ground,1
65.875,22.125,0.25,-0.878293082743062,-0.878293082743062,ground,1
65.875,29.375,0.25,-0.05326459760874491,-0.05326459760874491,vegetation,1
65.875,30.125,0.25,-0.8770680304962423,-0.8770680304962423,ground,1
65.875,42.875,0.25,-0.774938479817486,-0.774938479817486,ground,1
65.875,61.125,0.25,1.561346088586169,1.561346088586169,vegetation,1
66.125,-73.125,0.25,1.3685539358632148,1.3685539358632148,vegetation,1
66.125,-58.625,0.25,-1.2310123420619292,-1.2310123420619292,ground,1
66.125,-57.625,0.25,0.11542374856830928,0.11542374856830928,vegetation,1
66.125,-41.625,0.25,-1.140882635746764,-1.140882635746764,ground,1
66.125,-34.625,0.25,1.1265588058689437,1.1265588058689437,vegetation,1
66.125,-22.875,0.25,-1.093167424243093,-1.093167424243093,ground,1
66.125,-5.625,0.25,-1.014428011341794,-1.014428011341794,ground,1
66.125,-0.875,0.25,-0.9959017212594637,-0.9959017212594637,ground,1
66.125,10.375,0.25,-0.9719640630904758,-0.9719640630904758,ground,1
66.125,17.875,0.25,-0.9226456249669309,-0.9226456249669309,ground,1
66.125,23.125,0.25,-0.8797070594998009,-0.8797070594998009,ground,1
66.125,25.875,0.25,-0.9087026583435753,-0.9087026583435753,ground,1
66.125,29.375,0.25,-0.9413740159710307,-0.9413740159710307,ground,1
66.125,33.125,0.25,-0.8472561224316248,-0.8472561224316248,ground,1
66.125,44.375,0.25,-0.8395179052736917,-0.8395179052736917,ground,1
66.125,45.125,0.25,-0.7995316860578486,-0.7995316860578486,ground,1
66.125,59.375,0.25,-0.7553187290096095,-0.7553187290096095,ground,1
66.375,-47.875,0.25,1.5598843820808053,1.5598843820808053,vegetation,1
66.375,-47.625,0.25,-1.1751887609527607,-1.1751887609527607,ground,1
66.375,-36.125,0.25,1.029553329558567,1.029553329558567,vegetation,1
66.375,-7.125,0.25,-1.030348380201222,-1.045491496424111,ground,2
66.375,-6.125,0.25,-1.0481551865747298,-1.0481551865747298,ground,1
66.375,-4.875,0.25,-1.0032121134755012,-1.0032121134755012,ground,1
66.375,17.125,0.25,-0.9114441355751655,-0.9204207735657299,ground,2
66.375,31.375,0.25,-0.9011245341420482,-0.9011245341420482,ground,1
66.375,42.625,0.25,-0.8245906801978506,-0.8245906801978506,ground,1
66.375,42.875,0.25,-0.764735895312395,-0.764735895312395,ground,1
66.375,72.375,0.25,0.587152005446367,0.587152005446367,vegetation,1
66.625,-68.875,0.25,-1.2862945134906103,-1.2862945134906103,ground,1
66.625,-60.875,0.25,-1.2806464854031352,-1.2806464854031352,ground,1
66.625,-60.625,0.25,-1.2471909218936208,-1.2471909218936208,ground,1
66.625,-37.125,0.25,-1.1835709399856713,-1.1835709399856713,ground,1
66.625,-24.125,0.25,-1.0405760032119133,-1.0405760032119133,ground,1
66.625,-22.875,0.25,-1.0935329799474465,-1.0935329799474465,ground,1
66.625,-8.125,0.25,-1.051602448717187,-1.051602448717187,ground,1
66.625,-5.125,0.25,-0.9706040062831056,-0.9706040062831056,ground,1
66.625,6.375,0.25,-0.9637556493894177,-0.9637556493894177,ground,1
66.625,15.875,0.25,-0.9344708616316171,-0.9344708616316171,ground,1
66.625,32.625,0.25,-0.8597940599467855,-0.8597940599467855,ground,1
66.625,37.375,0.25,-0.8743572667574451,-0.8743572667574451,ground,1
66.625,39.375,0.25,-0.8381992837277542,-0.8381992837277542,ground,1
66.625,46.375,0.25,-0.7990422586173253,-0.7990422586173253,ground,1
66.625,49.375,0.25,-0.7699641218187099,-0.7699641218187099,ground,1
66.625,69.625,0.25,-0.7422501235027851,-0.7422501235027851,ground,1
66.875,-73.125,0.25,1.5460047965811012,1.5460047965811012,vegetation,1
66.875,-69.125,0.25,-1.2922786260627197,-1.2922786260627197,ground,1
66.875,-47.125,0.25,-1.1596542586767367,-1.1596542586767367,ground,1
66.875,-44.125,0.25,-1.203606147184181,-1.203606147184181,ground,1
66.875,-35.625,0.25,-1.1404695676553465,-1.1404695676553465,ground,1
66.875,-34.125,0.25,1.7578969734344563,1.7578969734344563,vegetation,1
66.875,27.625,0.25,-0.8884634321114343,-0.8884634321114343,ground,1
66.875,30.625,0.25,-0.8837276530679825,-0.8837276530679825,ground,1
66.875,33.125,0.25,-0.8896454232621487,-0.8896454232621487,ground,1
66.875,41.125,0.25,-0.8560038583387117,-0.8560038583387117,ground,1
66.875,46.625,0.25,-0.8546886471688377,-0.8546886471688377,ground,1
66.875,52.875,0.25,0.9261063510121385,0.9261063510121385,vegetation,1
66.875,63.875,0.25,1.470880378166413,1.470880378166413,vegetation,1
66.875,68.625,0.25,1.0289778578702136,1.0289778578702136,vegetation,1
67.125,-71.375,0.25,0.23578807833233972,0.23578807833233972,vegetation,1
67.125,-58.625,0.25,-1.2424235567061606,-1.2424235567061606,ground,1
67.125,-58.375,0.25,1.075459558790479,1.075459558790479,vegetation,1
67.125,-58.125,0.25,-0.05490854921377453,-0.05490854921377453,vegetation,1
67.125,-36.125,0.25,0.42503277419738905,0.42503277419738905,vegetation,1
67.125,-27.375,0.25,-1.1261415669272057,-1.1261415669272057,ground,1
67.125,-26.375,0.25,-1.1083160524680142,-1.1083160524680142,ground,1
67.125,-22.875,0.25,-1.1016197477399656,-1.1016197477399656,ground,1
67.125,-22.625,0.25,-1.070044394679645,-1.070044394679645,ground,1
67.125,2.875,0.25,-0.9493009945935528,-0.9493009945935528,ground,1
67.125,16.875,0.25,-0.9506326385154649,-0.9506326385154649,ground,1
67.125,28.875,0.25,-0.8983408086821737,-0.8983408086821737,ground,1
67.125,47.125,0.25,1.5934143658504207,1.5934143658504207,vegetation,1
67.375,-63.625,0.25,1.6308354842126502,1.6308354842126502,vegetation,1
67.375,-59.125,0.25,-1.243535981158746,-1.243535981158746,ground,1
67.375,-57.125,0.25,-1.239453642327715,-1.239453642327715,ground,1
67.375,-40.625,0.25,1.5635000309378742,1.5635000309378742,vegetation,1
67.375,-13.875,0.25,-1.0435277098334323,-1.0435277098334323,ground,1
67.375,-13.625,0.25,-1.0365260204024542,-1.0365260204024542,ground,1
67.375,-5.125,0.25,-1.0357352188030406,-1.0357352188030406,ground,1
67.375,11.625,0.25,-0.9418361212707494,-0.9418361212707494,ground,1
67.375,55.375,0.25,-0.7918483347964576,-0.7918483347964576,ground,1
67.375,63.625,0.25,-0.7707076141994639,-0.7707076141994639,ground,1
67.375,68.875,0.25,0.055731347561702484,0.055731347561702484,vegetation,1
67.625,-24.875,0.25,-1.113365974158772,-1.113365974158772,ground,1
67.625,16.125,0.25,-0.9574741177735815,-0.9574741177735815,ground,1
67.625,25.125,0.25,-0.9363369764752745,-0.9363369764752745,ground,1
67.625,26.375,0.25,-0.8708401320260162,-0.8708401320260162,ground,1
67.625,35.375,0.25,-0.8955816854472523,-0.8955816854472523,ground,1
67.625,39.375,0.25,-0.838086091900554,-0.838086091900554,ground,1
67.625,41.125,0.25,-0.8707480393530758,-0.8707480393530758,ground,1
67.625,58.625,0.25,1.234544821692218,1.234544821692218,vegetation,1
67.625,66.375,0.25,-0.7244721354405499,-0.7244721354405499,ground,1
67.875,-53.625,0.25,-0.11339383202247211,-0.11339383202247211,vegetation,1
67.875,-32.625,0.25,-1.1346077887079604,-1.1346077887079604,ground,1
67.875,-27.125,0.25,-1.1312225039711927,-1.1312225039711927,ground,1
67.875,-14.375,0.25,-1.048302210009207,-1.048302210009207,ground,1
67.875,-5.125,0.25,-1.0587945181469285,-1.0587945181469285,ground,1
67.875,1.625,0.25,-1.0424920781933404,-1.0424920781933404,ground,1
67.875,7.125,0.25,-0.9538349269159399,-0.9538349269159399,ground,1
67.875,17.125,0.25,-0.9000445286324434,-0.9242011973102573,ground,2
67.875,32.625,0.25,1.5187352159366765,1.5187352159366765,vegetation,1
67.875,36.875,0.25,-0.8584826490351415,-0.8584826490351415,ground,1
67.875,57.375,0.25,-0.8109394313854565,-0.8109394313854565,ground,1
67.875,60.375,0.25,-0.7724114734221302,-0.7724114734221302,ground,1
68.125,-62.125,0.25,1.658053056298771,1.658053056298771,vegetation,1
68.125,-58.375,0.25,-1.280444574731227,-1.280444574731227,ground,1
68.125,-31.375,0.25,-1.1632485617359596,-1.1632485617359596,ground,1
68.125,-25.125,0.25,-1.1117587479419702,-1.1117587479419702,ground,1
68.125,2.875,0.25,-0.9905268506960804,-0.9905268506960804,ground,1
68.125,9.375,0.25,-1.0015416103915946,-1.0015416103915946,ground,1
68.125,21.375,0.25,-0.9399080803850535,-0.9399080803850535,ground,1
68.125,51.625,0.25,-0.8235723552016093,-0.8235723552016093,ground,1
68.375,-69.125,0.25,0.9483045132194023,0.9483045132194023,vegetation,1
68.375,-56.375,0.25,-1.2542003769226535,-1.2542003769226535,ground,1
68.375,-56.125,0.25,0.386663705340603,0.386663705340603,vegetation,1
68.375,-54.875,0.25,1.7385291943628542,1.7385291943628542,vegetation,1
68.375,-52.125,0.25,-1.2434307234591067,-1.2434307234591067,ground,1
68.375,-49.375,0.25,0.38917903285524724,0.38917903285524724,vegetation,1
68.375,-47.625,0.25,-1.2321539012142444,-1.2321539012142444,ground,1
68.375,-46.375,0.25,-0.11750660860757606,-0.11750660860757606,vegetation,1
68.375,-31.875,0.25,-1.1692578827161748,-1.1692578827161748,ground,1
68.375,-27.375,0.25,1.7890151466058852,1.7890151466058852,vegetation,1
68.375,-21.125,0.25,-1.0981406266294338,-1.0981406266294338,ground,1
68.375,-15.875,0.25,-1.095709703184416,-1.095709703184416,ground,1
68.375,-1.875,0.25,-1.0293741512770194,-1.0293741512770194,ground,1
68.375,34.125,0.25,1.8929109575489607,1.8929109575489607,vegetation,1
68.625,-72.125,0.25,-1.273661058104798,-1.273661058104798,ground,1
68.625,-60.625,0.25,-1.2200433862078757,-1.2200433862078757,ground,1
68.625,-34.625,0.25,0.34652437560781457,0.34652437560781457,vegetation,1
68.625,-11.625,0.25,-1.0444783645766202,-1.0444783645766202,ground,1
68.625,-5.625,0.25,-1.0836855394843004,-1.0836855394843004,ground,1
68.625,-0.875,0.25,-1.059216647491826,-1.059216647491826,ground,1
68.625,14.375,0.25,-0.9749317970884278,-0.9749317970884278,ground,1
68.625,21.125,0.25,-0.9249027624557112,-0.9249027624557112,ground,1
68.625,21.625,0.25,-0.9151988208714519,-0.9293389884475578,ground,2
68.625,34.125,0.25,0.12839680458251235,0.12839680458251235,vegetation,1
68.625,41.125,0.25,-0.0014491358710813917,-0.0014491358710813917,vegetation,1
68.625,70.375,0.25,1.3682075404564453,1.3682075404564453,vegetation,1
68.875,-72.375,0.25,0.8436033073699469,0.8436033073699469,vegetation,1
68.875,-64.875,0.25,-1.2780037112225289,-1.2780037112225289,ground,1
68.875,-23.375,0.25,-1.0874506154236168,-1.0874506154236168,ground,1
68.875,-5.375,0.25,-1.1050112025786134,-1.1050112025786134,ground,1
68.875,0.125,0.25,-1.0308900955981164,-1.0308900955981164,ground,1
68.875,9.375,0.25,-0.9824318663797372,-0.9824318663797372,ground,1
68.875,34.125,0.25,-0.9134178656061489,-0.9134178656061489,ground,1
68.875,51.375,0.25,0.6019905966273251,0.6019905966273251,vegetation,1
68.875,69.375,0.25,1.9699108708377686,1.9699108708377686,vegetation,1
69.125,-49.375,0.25,0.9460501981487024,0.9460501981487024,vegetation,1
69.125,-40.875,0.25,-1.1661095399917145,-1.1661095399917145,ground,1
69.125,-27.125,0.25,-1.1169823780722807,-1.1169823780722807,ground,1
69.125,-21.625,0.25,-1.117127524926264,-1.117127524926264,ground,1
69.125,-14.375,0.25,-1.0630412835333507,-1.0630412835333507,ground,1
69.125,-12.125,0.25,-1.1100621651945055,-1.1100621651945055,ground,1
69.125,-11.375,0.25,-1.0999642784974766,-1.0999642784974766,ground,1
69.125,-3.125,0.25,-1.0019255972029302,-1.0019255972029302,ground,1
69.125,21.375,0.25,-0.9695628691710019,-0.9695628691710019,ground,1
69.125,23.625,0.25,-0.9202836372095704,-0.9202836372095704,ground,1
69.125,24.875,0.25,-0.9605294168438367,-0.9605294168438367,ground,1
69.125,29.125,0.25,-0.9305260152379135,-0.9305260152379135,ground,1
69.125,55.375,0.25,-0.8152280069087373,-0.8152280069087373,ground,1
69.125,63.625,0.25,-0.7869105685822501,-0.7869105685822501,ground,1
69.375,-17.625,0.25,-1.1244793458338993,-1.1244793458338993,ground,1
69.375,32.875,0.25,-0.9252627765459782,-0.9252627765459782,ground,1
69.375,37.625,0.25,-0.8596515564711525,-0.8596515564711525,ground,1
69.625,-62.875,0.25,-1.3317716768594716,-1.3317716768594716,ground,1
69.625,-60.625,0.25,-1.290214241712889,-1.290214241712889,ground,1
69.625,-50.125,0.25,-1.2248506930977252,-1.2248506930977252,ground,1
69.625,-38.625,0.25,-1.2306934078752325,-1.2306934078752325,ground,1
69.625,-35.625,0.25,-1.2335014014942551,-1.2335014014942551,ground,1
69.625,-25.625,0.25,-1.1757960833059216,-1.1757960833059216,ground,1
69.625,-22.375,0.25,-1.141282242672888,-1.141282242672888,ground,1
69.625,-1.125,0.25,-1.0507025815964486,-1.0507025815964486,ground,1
69.625,16.625,0.25,-0.9137818027744485,-0.9137818027744485,ground,1
69.625,18.125,0.25,-0.9593208445139779,-0.9593208445139779,ground,1
69.625,23.375,0.25,-0.9674923572336233,-0.9674923572336233,ground,1
69.625,51.375,0.25,1.6938438203545574,1.6938438203545574,vegetation,1
69.625,68.125,0.25,-0.771798895709955,-0.771798895709955,ground,1
69.625,68.625,0.25,1.1977278090281533,1.1977278090281533,vegetation,1
69.875,-66.875,0.25,-1.3001887009890536,-1.3001887009890536,ground,1
69.875,-56.875,0.25,-1.2788071009808029,-1.2788071009808029,ground,1
69.875,-50.625,0.25,-1.226910765620704,-1.226910765620704,ground,1
69.875,-39.625,0.25,-1.2189433772173095,-1.2189433772173095,ground,1
69.875,-38.625,0.25,0.1871837839034135,0.1871837839034135,vegetation,1
69.875,-36.125,0.25,0.19503868377528544,0.19503868377528544,vegetation,1
69.875,-31.625,0.25,-1.191386409900689,-1.191386409900689,ground,1
69.875,-20.125,0.25,-1.204309767056338,-1.204309767056338,ground,1
69.875,-14.875,0.25,-1.1097129305243938,-1.1097129305243938,ground,1
69.875,-12.375,0.25,-1.1081225695916217,-1.1081225695916217,ground,1
69.875,-6.875,0.25,-1.094138150304102,-1.094138150304102,ground,1
69.875,8.625,0.25,-0.9770601831629545,-0.9770601831629545,ground,1
69.875,9.875,0.25,-1.0050655044323724,-1.0050655044323724,ground,1
69.875,17.875,0.25,-1.0095530190679047,-1.0095530190679047,ground,1
69.875,23.125,0.25,-0.9837696079758291,-0.9837696079758291,ground,1
69.875,45.875,0.25,-0.8903494306970807,-0.8903494306970807,ground,1
69.875,47.625,0.25,-0.8961803185301535,-0.8961803185301535,ground,1
70.125,-66.125,0.25,-1.3139743655099945,-1.3139743655099945,ground,1
70.125,-36.375,0.25,-1.1654636014640525,-1.1654636014640525,ground,1
70.125,3.125,0.25,-0.9487524047317881,-0.9487524047317881,ground,1
70.125,10.375,0.25,-1.0239263366733398,-1.0239263366733398,ground,1
70.125,10.875,0.25,-1.0103346684834726,-1.0103346684834726,ground,1
70.125,16.375,0.25,-0.9696378186875008,-0.9696378186875008,ground,1
70.125,36.125,0.25,0.9095754589783098,0.9095754589783098,vegetation,1
70.125,36.875,0.25,1.7302844888024826,1.7302844888024826,vegetation,1
70.125,51.625,0.25,0.40924646117564095,0.40924646117564095,vegetation,1
70.125,62.125,0.25,1.7257862838540095,1.7257862838540095,vegetation,1
70.125,63.125,0.25,-0.7734084924454213,-0.7734084924454213,ground,1
70.125,63.625,0.25,-0.7359063314236759,-0.7359063314236759,ground,1
70.375,-49.625,0.25,1.607994112367217,1.607994112367217,vegetation,1
70.375,-45.375,0.25,-1.1995980944937996,-1.1995980944937996,ground,1
70.375,-44.125,0.25,0.8075340790930248,0.8075340790930248,vegetation,1
70.375,-34.125,0.25,1.0429106393936878,1.0429106393936878,vegetation,1
70.375,-31.875,0.25,0.8210061635637855,0.8210061635637855,vegetation,1
70.375,-14.625,0.25,-1.1102730761738342,-1.1102730761738342,ground,1
70.375,-5.875,0.25,-1.0176457002956747,-1.0176457002956747,ground,1
70.375,20.125,0.25,-0.9452176596820164,-0.9452176596820164,ground,1
70.375,28.125,0.25,0.18930630440481888,0.18930630440481888,vegetation,1
70.375,37.625,0.25,-0.9060052488660955,-0.9060052488660955,ground,1
70.375,42.875,0.25,-0.8935205663480522,-0.8935205663480522,ground,1
70.375,47.875,0.25,-0.8583703532576294,-0.8583703532576294,ground,1
70.375,52.875,0.25,-0.8656979544326409,-0.8656979544326409,ground,1
70.375,64.125,0.25,1.077542133569941,1.077542133569941,vegetation,1
70.625,-50.125,0.25,-1.2501403114110718,-1.2501403114110718,ground,1
70.625,-40.625,0.25,-1.2280150093923443,-1.2280150093923443,ground,1
70.625,-40.375,0.25,0.49325155198160975,0.49325155198160975,vegetation,1
70.625,-14.875,0.25,-1.097335276076549,-1.097335276076549,ground,1
70.625,-9.125,0.25,-1.089174276172636,-1.089174276172636,ground,1
70.625,2.875,0.25,-0.9955470119365705,-0.9955470119365705,ground,1
70.625,22.125,0.25,-0.9837152403735817,-0.9837152403735817,ground,1
70.625,44.875,0.25,-0.8615532680388374,-0.8615532680388374,ground,1
70.875,-69.375,0.25,-1.3382441110727477,-1.3382441110727477,ground,1
70.875,-54.125,0.25,0.5912170840316204,0.5912170840316204,vegetation,1
70.875,-48.625,0.25,-1.275976939975823,-1.275976939975823,ground,1
70.875,-35.875,0.25,-1.2027323065824258,-1.2027323065824258,ground,1
70.875,-33.625,0.25,-1.2353408529210408,-1.2353408529210408,ground,1
70.875,-22.125,0.25,-1.1779309832839908,-1.1779309832839908,ground,1
70.875,8.625,0.25,-1.0333673822827145,-1.0333673822827145,ground,1
70.875,8.875,0.25,-1.0153546812132106,-1.0153546812132106,ground,1
70.875,17.375,0.25,-1.008758434034531,-1.008758434034531,ground,1
70.875,20.875,0.25,-0.9411196451977926,-0.9411196451977926,ground,1
70.875,24.125,0.25,-0.9845440562059794,-0.9845440562059794,ground,1
70.875,45.125,0.25,0.47544555743483174,0.47544555743483174,vegetation,1
70.875,54.375,0.25,-0.8265359950356658,-0.8265359950356658,ground,1
71.125,-26.875,0.25,-1.214509479386198,-1.214509479386198,ground,1
71.125,-20.125,0.25,-1.0841750295007224,-1.0841750295007224,ground,1
71.125,23.625,0.25,-0.9583175613213474,-0.9583175613213474,ground,1
71.125,39.625,0.25,-0.8268209341326924,-0.8268209341326924,ground,1
71.125,47.625,0.25,-0.8556879763970647,-0.8556879763970647,ground,1
71.125,48.125,0.25,-0.8584230598535877,-0.8584230598535877,ground,1
71.125,60.125,0.25,-0.8294842431549075,-0.8294842431549075,ground,1
71.125,69.625,0.25,-0.7982579281651061,-0.7982579281651061,ground,1
71.375,-37.125,0.25,-1.198567446939998,-1.198567446939998,ground,1
71.375,-27.875,0.25,-1.156363147030997,-1.156363147030997,ground,1
71.375,-9.625,0.25,-1.054896789296753,-1.054896789296753,ground,1
71.375,-3.375,0.25,-1.0393100250036946,-1.0393100250036946,ground,1
71.375,-1.375,0.25,-1.078998501943789,-1.078998501943789,ground,1
71.375,0.625,0.25,-1.074034029519276,-1.074034029519276,ground,1
71.375,6.875,0.25,-1.0053704542628459,-1.0053704542628459,ground,1
71.375,11.625,0.25,-1.062195105323648,-1.062195105323648,ground,1
71.375,45.875,0.25,0.7529408240677308,0.7529408240677308,vegetation,1
71.375,65.875,0.25,-0.8139437421622429,-0.8139437421622429,ground,1
71.625,-50.125,0.25,1.4607482941757604,1.4607482941757604,vegetation,1
71.625,-48.625,0.25,-1.2774748917536396,-1.2774748917536396,ground,1
71.625,-41.625,0.25,-1.2927476518381547,-1.2927476518381547,ground,1
71.625,-32.875,0.25,-1.1902372420490537,-1.1902372420490537,ground,1
71.625,-25.125,0.25,0.4746645530940302,0.4746645530940302,vegetation,1
71.625,-13.375,0.25,-1.1551550116891516,-1.1551550116891516,ground,1
71.625,-2.125,0.25,-1.0765351142792026,-1.0765351142792026,ground,1
71.625,-1.625,0.25,-1.0335482301987011,-1.0335482301987011,ground,1
71.625,10.875,0.25,-1.0085129878511534,-1.0085129878511534,ground,1
71.625,68.375,0.25,-0.7607246813675432,-0.7607246813675432,ground,1
71.875,-66.375,0.25,-1.3175190572699382,-1.3175190572699382,ground,1
71.875,-53.375,0.25,-1.3091221899986973,-1.3091221899986973,ground,1
71.875,-46.875,0.25,-1.2805856089499816,-1.2805856089499816,ground,1
71.875,-34.125,0.25,-1.1926265753089544,-1.1926265753089544,ground,1
71.875,-21.875,0.25,-1.1492934773690606,-1.1492934773690606,ground,1
71.875,41.125,0.25,-0.9212539998732606,-0.9212539998732606,ground,1
71.875,56.125,0.25,-0.8560625617679685,-0.8560625617679685,ground,1
71.875,64.625,0.25,-0.8596934787155239,-0.8596934787155239,ground,1
71.875,69.625,0.25,-0.8329635736781535,-0.8329635736781535,ground,1
72.125,-63.125,0.25,-1.34290412261342,-1.34290412261342,ground,1
72.125,-62.125,0.25,-1.3692649750313095,-1.3692649750313095,ground,1
72.125,-54.875,0.25,0.1258036958742439,0.1258036958742439,vegetation,1
72.125,-49.875,0.25,-0.4073845289162857,-0.4073845289162857,vegetation,1
72.125,-43.625,0.25,-1.282526201901848,-1.282526201901848,ground,1
72.125,-19.375,0.25,-1.1071386669404444,-1.1071386669404444,ground,1
72.125,-17.625,0.25,-1.1434994039400854,-1.1434994039400854,ground,1
72.125,-7.875,0.25,-1.0930087897096663,-1.0930087897096663,ground,1
72.125,-2.625,0.25,-1.0517874077880682,-1.0517874077880682,ground,1
72.125,0.125,0.25,-1.0619561094774728,-1.0619561094774728,ground,1
72.125,13.375,0.25,-1.035933890825496,-1.035933890825496,ground,1
72.125,42.125,0.25,-0.9424862788429259,-0.9424862788429259,ground,1
72.125,47.875,0.25,2.127987391810979,2.127987391810979,vegetation,1
72.125,62.875,0.25,-0.8186630375773498,-0.8186630375773498,ground,1
72.375,-59.875,0.25,-1.2862536453396536,-1.2862536453396536,ground,1
72.375,-38.375,0.25,-1.2349115412520475,-1.2349115412520475,ground,1
72.375,15.875,0.25,-1.0414391511891776,-1.0414391511891776,ground,1
72.375,19.875,0.25,-1.0004208669079189,-1.0004208669079189,ground,1
72.375,20.375,0.25,-1.045796324755262,-1.045796324755262,ground,1
72.375,40.875,0.25,-0.8626480574979255,-0.8626480574979255,ground,1
72.375,48.875,0.25,-0.8809063104822484,-0.8809063104822484,ground,1
72.625,-28.375,0.25,0.44464935276773865,0.44464935276773865,vegetation,1
72.625,-24.375,0.25,-1.1743091330695428,-1.1743091330695428,ground,1
72.625,-20.625,0.25,-1.1316319697561887,-1.1316319697561887,ground,1
72.625,3.625,0.25,-1.082814529779642,-1.082814529779642,ground,1
72.625,15.375,0.25,-1.0229573054910683,-1.0229573054910683,ground,1
72.625,22.875,0.25,-1.0156047172709082,-1.0156047172709082,ground,1
72.625,27.125,0.25,-0.9942213108726404,-0.9942213108726404,ground,1
72.625,35.875,0.25,0.4257745373077009,0.4257745373077009,vegetation,1
72.625,65.625,0.25,1.783047469632332,1.783047469632332,vegetation,1
72.875,-52.625,0.25,-0.023013086580738973,-0.023013086580738973,vegetation,1
72.875,-10.375,0.25,-1.1554326486889406,-1.1554326486889406,ground,1
72.875,-7.375,0.25,-1.0663796845096065,-1.0663796845096065,ground,1
72.875,-4.875,0.25,-1.0877890488146276,-1.0877890488146276,ground,1
72.875,8.125,0.25,-1.0826966561987366,-1.0826966561987366,ground,1
72.875,19.875,0.25,-1.0104393525543385,-1.0104393525543385,ground,1
72.875,53.125,0.25,-0.8714633027762114,-0.8714633027762114,ground,1
73.125,-63.125,0.25,0.3010227263545101,0.3010227263545101,vegetation,1
73.125,-36.125,0.25,0.18808603426789883,0.18808603426789883,vegetation,1
73.125,-33.875,0.25,0.1563834196943944,0.1563834196943944,vegetation,1
73.125,-22.875,0.25,-1.1973971035271405,-1.1973971035271405,ground,1
73.125,-2.375,0.25,-1.0569445723921087,-1.0569445723921087,ground,1
73.125,10.375,0.25,-1.0616264783598264,-1.0616264783598264,ground,1
73.125,21.875,0.25,-1.003538144777093,-1.003538144777093,ground,1
73.125,35.625,0.25,0.8001036091369447,0.8001036091369447,vegetation,1
73.125,39.125,0.25,-0.8829575142649645,-0.8829575142649645,ground,1
73.125,54.375,0.25,-0.8676644662875291,-0.8676644662875291,ground,1
73.125,56.875,0.25,-0.8563122845187067,-0.8563122845187067,ground,1
73.125,62.375,0.25,-0.8687605846876537,-0.8687605846876537,ground,1
73.375,-63.375,0.25,-1.356092021411044,-1.356092021411044,ground,1
73.375,-33.625,0.25,-1.2557648162041162,-1.2557648162041162,ground,1
73.375,-28.375,0.25,-1.169954892799872,-1.169954892799872,ground,1
73.375,-26.875,0.25,-1.202633001703174,-1.202633001703174,ground,1
73.375,-25.625,0.25,-0.2552474127427502,-0.2552474127427502,vegetation,1
73.375,-22.625,0.25,-1.1583497694042293,-1.1583497694042293,ground,1
73.375,-6.125,0.25,-1.1640572492530743,-1.1640572492530743,ground,1
73.375,10.375,0.25,-1.0644986420868097,-1.0644986420868097,ground,1
73.375,32.375,0.25,0.943071522656236,0.943071522656236,vegetation,1
73.375,50.125,0.25,-0.9253170021450425,-0.9253170021450425,ground,1
73.375,51.125,0.25,1.4571207236035293,1.4571207236035293,vegetation,1
73.375,54.875,0.25,0.8939180306369015,0.8939180306369015,vegetation,1
73.375,64.125,0.25,-0.8108403091080473,-0.8108403091080473,ground,1
73.625,-52.125,0.25,-1.3401255896987752,-1.3401255896987752,ground,1
73.625,-44.375,0.25,-1.2430153005276425,-1.2430153005276425,ground,1
73.625,-34.625,0.25,-1.2506631655223668,-1.2506631655223668,ground,1
73.625,-24.625,0.25,-1.2148815415423542,-1.2148815415423542,ground,1
73.625,25.375,0.25,-1.021951219192075,-1.021951219192075,ground,1
73.625,42.875,0.25,-0.9247984729551054,-0.9247984729551054,ground,1
73.625,43.125,0.25,-0.9175934011617891,-0.9175934011617891,ground,1
73.625,57.625,0.25,-0.8991373242921198,-0.8991373242921198,ground,1
73.625,61.375,0.25,-0.8880174576951525,-0.8880174576951525,ground,1
73.625,62.875,0.25,0.4864125765366212,0.4864125765366212,vegetation,1
73.875,-63.875,0.25,0.37822316794189015,0.37822316794189015,vegetation,1
73.875,-52.625,0.25,-1.2798203265311607,-1.2798203265311607,ground,1
73.875,-43.125,0.25,0.14933707248827388,0.14933707248827388,vegetation,1
73.875,-27.875,0.25,-1.2346086293170855,-1.2346086293170855,ground,1
73.875,-7.875,0.25,-1.1840144256451826,-1.1840144256451826,ground,1
73.875,-0.875,0.25,-1.1043331993290495,-1.1043331993290495,ground,1
73.875,3.375,0.25,-1.0790497327503235,-1.0790497327503235,ground,1
73.875,12.875,0.25,-1.040095720347344,-1.040095720347344,ground,1
73.875,17.625,0.25,-1.0120059349295452,-1.0120059349295452,ground,1
73.875,24.625,0.25,-1.0737317302189624,-1.0737317302189624,ground,1
73.875,65.625,0.25,-0.860109254529881,-0.860109254529881,ground,1
74.125,-66.625,0.25,-1.377895940314519,-1.377895940314519,ground,1
74.125,-63.625,0.25,-0.24609510368310855,-0.24609510368310855,vegetation,1
74.125,-16.375,0.25,-1.2156315333959369,-1.2156315333959369,ground,1
74.125,-9.375,0.25,-1.141770469018618,-1.141770469018618,ground,1
74.125,0.125,0.25,-1.144622410658797,-1.144622410658797,ground,1
74.125,6.375,0.25,-1.102718089021907,-1.102718089021907,ground,1
74.125,39.375,0.25,0.5099895244883057,0.5099895244883057,vegetation,1
74.125,45.125,0.25,-0.9525788566438692,-0.9525788566438692,ground,1
74.125,48.125,0.25,-0.9398108326218657,-0.9398108326218657,ground,1
74.125,52.375,0.25,0.4379656075602809,0.4379656075602809,vegetation,1
74.375,-61.375,0.25,0.4680601962162303,0.4680601962162303,vegetation,1
74.375,-24.875,0.25,-1.203393182090553,-1.203393182090553,ground,1
74.375,-23.625,0.25,-1.174361737387805,-1.174361737387805,ground,1
74.375,-21.375,0.25,-1.1908475690642455,-1.1908475690642455,ground,1
74.375,-19.375,0.25,-1.1815329065923827,-1.1815329065923827,ground,1
74.375,-15.375,0.25,-1.1546026045242992,-1.1546026045242992,ground,1
74.375,8.375,0.25,-1.0496724414392473,-1.0496724414392473,ground,1
74.375,58.875,0.25,-0.8557389974783662,-0.8557389974783662,ground,1
74.375,66.375,0.25,-0.8583673598666371,-0.8583673598666371,ground,1
74.625,-41.375,0.25,-1.2566559641800672,-1.2566559641800672,ground,1
74.625,0.125,0.25,-1.1338282615553572,-1.1338282615553572,ground,1
74.625,2.625,0.25,-1.058941309472798,-1.0773106703110522,ground,2
74.625,7.375,0.25,-1.0707393421320597,-1.0707393421320597,ground,1
74.625,8.625,0.25,-1.0667025751115138,-1.0667025751115138,ground,1
74.625,19.625,0.25,-1.044574063165435,-1.044574063165435,ground,1
74.625,30.625,0.25,1.046200802843719,1.046200802843719,vegetation,1
74.625,36.625,0.25,0.45258467550611603,0.45258467550611603,vegetation,1
74.875,-38.125,0.25,-1.294312383274826,-1.294312383274826,ground,1
74.875,-18.125,0.25,-1.1811106665214333,-1.1811106665214333,ground,1
74.875,-14.125,0.25,-1.1785703230727618,-1.1785703230727618,ground,1
74.875,3.875,0.25,-1.0829213868671748,-1.0829213868671748,ground,1
74.875,13.375,0.25,-1.047280320150143,-1.047280320150143,ground,1
74.875,18.125,0.25,-1.0522484996536587,-1.0522484996536587,ground,1
74.875,45.375,0.25,0.2788477724072221,0.2788477724072221,vegetation,1
75.125,-65.875,0.25,-1.3846038327796426,-1.3846038327796426,ground,1
75.125,-3.125,0.25,-1.1358001965817488,-1.1358001965817488,ground,1
75.125,-0.625,0.25,-1.146977505294751,-1.146977505294751,ground,1
75.125,17.125,0.25,-1.0884038285119428,-1.0884038285119428,ground,1
75.125,21.125,0.25,-1.0295039751234005,-1.0295039751234005,ground,1
75.125,27.625,0.25,1.0061809050334976,1.0061809050334976,vegetation,1
75.125,28.625,0.25,0.4008024317719828,0.4008024317719828,vegetation,1
75.125,29.125,0.25,1.730556342411898,1.730556342411898,vegetation,1
75.125,40.625,0.25,-0.9228231463582913,-0.9228231463582913,ground,1
75.125,53.625,0.25,-0.9361119061468741,-0.9361119061468741,ground,1
75.125,53.875,0.25,-0.911801956603688,-0.911801956603688,ground,1
75.375,-50.875,0.25,0.623076942281551,0.623076942281551,vegetation,1
75.375,-33.375,0.25,-1.2575644468031657,-1.2575644468031657,ground,1
75.375,-24.875,0.25,-1.2343271661452417,-1.2343271661452417,ground,1
75.375,5.125,0.25,-1.1281860135807475,-1.1281860135807475,ground,1
75.375,7.625,0.25,-1.1373249831396979,-1.1373249831396979,ground,1
75.375,29.625,0.25,-0.9859511312890938,-0.9859511312890938,ground,1
75.375,31.375,0.25,0.5864056320398828,0.5864056320398828,vegetation,1
75.375,32.375,0.25,-1.0189173385305192,-1.0189173385305192,ground,1
75.375,52.875,0.25,-0.9069151428648675,-0.9069151428648675,ground,1
75.375,58.625,0.25,-0.940343504168076,-0.940343504168076,ground,1
75.625,-64.875,0.25,-1.374177323441105,-1.374177323441105,ground,1
75.625,-37.375,0.25,-1.2928950736319589,-1.2928950736319589,ground,1
75.625,-36.875,0.25,1.4158052339993463,1.4158052339993463,vegetation,1
75.625,-32.625,0.25,-0.3590713397847883,-0.3590713397847883,vegetation,1
75.625,-16.625,0.25,-1.2391434120119351,-1.2391434120119351,ground,1
75.625,-12.625,0.25,-1.1580913491290687,-1.1580913491290687,ground,1
75.625,13.875,0.25,-1.1344576368033958,-1.1344576368033958,ground,1
75.875,-15.875,0.25,-1.2138718796358512,-1.2138718796358512,ground,1
75.875,-2.125,0.25,-1.1459618301022017,-1.1459618301022017,ground,1
75.875,9.125,0.25,-1.112801528136078,-1.112801528136078,ground,1
75.875,11.375,0.25,-1.0494835891543355,-1.0494835891543355,ground,1
75.875,12.375,0.25,-1.080320777696109,-1.080320777696109,ground,1
75.875,15.625,0.25,-1.07489402875252,-1.07489402875252,ground,1
75.875,25.875,0.25,-1.0681142315511511,-1.0681142315511511,ground,1
75.875,42.625,0.25,1.785980630027527,1.785980630027527,vegetation,1
75.875,52.625,0.25,0.9576677127094952,0.9576677127094952,vegetation,1
75.875,56.625,0.25,1.8769222962906125,1.8769222962906125,vegetation,1
75.875,58.875,0.25,1.0139837261193647,1.0139837261193647,vegetation,1
76.125,-64.125,0.25,-1.3613155999078195,-1.3613155999078195,ground,1
76.125,-45.125,0.25,-1.3225609489997117,-1.3225609489997117,ground,1
76.125,-35.625,0.25,-1.2488191851094639,-1.2488191851094639,ground,1
76.125,-34.875,0.25,-1.2905545142794146,-1.2905545142794146,ground,1
76.125,-16.875,0.25,-1.2031220647558203,-1.2031220647558203,ground,1
76.125,-8.375,0.25,-1.18782282292537,-1.18782282292537,ground,1
76.125,-7.125,0.25,-1.1609357841162828,-1.1609357841162828,ground,1
76.125,-5.625,0.25,-1.1524521649239383,-1.1524521649239383,ground,1
76.125,-3.625,0.25,-1.1571108383349087,-1.1571108383349087,ground,1
76.125,7.125,0.25,-1.1035423613958064,-1.1035423613958064,ground,1
76.125,8.875,0.25,-1.1321191248517195,-1.1321191248517195,ground,1
76.125,9.125,0.25,-1.123340892971026,-1.123340892971026,ground,1
76.125,14.125,0.25,-1.1076473820652901,-1.1076473820652901,ground,1
76.125,19.625,0.25,-1.0832290480999145,-1.0832290480999145,ground,1
76.125,19.875,0.25,-1.0296425638032904,-1.0296425638032904,ground,1
76.125,46.125,0.25,0.23763097127647698,0.23763097127647698,vegetation,1
76.375,-60.875,0.25,-1.4187379186857232,-1.4187379186857232,ground,1
76.375,-41.625,0.25,-1.3080304032257681,-1.3080304032257681,ground,1
76.375,-23.125,0.25,-1.210032148656273,-1.210032148656273,ground,1
76.375,-18.375,0.25,-1.224987609244504,-1.224987609244504,ground,1
76.375,-14.375,0.25,-1.1940321334001338,-1.1940321334001338,ground,1
76.375,13.125,0.25,-1.0977622892997774,-1.0977622892997774,ground,1
76.375,28.875,0.25,-0.9614079358328911,-0.9614079358328911,ground,1
76.375,35.125,0.25,-0.9701030735851129,-0.9701030735851129,ground,1
76.375,45.375,0.25,0.32874330770766497,0.32874330770766497,vegetation,1
76.375,55.375,0.25,0.7813537983072487,0.7813537983072487,vegetation,1
76.375,61.625,0.25,-0.9321718346449722,-0.9321718346449722,ground,1
76.625,-63.875,0.25,-1.3796689088407545,-1.3796689088407545,ground,1
76.625,-43.875,0.25,-0.19155297454244197,-0.19155297454244197,vegetation,1
76.625,-8.875,0.25,-1.2038513565573572,-1.2038513565573572,ground,1
76.625,24.875,0.25,-1.0381307717834483,-1.0381307717834483,ground,1
76.625,29.375,0.25,-1.0397877394353054,-1.0397877394353054,ground,1
76.625,37.125,0.25,-0.9749802706863492,-0.9749802706863492,ground,1
76.625,42.875,0.25,-0.936110527236303,-0.936110527236303,ground,1
76.625,43.375,0.25,-0.958837971774478,-0.958837971774478,ground,1
76.625,49.875,0.25,-0.9709998883713814,-0.9709998883713814,ground,1
76.875,-63.125,0.25,1.0960548727617656,1.0960548727617656,vegetation,1
76.875,-25.625,0.25,-1.2297550996808726,-1.2297550996808726,ground,1
76.875,-23.625,0.25,-1.2381525257310884,-1.2381525257310884,ground,1
76.875,23.375,0.25,-1.0574504869155124,-1.0574504869155124,ground,1
76.875,36.125,0.25,-0.9718533543278385,-0.9718533543278385,ground,1
76.875,49.375,0.25,1.6963148997600594,1.6963148997600594,vegetation,1
77.125,-55.125,0.25,0.47415317149732616,0.47415317149732616,vegetation,1
77.125,-43.625,0.25,-1.3377428385693695,-1.3377428385693695,ground,1
77.125,-35.375,0.25,-0.23409747684164495,-0.23409747684164495,vegetation,1
77.125,-19.625,0.25,-1.202366652233877,-1.202366652233877,ground,1
77.125,-16.875,0.25,-1.264465927982451,-1.264465927982451,ground,1
77.125,-2.875,0.25,-1.1334154968077141,-1.1334154968077141,ground,1
77.125,37.625,0.25,-1.0534651275631253,-1.0534651275631253,ground,1
77.375,-54.875,0.25,-1.3914405607825742,-1.3914405607825742,ground,1
77.375,-43.875,0.25,-1.3478414616920202,-1.3478414616920202,ground,1
77.375,-30.875,0.25,0.02274425833694982,0.02274425833694982,vegetation,1
77.375,-16.875,0.25,-1.2430185341454278,-1.2430185341454278,ground,1
77.375,-4.375,0.25,-1.1960184978123205,-1.1960184978123205,ground,1
77.375,3.375,0.25,-1.1784117918597765,-1.1784117918597765,ground,1
77.375,17.875,0.25,-1.0789670856705975,-1.0789670856705975,ground,1
77.375,24.625,0.25,-0.9917550396004317,-0.9917550396004317,ground,1
77.375,27.125,0.25,0.2612023764169181,0.2612023764169181,vegetation,1
77.375,32.125,0.25,-1.0361952803395267,-1.0361952803395267,ground,1
77.375,54.125,0.25,-0.9499185797952868,-0.9499185797952868,ground,1
77.375,58.625,0.25,-0.9149357739029119,-0.9149357739029119,ground,1
77.625,-44.875,0.25,-1.3648538860603279,-1.3648538860603279,ground,1
77.625,-28.625,0.25,-1.3012524796235891,-1.3012524796235891,ground,1
77.625,-22.375,0.25,-1.301554254724247,-1.301554254724247,ground,1
77.625,-16.625,0.25,-1.2022626312884694,-1.2022626312884694,ground,1
77.625,-11.125,0.25,-1.2757968069203602,-1.2757968069203602,ground,1
77.625,-2.125,0.25,-1.1548579534070285,-1.1548579534070285,ground,1
77.625,14.125,0.25,-1.120053120124057,-1.120053120124057,ground,1
77.625,27.875,0.25,1.7911234763402655,1.7911234763402655,vegetation,1
77.625,60.875,0.25,0.8185002812355944,0.8185002812355944,vegetation,1
77.875,-60.375,0.25,-1.4207943791266437,-1.4207943791266437,ground,1
77.875,-36.625,0.25,-1.3520949894792063,-1.3520949894792063,ground,1
77.875,-36.125,0.25,-1.3623513930638949,-1.3623513930638949,ground,1
77.875,-25.625,0.25,-1.2803902325551204,-1.2803902325551204,ground,1
77.875,-18.875,0.25,-1.2441689901983597,-1.2441689901983597,ground,1
77.875,-2.125,0.25,-1.1935038286493582,-1.1935038286493582,ground,1
77.875,4.875,0.25,-1.1377219328268047,-1.1377219328268047,ground,1
77.875,25.625,0.25,-1.101214305389259,-1.101214305389259,ground,1
77.875,37.125,0.25,-1.0081401564633508,-1.0081401564633508,ground,1
77.875,49.375,0.25,-0.9751654433624066,-0.9751654433624066,ground,1
78.125,-55.875,0.25,-1.4179752135342194,-1.4179752135342194,ground,1
78.125,-26.125,0.25,-1.312395923157848,-1.312395923157848,ground,1
78.125,-24.625,0.25,-1.281990309061117,-1.281990309061117,ground,1
78.125,-15.875,0.25,-1.2536972241587396,-1.2536972241587396,ground,1
78.125,-9.125,0.25,-1.2149028864693163,-1.2149028864693163,ground,1
78.125,48.125,0.25,-0.9720456665469833,-0.9720456665469833,ground,1
78.125,52.875,0.25,0.6762353500292297,0.6762353500292297,vegetation,1
78.125,59.375,0.25,1.1441130332374054,1.1441130332374054,vegetation,1
78.375,-56.125,0.25,1.3806839046035142,1.3806839046035142,vegetation,1
78.375,-31.875,0.25,0.37139526017291047,0.37139526017291047,vegetation,1
78.375,-20.375,0.25,-1.2395806110877126,-1.2395806110877126,ground,1
78.375,0.875,0.25,-1.1583734817784397,-1.1583734817784397,ground,1
78.375,7.625,0.25,-1.144973959211816,-1.144973959211816,ground,1
78.375,18.375,0.25,-1.0789717344800478,-1.0789717344800478,ground,1
78.375,30.125,0.25,-1.0426517810505687,-1.0426517810505687,ground,1
78.375,53.625,0.25,-0.9216599247403003,-0.9216599247403003,ground,1
78.375,54.125,0.25,1.1975507806203016,1.1975507806203016,vegetation,1
78.375,60.125,0.25,0.8448066383027052,0.8448066383027052,vegetation,1
78.625,-37.875,0.25,-1.3220929983325589,-1.3220929983325589,ground,1
78.625,-36.625,0.25,-1.3029812213079064,-1.3029812213079064,ground,1
78.625,-20.625,0.25,-1.307979956242657,-1.307979956242657,ground,1
78.625,-9.625,0.25,-1.254751181520689,-1.254751181520689,ground,1
78.625,-7.625,0.25,-1.201010738849021,-1.201010738849021,ground,1
78.625,-7.375,0.25,-1.213897494799178,-1.213897494799178,ground,1
78.625,-6.875,0.25,-1.204145306877553,-1.204145306877553,ground,1
78.625,8.125,0.25,-1.1072115741917326,-1.1072115741917326,ground,1
78.625,19.375,0.25,-1.1023856212028955,-1.1023856212028955,ground,1
78.875,-57.375,0.25,-1.4054220646050433,-1.4054220646050433,ground,1
78.875,-43.625,0.25,0.5283031072076247,0.5283031072076247,vegetation,1
78.875,-22.625,0.25,-1.2162916609769188,-1.2162916609769188,ground,1
78.875,-20.125,0.25,-1.2664101103522607,-1.2664101103522607,ground,1
79.125,-46.375,0.25,-1.3363094872793664,-1.3363094872793664,ground,1
79.125,-31.125,0.25,1.0993784298496714,1.0993784298496714,vegetation,1
79.125,-23.875,0.25,-1.2662687699434119,-1.2662687699434119,ground,1
79.125,5.375,0.25,-1.151193253368195,-1.151193253368195,ground,1
79.125,10.875,0.25,-1.1740666600470202,-1.1740666600470202,ground,1
79.125,15.625,0.25,-1.1265064039376014,-1.1265064039376014,ground,1
79.125,30.375,0.25,1.3785053474562232,1.3785053474562232,vegetation,1
79.125,39.375,0.25,-1.0157613059817856,-1.0157613059817856,ground,1
79.375,-33.125,0.25,0.10988878647748346,0.10988878647748346,vegetation,1
79.375,-26.375,0.25,0.23610897380020068,0.23610897380020068,vegetation,1
79.375,-11.625,0.25,-1.226448580209896,-1.226448580209896,ground,1
79.375,14.875,0.25,-1.1240208938077072,-1.1240208938077072,ground,1
79.375,21.375,0.25,-1.1269462466447357,-1.1269462466447357,ground,1
79.375,34.875,0.25,0.9091085731128958,0.9091085731128958,vegetation,1
79.375,44.375,0.25,-0.9577264394116681,-0.9577264394116681,ground,1
79.375,53.625,0.25,-0.9891136573488343,-0.9891136573488343,ground,1
79.375,56.875,0.25,-0.9485555992424498,-0.9485555992424498,ground,1
79.375,58.125,0.25,-0.9569098089013748,-0.9569098089013748,ground,1
79.625,-33.625,0.25,-1.2792448478104448,-1.2792448478104448,ground,1
79.625,-31.125,0.25,-1.3424517263282514,-1.3424517263282514,ground,1
79.625,-17.875,0.25,-1.2800756189447908,-1.2800756189447908,ground,1
79.625,-17.375,0.25,-1.2505802056563853,-1.2505802056563853,ground,1
79.625,-15.375,0.25,-1.229297372766378,-1.229297372766378,ground,1
79.625,-12.375,0.25,-1.2500038548173296,-1.2500038548173296,ground,1
79.625,5.375,0.25,-1.1892934121023497,-1.1892934121023497,ground,1
79.625,8.625,0.25,-1.1451165456852885,-1.1451165456852885,ground,1
79.625,11.125,0.25,-1.1779699285429897,-1.1779699285429897,ground,1
79.625,16.125,0.25,-1.1268220280289645,-1.1268220280289645,ground,1
79.625,58.625,0.25,-0.968295198609106,-0.968295198609106,ground,1
79.875,-58.375,0.25,-1.4116203438140664,-1.4116203438140664,ground,1
79.875,-55.625,0.25,-1.4073851511013977,-1.4073851511013977,ground,1
79.875,-52.375,0.25,-1.3882394170101853,-1.3882394170101853,ground,1
79.875,-44.875,0.25,-1.33662361314153,-1.33662361314153,ground,1
79.875,-18.625,0.25,-1.2730724066347145,-1.2730724066347145,ground,1
79.875,-14.875,0.25,-1.2533856121342013,-1.2533856121342013,ground,1
79.875,-13.875,0.25,-1.2589412592331362,-1.2589412592331362,ground,1
79.875,12.375,0.25,-1.1587520133842941,-1.1587520133842941,ground,1
79.875,26.375,0.25,-1.1178054917190015,-1.1178054917190015,ground,1
79.875,46.375,0.25,-1.0268196942045686,-1.0268196942045686,ground,1
79.875,49.625,0.25,-0.9950626065401323,-0.9950626065401323,ground,1
79.875,55.125,0.25,-0.9832146003488389,-0.9832146003488389,ground,1
79.875,57.625,0.25,-0.935466925915654,-0.935466925915654,ground,1
80.125,-32.375,0.25,-1.3680924691451382,-1.3680924691451382,ground,1
80.125,-19.125,0.25,-1.3038249504212143,-1.3038249504212143,ground,1
80.125,1.875,0.25,-1.2058340106220038,-1.2058340106220038,ground,1
80.125,21.125,0.25,-1.1317915211611287,-1.1317915211611287,ground,1
80.125,35.625,0.25,-1.0640454343446768,-1.0640454343446768,ground,1
80.125,44.375,0.25,1.1663409930668767,1.1663409930668767,vegetation,1
80.375,-0.125,0.25,-1.1968530300080176,-1.1968530300080176,ground,1
80.375,6.125,0.25,-1.1903058739983032,-1.1903058739983032,ground,1
80.375,17.125,0.25,-1.146148027010921,-1.146148027010921,ground,1
80.375,32.375,0.25,-1.0763058723135277,-1.0763058723135277,ground,1
80.375,55.875,0.25,-0.9839139081093619,-0.9839139081093619,ground,1
80.625,-31.875,0.25,-1.338554959759848,-1.338554959759848,ground,1
80.625,-31.125,0.25,-1.3598481688489172,-1.3598481688489172,ground,1
80.625,-26.125,0.25,1.1004404132253227,1.1004404132253227,vegetation,1
80.625,-25.875,0.25,-1.3312438484422804,-1.3312438484422804,ground,1
80.625,-24.875,0.25,-1.2805751793031488,-1.2805751793031488,ground,1
80.625,-0.375,0.25,-1.168582516819843,-1.168582516819843,ground,1
80.625,6.875,0.25,-1.1786563607709188,-1.1786563607709188,ground,1
80.625,9.625,0.25,-1.149431326854471,-1.149431326854471,ground,1
80.625,25.375,0.25,-0.30214175550791306,-0.30214175550791306,vegetation,1
80.875,-36.625,0.25,-1.3532941209352323,-1.3532941209352323,ground,1
80.875,-33.625,0.25,-0.4576188225623924,-0.4576188225623924,vegetation,1
80.875,-31.625,0.25,1.6667266622981531,1.6667266622981531,vegetation,1
80.875,-19.375,0.25,-1.2891972285372952,-1.2891972285372952,ground,1
80.875,-2.125,0.25,-1.1730950827034679,-1.1730950827034679,ground,1
80.875,-0.625,0.25,-1.2312305010061706,-1.2312305010061706,ground,1
80.875,6.875,0.25,-1.2001144775304924,-1.2001144775304924,ground,1
80.875,46.875,0.25,-1.0513735575347218,-1.0513735575347218,ground,1
81.125,-24.125,0.25,-1.3057136730920298,-1.3057136730920298,ground,1
81.125,-15.125,0.25,-1.2963102856872548,-1.2963102856872548,ground,1
81.125,35.625,0.25,-1.081206795408911,-1.081206795408911,ground,1
81.375,-49.125,0.25,-1.3943710134429694,-1.3943710134429694,ground,1
81.375,-17.875,0.25,-1.285398056155909,-1.285398056155909,ground,1
81.375,-7.125,0.25,-1.1975901767314863,-1.1975901767314863,ground,1
81.375,5.875,0.25,-1.204882063428726,-1.204882063428726,ground,1
81.375,31.875,0.25,-1.1210456227485388,-1.1210456227485388,ground,1
81.625,-52.125,0.25,-1.4630831837142504,-1.4630831837142504,ground,1
81.625,-37.375,0.25,-0.09681553454292241,-0.09681553454292241,vegetation,1
81.625,-35.875,0.25,-1.3832376494347347,-1.3832376494347347,ground,1
81.625,-14.875,0.25,-1.3047363249359814,-1.3047363249359814,ground,1
81.625,-10.625,0.25,-1.2612206792318073,-1.2612206792318073,ground,1
81.625,2.125,0.25,-1.245281439682907,-1.245281439682907,ground,1
81.625,6.625,0.25,-1.2102706828060634,-1.2102706828060634,ground,1
81.625,28.125,0.25,-1.1196299204829256,-1.143524302374776,ground,2
81.625,33.625,0.25,-1.0577067079345712,-1.0577067079345712,ground,1
81.625,42.625,0.25,-1.0572102184594947,-1.0572102184594947,ground,1
81.625,53.875,0.25,-1.0101200437406004,-1.0101200437406004,ground,1
81.875,-47.375,0.25,-1.3892586994630054,-1.3892586994630054,ground,1
81.875,-47.125,0.25,-1.439377259892176,-1.439377259892176,ground,1
81.875,-22.875,0.25,-1.351631286513365,-1.351631286513365,ground,1
81.875,-1.375,0.25,-1.2913681359654667,-1.2913681359654667,ground,1
81.875,-0.875,0.25,-1.2705611331076754,-1.2705611331076754,ground,1
81.875,12.125,0.25,-1.2056860263602593,-1.2056860263602593,ground,1
81.875,46.875,0.25,-1.0488038515515747,-1.0488038515515747,ground,1
81.875,52.625,0.25,1.501037691370005,1.501037691370005,vegetation,1
82.125,-18.125,0.25,-1.3176545945914655,-1.3176545945914655,ground,1
82.125,-15.875,0.25,-1.275056172527464,-1.275056172527464,ground,1
82.125,-8.875,0.25,-1.2441945715933658,-1.2441945715933658,ground,1
82.125,3.375,0.25,-1.2373073548761706,-1.2373073548761706,ground,1
82.125,12.125,0.25,-1.1555829388643317,-1.1555829388643317,ground,1
82.125,17.875,0.25,-1.1427389736172873,-1.1427389736172873,ground,1
82.125,23.125,0.25,-1.1686974319335812,-1.1686974319335812,ground,1
82.125,36.125,0.25,0.7790258395313767,0.7790258395313767,vegetation,1
82.125,47.125,0.25,-1.0257978907629863,-1.0257978907629863,ground,1
82.375,-53.625,0.25,-1.44566068947235,-1.44566068947235,ground,1
82.375,-27.625,0.25,-1.3433522147861068,-1.3433522147861068,ground,1
82.375,-7.875,0.25,-1.297524627979206,-1.297524627979206,ground,1
82.375,-5.875,0.25,-1.2396788577349942,-1.2396788577349942,ground,1
82.375,-1.375,0.25,-1.236445282796639,-1.236445282796639,ground,1
82.375,-0.625,0.25,-1.2128844249967026,-1.2128844249967026,ground,1
82.375,2.625,0.25,-1.2912834879104893,-1.2912834879104893,ground,1
82.375,4.125,0.25,-1.2221660137458759,-1.2221660137458759,ground,1
82.375,11.875,0.25,-1.1527425999898082,-1.1527425999898082,ground,1
82.375,33.875,0.25,-1.098707519617765,-1.098707519617765,ground,1
82.375,55.875,0.25,0.6441330529892497,0.6441330529892497,vegetation,1
82.625,-52.125,0.25,-1.4694168463900747,-1.4694168463900747,ground,1
82.625,-48.125,0.25,-1.4172103497038544,-1.4172103497038544,ground,1
82.625,-42.125,0.25,-1.417337814278235,-1.417337814278235,ground,1
82.625,-34.375,0.25,-1.3613681033921703,-1.3613681033921703,ground,1
82.625,-32.125,0.25,-1.3898473125690605,-1.3898473125690605,ground,1
82.625,-24.125,0.25,-1.3115107761073639,-1.3115107761073639,ground,1
82.625,4.625,0.25,-1.239684865852255,-1.239684865852255,ground,1
82.625,6.875,0.25,-1.2152276330450824,-1.2152276330450824,ground,1
82.625,15.875,0.25,-1.2030653449972928,-1.2030653449972928,ground,1
82.625,49.625,0.25,-1.0287547731515603,-1.0287547731515603,ground,1
82.875,-52.875,0.25,-1.436617416255003,-1.436617416255003,ground,1
82.875,28.375,0.25,-1.1433161222231725,-1.1433161222231725,ground,1
82.875,47.375,0.25,-1.081549426724029,-1.081549426724029,ground,1
83.125,-42.875,0.25,-1.402199965290082,-1.402199965290082,ground,1
83.125,-10.375,0.25,-1.25641934515364,-1.25641934515364,ground,1
83.125,-6.375,0.25,-1.3233726679980213,-1.3233726679980213,ground,1
83.125,0.875,0.25,-1.2891889182322516,-1.2891889182322516,ground,1
83.125,28.375,0.25,-1.1313760427220096,-1.1313760427220096,ground,1
83.125,43.125,0.25,0.13830637114054606,0.13830637114054606,vegetation,1
83.125,44.125,0.25,-1.0310153967695443,-1.0310153967695443,ground,1
83.375,-48.125,0.25,-1.4360976469869473,-1.4360976469869473,ground,1
83.375,-38.125,0.25,-0.0945991451393351,-0.0945991451393351,vegetation,1
83.375,-36.375,0.25,0.4197177730882704,0.4197177730882704,vegetation,1
83.375,-31.375,0.25,1.3689756996562912,1.3689756996562912,vegetation,1
83.375,-1.625,0.25,-1.2428721660492694,-1.2428721660492694,ground,1
83.375,5.375,0.25,-1.1809039725767918,-1.1809039725767918,ground,1
83.375,17.625,0.25,-1.1538057994337012,-1.1538057994337012,ground,1
83.375,36.625,0.25,-1.0712420446440005,-1.0712420446440005,ground,1
83.625,-53.375,0.25,-1.4942261710137257,-1.4942261710137257,ground,1
83.625,-50.125,0.25,-1.5006251640242942,-1.5006251640242942,ground,1
83.625,-38.625,0.25,0.04684006039331534,0.04684006039331534,vegetation,1
83.625,-16.375,0.25,-1.3054422390212324,-1.3054422390212324,ground,1
83.625,-15.375,0.25,-1.2964073105873903,-1.323911227306099,ground,2
83.625,-4.375,0.25,-1.296033554922303,-1.296033554922303,ground,1
83.625,14.875,0.25,-1.2076297190650294,-1.2076297190650294,ground,1
83.625,21.125,0.25,-1.1961606512866605,-1.1961606512866605,ground,1
83.625,34.125,0.25,-1.1172178628835396,-1.1172178628835396,ground,1
83.625,34.375,0.25,-0.08292971520227357,-0.08292971520227357,vegetation,1
83.625,36.875,0.25,0.3519089169802344,0.3519089169802344,vegetation,1
83.625,51.625,0.25,1.906252933523519,1.906252933523519,vegetation,1
83.625,51.875,0.25,-1.030489733522595,-1.030489733522595,ground,1
83.875,-46.375,0.25,-1.4577160070441146,-1.4577160070441146,ground,1
83.875,-34.375,0.25,-0.14510961661395716,-0.14510961661395716,vegetation,1
83.875,-21.625,0.25,-1.326948794711417,-1.326948794711417,ground,1
83.875,6.125,0.25,-1.2618433108898632,-1.2618433108898632,ground,1
83.875,6.875,0.25,-1.240054788406993,-1.240054788406993,ground,1
83.875,37.625,0.25,-1.0880754098851204,-1.0880754098851204,ground,1
83.875,37.875,0.25,-0.04181480297814544,-0.04181480297814544,vegetation,1
84.125,-34.625,0.25,-1.4173925610630997,-1.4173925610630997,ground,1
84.125,-18.125,0.25,-1.3158574226935325,-1.3158574226935325,ground,1
84.125,-12.125,0.25,-1.2945344254431397,-1.2945344254431397,ground,1
84.375,-52.875,0.25,-1.489003165974681,-1.489003165974681,ground,1
84.375,-25.875,0.25,-1.3662584510351032,-1.3662584510351032,ground,1
84.375,11.375,0.25,-1.236035628952677,-1.236035628952677,ground,1
84.375,12.875,0.25,-1.27088579491477,-1.27088579491477,ground,1
84.375,13.625,0.25,-1.2180479386647933,-1.2180479386647933,ground,1
84.375,27.875,0.25,-1.1389976049232697,-1.1389976049232697,ground,1
84.375,34.625,0.25,-0.03658466221212786,-0.03658466221212786,vegetation,1
84.625,-48.375,0.25,-1.4714436604237608,-1.4714436604237608,ground,1
84.625,-27.625,0.25,0.19733361543301775,0.19733361543301775,vegetation,1
84.625,-16.375,0.25,-1.3676220543949673,-1.3676220543949673,ground,1
84.625,-15.125,0.25,-1.3531017965013739,-1.3531017965013739,ground,1
84.625,-0.875,0.25,-1.262226563478679,-1.262226563478679,ground,1
84.625,2.625,0.25,-1.2534179980142,-1.2534179980142,ground,1
84.625,11.875,0.25,-1.1996922103812213,-1.1996922103812213,ground,1
84.625,20.625,0.25,-1.2053995280055856,-1.2053995280055856,ground,1
84.625,24.625,0.25,-1.1448713360678806,-1.1448713360678806,ground,1
84.625,37.875,0.25,-1.0916948593749527,-1.0916948593749527,ground,1
84.625,52.375,0.25,1.309607555824315,1.309607555824315,vegetation,1
84.875,-50.875,0.25,-1.5042756859231154,-1.5042756859231154,ground,1
84.875,-31.375,0.25,0.23990476852012743,0.23990476852012743,vegetation,1
84.875,9.375,0.25,-1.2569745248261357,-1.2613454891736662,ground,2
84.875,15.875,0.25,-1.1856585321403643,-1.1856585321403643,ground,1
84.875,34.125,0.25,0.6456576541448709,0.6456576541448709,vegetation,1
84.875,35.125,0.25,0.10467233922021563,0.10467233922021563,vegetation,1
84.875,40.125,0.25,1.4219551992387498,1.4219551992387498,vegetation,1
84.875,41.375,0.25,0.021222175230912577,0.021222175230912577,vegetation,1
84.875,48.375,0.25,-1.0666215571558102,-1.0666215571558102,ground,1
85.125,-50.625,0.25,-1.5079328353590111,-1.5079328353590111,ground,1
85.125,20.625,0.25,-1.1954842899436426,-1.1954842899436426,ground,1
85.125,45.125,0.25,-1.1146673658987292,-1.1146673658987292,ground,1
85.375,-36.625,0.25,-1.4175574019650312,-1.4175574019650312,ground,1
85.375,-28.625,0.25,-1.3857599858509482,-1.3857599858509482,ground,1
85.375,-17.375,0.25,-1.3385181819489411,-1.3385181819489411,ground,1
85.375,-8.375,0.25,-1.3432845855049673,-1.3432845855049673,ground,1
85.375,-3.375,0.25,-1.2900397315663403,-1.2900397315663403,ground,1
85.375,15.875,0.25,-1.1576563008110665,-1.1576563008110665,ground,1
85.625,0.625,0.25,-1.2913352604599015,-1.2913352604599015,ground,1
85.625,14.125,0.25,-1.2233680569400016,-1.2233680569400016,ground,1
85.875,-49.875,0.25,-1.4700305041251749,-1.4700305041251749,ground,1
85.875,-47.625,0.25,1.4873524266297333,1.4873524266297333,vegetation,1
85.875,18.125,0.25,-1.2003083517576771,-1.2003083517576771,ground,1
85.875,36.125,0.25,-1.1693342397181161,-1.1693342397181161,ground,1
85.875,44.125,0.25,-1.092686539320835,-1.092686539320835,ground,1
86.125,-47.375,0.25,-1.5299724082236608,-1.5299724082236608,ground,1
86.125,-36.125,0.25,-1.4326076621194122,-1.4326076621194122,ground,1
86.125,-32.125,0.25,-1.4407741677041213,-1.4407741677041213,ground,1
86.125,-25.625,0.25,-1.3733462980865643,-1.3733462980865643,ground,1
86.125,-21.375,0.25,-1.3643177015220123,-1.3643177015220123,ground,1
86.125,-16.375,0.25,-1.3689866994824607,-1.3689866994824607,ground,1
86.125,5.375,0.25,-1.338910088035802,-1.338910088035802,ground,1
86.125,15.375,0.25,-1.2105818432035989,-1.2105818432035989,ground,1
86.125,17.875,0.25,-1.211971527471095,-1.211971527471095,ground,1
86.125,21.375,0.25,-1.2041144886539894,-1.2041144886539894,ground,1
86.125,34.625,0.25,-1.1422987343195268,-1.1422987343195268,ground,1
86.375,-47.875,0.25,0.3528847739825878,0.3528847739825878,vegetation,1
86.375,-29.375,0.25,-1.409377882691691,-1.409377882691691,ground,1
86.375,-26.625,0.25,1.1272052782755226,1.1272052782755226,vegetation,1
86.375,20.375,0.25,-1.213569997164487,-1.213569997164487,ground,1
86.375,21.875,0.25,-1.2349967134892816,-1.2349967134892816,ground,1
86.375,28.125,0.25,-1.2007883466990614,-1.2007883466990614,ground,1
86.375,40.375,0.25,-0.06823913940418608,-0.06823913940418608,vegetation,1
86.375,49.375,0.25,-1.0886974098651643,-1.0886974098651643,ground,1
86.625,5.375,0.25,-1.2532840611158904,-1.2532840611158904,ground,1
86.625,11.875,0.25,-1.2578638829735056,-1.2578638829735056,ground,1
86.625,13.125,0.25,-1.2087238400735383,-1.2087238400735383,ground,1
86.625,40.375,0.25,0.9875197943731329,0.9875197943731329,vegetation,1
86.625,44.375,0.25,-1.0825057257633648,-1.0825057257633648,ground,1
86.875,-44.625,0.25,-0.384687143625361,-0.384687143625361,vegetation,1
86.875,-42.625,0.25,-1.4236393491230648,-1.4236393491230648,ground,1
86.875,-21.625,0.25,-1.36513905508542,-1.36513905508542,ground,1
86.875,-11.125,0.25,-1.3099557309300387,-1.3099557309300387,ground,1
86.875,9.375,0.25,-1.2603966675987477,-1.2603966675987477,ground,1
86.875,26.375,0.25,-1.1890610654144533,-1.1890610654144533,ground,1
86.875,48.125,0.25,-0.20546780740249843,-0.20546780740249843,vegetation,1
87.125,-48.625,0.25,-1.5439221020762088,-1.5439221020762088,ground,1
87.125,-35.625,0.25,-1.4516837017919981,-1.4516837017919981,ground,1
87.125,-27.625,0.25,-1.4405922263921314,-1.4405922263921314,ground,1
87.125,-2.375,0.25,-1.3684674698192292,-1.3684674698192292,ground,1
87.125,4.875,0.25,-1.3031508481705023,-1.3031508481705023,ground,1
87.125,23.875,0.25,-1.1858909115237615,-1.1858909115237615,ground,1
87.375,-36.625,0.25,0.47561660657584026,0.47561660657584026,vegetation,1
87.375,-27.375,0.25,-1.3857759800514489,-1.3857759800514489,ground,1
87.375,-11.125,0.25,-1.3317351581753467,-1.3317351581753467,ground,1
87.375,14.875,0.25,-1.2554173112662594,-1.2554173112662594,ground,1
87.375,31.875,0.25,1.0478587612353636,1.0478587612353636,vegetation,1
87.375,32.375,0.25,-1.1554602634381697,-1.1554602634381697,ground,1
87.375,42.875,0.25,-1.1406404515773938,-1.1406404515773938,ground,1
87.625,-41.625,0.25,0.4341841534217876,0.4341841534217876,vegetation,1
87.625,-35.625,0.25,-1.4716635713759163,-1.4716635713759163,ground,1
87.625,-12.125,0.25,-1.3436269079049494,-1.3436269079049494,ground,1
87.625,43.625,0.25,1.0215206347258954,1.0215206347258954,vegetation,1
87.875,-27.875,0.25,0.8321126756422708,0.8321126756422708,vegetation,1
87.875,-23.875,0.25,-1.3879532375839747,-1.3879532375839747,ground,1
87.875,-15.125,0.25,-1.3863663748261006,-1.3863663748261006,ground,1
87.875,10.625,0.25,-1.2780022173079861,-1.2780022173079861,ground,1
87.875,15.625,0.25,-1.2530655068057543,-1.2530655068057543,ground,1
87.875,21.875,0.25,-1.2374865380831575,-1.2374865380831575,ground,1
87.875,22.375,0.25,-1.2424896984079827,-1.2424896984079827,ground,1
87.875,34.125,0.25,0.8793574915307418,0.8793574915307418,vegetation,1
87.875,38.125,0.25,-1.1792126869794952,-1.1792126869794952,ground,1
87.875,41.125,0.25,-0.32759893251539274,-0.32759893251539274,vegetation,1
87.875,41.625,0.25,0.2909737788062161,0.2909737788062161,vegetation,1
87.875,43.375,0.25,-1.151601008576619,-1.151601008576619,ground,1
87.875,47.625,0.25,-1.0925193025497355,-1.0925193025497355,ground,1
88.125,-33.375,0.25,-1.479402589631683,-1.479402589631683,ground,1
88.125,-18.875,0.25,-1.3525244120515136,-1.3525244120515136,ground,1
88.125,6.125,0.25,-1.2957041994517322,-1.2957041994517322,ground,1
88.125,40.125,0.25,-1.1707131378077453,-1.1707131378077453,ground,1
88.375,-32.875,0.25,-1.4130510147125022,-1.4130510147125022,ground,1
88.375,-20.625,0.25,-1.4168442245471355,-1.4168442245471355,ground,1
88.375,-14.375,0.25,-1.4036430007601934,-1.4036430007601934,ground,1
88.375,-13.625,0.25,-1.3489584217517847,-1.3489584217517847,ground,1
88.625,-14.875,0.25,-1.3680108296246627,-1.3680108296246627,ground,1
88.625,-7.875,0.25,-1.4044963701426116,-1.4044963701426116,ground,1
88.625,-0.375,0.25,-1.3077738104881327,-1.3077738104881327,ground,1
88.625,33.125,0.25,-1.2069488697302886,-1.2069488697302886,ground,1
88.625,33.625,0.25,1.5428068966787092,1.5428068966787092,vegetation,1
88.625,36.375,0.25,1.5408292450621948,1.5408292450621948,vegetation,1
88.625,37.375,0.25,-1.1715933916255854,-1.1715933916255854,ground,1
88.875,-20.625,0.25,-1.4114997944281533,-1.4114997944281533,ground,1
88.875,-6.125,0.25,-1.3324254310798962,-1.3324254310798962,ground,1
88.875,11.625,0.25,-1.2753173153173107,-1.2753173153173107,ground,1
89.125,-25.625,0.25,0.5764660399772539,0.5764660399772539,vegetation,1
89.125,-19.375,0.25,-1.4106480545088427,-1.4106480545088427,ground,1
89.125,2.875,0.25,-1.3336366638600397,-1.3336366638600397,ground,1
89.125,8.375,0.25,-1.292088005986165,-1.292088005986165,ground,1
89.125,10.375,0.25,-1.2796898218418284,-1.2796898218418284,ground,1
89.125,18.625,0.25,-1.2154314616584887,-1.2154314616584887,ground,1
89.125,20.125,0.25,-1.2362372320804702,-1.2362372320804702,ground,1
89.125,21.125,0.25,-1.2336695205614685,-1.2336695205614685,ground,1
89.125,35.375,0.25,-1.1971314001054862,-1.1971314001054862,ground,1
89.125,39.375,0.25,0.7032203219008129,0.7032203219008129,vegetation,1
89.125,44.125,0.25,-1.195116153346182,-1.195116153346182,ground,1
89.375,-41.375,0.25,-0.684543870971438,-0.684543870971438,vegetation,1
89.375,-31.875,0.25,-1.45783406548343,-1.45783406548343,ground,1
89.375,-30.375,0.25,-1.4654327676179255,-1.4654327676179255,ground,1
89.375,-28.625,0.25,-1.4175733962879233,-1.4175733962879233,ground,1
89.375,-7.375,0.25,-1.3756327586033574,-1.3756327586033574,ground,1
89.375,2.125,0.25,-1.3209930173524942,-1.3209930173524942,ground,1
89.375,17.625,0.25,-1.3076619731879942,-1.3076619731879942,ground,1
89.625,-35.125,0.25,-1.471575311195044,-1.471575311195044,ground,1
89.625,-25.625,0.25,-1.4711529564325216,-1.4711529564325216,ground,1
89.625,-19.875,0.25,-1.4267043396008545,-1.4267043396008545,ground,1
89.625,-4.125,0.25,-1.389153131857726,-1.389153131857726,ground,1
89.625,6.375,0.25,-1.3396541586506026,-1.3396541586506026,ground,1
89.875,-43.375,0.25,-1.5102284888599795,-1.5102284888599795,ground,1
89.875,-30.625,0.25,-1.464791818578902,-1.464791818578902,ground,1
89.875,-24.375,0.25,-1.4169615252003676,-1.4169615252003676,ground,1
89.875,-7.375,0.25,-1.371012102628597,-1.371012102628597,ground,1
89.875,8.375,0.25,-1.3185590248005254,-1.3185590248005254,ground,1
89.875,10.375,0.25,-1.29040462269567,-1.29040462269567,ground,1
89.875,23.625,0.25,-1.2431537919902258,-1.2431537919902258,ground,1
89.875,40.625,0.25,-1.161759218722664,-1.161759218722664,ground,1
90.125,-21.375,0.25,-1.4444092802155697,-1.4444092802155697,ground,1
90.125,-12.375,0.25,-1.3862244473259506,-1.3862244473259506,ground,1
90.125,-7.375,0.25,-1.4155531593880823,-1.4155531593880823,ground,1
90.125,-3.875,0.25,-1.3747287523658442,-1.3747287523658442,ground,1
90.125,4.375,0.25,-1.3238011384398527,-1.3238011384398527,ground,1
90.125,22.125,0.25,-1.2570778769975732,-1.2570778769975732,ground,1
90.125,41.375,0.25,0.9431480521189399,0.9431480521189399,vegetation,1
90.375,-12.625,0.25,-1.4468416812753937,-1.4468416812753937,ground,1
90.375,-10.375,0.25,-1.414028152459474,-1.414028152459474,ground,1
90.375,22.375,0.25,-1.2544633640545113,-1.2544633640545113,ground,1
90.625,-34.375,0.25,-1.4643609661026324,-1.4643609661026324,ground,1
90.625,-33.625,0.25,-0.24147771451232714,-0.24147771451232714,vegetation,1
90.625,-29.875,0.25,-1.4908201954434968,-1.4908201954434968,ground,1
90.625,-29.375,0.25,-0.23954260332964433,-0.23954260332964433,vegetation,1
90.625,-21.375,0.25,-1.430871962331427,-1.430871962331427,ground,1
90.625,-20.875,0.25,-1.423670427978373,-1.423670427978373,ground,1
90.625,-5.125,0.25,-1.372941436335946,-1.372941436335946,ground,1
90.625,14.375,0.25,-1.2840130854195195,-1.2840130854195195,ground,1
90.625,24.625,0.25,-1.2755072288666305,-1.2755072288666305,ground,1
90.625,39.125,0.25,-1.2079523139735626,-1.2079523139735626,ground,1
90.875,-33.875,0.25,0.5797397070655701,0.5797397070655701,vegetation,1
90.875,-22.625,0.25,-1.4476700623276044,-1.4476700623276044,ground,1
90.875,-17.625,0.25,-1.4229953037751415,-1.4229953037751415,ground,1
90.875,-13.625,0.25,-1.4370057964156442,-1.4370057964156442,ground,1
90.875,-6.125,0.25,-1.365937985340512,-1.365937985340512,ground,1
90.875,17.375,0.25,-1.2548100264680362,-1.2548100264680362,ground,1
90.875,21.875,0.25,-1.2634921123617204,-1.2634921123617204,ground,1
90.875,22.375,0.25,-1.2688917844785954,-1.2688917844785954,ground,1
90.875,32.875,0.25,-1.264086795309486,-1.264086795309486,ground,1
90.875,34.625,0.25,-1.2521411785049512,-1.2521411785049512,ground,1
91.125,-26.375,0.25,-0.432574498483294,-0.432574498483294,vegetation,1
91.125,-21.375,0.25,-1.4658944966738028,-1.4658944966738028,ground,1
91.125,11.125,0.25,-1.3227454789390525,-1.3227454789390525,ground,1
91.375,-24.875,0.25,-1.471637109837677,-1.471637109837677,ground,1
91.375,-19.625,0.25,-1.4690016929454959,-1.4690016929454959,ground,1
91.375,-7.125,0.25,-1.4007318836525298,-1.4007318836525298,ground,1
91.375,-5.625,0.25,-1.4100138641165227,-1.4100138641165227,ground,1
91.375,10.625,0.25,-1.3217441945088533,-1.3217441945088533,ground,1
91.625,-16.875,0.25,-1.4923286971704597,-1.4923286971704597,ground,1
91.625,-13.375,0.25,-1.4323395448729028,-1.4323395448729028,ground,1
91.625,-4.125,0.25,-1.4120774167628292,-1.4120774167628292,ground,1
91.625,-0.875,0.25,-1.3646275996440624,-1.3646275996440624,ground,1
91.625,1.625,0.25,-1.3592501553197052,-1.3592501553197052,ground,1
91.625,2.875,0.25,-1.3627578011032655,-1.3627578011032655,ground,1
91.625,10.375,0.25,-1.3361370697779877,-1.3361370697779877,ground,1
91.625,12.875,0.25,-1.3319226295460216,-1.3319226295460216,ground,1
91.625,29.875,0.25,-1.274135102540692,-1.274135102540692,ground,1
91.625,35.625,0.25,-1.2231724678646287,-1.2231724678646287,ground,1
91.875,19.125,0.25,-1.2807855780874762,-1.302327939323328,ground,2
91.875,19.375,0.25,-1.3450836250316662,-1.3450836250316662,ground,1
92.125,-37.875,0.25,-1.5355037221917338,-1.5355037221917338,ground,1
92.125,-23.125,0.25,-1.4787470374647,-1.4787470374647,ground,1
92.125,-9.375,0.25,-1.4262513534205985,-1.4262513534205985,ground,1
92.125,1.625,0.25,-1.3693469014421125,-1.3693469014421125,ground,1
92.125,15.875,0.25,-1.3136460343704603,-1.3136460343704603,ground,1
92.125,20.375,0.25,-1.2711981452483685,-1.2711981452483685,ground,1
92.125,26.875,0.25,-0.1908288794926632,-0.1908288794926632,vegetation,1
92.375,-37.875,0.25,0.3896722753809341,0.3896722753809341,vegetation,1
92.375,-36.375,0.25,-1.533661229747615,-1.533661229747615,ground,1
92.375,-18.625,0.25,-1.4621662234217738,-1.4621662234217738,ground,1
92.375,-11.375,0.25,-1.4367970933551824,-1.4367970933551824,ground,1
92.375,12.625,0.25,-1.2826423892064414,-1.2826423892064414,ground,1
92.375,37.125,0.25,-1.232547582597356,-1.232547582597356,ground,1
92.625,-31.375,0.25,-1.5512990181891477,-1.5512990181891477,ground,1
92.625,-9.625,0.25,-1.4522151414073226,-1.4522151414073226,ground,1
92.625,-6.625,0.25,-1.4436681622610348,-1.4436681622610348,ground,1
92.625,-3.625,0.25,-1.36747414606154,-1.36747414606154,ground,1
92.625,-2.125,0.25,-1.3994273107767088,-1.3994273107767088,ground,1
92.625,6.625,0.25,-1.3584347665461254,-1.3584347665461254,ground,1
92.625,8.375,0.25,-1.3450027185891806,-1.3450027185891806,ground,1
92.625,36.375,0.25,-1.2570435229290016,-1.2570435229290016,ground,1
92.875,-21.375,0.25,-1.5314107337185672,-1.5314107337185672,ground,1
92.875,-10.875,0.25,-1.444549159694756,-1.444549159694756,ground,1
92.875,-5.625,0.25,-1.4273848252782388,-1.4273848252782388,ground,1
92.875,2.875,0.25,-1.3892403348948041,-1.3892403348948041,ground,1
92.875,24.125,0.25,-1.3196520110168104,-1.3196520110168104,ground,1
92.875,25.625,0.25,0.6892925535204917,0.6892925535204917,vegetation,1
92.875,32.125,0.25,1.1184873913424997,1.1184873913424997,vegetation,1
93.125,-23.125,0.25,-1.5242521171742864,-1.5242521171742864,ground,1
93.125,2.375,0.25,-1.3978740405699777,-1.3978740405699777,ground,1
93.125,3.125,0.25,-1.3450422537796016,-1.3450422537796016,ground,1
93.125,6.125,0.25,-1.400939511328045,-1.400939511328045,ground,1
93.125,13.625,0.25,-1.323042168405784,-1.323042168405784,ground,1
93.125,15.625,0.25,-1.3421452872900392,-1.3421452872900392,ground,1
93.125,28.625,0.25,-1.2604044942057937,-1.2604044942057937,ground,1
93.125,32.875,0.25,-1.26453440934898,-1.26453440934898,ground,1
93.375,-26.875,0.25,-1.4957929890377386,-1.4957929890377386,ground,1
93.375,-23.375,0.25,-1.5469155941946213,-1.5469155941946213,ground,1
93.375,-7.875,0.25,-1.4456580844400464,-1.4456580844400464,ground,1
93.375,-5.875,0.25,-1.473991132534512,-1.473991132534512,ground,1
93.375,-3.125,0.25,-1.3772638369550878,-1.3772638369550878,ground,1
93.375,7.375,0.25,-1.3765049939917213,-1.3765049939917213,ground,1
93.375,9.375,0.25,-1.3634595502545501,-1.3634595502545501,ground,1
93.375,10.375,0.25,-1.3648215691629833,-1.3648215691629833,ground,1
93.375,17.125,0.25,-1.3340400459231696,-1.3340400459231696,ground,1
93.375,29.875,0.25,-1.2622185520410067,-1.2622185520410067,ground,1
93.625,-29.875,0.25,-1.5033337576638484,-1.5033337576638484,ground,1
93.625,-22.875,0.25,-1.494057057817068,-1.494057057817068,ground,1
93.625,-19.375,0.25,-1.5261078083486228,-1.5261078083486228,ground,1
93.625,19.875,0.25,-1.3209019497880456,-1.3209019497880456,ground,1
93.625,31.125,0.25,-0.1432438247641763,-0.1432438247641763,vegetation,1
93.875,-22.625,0.25,-1.5672523929138755,-1.5672523929138755,ground,1
93.875,-16.625,0.25,-1.4767856904307561,-1.4767856904307561,ground,1
93.875,9.625,0.25,-1.420383341659063,-1.420383341659063,ground,1
93.875,11.625,0.25,-1.3924186236799498,-1.3924186236799498,ground,1
93.875,18.625,0.25,-1.371350820228428,-1.371350820228428,ground,1
93.875,19.375,0.25,-1.3237270917501014,-1.3237270917501014,ground,1
93.875,26.125,0.25,-1.2791932564753474,-1.2791932564753474,ground,1
93.875,29.375,0.25,-1.269933272834185,-1.269933272834185,ground,1
94.125,-30.625,0.25,1.464616717515812,1.464616717515812,vegetation,1
94.125,-23.125,0.25,-1.4681556619053848,-1.4681556619053848,ground,1
94.125,-9.125,0.25,-1.4389964447296644,-1.4389964447296644,ground,1
94.125,-0.375,0.25,-1.4002309092734178,-1.4002309092734178,ground,1
94.125,16.125,0.25,-1.315429858794413,-1.315429858794413,ground,1
94.125,22.125,0.25,-1.3332049630399192,-1.3332049630399192,ground,1
94.375,-32.125,0.25,0.13281008411911632,0.13281008411911632,vegetation,1
94.375,-16.125,0.25,-1.4922177614130911,-1.4922177614130911,ground,1
94.375,-11.875,0.25,-1.4693456619280372,-1.4693456619280372,ground,1
94.375,-2.375,0.25,-1.433624416317276,-1.433624416317276,ground,1
94.375,-0.875,0.25,-1.3911495088526464,-1.3911495088526464,ground,1
94.375,8.125,0.25,-1.4047592297006237,-1.4047592297006237,ground,1
94.375,30.375,0.25,-1.286056136498978,-1.286056136498978,ground,1
94.625,-25.625,0.25,-1.5539990621047577,-1.5539990621047577,ground,1
94.625,-21.875,0.25,-1.5174571611816299,-1.5174571611816299,ground,1
94.625,-6.125,0.25,-1.430028918365672,-1.430028918365672,ground,1
94.625,6.375,0.25,-1.3900442926390337,-1.3900442926390337,ground,1
94.875,-28.875,0.25,-1.5480492044099694,-1.5480492044099694,ground,1
94.875,-26.125,0.25,-1.5079410129307862,-1.5079410129307862,ground,1
94.875,-20.125,0.25,-1.5087910046529733,-1.5087910046529733,ground,1
94.875,-16.625,0.25,-1.494371660874223,-1.494371660874223,ground,1
94.875,-4.125,0.25,-1.4243700143385942,-1.4243700143385942,ground,1
94.875,6.875,0.25,-1.4079798173000788,-1.4079798173000788,ground,1
94.875,29.625,0.25,-1.2891962301876918,-1.2891962301876918,ground,1
95.125,-28.125,0.25,-0.3286571031185423,-0.3286571031185423,vegetation,1
95.125,-20.875,0.25,-1.529792085897518,-1.529792085897518,ground,1
95.125,-14.125,0.25,-1.4605735455966238,-1.4605735455966238,ground,1
95.125,28.375,0.25,-1.3498106488562922,-1.3498106488562922,ground,1
95.375,-13.875,0.25,-1.5008258402808923,-1.5008258402808923,ground,1
95.625,-10.875,0.25,-1.5179816273679176,-1.5179816273679176,ground,1
95.625,5.625,0.25,-1.4053676613798785,-1.4053676613798785,ground,1
95.875,-25.375,0.25,1.12666822538315,1.12666822538315,vegetation,1
95.875,-8.875,0.25,-1.4402902901908958,-1.4402902901908958,ground,1
95.875,-7.875,0.25,-1.47078676333974,-1.47078676333974,ground,1
95.875,7.625,0.25,-1.3919242680157076,-1.3919242680157076,ground,1
95.875,9.625,0.25,-1.3909438767234825,-1.3909438767234825,ground,1
95.875,24.375,0.25,-1.3588423595899013,-1.3588423595899013,ground,1
95.875,27.375,0.25,-1.2991811116405074,-1.2991811116405074,ground,1
96.125,-22.625,0.25,-1.554269199211982,-1.554269199211982,ground,1
96.125,-21.125,0.25,-1.4939223984277126,-1.4939223984277126,ground,1
96.125,-9.625,0.25,-1.4805767562938181,-1.4805767562938181,ground,1
96.125,-7.125,0.25,-1.4362836013689815,-1.4362836013689815,ground,1
96.125,10.375,0.25,-1.393540426403146,-1.393540426403146,ground,1
96.125,15.375,0.25,-1.3543477680204872,-1.3543477680204872,ground,1
96.375,-24.875,0.25,-1.5523120907443193,-1.5523120907443193,ground,1
96.375,-20.875,0.25,-1.5159245253017604,-1.5159245253017604,ground,1
96.375,8.375,0.25,-1.4200172889644609,-1.4200172889644609,ground,1
96.375,23.125,0.25,-1.4063515822485586,-1.4063515822485586,ground,1
96.625,-22.375,0.25,-1.567532732203685,-1.567532732203685,ground,1
96.625,-10.625,0.25,-1.4362780428088475,-1.4362780428088475,ground,1
96.625,-3.875,0.25,-1.4730013916503164,-1.4730013916503164,ground,1
96.625,-3.125,0.25,-1.463936374000414,-1.463936374000414,ground,1
96.625,1.375,0.25,-1.4506768929215355,-1.4506768929215355,ground,1
96.625,10.125,0.25,-1.3951950153109562,-1.3951950153109562,ground,1
96.625,12.625,0.25,-1.3945473006888618,-1.3945473006888618,ground,1
96.625,15.875,0.25,-1.3849777932606686,-1.3849777932606686,ground,1
96.625,19.875,0.25,-1.376903570541776,-1.376903570541776,ground,1
96.875,-19.625,0.25,-1.5216126773769538,-1.5216126773769538,ground,1
96.875,-15.125,0.25,-1.541121814331425,-1.541121814331425,ground,1
96.875,-1.375,0.25,-1.4334351411123787,-1.4334351411123787,ground,1
96.875,2.625,0.25,-1.4864711399712363,-1.4864711399712363,ground,1
97.375,-20.375,0.25,-1.5750619609081036,-1.5750619609081036,ground,1
97.375,-11.625,0.25,-1.4743128401798056,-1.4743128401798056,ground,1
97.375,6.875,0.25,-1.4552873461792575,-1.4552873461792575,ground,1
97.375,7.625,0.25,-1.472976484154155,-1.472976484154155,ground,1
97.625,-14.125,0.25,-1.500670559356771,-1.500670559356771,ground,1
97.625,9.875,0.25,-1.4020001086691194,-1.4020001086691194,ground,1
97.625,14.875,0.25,-1.3957239874872993,-1.3957239874872993,ground,1
97.875,-18.125,0.25,-1.5032862714766466,-1.5032862714766466,ground,1
97.875,-17.625,0.25,-1.5647119034196522,-1.5647119034196522,ground,1
97.875,-11.625,0.25,-1.4959913790402772,-1.4959913790402772,ground,1
97.875,-5.625,0.25,-1.4987710411316173,-1.4987710411316173,ground,1
98.125,2.875,0.25,-1.4919906135717802,-1.4919906135717802,ground,1
98.375,-10.375,0.25,-1.495648900203477,-1.495648900203477,ground,1
98.875,-7.125,0.25,-1.5136514865613016,-1.5136514865613016,ground,1
99.125,-12.625,0.25,-1.580027918970278,-1.580027918970278,ground,1
99.125,3.375,0.25,-1.4763148892226268,-1.4763148892226268,ground,1
99.375,-6.625,0.25,-1.5479608566280119,-1.5479608566280119,ground,1
